skey,cid,layer,kind,n_members,n_ctx,ctx_dep,ord_dep,n_distal_readers,n_distal_any,distal_share,n_offsets,occ,occ_max,occ_off,occ_conc,n_readers_at,score,control
8.attn.34114,3448,8,attn,689,64,0.7379946708679199,0.9676874279975891,175,364,0.3572934522569211,6,"[0.8340997099876404, 0.7150899767875671, 0.21325063705444336, 0.14811593294143677, 0.10648238658905029, 0.09910023212432861, 0.058212339878082275, 0.06482404470443726]",0.8340997099876404,-2,0.3725030929301567,145,3.632949659121058,
7.resid.37795,6314,7,resid,484,64,0.7031923532485962,0.6789464950561523,29,178,0.12537132560742228,4,"[0.8266630172729492, 0.12695032358169556, 0.034474194049835205, 0.02684628963470459, 0.007281184196472168, 0.0004953145980834961, 0.0061914920806884766, 0.0012878179550170898]",0.8266630172729492,-2,0.8024377168009145,25,2.2964768250627876,
6.attn.7892,10334,6,attn,578,64,0.8972822427749634,1.0,199,302,0.4636540636567021,11,"[0.87746262550354, 0.6234275102615356, 0.6906005144119263, 0.48172324895858765, 0.33972227573394775, 0.23089247941970825, 0.21629482507705688, 0.12425822019577026]",0.87746262550354,-2,0.244801669869798,82,1.9569604531728215,
7.resid.32488,1617,7,resid,361,59,0.8603897094726562,0.6767163872718811,14,156,0.03518746627153734,1,"[0.8836206793785095, 0.08642357587814331, 0.054540932178497314, 0.01510554552078247, 0.007119417190551758, 0.004643082618713379, 0.0028477907180786133, 0.0014857649803161621]",0.8836206793785095,-2,0.8369309874244368,14,1.9382412943630454,
10.mlp.36809,5865,10,mlp,696,61,0.732518196105957,0.8104411363601685,64,220,0.18499158204241523,5,"[0.6791548728942871, 0.17997980117797852, 0.08248627185821533, 0.007104456424713135, 0.005348324775695801, 0.003964662551879883, 0.0150604248046875, 0.012080252170562744]",0.6791548728942871,-2,0.6893720094948369,22,1.8197337996514622,
2.attn.4200,13463,2,attn,245,62,0.7472646236419678,0.6518153548240662,64,93,0.28314498765374696,6,"[0.8179070353507996, 0.0646623969078064, 0.08933794498443604, 0.022934138774871826, 0.06614094972610474, 0.06715953350067139, 0.07596516609191895, 0.06568098068237305]",0.8179070353507996,-2,0.6441287374709613,25,1.7510069916116209,
5.attn.19883,8280,5,attn,411,63,0.9137579202651978,0.9694578647613525,23,153,0.07929726733400845,7,"[0.8557370901107788, 0.3221778869628906, 0.2401132583618164, 0.1338655948638916, 0.04567396640777588, 0.04548829793930054, 0.011139988899230957, 0.04985147714614868]",0.8557370901107788,-2,0.5021791115755915,12,1.5021026571791767,
8.attn.1782,621,8,attn,577,64,0.7437527179718018,0.9806523323059082,115,284,0.33590446644655814,8,"[0.7539231777191162, 0.4891343116760254, 0.30062371492385864, 0.24528229236602783, 0.09439432621002197, 0.13304996490478516, 0.12689203023910522, 0.14445197582244873]",0.7539231777191162,-2,0.3295476282619823,36,1.482044393989763,
7.attn.8709,6400,7,attn,421,64,0.7705652713775635,1.0,125,242,0.43287825698612364,9,"[0.5342674255371094, 0.28462493419647217, 0.17047947645187378, 0.11443144083023071, 0.10971307754516602, 0.6272042989730835, 0.3380039930343628, 0.16399770975112915]",0.6272042989730835,-7,0.26772455441901494,67,1.3846872305633824,
5.attn.17481,4570,5,attn,280,17,0.6962854862213135,1.0,161,186,0.8394933994770607,11,"[0.6957392692565918, 0.534595787525177, 0.14603060483932495, 0.4375455379486084, 0.06554991006851196, 0.0, 0.1340131163597107, 0.29497450590133667]",0.6957392692565918,-2,0.3013882264927654,38,1.3094987950579569,
7.attn.37018,12040,7,attn,569,63,0.6138315200805664,0.7137520909309387,160,238,0.42694128913871743,4,"[0.5802134275436401, 0.5602378845214844, 0.3158194422721863, 0.0629427433013916, 0.0341762900352478, 0.017045199871063232, 0.010175585746765137, 0.028423011302947998]",0.5802134275436401,-2,0.36059746241392515,73,1.2846170882222379,
8.attn.38472,619,8,attn,682,58,0.6058135032653809,0.7540255188941956,144,253,0.45212468832699354,3,"[0.6547470092773438, 0.5487766265869141, 0.32277292013168335, 0.12839818000793457, 0.10387915372848511, 0.1357695460319519, 0.0433918833732605, 0.040359675884246826]",0.6547470092773438,-2,0.33099876948534585,59,1.2657897424749156,
9.attn.23277,5185,9,attn,557,64,0.4038528800010681,0.7299511432647705,137,348,0.3616198067896267,9,"[0.07853907346725464, 0.43172508478164673, 0.2517215609550476, 0.1786523461341858, 0.051168084144592285, 0.05578798055648804, 0.028940021991729736, 0.028155505657196045]",0.43172508478164673,-3,0.3908111945984424,98,1.2254219895425154,
9.attn.378,429,9,attn,1081,10,0.8599258065223694,1.0,219,423,0.4358335138085282,11,"[0.7940630912780762, 0.30009275674819946, 0.44944339990615845, 0.752782940864563, 0.09461969137191772, 0.47773653268814087, 0.23283857107162476, 0.624768078327179]",0.7940630912780762,-2,0.21309435331717919,46,1.1600477893380214,
9.attn.39892,8893,9,attn,789,61,0.8807456493377686,1.0,81,274,0.2286006440323089,11,"[0.7058861255645752, 0.4286261200904846, 0.32622575759887695, 0.14932328462600708, 0.17307204008102417, 0.17198669910430908, 0.11714762449264526, 0.10763531923294067]",0.7058861255645752,-2,0.3238153876676821,24,1.1428839469946552,
10.attn.7358,3098,10,attn,630,10,0.24343103170394897,0.782971203327179,183,188,0.4612247444088585,11,"[0.39818090200424194, 0.09979790449142456, 0.08564931154251099, 0.009600818157196045, 0.011369407176971436, 0.03057098388671875, 0.03612935543060303, 0.05053055286407471]",0.39818090200424194,-2,0.5516275628525671,43,1.1407711045183415,
1.mlp.35039,2064,1,mlp,79,64,0.5444914102554321,0.49475669860839844,13,38,0.2881340484110151,2,"[0.6216924786567688, 0.004692792892456055, 0.010035395622253418, 0.0, 0.0010107755661010742, 0.0, 0.0, 0.002382516860961914]",0.6216924786567688,-2,0.971676952854947,12,1.0776081669523454,
10.attn.23753,6871,10,attn,569,64,0.16593146324157715,0.7153843641281128,322,368,0.567694525180241,5,"[0.2783283591270447, 0.08658915758132935, 0.08847957849502563, 0.012517213821411133, 0.00866466760635376, 0.01374882459640503, 0.0, 0.0]",0.2783283591270447,-2,0.5699621410605263,85,1.0524273790801462,
5.attn.30381,1714,5,attn,322,64,0.41715556383132935,0.957270085811615,183,250,0.6788511829436217,8,"[0.14665651321411133, 0.04651165008544922, 0.5614441633224487, 0.6727927923202515, 0.4275818467140198, 0.3055771589279175, 0.12854313850402832, 0.06605643033981323]",0.6727927923202515,-5,0.2856671042431761,31,1.0407610712116533,
3.attn.16862,3294,3,attn,263,64,0.898252010345459,0.9847050309181213,30,115,0.27614452288642477,8,"[0.8357610702514648, 0.5364166498184204, 0.2950473427772522, 0.18689000606536865, 0.10662782192230225, 0.2889293432235718, 0.16474872827529907, 0.15630006790161133]",0.8357610702514648,-2,0.3251076489520802,14,1.03624181116747,
11.attn.12762,1073,11,attn,708,64,0.5484962463378906,0.9586808085441589,152,334,0.45988183184252934,8,"[0.3652084469795227, 0.44931650161743164, 0.282809317111969, 0.020505785942077637, 0.004306197166442871, 0.0617908239364624, 0.07498294115066528, 0.052358150482177734]",0.44931650161743164,-3,0.342655367732418,40,0.9450958804273338,
6.attn.37416,13142,6,attn,266,16,0.8020224571228027,1.0,87,133,0.6790980322201322,11,"[0.4168539047241211, 0.7955056428909302, 0.6375280618667603, 0.4399999976158142, 0.1768539547920227, 0.20764046907424927, 0.1561797857284546, 0.12224721908569336]",0.7955056428909302,-3,0.2694063968418194,18,0.9341744147308505,
6.attn.15118,8452,6,attn,367,64,0.6991943120956421,0.6015732288360596,38,129,0.27043647427938977,8,"[0.7151939868927002, 0.23770427703857422, 0.16171526908874512, 0.08897203207015991, 0.05781275033950806, 0.012906670570373535, 0.005040466785430908, 0.0]",0.7151939868927002,-2,0.5590311712411401,14,0.9315239161903972,
6.attn.38107,8457,6,attn,293,22,1.0,1.0,59,98,0.6373971379995124,10,"[0.9480968713760376, 1.0, 0.48073816299438477, 0.4502883553504944, 0.3623991012573242, 0.23391002416610718, 0.21868515014648438, 0.08189159631729126]",1.0,-3,0.2648298589114479,11,0.9173975419918503,
5.attn.39132,4566,5,attn,645,48,0.9154354929924011,1.0,159,328,0.49332195540658075,11,"[0.7738764882087708, 0.8173332214355469, 0.43815290927886963, 0.48130059242248535, 0.242195725440979, 0.29715025424957275, 0.19978982210159302, 0.18031775951385498]",0.8173332214355469,-3,0.2382814567574335,21,0.9134835660451713,
3.attn.21930,2357,3,attn,172,64,0.863558828830719,0.979079008102417,20,92,0.2740241728920959,9,"[0.7608300447463989, 0.21955657005310059, 0.39073336124420166, 0.13899940252304077, 0.11290508508682251, 0.07418990135192871, 0.051449716091156006, 0.004945993423461914]",0.7608300447463989,-2,0.4338650055683593,6,0.8550845036923769,
3.attn.32288,13630,3,attn,226,30,0.8256843090057373,0.8333787322044373,24,56,0.35291092727477213,7,"[0.1803078055381775, 0.5888601541519165, 0.044464111328125, 0.0539969801902771, 0.023968398571014404, 0.014026939868927002, 0.008307218551635742, 0.010213792324066162]",0.5888601541519165,-3,0.637194270314972,6,0.8273236957970245,
4.attn.33064,2487,4,attn,248,64,0.6188235282897949,0.6533102989196777,53,170,0.19420076879755696,9,"[0.46403688192367554, 0.22975778579711914, 0.11630910634994507, 0.09162628650665283, 0.018500566482543945, 0.039446353912353516, 0.0, 0.00313723087310791]",0.46403688192367554,-2,0.48195890361263943,31,0.8265269166726693,
5.attn.25763,11107,5,attn,250,8,0.7681992053985596,1.0,106,119,0.8375119396143312,11,"[0.7681992053985596, 0.41714560985565186, 0.7681992053985596, 0.7681992053985596, 0.31896549463272095, 0.2710728049278259, 0.03831416368484497, 0.15469348430633545]",0.7681992053985596,-2,0.21918556790359556,22,0.8075133791579775,
3.attn.39587,9867,3,attn,519,14,0.45962995290756226,1.0,326,357,0.8501253088318228,4,"[0.596299409866333, 0.43103450536727905, 0.4179983139038086, 0.5067283511161804, 0.3271656632423401, 0.2409588098526001, 0.1656854748725891, 0.0029436349868774414]",0.596299409866333,-2,0.2217704064586196,33,0.77109418941972,
7.attn.16563,9263,7,attn,452,61,0.905512809753418,1.0,35,153,0.21197825648751195,9,"[0.8646751046180725, 0.6883276700973511, 0.5609486103057861, 0.31382817029953003, 0.1953803300857544, 0.44613486528396606, 0.28247612714767456, 0.4352325201034546]",0.8646751046180725,-2,0.22832699465969933,14,0.7646379432066335,
7.attn.21132,10193,7,attn,318,13,0.9160799980163574,1.0,57,106,0.5270590353017772,11,"[0.9160799980163574, 0.5632216334342957, 0.6333427429199219, 0.4832441806793213, 0.24077725410461426, 0.2334553599357605, 0.22078287601470947, 0.17403548955917358]",0.9160799980163574,-2,0.2643855654194411,8,0.7265949847349854,
3.attn.35384,8935,3,attn,235,64,0.7690032124519348,0.9565273523330688,9,136,0.12859467951567682,4,"[0.6204501390457153, 0.10593783855438232, 0.28664523363113403, 0.11605572700500488, 0.01063239574432373, 0.012261509895324707, 0.02053588628768921, 0.017706334590911865]",0.6204501390457153,-2,0.521288080228506,4,0.6917785253781386,
4.attn.36596,1553,4,attn,397,63,0.9589108824729919,1.0,41,116,0.20958122661701453,8,"[0.7545608878135681, 0.6303073167800903, 0.6057634353637695, 0.27535200119018555, 0.2793513536453247, 0.1977757215499878, 0.2847750782966614, 0.293102502822876]",0.7545608878135681,-2,0.22720974006145134,15,0.685774332722635,
9.attn.38003,11744,9,attn,828,64,0.8808022141456604,0.931101381778717,107,165,0.31976855842402463,11,"[0.48929864168167114, 0.6377702355384827, 0.5105935335159302, 0.24281632900238037, 0.21505200862884521, 0.1944040060043335, 0.272144079208374, 0.2659981846809387]",0.6377702355384827,-3,0.22551374358632603,25,0.682843070605613,
5.attn.7375,766,5,attn,491,61,1.0,1.0,27,132,0.16359787067137208,8,"[0.9191802740097046, 0.8325483798980713, 0.5998597145080566, 0.5730032920837402, 0.43751877546310425, 0.3151618242263794, 0.3613588809967041, 0.27753281593322754]",0.9191802740097046,-2,0.21296231633963497,11,0.6781005248739718,
5.attn.35392,5497,5,attn,266,64,0.9588269591331482,0.9887333512306213,30,102,0.2318094705938662,9,"[0.7617844343185425, 0.775784969329834, 0.3515036106109619, 0.22168833017349243, 0.15466821193695068, 0.06817996501922607, 0.09000909328460693, 0.08690249919891357]",0.775784969329834,-3,0.30901352115424774,7,0.6704139166926877,
4.attn.12304,8139,4,attn,304,62,0.4593890905380249,0.5173333883285522,17,66,0.1198706886494918,1,"[0.4897279739379883, 0.2216678261756897, 0.06343281269073486, 0.01561957597732544, 0.009241580963134766, 0.0034710168838500977, 0.01058661937713623, 0.005640387535095215]",0.4897279739379883,-2,0.5976754569672641,17,0.6424318965803121,
6.attn.10222,6576,6,attn,409,64,0.944905698299408,1.0,19,146,0.08566112671637048,8,"[0.8321670293807983, 0.7888150811195374, 0.4584272503852844, 0.38666826486587524, 0.2535879611968994, 0.21604794263839722, 0.2328905463218689, 0.11487370729446411]",0.8321670293807983,-2,0.2534407370251782,8,0.632715075762968,
6.attn.21200,14086,6,attn,466,64,0.8550959825515747,0.9341443777084351,27,113,0.08768997944327338,7,"[0.6327115297317505, 0.4761286973953247, 0.4410381317138672, 0.2459043264389038, 0.27418220043182373, 0.1749662160873413, 0.06023252010345459, 0.1449040174484253]",0.6327115297317505,-2,0.25824247444016607,16,0.6293205128877573,
3.attn.33760,8906,3,attn,434,37,0.9728158116340637,1.0,21,129,0.14124918881925555,5,"[0.9779551029205322, 0.36394375562667847, 0.6148228645324707, 0.5196105241775513, 0.426697313785553, 0.1985393762588501, 0.1100892424583435, 0.1978631615638733]",0.9779551029205322,-2,0.286830614921686,4,0.6272337566636508,
8.attn.32170,3468,8,attn,468,14,1.0,1.0,74,165,0.3752389698389066,11,"[0.9368199110031128, 0.716742753982544, 0.7402597665786743, 0.7321867346763611, 0.6174095869064331, 0.6033695936203003, 0.7423657178878784, 0.616356611251831]",0.9368199110031128,-2,0.1641956284402474,15,0.615286936089971,
8.attn.11089,7185,8,attn,428,25,0.9055104851722717,1.0,51,116,0.3598054631257759,11,"[0.8182893991470337, 0.6610885858535767, 0.5037187337875366, 0.41937118768692017, 0.3967207670211792, 0.540736973285675, 0.3563218116760254, 0.5245097875595093]",0.8182893991470337,-2,0.19387265162409897,14,0.6144253205886235,
10.attn.33835,4994,10,attn,580,29,0.8424857258796692,1.0,129,289,0.3719143822163829,11,"[0.8352570533752441, 0.8246473073959351, 0.592631459236145, 0.3487233519554138, 0.4199603796005249, 0.3694764971733093, 0.4889821410179138, 0.5339862108230591]",0.8352570533752441,-2,0.18924344435112636,14,0.6121905553276754,
3.attn.31106,9871,3,attn,289,36,0.8935805559158325,1.0,20,101,0.17097181713762738,8,"[0.9222499132156372, 0.8077282905578613, 0.5169055461883545, 0.44694608449935913, 0.49174195528030396, 0.3474602699279785, 0.2811623811721802, 0.404643177986145]",0.9222499132156372,-2,0.21860284669403302,8,0.6048193691767896,
4.attn.11834,12832,4,attn,221,16,0.8506768941879272,1.0,71,125,0.5684221841369582,11,"[0.6651848554611206, 0.34208929538726807, 0.31238633394241333, 0.30389976501464844, 0.10486966371536255, 0.2887452244758606, 0.10830467939376831, 0.20468783378601074]",0.6651848554611206,-2,0.2854665221728929,9,0.6004786033888427,
4.attn.3435,2491,4,attn,280,64,0.5014173984527588,0.5446778535842896,24,103,0.11496384674589268,3,"[0.4698846936225891, 0.16240143775939941, 0.04559046030044556, 0.06023067235946655, 0.06469649076461792, 0.03335791826248169, 0.012271344661712646, 0.008038520812988281]",0.4698846936225891,-2,0.5486284978267417,17,0.5957247324320799,
4.mlp.13443,3472,4,mlp,249,64,0.7169267535209656,0.5732802748680115,13,72,0.12089219034260572,3,"[0.49034905433654785, 0.21417975425720215, 0.023918449878692627, 0.01637732982635498, 0.026195406913757324, 0.013223052024841309, 0.007770895957946777, 0.011363863945007324]",0.49034905433654785,-2,0.6103592232426253,11,0.5943584970160035,
6.attn.39748,1868,6,attn,412,8,0.8817663788795471,1.0,62,220,0.3485530715091654,11,"[0.8817663788795471, 0.7492877244949341, 0.5085470080375671, 0.5056979656219482, 0.5014244914054871, 0.5142450332641602, 0.37321937084198, 0.13817662000656128]",0.8817663788795471,-2,0.21133492994680536,9,0.589284230974313,
5.attn.3808,11092,5,attn,180,64,0.308860719203949,0.5886942148208618,116,125,0.7884547973896134,4,"[0.2960904836654663, 0.19475680589675903, 0.09937238693237305, 0.32958507537841797, 0.04650455713272095, 0.03273189067840576, 0.0096321702003479, 0.005665957927703857]",0.32958507537841797,-5,0.3249258570002333,80,0.5673931492177859,
3.attn.28664,446,3,attn,233,15,0.9302181005477905,1.0,34,89,0.34193932011410105,11,"[0.8313603401184082, 1.0, 0.4020768404006958, 0.3561785817146301, 0.2620975971221924, 0.1266874074935913, 0.48348909616470337, 0.19356179237365723]",1.0,-3,0.27356400638648043,3,0.5471280127729609,
7.attn.14831,806,7,attn,377,15,0.8604717254638672,1.0,59,133,0.35269900335897264,11,"[0.7252060174942017, 0.7195225954055786, 0.8743961453437805, 0.7811878323554993, 0.3293549418449402, 0.6712133884429932, 0.40807044506073, 0.23927253484725952]",0.8743961453437805,-4,0.18415225642526728,10,0.5340496338541036,
8.attn.23585,8146,8,attn,431,64,0.8928701281547546,1.0,121,190,0.628785273952385,11,"[0.12296825647354126, 0.23238301277160645, 0.3575323224067688, 0.7270603179931641, 0.5162278413772583, 0.4829931855201721, 0.10962247848510742, 0.6175416707992554]",0.7270603179931641,-5,0.22962247393918478,9,0.527940322962378,
7.attn.30167,1713,7,attn,409,61,1.0,1.0,36,118,0.22127622265063823,9,"[0.9118297696113586, 0.6885736584663391, 0.6676861047744751, 0.5467855334281921, 0.5241410732269287, 0.4673997759819031, 0.34825611114501953, 0.32242321968078613]",0.9118297696113586,-2,0.20366548385627165,7,0.5252622550467576,
3.attn.34360,427,3,attn,297,64,0.8977382779121399,0.7743105888366699,71,127,0.4627421782617023,10,"[0.4654693007469177, 0.32383888959884644, 0.29372280836105347, 0.225145161151886, 0.17362117767333984, 0.13528060913085938, 0.06779146194458008, 0.08091437816619873]",0.4654693007469177,-2,0.26360492390599594,29,0.5203797486981088,
9.attn.39704,12675,9,attn,670,23,0.902137041091919,1.0,84,223,0.38838388620615566,11,"[0.7104054689407349, 0.40383464097976685, 0.2117035984992981, 0.33912521600723267, 0.42220890522003174, 0.28879570960998535, 0.1889355182647705, 0.3523067831993103]",0.7104054689407349,-2,0.24351338961129762,8,0.5189797312204852,
7.attn.5797,12998,7,attn,347,64,0.6233018040657043,0.7830336689949036,66,148,0.3962330403737553,3,"[0.42415815591812134, 0.2790656089782715, 0.1558983325958252, 0.09662377834320068, 0.15648120641708374, 0.09276777505874634, 0.10751914978027344, 0.1579384207725525]",0.42415815591812134,-2,0.2884541844949299,28,0.5159220635478511,
11.attn.21401,5784,11,attn,748,18,0.5778436660766602,0.9729951024055481,119,157,0.20358109052767312,6,"[0.1237725019454956, 0.3612929582595825, 0.42246317863464355, 0.15425533056259155, 0.27557283639907837, 0.28559738397598267, 0.06751227378845215, 0.06055647134780884]",0.42246317863464355,-4,0.24126650211779235,26,0.5153216949254448,
5.attn.4270,10159,5,attn,356,63,0.9601271152496338,0.9888278841972351,33,114,0.11608433894433184,11,"[0.8270249366760254, 0.5921217203140259, 0.490176260471344, 0.45670807361602783, 0.3349224925041199, 0.18804776668548584, 0.10310119390487671, 0.245497465133667]",0.8270249366760254,-2,0.25544383489107914,5,0.5116940418533246,
9.attn.32335,4194,9,attn,542,64,0.5210198163986206,0.7888057231903076,90,210,0.3299704256344174,7,"[0.4283108711242676, 0.45709556341171265, 0.29997366666793823, 0.1798902153968811, 0.163044273853302, 0.060427188873291016, 0.05546361207962036, 0.035609543323516846]",0.45709556341171265,-3,0.27211066764627756,26,0.5098054911682197,
3.attn.37782,3284,3,attn,325,29,0.9409586787223816,1.0,15,121,0.13879885210749374,7,"[0.8963367342948914, 0.6625097393989563, 0.3382696509361267, 0.23947781324386597, 0.24863600730895996, 0.39516758918762207, 0.400818407535553, 0.349181592464447]",0.8963367342948914,-2,0.25389116255847816,4,0.5088664070232211,
5.mlp.3748,7412,5,mlp,426,52,0.4953048825263977,0.4231910705566406,28,98,0.1842218369107021,6,"[0.37808942794799805, 0.06784552335739136, 0.020528435707092285, 0.010162591934204102, 0.01028454303741455, 0.005691051483154297, 0.0033333301544189453, 0.0]",0.37808942794799805,-2,0.7623771289072758,16,0.5029506214341555,
3.attn.2777,1409,3,attn,308,64,0.9346954822540283,0.9419253468513489,29,116,0.2611272392279246,8,"[0.7353241443634033, 0.37956780195236206, 0.3154420256614685, 0.320392906665802, 0.25005894899368286, 0.25532418489456177, 0.2522593140602112, 0.1951277256011963]",0.7353241443634033,-2,0.27198999302293086,6,0.49842206011878043,
5.attn.29103,4537,5,attn,303,8,1.0,1.0,78,126,0.5672174539854664,11,"[0.8495867848396301, 0.7904958724975586, 0.7520661354064941, 0.7462810277938843, 0.5024793148040771, 0.12685948610305786, 0.6363636255264282, 0.0]",0.8495867848396301,-2,0.19290673785373258,8,0.4916730455611621,
5.attn.32000,8289,5,attn,383,11,0.916179358959198,1.0,73,146,0.4781952667339054,11,"[0.9083820581436157, 0.9122806787490845, 0.7316439151763916, 0.6458739042282104, 0.6578947305679321, 0.4691358208656311, 0.3365821838378906, 0.2017543911933899]",0.9122806787490845,-3,0.1875751484831695,7,0.4840037978070001,
3.attn.37531,11732,3,attn,302,63,0.9698036313056946,0.923840343952179,63,140,0.41049539042910677,9,"[0.4902513027191162, 0.6875483989715576, 0.37657493352890015, 0.4440768361091614, 0.3427887558937073, 0.17822200059890747, 0.2508622407913208, 0.2574083209037781]",0.6875483989715576,-3,0.2270835792881723,10,0.47839019795216287,
5.attn.35530,1725,5,attn,209,64,0.7654489278793335,1.0,45,115,0.34826877106231624,10,"[0.22736483812332153, 0.5945928692817688, 0.13581109046936035, 0.23838168382644653, 0.0938330888748169, 0.09440290927886963, 0.05400782823562622, 0.04419398307800293]",0.5945928692817688,-3,0.40105056327758826,3,0.47692361029258157,
4.attn.11089,14745,4,attn,285,64,0.7517009973526001,0.8828456997871399,37,124,0.211863467091342,9,"[0.5559619069099426, 0.2807450294494629, 0.19607925415039062, 0.260758638381958, 0.09584963321685791, 0.039972782135009766, 0.031127750873565674, 0.0648919939994812]",0.5559619069099426,-2,0.36447269504500807,6,0.47330801617888907,
8.attn.31423,8117,8,attn,390,12,1.0,1.0,60,136,0.376747356304958,11,"[0.920880138874054, 1.0, 0.6259363293647766, 0.45599251985549927, 0.4985954761505127, 0.6029962301254272, 0.7495318651199341, 0.5023407936096191]",1.0,-3,0.18669696897027716,5,0.45731231050140314,
5.attn.22635,12974,5,attn,357,22,0.8569736480712891,0.9646135568618774,37,142,0.2256223905734915,10,"[0.7944921255111694, 0.6875925064086914, 0.6254071593284607, 0.5188037157058716, 0.5199881792068481, 0.5226532220840454, 0.19247853755950928, 0.13917678594589233]",0.7944921255111694,-2,0.1985936280148036,8,0.4565932879320547,
9.resid.29864,7855,9,resid,478,64,0.6968698501586914,0.6982144117355347,12,164,0.08633007328753403,2,"[0.48458725214004517, 0.3664330840110779, 0.0500338077545166, 0.014506101608276367, 0.033191978931427, 0.03183966875076294, 0.022804081439971924, 0.018562912940979004]",0.48458725214004517,-2,0.4741748988444574,7,0.45377895183430367,
7.attn.13805,1728,7,attn,365,64,0.8990449905395508,0.841543972492218,70,143,0.4912616565305544,10,"[0.3271786570549011, 0.14385199546813965, 0.1773577332496643, 0.5299642086029053, 0.49013131856918335, 0.10740149021148682, 0.011181831359863281, 0.031277358531951904]",0.5299642086029053,-5,0.2914542219494958,11,0.45028173192992255,
2.attn.30768,14391,2,attn,90,11,0.2376425862312317,0.45259028673171997,78,85,0.862819465595798,3,"[0.0, 0.012832701206207275, 0.19534218311309814, 0.1026616096496582, 0.006653964519500732, 0.0, 0.0019011497497558594, 0.0]",0.19534218311309814,-4,0.6116071245284597,68,0.4491571808404782,
6.attn.22507,15025,6,attn,330,64,0.9236443638801575,1.0,5,108,0.030463395666545868,3,"[0.7885876297950745, 0.6672130823135376, 0.40762925148010254, 0.2705548405647278, 0.20554852485656738, 0.1749054193496704, 0.12660783529281616, 0.13631778955459595]",0.7885876297950745,-2,0.2839338033577757,3,0.44781337001721816,
3.attn.30540,2313,3,attn,367,63,0.9460223317146301,1.0,4,112,0.05075252551028116,2,"[0.7761341333389282, 0.45969754457473755, 0.3575279712677002, 0.3492439389228821, 0.23510849475860596, 0.22649574279785156, 0.18303745985031128, 0.1230769157409668]",0.7761341333389282,-2,0.28636231256210326,3,0.4445111305626386,
3.attn.26894,14540,3,attn,179,17,1.0,1.0,31,80,0.34059978346495556,9,"[0.9319812655448914, 0.7354134321212769, 0.5831513404846191, 0.44836193323135376, 0.6258970499038696, 0.5681747198104858, 0.4836193323135376, 0.44570982456207275]",0.9319812655448914,-2,0.19326453059380147,5,0.44119945144925,
8.attn.33239,6262,8,attn,804,64,0.8831564784049988,1.0,155,286,0.4244338553634446,11,"[0.4222759008407593, 0.3063034415245056, 0.4569211006164551, 0.3432847857475281, 0.20957398414611816, 0.19080615043640137, 0.18573802709579468, 0.18942034244537354]",0.4569211006164551,-4,0.19828858857897994,22,0.43451307931350597,
4.attn.13140,10028,4,attn,464,24,0.9308434724807739,0.95537269115448,25,127,0.1284507230442235,8,"[0.9637600779533386, 0.7605633735656738, 0.537743330001831, 0.2990979552268982, 0.33217281103134155, 0.37774962186813354, 0.5238170623779297, 0.2900775671005249]",0.9637600779533386,-2,0.23592763085495677,3,0.43446076020114305,
10.attn.15911,272,10,attn,310,8,0.603732168674469,1.0,49,164,0.6279428058766938,11,"[0.6295279860496521, 0.7310647964477539, 0.36608123779296875, 0.3616904616355896, 0.7310647964477539, 0.27826565504074097, 0.7310647964477539, 0.61800217628479]",0.7310647964477539,-3,0.16440385428263268,12,0.43335074003672225,
9.attn.27389,2318,9,attn,443,64,0.46779751777648926,0.766359806060791,25,215,0.08307046002149543,8,"[0.39280790090560913, 0.07023167610168457, 0.06181907653808594, 0.13511931896209717, 0.08247137069702148, 0.06874912977218628, 0.03854638338088989, 0.059543490409851074]",0.39280790090560913,-2,0.43199486972648965,10,0.43130834922234057,
3.attn.39326,3276,3,attn,179,9,0.8807517886161804,1.0,27,53,0.4406914578432886,9,"[0.7725210785865784, 0.6610499024391174, 0.5145819783210754, 0.6804925203323364, 0.23914450407028198, 0.3000648021697998, 0.44134801626205444, 0.32404404878616333]",0.7725210785865784,-2,0.19640798247803132,7,0.42915528603002784,
5.attn.26614,12039,5,attn,307,64,0.7499215602874756,0.9544598460197449,105,144,0.6350210138125449,11,"[0.41868674755096436, 0.2413116693496704, 0.32415467500686646, 0.23205459117889404, 0.14179807901382446, 0.0548364520072937, 0.15231037139892578, 0.09394365549087524]",0.41868674755096436,-2,0.2523583244931492,17,0.4278590917195303,
4.attn.18309,9086,4,attn,168,8,1.0,1.0,28,68,0.3708888229688903,9,"[0.6458936929702759, 0.5246376991271973, 0.4038647413253784, 0.37826085090637207, 0.010144948959350586, 0.24251210689544678, 0.14782607555389404, 0.24637681245803833]",0.6458936929702759,-2,0.2484668154934931,6,0.4245985019754451,
6.attn.15180,9394,6,attn,349,58,0.8020032644271851,0.9204171299934387,36,94,0.11638953445020628,8,"[0.6864023208618164, 0.5565998554229736, 0.38659441471099854, 0.3184000849723816, 0.230035662651062, 0.2534303069114685, 0.14503294229507446, 0.12856751680374146]",0.6864023208618164,-2,0.25374724888565053,6,0.4241444596226414,
8.attn.5907,13791,8,attn,570,37,1.0,1.0,8,109,0.046796018357966956,4,"[0.8905210494995117, 0.7153548002243042, 0.5295177698135376, 0.5180155038833618, 0.35144126415252686, 0.31721174716949463, 0.37292128801345825, 0.4876663088798523]",0.8905210494995117,-2,0.21290834916534682,4,0.42395707208760597,
6.attn.28811,4698,6,attn,350,64,0.5706628561019897,0.5667499303817749,8,74,0.055423532669548914,3,"[0.4636163115501404, 0.14550179243087769, 0.04024726152420044, 0.019860565662384033, 0.011705935001373291, 0.01302117109298706, 0.008088886737823486, 0.0022359490394592285]",0.4636163115501404,-2,0.6582860676134086,5,0.42368244689954815,
7.attn.35610,1730,7,attn,396,12,0.9142969846725464,1.0,70,169,0.3700417401762466,11,"[0.75, 0.6157188415527344, 0.5090837478637695, 0.6635071039199829, 0.5821484923362732, 0.4391785264015198, 0.5134280920028687, 0.3357030153274536]",0.75,-2,0.17011555852385224,10,0.42315710896902237,
6.attn.20898,929,6,attn,387,20,1.0,1.0,60,154,0.29032754709309444,10,"[0.8056690692901611, 0.8575076460838318, 0.7326353788375854, 0.7415730357170105, 0.7387640476226807, 0.5413687229156494, 0.4065372943878174, 0.3996424674987793]",0.8575076460838318,-3,0.16415721228733693,8,0.4222981940885945,
6.attn.39810,9384,6,attn,279,64,0.3732988238334656,0.4508594274520874,86,155,0.4121289019316403,8,"[0.12182718515396118, 0.4317165017127991, 0.08523660898208618, 0.12389922142028809, 0.044643282890319824, 0.025806427001953125, 0.06206732988357544, 0.020814716815948486]",0.4317165017127991,-3,0.4713004239490858,20,0.4203850686088838,
4.attn.29699,2503,4,attn,335,63,0.9648765325546265,1.0,16,90,0.10956509748981882,6,"[0.858233630657196, 0.4429243803024292, 0.46926701068878174, 0.4102824926376343, 0.30096715688705444, 0.28626877069473267, 0.32495546340942383, 0.4405701160430908]",0.858233630657196,-2,0.24288698315416443,3,0.4169075547835435,
7.attn.13045,4545,7,attn,153,16,0.9215123057365417,1.0,33,91,0.24869607997640375,9,"[0.8399138450622559, 0.761904776096344, 0.6841349601745605, 0.7011246681213379, 0.33907634019851685, 0.2866714596748352, 0.47020816802978516, 0.40105289220809937]",0.8399138450622559,-2,0.18730988594545792,6,0.41624061983937155,
5.attn.9399,6399,5,attn,336,16,1.0,1.0,37,125,0.25823598879709353,10,"[0.6808661222457886, 0.5250647068023682, 0.495410680770874, 0.4626970887184143, 0.2840668559074402, 0.5587196946144104, 0.32172274589538574, 0.37020474672317505]",0.6808661222457886,-2,0.18407992861532066,10,0.4156851456289724,
3.attn.20322,7983,3,attn,421,25,0.8442316651344299,1.0,23,135,0.0754409501398407,8,"[0.7447454333305359, 0.8397945165634155, 0.6106959581375122, 0.4740775227546692, 0.3337225317955017, 0.299859881401062, 0.3692200183868408, 0.1219056248664856]",0.8397945165634155,-3,0.2213468003248482,4,0.4156533500817558,
8.mlp.23075,9976,8,mlp,536,50,0.5445326566696167,0.4719685912132263,75,143,0.30439147824340035,9,"[0.3229280114173889, 0.1297435760498047, 0.04883372783660889, 0.012506186962127686, 0.011910676956176758, 0.001720428466796875, 0.0, 0.0019851326942443848]",0.3229280114173889,-2,0.6097263923218473,19,0.41559355899800954,
7.attn.29512,8285,7,attn,349,64,0.7439862489700317,0.889313817024231,140,180,0.6691855263247966,9,"[0.3972397446632385, 0.4125373959541321, 0.19814878702163696, 0.1266489028930664, 0.244873046875, 0.1687728762626648, 0.041902244091033936, 0.12016403675079346]",0.4125373959541321,-3,0.2412094505949096,21,0.41507255909757573,
6.attn.4226,9402,6,attn,351,64,0.9527315497398376,1.0,5,117,0.05626350689406897,4,"[0.8730524182319641, 0.6234303712844849, 0.5357964634895325, 0.34534215927124023, 0.2177371382713318, 0.17526787519454956, 0.21655380725860596, 0.22339099645614624]",0.8730524182319641,-2,0.2719305556037733,2,0.41120553991299985,
6.attn.9708,9381,6,attn,379,64,0.7271654009819031,0.7212506532669067,32,232,0.08600714588042746,4,"[0.2188335657119751, 0.3621234893798828, 0.3503497838973999, 0.5506371259689331, 0.07414007186889648, 0.034664034843444824, 0.021787583827972412, 0.008109092712402344]",0.5506371259689331,-5,0.33976423678094964,8,0.4048094363154061,
8.attn.20347,11912,8,attn,931,64,0.9725543856620789,1.0,20,347,0.02662332419896802,6,"[0.6385146975517273, 0.5660158395767212, 0.45295393466949463, 0.388022780418396, 0.3932192921638489, 0.27576810121536255, 0.18551033735275269, 0.16094040870666504]",0.6385146975517273,-2,0.20860048640283,8,0.39958342945393854,
3.attn.17813,7055,3,attn,233,64,0.7878373265266418,0.9272478818893433,65,106,0.4418235104658513,11,"[0.44291752576828003, 0.36519092321395874, 0.19015049934387207, 0.1813828945159912, 0.06908345222473145, 0.09588360786437988, 0.09426689147949219, 0.0717572569847107]",0.44291752576828003,-2,0.2931999437978297,10,0.3993732205233956,
7.attn.25722,7380,7,attn,430,35,0.9745437502861023,1.0,69,191,0.23688314945153727,11,"[0.6959199905395508, 0.4422875642776489, 0.5222597122192383, 0.48715561628341675, 0.4449610710144043, 0.4893641471862793, 0.44112521409988403, 0.31372779607772827]",0.6959199905395508,-2,0.18138026191082388,9,0.39916213475802353,
3.attn.20999,14569,3,attn,297,48,0.7350773811340332,1.0,47,100,0.36368389261102485,11,"[0.49065667390823364, 0.7177789211273193, 0.4484784007072449, 0.46481579542160034, 0.23758673667907715, 0.21601706743240356, 0.23288840055465698, 0.09983980655670166]",0.7177789211273193,-3,0.24682381940373216,4,0.3961528374424204,
3.attn.4350,5132,3,attn,126,10,0.916863203048706,0.8885613083839417,22,57,0.27863446716101653,7,"[0.6020047068595886, 0.49233490228652954, 0.5064858198165894, 0.5966981053352356, 0.8060141801834106, 0.6055424213409424, 0.6149764060974121, 0.3920990824699402]",0.8060141801834106,-6,0.1746072372267524,9,0.3954506751938406,
6.attn.15366,945,6,attn,339,8,0.5321992635726929,1.0,53,157,0.2776504410204177,11,"[0.650060772895813, 0.5182260274887085, 0.37910085916519165, 0.4635480046272278, 0.4671931862831116, 0.24119079113006592, 0.3663426637649536, 0.12454432249069214]",0.650060772895813,-2,0.20249810939180624,8,0.39490823250353535,
6.attn.37266,7511,6,attn,308,23,1.0,1.0,24,80,0.2605259005807558,11,"[0.9192814230918884, 0.7803592681884766, 0.7729341387748718, 0.6368862390518188, 0.5846706628799438, 0.4423952102661133, 0.3350898027420044, 0.4177245497703552]",0.9192814230918884,-2,0.18801743786552003,4,0.3864840863209451,
4.attn.14155,5330,4,attn,321,36,0.9473234415054321,0.9685863852500916,9,88,0.05107230917908584,5,"[0.8851373195648193, 0.7775403261184692, 0.6172667741775513, 0.3914948105812073, 0.41094136238098145, 0.2837910056114197, 0.2723581790924072, 0.2988567352294922]",0.8851373195648193,-2,0.2248032588868659,3,0.38546203567624415,
8.attn.4785,600,8,attn,532,48,0.9304869771003723,1.0,89,168,0.508360226315141,11,"[0.7316293716430664, 0.6713137626647949, 0.4577403664588928, 0.5041146278381348, 0.7177848815917969, 0.6389776468276978, 0.5936683416366577, 0.5288023948669434]",0.7316293716430664,-2,0.15103728944048175,11,0.38279471947978855,
7.attn.32391,9248,7,attn,381,11,0.7253866195678711,1.0,97,157,0.5323700484945395,11,"[0.5443229079246521, 0.6457940340042114, 0.569219172000885, 0.48623162508010864, 0.3436439037322998, 0.27084118127822876, 0.3496793508529663, 0.4273858666419983]",0.6457940340042114,-3,0.17755652322330212,10,0.3803005938523324,
7.attn.11344,6405,7,attn,278,22,0.9221311807632446,1.0,22,123,0.10571083525219907,10,"[0.9570648074150085, 0.6438329219818115, 0.5950429439544678, 0.641686201095581, 0.6024590134620667, 0.6159250736236572, 0.3350898027420044, 0.4754098653793335]",0.9570648074150085,-2,0.19666345771098578,3,0.3764393485594686,
7.attn.24270,6423,7,attn,505,26,0.9297515153884888,1.0,22,147,0.10638695497019207,6,"[0.6997985243797302, 0.6018804311752319, 0.6529214382171631, 0.613028883934021, 0.5329751372337341, 0.6224311590194702, 0.3613163232803345, 0.26957690715789795]",0.6997985243797302,-2,0.16072805868412807,10,0.3730448632076668,
5.attn.18007,13002,5,attn,590,58,0.922274112701416,1.0,58,220,0.195107148114442,10,"[0.7340602278709412, 0.7506749629974365, 0.7316718697547913, 0.6447040438652039, 0.6263239979743958, 0.33213913440704346, 0.09600210189819336, 0.14003115892410278]",0.7506749629974365,-3,0.1850955654423208,6,0.3676181669487536,
7.attn.14685,763,7,attn,370,47,0.9357768893241882,1.0,22,102,0.20725410524892007,8,"[0.6517964601516724, 0.5743911266326904, 0.46612006425857544, 0.36588698625564575, 0.3472389578819275, 0.35302627086639404, 0.40117353200912476, 0.3479623794555664]",0.6517964601516724,-2,0.1858242800754191,8,0.3633588238901733,
6.attn.15112,5646,6,attn,335,15,0.6541835069656372,1.0,87,137,0.5236425223845874,11,"[0.6548582911491394, 0.5867071151733398, 0.5259784460067749, 0.5043859481811523, 0.5435222387313843, 0.3195006847381592, 0.42442643642425537, 0.3552631735801697]",0.6548582911491394,-2,0.16728432262229584,10,0.363328039287836,
5.attn.15147,6435,5,attn,619,32,0.8420588374137878,1.0,66,215,0.20208116849284924,11,"[0.432745099067688, 0.5483333468437195, 0.7378431558609009, 0.46666663885116577, 0.6209803819656372, 0.32450979948043823, 0.268823504447937, 0.29323530197143555]",0.7378431558609009,-4,0.19978763588018514,5,0.3610840344054615,
7.attn.36542,7345,7,attn,503,60,0.9242424368858337,1.0,7,129,0.02589956200710373,4,"[0.8507544994354248, 0.6400441527366638, 0.5177892446517944, 0.4811679720878601, 0.48196542263031006, 0.41485708951950073, 0.32861000299453735, 0.32707643508911133]",0.8507544994354248,-2,0.21046481057006294,3,0.3581077691306108,
8.attn.27285,11872,8,attn,401,64,0.9119424819946289,1.0,55,132,0.2980498893293738,11,"[0.5674118995666504, 0.692540168762207, 0.47336602210998535, 0.6088171601295471, 0.7783734798431396, 0.4146230220794678, 0.4883654713630676, 0.1565529704093933]",0.7783734798431396,-6,0.186211515094089,5,0.3550341994719981,
9.attn.30097,6101,9,attn,1073,33,0.9360414743423462,1.0,57,275,0.10466185157598856,11,"[0.7852203845977783, 0.6480841636657715, 0.7121866941452026, 0.6925957798957825, 0.5983866453170776, 0.5033131837844849, 0.563238263130188, 0.4384903311729431]",0.7852203845977783,-2,0.15890274820037115,7,0.3529132526382089,
7.attn.3294,13927,7,attn,312,64,0.8028446435928345,1.0,60,166,0.29068997783008943,11,"[0.3981494903564453, 0.46931445598602295, 0.6092819571495056, 0.8487622737884521, 0.613957405090332, 0.4123726487159729, 0.32250601053237915, 0.4208376407623291]",0.8487622737884521,-5,0.20725874898012542,3,0.3518268140938426,
3.attn.6042,6090,3,attn,265,64,0.6379043459892273,0.9514064788818359,15,113,0.12179188677988052,9,"[0.5695499181747437, 0.2652602195739746, 0.1652601957321167, 0.20583683252334595, 0.24163150787353516, 0.1346694827079773, 0.08094233274459839, 0.10302388668060303]",0.5695499181747437,-2,0.32247660588369353,3,0.3494830427152237,
3.attn.907,5142,3,attn,240,37,0.7051581740379333,1.0,20,118,0.14371528274121778,6,"[0.6459404826164246, 0.6347202658653259, 0.43587344884872437, 0.44880783557891846, 0.44693779945373535, 0.34798192977905273, 0.11079943180084229, 0.08991742134094238]",0.6459404826164246,-2,0.20434826084971683,6,0.3492307443188468,
7.attn.3265,5481,7,attn,210,53,0.9873179793357849,1.0,29,75,0.2583387263292637,9,"[0.9095819592475891, 0.795130729675293, 0.6411460638046265, 0.5648191571235657, 0.6088147759437561, 0.5169876217842102, 0.37685924768447876, 0.3488335609436035]",0.9095819592475891,-2,0.1910014476693435,3,0.3474629419804146,
6.attn.25294,12196,6,attn,269,16,1.0,1.0,17,83,0.1383201437123459,6,"[0.8764450550079346, 0.7496387362480164, 0.7232658863067627, 0.5621387362480164, 0.58851158618927, 0.3666907548904419, 0.5776734352111816, 0.5003612637519836]",0.8764450550079346,-2,0.17724847682390305,4,0.3473699202868105,
8.attn.23327,2506,8,attn,490,64,0.5223393440246582,0.7534511089324951,18,155,0.05075514520145979,5,"[0.3970857262611389, 0.2927861213684082, 0.1769580841064453, 0.09900552034378052, 0.05774080753326416, 0.044480741024017334, 0.0234031081199646, 0.04376327991485596]",0.3970857262611389,-2,0.3497864210899487,10,0.347087234432181,
10.attn.36670,7826,10,attn,1177,20,1.0,1.0,53,293,0.13377137437999517,11,"[0.7710884213447571, 0.6348639726638794, 0.4928571581840515, 0.54200679063797, 0.5153061151504517, 0.42500001192092896, 0.37261903285980225, 0.4482993483543396]",0.7710884213447571,-2,0.1835033139051788,5,0.34659613753655305,
5.attn.13568,6413,5,attn,454,38,0.9767751097679138,1.0,13,126,0.07763433655610663,8,"[0.826990008354187, 0.7940454483032227, 0.5745856761932373, 0.6023122668266296, 0.5117658972740173, 0.157049298286438, 0.22038060426712036, 0.2714344263076782]",0.826990008354187,-2,0.2089116372821821,3,0.3455356733225573,
6.attn.26498,1878,6,attn,301,17,0.764285683631897,1.0,43,126,0.38083747591657513,11,"[0.6519230604171753, 0.7667582631111145, 0.7686812877655029, 0.7637362480163574, 0.7648351788520813, 0.45576924085617065, 0.3997252583503723, 0.3285714387893677]",0.7686812877655029,-4,0.15687373296033963,7,0.34106843910106066,
3.attn.23985,10794,3,attn,206,20,1.0,1.0,17,77,0.1984647115376997,7,"[0.7713447213172913, 0.7046424746513367, 0.37926894426345825, 0.3160352110862732, 0.18756669759750366, 0.3022945523262024, 0.24373000860214233, 0.12366592884063721]",0.7713447213172913,-2,0.2546912197260836,2,0.3402695701126504,
5.attn.29020,12992,5,attn,364,64,0.7889130115509033,0.9337804913520813,72,117,0.5043726609710214,11,"[0.41750508546829224, 0.4165186882019043, 0.1861642599105835, 0.18606561422348022, 0.11287564039230347, 0.03721970319747925, 0.0383375883102417, 0.04340106248855591]",0.41750508546829224,-2,0.2903196392339952,8,0.33955039218704475,
7.attn.26807,10175,7,attn,284,10,1.0,1.0,33,106,0.22220196982083001,9,"[0.9145907163619995, 0.8133649826049805, 0.7943851351737976, 0.792012631893158, 0.5096876621246338, 0.6781336069107056, 0.46223801374435425, 0.553973913192749]",0.9145907163619995,-2,0.16573516362288976,4,0.338942830784862,
8.attn.21230,9101,8,attn,500,64,0.7337830066680908,0.9650146961212158,74,184,0.33448505065710654,10,"[0.35516566038131714, 0.2198028564453125, 0.3975954055786133, 0.5420452952384949, 0.44229692220687866, 0.18212640285491943, 0.09922409057617188, 0.1414441466331482]",0.5420452952384949,-5,0.22777876101628577,7,0.33699831258786556,
8.attn.15174,10947,8,attn,385,58,0.9395147562026978,0.9818885922431946,5,48,0.011102494089306452,4,"[0.7994076609611511, 0.6761020421981812, 0.6003531217575073, 0.4052853584289551, 0.2092493176460266, 0.17046362161636353, 0.166761577129364, 0.20976191759109497]",0.7994076609611511,-2,0.2469300856877455,2,0.3357106776901904,
8.attn.27755,9099,8,attn,430,54,0.8595827221870422,1.0,39,143,0.23584778174750656,11,"[0.7476890683174133, 0.5185315608978271, 0.5236376523971558, 0.5327053070068359, 0.4231886863708496, 0.4810282588005066, 0.4035566449165344, 0.46518176794052124]",0.7476890683174133,-2,0.18256271746207609,5,0.33435571272967135,
5.attn.27329,4564,5,attn,411,15,0.7819989919662476,1.0,48,173,0.21107903673214448,10,"[0.7417134046554565, 0.75624680519104, 0.5341662168502808, 0.616267204284668, 0.6534931063652039, 0.4000509977340698, 0.29576748609542847, 0.2567567825317383]",0.75624680519104,-3,0.17775380401375057,5,0.32927448696286,
6.attn.10048,7521,6,attn,400,28,0.9340559840202332,1.0,49,105,0.3312611956204563,8,"[0.8355916738510132, 0.8027100563049316, 0.8809394836425781, 0.6751580834388733, 0.6157181262969971, 0.672809362411499, 0.6688346862792969, 0.6233062744140625]",0.8809394836425781,-4,0.15254184405979182,5,0.32916275824996905,
3.attn.32863,12668,3,attn,276,34,0.9446940422058105,1.0,15,98,0.15546238092747278,5,"[0.7158792018890381, 0.6043376922607422, 0.527807891368866, 0.5803253650665283, 0.46274203062057495, 0.38497287034988403, 0.41332298517227173, 0.1270332932472229]",0.7158792018890381,-2,0.1875786607380961,5,0.32892645254687053,
7.attn.28905,789,7,attn,268,26,0.9626905918121338,0.9217936992645264,15,71,0.1449441995779982,8,"[0.847174882888794, 0.7845739722251892, 0.463318407535553, 0.34690582752227783, 0.45147979259490967, 0.43192827701568604, 0.3657398819923401, 0.3438565135002136]",0.847174882888794,-2,0.20995776836014227,3,0.32792063796923493,
3.attn.39632,12672,3,attn,301,46,0.9800806641578674,0.9061468839645386,14,99,0.08362442404919813,5,"[0.8188928365707397, 0.7581571340560913, 0.5946474075317383, 0.5014053583145142, 0.4025418758392334, 0.4142735004425049, 0.2764267325401306, 0.4299156665802002]",0.8188928365707397,-2,0.1951482359718432,4,0.32379885256737795,
10.attn.28797,9689,10,attn,1385,22,0.9035974144935608,1.0,87,325,0.12461141024007606,11,"[0.6368229389190674, 0.7043249607086182, 0.7079628109931946, 0.6921988725662231, 0.6788601875305176, 0.7698059678077698, 0.7223120331764221, 0.6358124613761902]",0.7698059678077698,-7,0.13875127259204056,8,0.32043467304682643,
6.attn.8257,3769,6,attn,407,27,0.9238454103469849,1.0,19,152,0.07094808654680443,9,"[0.7606031894683838, 0.7540056705474854, 0.4844486117362976, 0.5080113410949707, 0.596606969833374, 0.4094250798225403, 0.47785109281539917, 0.4507068991661072]",0.7606031894683838,-2,0.1712430455347633,5,0.3190411562043021,
10.attn.19668,7794,10,attn,566,64,0.26103878021240234,0.8305253386497498,71,215,0.22350773900154577,6,"[0.1629226803779602, 0.08836990594863892, 0.05069231986999512, 0.03024899959564209, 0.010281085968017578, 0.007725656032562256, 0.0057645440101623535, 0.0]",0.1629226803779602,-2,0.45764130447885537,25,0.3157521542276038,
9.attn.30564,1418,9,attn,492,64,0.5102629065513611,0.5867077112197876,63,99,0.18136397733055354,8,"[0.609083890914917, 0.3036920428276062, 0.23497140407562256, 0.31636470556259155, 0.17233961820602417, 0.08937561511993408, 0.04380565881729126, 0.05430525541305542]",0.609083890914917,-2,0.3339388878095711,6,0.3157293286180839,
10.attn.20464,12507,10,attn,453,64,0.30678147077560425,0.7720367908477783,85,203,0.36225083899195376,4,"[0.18372803926467896, 0.25095492601394653, 0.07798081636428833, 0.09431743621826172, 0.09693247079849243, 0.054122328758239746, 0.02015632390975952, 0.025180697441101074]",0.25095492601394653,-3,0.31237658460452505,26,0.3144807568379271,
9.attn.7712,7060,9,attn,399,64,0.5817569494247437,0.8790663480758667,48,83,0.300959367443262,7,"[0.37796467542648315, 0.0937231183052063, 0.20276224613189697, 0.38786184787750244, 0.2707974910736084, 0.22807395458221436, 0.15222841501235962, 0.02457726001739502]",0.38786184787750244,-5,0.2231670315502275,16,0.3137279520891787,gt transport
7.attn.29021,14884,7,attn,417,64,0.765645444393158,0.8609060049057007,23,179,0.09318392697719463,9,"[0.7095836400985718, 0.38455092906951904, 0.07033252716064453, 0.11369466781616211, 0.3053155541419983, 0.09892642498016357, 0.1301911473274231, 0.14820635318756104]",0.7095836400985718,-2,0.36188453182022096,1,0.31263986117120174,
4.attn.20681,4409,4,attn,369,64,0.9717743992805481,1.0,4,120,0.023836854988536063,4,"[0.8595234155654907, 0.7218151092529297, 0.5532215237617493, 0.2960972785949707, 0.3349617123603821, 0.21261465549468994, 0.22309070825576782, 0.16039735078811646]",0.8595234155654907,-2,0.25567952330493376,1,0.31079116055490896,
6.attn.564,14103,6,attn,489,58,0.8839554786682129,1.0,28,185,0.08915743282990188,9,"[0.6916014552116394, 0.5386815071105957, 0.6748946309089661, 0.5075255632400513, 0.5032359957695007, 0.35407888889312744, 0.538756787776947, 0.2805538773536682]",0.6916014552116394,-2,0.16912346863977115,6,0.30946304580020756,
7.attn.36956,10167,7,attn,601,63,0.7809481024742126,0.9698570370674133,16,192,0.041240860812572125,6,"[0.4972304701805115, 0.5132036209106445, 0.8268066644668579, 0.6328738927841187, 0.582055926322937, 0.28957879543304443, 0.17106789350509644, 0.2037227749824524]",0.8268066644668579,-4,0.2224667717508301,2,0.308985052171079,
3.attn.36179,10774,3,attn,319,29,0.858102023601532,1.0,13,98,0.12172997227847396,9,"[0.8096001744270325, 0.5512576103210449, 0.3044393062591553, 0.35715001821517944, 0.2722717523574829, 0.24962419271469116, 0.30313658714294434, 0.1584327220916748]",0.8096001744270325,-2,0.269335920850497,1,0.30837550183598245,
5.attn.18914,9215,5,attn,542,62,0.7866226434707642,0.9848558306694031,120,187,0.5492444749150808,11,"[0.43088048696517944, 0.37316763401031494, 0.3504999279975891, 0.3526841998100281, 0.3381710648536682, 0.5438792705535889, 0.19187456369400024, 0.2564314007759094]",0.5438792705535889,-7,0.19166953250159283,8,0.3079991408917528,
10.attn.38927,4985,10,attn,881,62,0.9584153294563293,1.0,30,219,0.05656182863827029,8,"[0.6943897604942322, 0.5601624250411987, 0.7861097455024719, 0.485359251499176, 0.4561392664909363, 0.46733516454696655, 0.5412770509719849, 0.5004305839538574]",0.7861097455024719,-4,0.1750332153782792,4,0.30767248084592586,
8.attn.10992,11908,8,attn,422,46,0.9753320813179016,1.0,20,119,0.1280533432491343,10,"[0.7695995569229126, 0.5811445116996765, 0.65414959192276, 0.5035454034805298, 0.4241486191749573, 0.44332367181777954, 0.49665433168411255, 0.45181262493133545]",0.7695995569229126,-2,0.17796767568934135,4,0.30626046644221616,
8.attn.23168,14705,8,attn,558,18,0.8922829627990723,1.0,63,195,0.23128639661189318,11,"[0.6404073238372803, 0.6572883129119873, 0.3815648555755615, 0.6615755558013916, 0.47400856018066406, 0.3494104743003845, 0.3097534775733948, 0.31511253118515015]",0.6615755558013916,-5,0.17459868392934422,6,0.30561131961185,
7.attn.25165,10198,7,attn,186,17,0.9426189064979553,1.0,25,87,0.32146415717034715,9,"[0.6961746215820312, 0.6608631610870361, 0.6503187417984009, 0.4210397005081177, 0.48651301860809326, 0.47302597761154175, 0.3155958652496338, 0.49754780530929565]",0.6961746215820312,-2,0.16571329401799098,6,0.3052281311933525,
8.attn.32906,611,8,attn,431,19,0.9427322149276733,1.0,55,153,0.2798735790461973,10,"[0.569617509841919, 0.4594535231590271, 0.4594535231590271, 0.4244808554649353, 0.2808743119239807, 0.4249180555343628, 0.1632786989212036, 0.22666668891906738]",0.569617509841919,-2,0.18932074897717505,7,0.30501875095251063,
9.attn.33359,3266,9,attn,551,25,0.9639596939086914,1.0,32,128,0.1782699251200157,10,"[0.6377085447311401, 0.6043437123298645, 0.33459240198135376, 0.5439093112945557, 0.4309096336364746, 0.2341831922531128, 0.40950584411621094, 0.36229145526885986]",0.6377085447311401,-2,0.179260313751047,6,0.302451267178852,
3.attn.32534,7016,3,attn,225,20,0.8469871282577515,1.0,19,65,0.17976194102400345,8,"[0.8579891920089722, 0.5370683670043945, 0.7503385543823242, 0.5424847602844238, 0.4229857921600342, 0.3031482696533203, 0.38473254442214966, 0.43855786323547363]",0.8579891920089722,-2,0.20248462702735612,2,0.3009085312825573,
7.attn.29584,9229,7,attn,640,62,0.9147650003433228,0.9822180271148682,45,177,0.1502307415295384,10,"[0.6671803593635559, 0.5930294990539551, 0.6486871242523193, 0.5786852836608887, 0.48675239086151123, 0.45012152194976807, 0.3456226587295532, 0.3572402596473694]",0.6671803593635559,-2,0.16164981277183582,7,0.2996203817704665,
5.attn.36062,4568,5,attn,465,26,1.0,1.0,26,156,0.11064310679459004,10,"[0.775789737701416, 0.6551579236984253, 0.7168017625808716, 0.561504065990448, 0.6265026330947876, 0.6523623466491699, 0.47959184646606445, 0.45317304134368896]",0.775789737701416,-2,0.1576525353959266,5,0.2995853796320923,
8.attn.36331,10038,8,attn,763,56,0.9472931027412415,1.0,68,231,0.19533065844629482,9,"[0.40622276067733765, 0.40224021673202515, 0.39570629596710205, 0.36770379543304443, 0.39228373765945435, 0.3459240794181824, 0.2886123061180115, 0.2186061143875122]",0.40622276067733765,-2,0.14418871284126142,25,0.2986635288708834,
6.attn.23452,5638,6,attn,377,64,0.9516555070877075,1.0,17,129,0.11349630512366009,8,"[0.833705723285675, 0.8383777141571045, 0.5659828186035156, 0.6819689869880676, 0.720427930355072, 0.3468751907348633, 0.3670526146888733, 0.36441195011138916]",0.8383777141571045,-3,0.17766745651066532,3,0.2979048721390367,
10.attn.10243,3139,10,attn,844,9,0.8552739024162292,1.0,178,351,0.35098403022183783,11,"[0.4403107166290283, 0.5453802347183228, 0.5077677965164185, 0.5257563591003418, 0.4394930601119995, 0.09771054983139038, 0.524938702583313, 0.3785772919654846]",0.5453802347183228,-3,0.1576273196463786,11,0.29779781589926646,
3.attn.10921,5177,3,attn,231,18,0.8247352242469788,1.0,23,91,0.2681133487370381,11,"[0.7437649369239807, 0.6901264190673828, 0.615989089012146, 0.4888964891433716, 0.20635461807250977, 0.27400070428848267, 0.31773144006729126, 0.42364197969436646]",0.7437649369239807,-2,0.1977832241066592,3,0.29420845440462184,
10.attn.14378,11562,10,attn,744,27,0.2864948511123657,0.7721415758132935,64,269,0.12743658111952036,9,"[0.31552761793136597, 0.2772793769836426, 0.1293426752090454, 0.07070624828338623, 0.11425542831420898, 0.05904418230056763, 0.05374324321746826, 0.06214320659637451]",0.31552761793136597,-2,0.2916038602039964,16,0.29292203717026255,
11.attn.9220,4853,11,attn,511,10,0.08749997615814209,0.4906034469604492,57,121,0.13146036531896135,4,"[0.3475862145423889, 0.2210344672203064, 0.029999971389770508, 0.0889655351638794, 0.05034482479095459, 0.038103461265563965, 0.018275856971740723, 0.040862083435058594]",0.3475862145423889,-2,0.41618497976144225,16,0.2926199973299441,
10.attn.5929,5007,10,attn,639,11,0.803396463394165,1.0,147,243,0.5640104726035343,11,"[0.3634878993034363, 0.4663618803024292, 0.2047681212425232, 0.18060094118118286, 0.5058785080909729, 0.41149574518203735, 0.19954276084899902, 0.30078381299972534]",0.5058785080909729,-6,0.19213594475293563,8,0.291592335246794,
7.attn.39046,12064,7,attn,356,51,0.9643733501434326,1.0,15,54,0.20836004308441494,7,"[0.7556012868881226, 0.7682685256004333, 0.635895848274231, 0.6098487973213196, 0.6104029417037964, 0.8354841470718384, 0.6081862449645996, 0.5309951305389404]",0.8354841470718384,-7,0.15602868726036512,4,0.2914926916493464,
6.attn.36136,4687,6,attn,309,62,0.9335564970970154,1.0,25,82,0.25769415237291604,8,"[0.8284518718719482, 0.7454392910003662, 0.7058577537536621, 0.7726359963417053, 0.6909623146057129, 0.6143096089363098, 0.5062761306762695, 0.4127196669578552]",0.8284518718719482,-2,0.1570032991202139,4,0.2908446396867755,
6.attn.31790,3754,6,attn,267,57,0.7746319770812988,0.779836893081665,6,94,0.024518435488494982,4,"[0.5323564410209656, 0.3067895770072937, 0.115104079246521, 0.1272377371788025, 0.09541177749633789, 0.0502585768699646, 0.057817280292510986, 0.03229016065597534]",0.5323564410209656,-2,0.40413750195135306,2,0.29060030802041226,
3.attn.6577,1382,3,attn,292,60,0.9368718266487122,1.0,7,93,0.08751593028536803,3,"[0.7461583614349365, 0.6534595489501953, 0.6821164488792419, 0.45593488216400146, 0.44081735610961914, 0.4681451916694641, 0.26655036211013794, 0.5724728107452393]",0.7461583614349365,-2,0.17410602767605546,4,0.29048908538095525,
8.attn.39566,7182,8,attn,988,64,0.8943796753883362,0.9778518080711365,38,278,0.08692564156994916,10,"[0.6569806933403015, 0.48102903366088867, 0.5715343356132507, 0.535381555557251, 0.3995928168296814, 0.3638719320297241, 0.3111851215362549, 0.25232893228530884]",0.6569806933403015,-2,0.18393008768792068,5,0.2894370035070308,
4.attn.16464,4403,4,attn,460,57,0.8861957788467407,0.9523891806602478,1,71,0.003451313707178857,1,"[0.93282550573349, 0.42820870876312256, 0.393294095993042, 0.32115650177001953, 0.31515467166900635, 0.15754848718643188, 0.10589796304702759, 0.21023774147033691]",0.93282550573349,-2,0.32567042393611856,0,0.28932981199508706,
3.attn.39974,10781,3,attn,188,14,0.9229559898376465,1.0,34,97,0.3412989272838504,10,"[0.8573113083839417, 0.7963836193084717, 0.6607704162597656, 0.5117924213409424, 0.7889150977134705, 0.34944969415664673, 0.2633647918701172, 0.1819968819618225]",0.8573113083839417,-2,0.19440235236180803,2,0.2886693640762442,
5.attn.15053,11115,5,attn,381,8,1.0,1.0,75,181,0.3148161609695183,11,"[0.7513002157211304, 0.41938531398773193, 0.742789626121521, 0.5059101581573486, 0.7777777910232544, 0.7238770723342896, 0.6089834570884705, 0.6085106134414673]",0.7777777910232544,-6,0.15136179959194898,5,0.28836825256063464,
8.attn.26692,8161,8,attn,585,64,0.769216775894165,1.0,124,316,0.33768541458489354,11,"[0.34078383445739746, 0.39560240507125854, 0.3372705578804016, 0.30740809440612793, 0.29274940490722656, 0.44824033975601196, 0.37579500675201416, 0.4079592823982239]",0.44824033975601196,-7,0.15425664633438918,16,0.2850882279755458,
8.attn.8653,4397,8,attn,600,30,0.926616907119751,1.0,25,249,0.07584567946120832,10,"[0.9262022972106934, 0.8548921942710876, 0.7389441728591919, 0.6829739809036255, 0.8609728813171387, 0.6807628870010376, 0.7160032987594604, 0.5840243101119995]",0.9262022972106934,-2,0.15322359236690314,3,0.2838320864742011,
10.attn.2652,13449,10,attn,1138,64,0.5944603681564331,1.0,475,610,0.746896107245781,11,"[0.09516030550003052, 0.1601560115814209, 0.2375841736793518, 0.19865339994430542, 0.2569495439529419, 0.1540563702583313, 0.10999268293380737, 0.10549294948577881]",0.2569495439529419,-6,0.1949474097587167,31,0.2833611520356469,
10.attn.15150,10636,10,attn,730,62,0.9580314755439758,1.0,12,173,0.07904115994547019,5,"[0.5631943345069885, 0.47056299448013306, 0.3844791650772095, 0.3171255588531494, 0.41013258695602417, 0.36998873949050903, 0.39285141229629517, 0.2663017511367798]",0.5631943345069885,-2,0.1774043506759274,7,0.28259699348354705,
10.attn.39087,12515,10,attn,962,59,0.9464285969734192,1.0,24,210,0.06352301335029675,9,"[0.5843949317932129, 0.5756938457489014, 0.6017971038818359, 0.3706778883934021, 0.46132850646972656, 0.345257043838501, 0.3391719460487366, 0.3490104675292969]",0.6017971038818359,-4,0.16590627713759812,7,0.28239558650444824,
7.attn.20344,4540,7,attn,242,59,0.961234986782074,1.0,5,89,0.019733472764486643,5,"[0.9031496644020081, 0.6942908763885498, 0.5871280431747437, 0.4569174647331238, 0.42684972286224365, 0.4072808623313904, 0.3609989285469055, 0.2607318162918091]",0.9031496644020081,-2,0.2204230154099784,1,0.28153452588864525,
3.attn.35363,6113,3,attn,223,21,0.7991198301315308,1.0,10,74,0.07266536717969088,7,"[0.7641729116439819, 0.6282681822776794, 0.48589181900024414, 0.5464664697647095, 0.603158175945282, 0.507636547088623, 0.3352316617965698, 0.30623865127563477]",0.7641729116439819,-2,0.18294496685422124,3,0.279603175983204,
5.attn.19249,1731,5,attn,563,64,0.9487288594245911,1.0,5,175,0.03768716222268083,3,"[0.6831902265548706, 0.6077714562416077, 0.5063769817352295, 0.30516111850738525, 0.213969886302948, 0.21673327684402466, 0.20563727617263794, 0.15547144412994385]",0.6831902265548706,-2,0.23604583931477938,2,0.2793178059224787,
3.attn.26486,13612,3,attn,322,64,0.8910143375396729,0.8828788995742798,29,96,0.11280155289241368,3,"[0.4678979516029358, 0.4610818028450012, 0.23750364780426025, 0.37782174348831177, 0.22654646635055542, 0.09315448999404907, 0.11404281854629517, 0.11682790517807007]",0.4678979516029358,-2,0.22335344295106035,8,0.27680006486030906,
7.attn.2861,5509,7,attn,391,38,0.9186235666275024,0.9810509085655212,23,120,0.14212911821518337,9,"[0.8162055015563965, 0.728318989276886, 0.6993722319602966, 0.5344105958938599, 0.38293421268463135, 0.5533596873283386, 0.5473145842552185, 0.46082305908203125]",0.8162055015563965,-2,0.1728246099137988,3,0.2767748620951228,
9.attn.6792,12655,9,attn,834,64,0.8292446136474609,0.9261032342910767,29,230,0.052422858798191765,6,"[0.1409124732017517, 0.19468963146209717, 0.4008227586746216, 0.28724759817123413, 0.24416601657867432, 0.19783097505569458, 0.10878831148147583, 0.12737470865249634]",0.4008227586746216,-4,0.23552421578991406,9,0.2764695719371193,
10.resid.40502,3950,10,resid,757,56,0.5899150371551514,0.6290926933288574,14,215,0.03399042953210967,8,"[0.4130842089653015, 0.1402149200439453, 0.08363533020019531, 0.05317419767379761, 0.12306296825408936, 0.04255187511444092, 0.08141714334487915, 0.01818293333053589]",0.4130842089653015,-2,0.43240240159673865,5,0.2752434273584553,
8.attn.8145,13797,8,attn,361,23,1.0,1.0,7,31,0.14506112429634904,4,"[0.7954093813896179, 0.5779865980148315, 0.4823784828186035, 0.469727098941803, 0.438279390335083, 0.45942527055740356, 0.37104642391204834, 0.3889390826225281]",0.7954093813896179,-2,0.19969146242197075,2,0.275112823307058,
10.mlp.28796,11504,10,mlp,412,64,0.5639874935150146,0.5949569940567017,81,218,0.26314371862820746,8,"[0.3024443984031677, 0.06550657749176025, 0.02168208360671997, 0.02844911813735962, 0.06235325336456299, 0.04271972179412842, 0.029645979404449463, 0.04207521677017212]",0.3024443984031677,-2,0.508415570606658,8,0.2744550441412203,
8.attn.12463,14746,8,attn,380,19,1.0,1.0,32,109,0.18845834331965416,10,"[0.8423886299133301, 0.9114047884941101, 0.526431679725647, 0.7109642624855042, 0.6282427906990051, 0.42266273498535156, 0.5420949459075928, 0.6696035265922546]",0.9114047884941101,-3,0.1734755682705031,2,0.27384842797491565,
3.attn.26753,3308,3,attn,432,64,0.8792769312858582,0.8959445953369141,75,169,0.367402023670862,11,"[0.3437408208847046, 0.470919668674469, 0.4470332860946655, 0.2274194359779358, 0.18305063247680664, 0.18093782663345337, 0.2273607850074768, 0.09795176982879639]",0.470919668674469,-3,0.2161754468663796,8,0.2736248924645173,
7.attn.30844,4550,7,attn,498,35,0.9136292338371277,1.0,16,143,0.046756516192583364,7,"[0.6922891736030579, 0.5342234969139099, 0.5468543171882629, 0.5016239881515503, 0.37471431493759155, 0.38072896003723145, 0.48357993364334106, 0.40587031841278076]",0.6922891736030579,-2,0.1766095845663457,4,0.27339263515262774,
5.attn.19540,3602,5,attn,372,64,0.8745177984237671,0.917614221572876,5,114,0.028107223905502958,4,"[0.8021320104598999, 0.7517259120941162, 0.35878175497055054, 0.3988324999809265, 0.3503045439720154, 0.22081220149993896, 0.1343654990196228, 0.03908628225326538]",0.8021320104598999,-2,0.26247425610015473,1,0.27321698539706807,
7.attn.9931,4563,7,attn,318,64,0.8464357256889343,1.0,6,110,0.08353851585375677,3,"[0.3796992301940918, 0.5497287511825562, 0.46811652183532715, 0.3281145691871643, 0.3138384222984314, 0.14328545331954956, 0.18159323930740356, 0.1565147042274475]",0.5497287511825562,-3,0.21806923616758317,4,0.26805743402259935,
8.attn.752,12821,8,attn,440,47,0.8778563141822815,1.0,20,141,0.09026697853541747,9,"[0.6205377578735352, 0.5146370530128479, 0.5591447353363037, 0.33770763874053955, 0.3295402526855469, 0.4294760227203369, 0.3982747793197632, 0.34862804412841797]",0.6205377578735352,-2,0.1753949065625727,5,0.2666004110809894,
3.attn.20946,12656,3,attn,364,64,0.8092649579048157,1.0,75,138,0.3487467426277769,11,"[0.33792465925216675, 0.43205684423446655, 0.40790611505508423, 0.39122915267944336, 0.2584311366081238, 0.17714637517929077, 0.20172947645187378, 0.226559579372406]",0.43205684423446655,-3,0.1775831496000839,11,0.26578671319621194,
6.attn.19164,11262,6,attn,443,62,0.9823243618011475,1.0,5,104,0.05713389184662361,3,"[0.8437262773513794, 0.826809287071228, 0.651797890663147, 0.6106053590774536, 0.5119860172271729, 0.42338037490844727, 0.44090425968170166, 0.334319531917572]",0.8437262773513794,-2,0.1816993665234551,2,0.2655312351878147,
10.attn.22547,6861,10,attn,542,64,0.936671257019043,1.0,6,194,0.029872427094451256,5,"[0.6887482404708862, 0.3549931049346924, 0.3726547360420227, 0.2898486852645874, 0.2572214603424072, 0.1883355975151062, 0.18976616859436035, 0.23059147596359253]",0.6887482404708862,-2,0.2677704274317309,1,0.2608183313335907,
6.attn.32874,11255,6,attn,218,64,0.8824241757392883,1.0,40,115,0.2361859892021911,11,"[0.6557470560073853, 0.8146987557411194, 0.7772396802902222, 0.8565019369125366, 0.7983193397521973, 0.5123913884162903, 0.6123771667480469, 0.6088876128196716]",0.8565019369125366,-5,0.15196543225131223,3,0.2603173741339996,
10.attn.24004,1239,10,attn,389,27,0.8708933591842651,1.0,34,140,0.1977197954421014,10,"[0.5648415088653564, 0.476887583732605, 0.5095100998878479, 0.43123918771743774, 0.32760804891586304, 0.34685879945755005, 0.292910635471344, 0.30005764961242676]",0.5648415088653564,-2,0.17380201242006782,6,0.2597349696853384,
3.attn.32549,8919,3,attn,107,10,0.9006454944610596,1.0,17,42,0.3913301482083276,9,"[0.8888577222824097, 0.778838038444519, 0.36514174938201904, 0.5919169187545776, 0.4072411060333252, 0.3887173533439636, 0.3460566997528076, 0.5761998295783997]",0.8888577222824097,-2,0.20466589487966833,1,0.2572721206921075,
6.attn.20401,4691,6,attn,367,64,0.6376529932022095,0.6506826877593994,12,126,0.052670990920968025,3,"[0.4958333373069763, 0.40848636627197266, 0.330249547958374, 0.19347929954528809, 0.05983990430831909, 0.024576246738433838, 0.010169506072998047, 0.007156312465667725]",0.4958333373069763,-2,0.324118453218324,5,0.2561441006630032,
10.attn.5981,10606,10,attn,339,13,0.9422652125358582,1.0,34,71,0.2301682578929945,10,"[0.29088395833969116, 0.429834246635437, 0.6972376108169556, 0.6997237205505371, 0.5486187934875488, 0.3063535690307617, 0.32458561658859253, 0.529281735420227]",0.6997237205505371,-5,0.18286167523957786,3,0.25590530348948287,
9.attn.17149,1373,9,attn,621,64,0.6248813271522522,0.9364373683929443,22,196,0.048797113038461085,5,"[0.306118905544281, 0.19694483280181885, 0.17273670434951782, 0.14231467247009277, 0.23983776569366455, 0.1748942732810974, 0.1530594825744629, 0.0792698860168457]",0.306118905544281,-2,0.20892970969363528,17,0.25410039556991426,
4.attn.23202,2484,4,attn,221,18,0.14023905992507935,0.7368028163909912,52,106,0.21608762518074237,4,"[0.17649400234222412, 0.04482072591781616, 0.0, 0.0, 0.0, 0.0, 0.0, 0.0]",0.17649400234222412,-2,0.7974796965832626,5,0.2540250169973702,
7.attn.879,771,7,attn,422,55,0.9487640857696533,1.0,23,133,0.2021927307910119,7,"[0.8121581077575684, 0.8483694791793823, 0.7148791551589966, 0.6365021467208862, 0.534930408000946, 0.5216367840766907, 0.3762376308441162, 0.48410993814468384]",0.8483694791793823,-3,0.17212412929390855,2,0.25292247309114396,
7.attn.22541,8316,7,attn,279,25,0.7992392778396606,1.0,12,142,0.03454832401360192,6,"[0.8452125191688538, 0.7239953279495239, 0.5786340236663818, 0.6664462089538574, 0.7139077186584473, 0.5319993495941162, 0.33884572982788086, 0.5118240118026733]",0.8452125191688538,-2,0.17211072553738233,2,0.2519616733038218,
8.attn.30017,6275,8,attn,471,60,0.9843472242355347,1.0,7,103,0.02009756476877458,4,"[0.6829990148544312, 0.7325879335403442, 0.7016112804412842, 0.5204209089279175, 0.5812561511993408, 0.5114765167236328, 0.23479115962982178, 0.3127918243408203]",0.7325879335403442,-3,0.17124803662539717,3,0.2509084905484818,
3.attn.27496,3282,3,attn,182,29,0.895060658454895,0.9697661995887756,4,60,0.08899778852548165,3,"[0.749340832233429, 0.5653014183044434, 0.4703814387321472, 0.34065741300582886, 0.42063629627227783, 0.4935840964317322, 0.44788187742233276, 0.2745649218559265]",0.749340832233429,-2,0.19916838464345005,2,0.25068449291668427,
9.mlp.35293,11656,9,mlp,615,50,0.7429606914520264,0.6692408323287964,50,200,0.23671028098935315,11,"[0.26256388425827026, 0.08714509010314941, 0.07193773984909058, 0.08512532711029053, 0.0644528865814209, 0.03605794906616211, 0.044136881828308105, 0.013544023036956787]",0.26256388425827026,-2,0.3948544137761097,12,0.25016473726628935,
9.attn.16671,7039,9,attn,754,17,0.8703703880310059,1.0,57,217,0.1464122832189246,11,"[0.31505221128463745, 0.4570275545120239, 0.21937322616577148, 0.07407408952713013, 0.128917396068573, 0.2706552743911743, 0.3530389070510864, 0.39553654193878174]",0.4570275545120239,-3,0.2064564640368761,6,0.24964328557321733,
6.attn.15662,12200,6,attn,504,23,0.9045504927635193,1.0,8,122,0.036011088758894194,7,"[0.8697003126144409, 0.7038846015930176, 0.5891231894493103, 0.45038843154907227, 0.5149833559989929, 0.5600444078445435, 0.21354049444198608, 0.38734740018844604]",0.8697003126144409,-2,0.20277403591810989,1,0.2494002986821124,
2.attn.26993,13461,2,attn,123,8,0.9031198620796204,1.0,51,66,0.7941953960353842,10,"[0.5853859186172485, 0.6223316788673401, 0.4170771837234497, 0.2939244508743286, 0.01806241273880005, 0.48275864124298096, 0.5451560020446777, 0.14860427379608154]",0.6223316788673401,-3,0.19989450632628916,3,0.24880136743679535,
10.attn.25014,11552,10,attn,650,32,0.8739196062088013,1.0,26,119,0.08619648603818816,5,"[0.6819865703582764, 0.5443819761276245, 0.6319110989570618, 0.5951433777809143, 0.5179036855697632, 0.579914927482605, 0.3318699598312378, 0.3001783490180969]",0.6819865703582764,-2,0.16302636903113432,4,0.24861004990067767,
7.attn.9754,12044,7,attn,313,64,0.9649449586868286,1.0,7,92,0.1127559317932789,6,"[0.6712266802787781, 0.6619222164154053, 0.5093295574188232, 0.38957905769348145, 0.21898102760314941, 0.309410035610199, 0.24317258596420288, 0.18699389696121216]",0.6712266802787781,-2,0.2103753251609884,2,0.24458208241347448,
9.attn.8863,7966,9,attn,652,20,0.8390926122665405,1.0,45,205,0.14764012976065288,11,"[0.572935938835144, 0.5106831789016724, 0.4275916814804077, 0.7214455604553223, 0.5766288638114929, 0.5407544374465942, 0.46795040369033813, 0.44632023572921753]",0.7214455604553223,-5,0.1691822380740155,3,0.24411154913278774,
4.attn.2359,3443,4,attn,217,64,0.4497396945953369,0.5754221677780151,28,127,0.1973554918592219,5,"[0.26387184858322144, 0.233165442943573, 0.1374063491821289, 0.03711855411529541, 0.007830023765563965, 0.010877370834350586, 0.01680278778076172, 0.010454118251800537]",0.26387184858322144,-2,0.3677520624729972,18,0.24339495154140794,
3.attn.17951,425,3,attn,209,29,0.9583333134651184,0.9252282977104187,27,73,0.3063383767235553,11,"[0.8854642510414124, 0.7741628885269165, 0.6242389678955078, 0.6135845184326172, 0.7886224985122681, 0.6508752107620239, 0.36624807119369507, 0.5043759346008301]",0.8854642510414124,-2,0.1700339799556742,2,0.24127720141625114,
10.attn.21966,2167,10,attn,1154,48,0.957538902759552,1.0,49,319,0.12735074959593634,11,"[0.6571211814880371, 0.5927839279174805, 0.5053551197052002, 0.33049750328063965, 0.4568173289299011, 0.5087732672691345, 0.5088492631912231, 0.4464109539985657]",0.6571211814880371,-2,0.16400932958128056,4,0.2409900001117522,
8.attn.23195,8140,8,attn,422,22,0.9439176917076111,1.0,49,178,0.2537362447773259,11,"[0.6453499794006348, 0.7978615760803223, 0.47770828008651733, 0.742182731628418, 0.6366754174232483, 0.5390356779098511, 0.40104901790618896, 0.35727256536483765]",0.7978615760803223,-3,0.1735562548022174,2,0.23984377315603989,
7.attn.32239,783,7,attn,289,14,0.9215364456176758,1.0,25,95,0.1712677074972533,10,"[0.7898883819580078, 0.7875902652740479, 0.5476034283638, 0.5515429973602295, 0.4333552122116089, 0.3900197148323059, 0.4491136074066162, 0.5761654376983643]",0.7898883819580078,-2,0.17455020432661153,2,0.2388068142057156,
3.attn.17149,476,3,attn,266,57,0.9184836149215698,0.9291521906852722,27,77,0.30113075617750595,8,"[0.6080584526062012, 0.6208503842353821, 0.5457040667533875, 0.6155160665512085, 0.4040603041648865, 0.3737635016441345, 0.3215599060058594, 0.18571650981903076]",0.6208503842353821,-3,0.16892834482920352,5,0.23869974851041167,
5.attn.15052,4549,5,attn,471,64,0.851830244064331,1.0,28,204,0.12956491865258804,8,"[0.5096623301506042, 0.49188196659088135, 0.36103343963623047, 0.30802619457244873, 0.3708001375198364, 0.32054758071899414, 0.14124131202697754, 0.188238263130188]",0.5096623301506042,-2,0.18936479800795147,5,0.2364054092953367,
6.attn.31298,11259,6,attn,161,60,1.0,0.9788944721221924,5,55,0.10200384845876244,4,"[0.8099784851074219, 0.7809762954711914, 0.6109117269515991, 0.42368990182876587, 0.3750179409980774, 0.37638193368911743, 0.22928929328918457, 0.2503948211669922]",0.8099784851074219,-2,0.2100217809837705,1,0.23549879756546374,
7.attn.26142,1724,7,attn,423,22,0.8186012506484985,1.0,17,125,0.09167584711973871,9,"[0.6215168833732605, 0.48126959800720215, 0.46964383125305176, 0.4545118808746338, 0.5430891513824463, 0.3782985806465149, 0.4192655682563782, 0.3229377865791321]",0.6215168833732605,-2,0.1684084212649366,4,0.23404627715170698,
3.attn.33225,474,3,attn,231,23,0.9512194991111755,1.0,8,63,0.04872348424806715,5,"[0.778335690498352, 0.7826398611068726, 0.5394548177719116, 0.5671927332878113, 0.2627929449081421, 0.39191776514053345, 0.2678144574165344, 0.13462460041046143]",0.7826398611068726,-3,0.2101174724764571,1,0.23256220114189177,
11.attn.20202,12356,11,attn,1377,14,1.0,1.0,28,107,0.09950440790871483,7,"[0.6110836267471313, 0.3906481862068176, 0.6197426915168762, 0.5546759366989136, 0.4606630206108093, 0.2973775267601013, 0.46956950426101685, 0.29465609788894653]",0.6197426915168762,-4,0.16756973594506572,4,0.23221592593863136,
3.attn.20517,5136,3,attn,299,53,0.919568657875061,0.9321086406707764,5,61,0.026087558781528363,3,"[0.6395367383956909, 0.5602236390113831, 0.5535143613815308, 0.47052717208862305, 0.18059104681015015, 0.1924121379852295, 0.15375399589538574, 0.09448879957199097]",0.6395367383956909,-2,0.22478944568466808,2,0.23209649144850836,
4.attn.19272,9084,4,attn,463,64,0.9211722612380981,1.0,9,141,0.030569625501538314,8,"[0.6791496872901917, 0.5163336992263794, 0.44143545627593994, 0.2829277515411377, 0.3008711338043213, 0.19889217615127563, 0.1908436417579651, 0.2041473388671875]",0.6791496872901917,-2,0.24129520136594676,1,0.23175504027456534,
9.attn.2148,5168,9,attn,648,64,0.8114874958992004,1.0,37,155,0.15815358503329421,10,"[0.39807313680648804, 0.19734907150268555, 0.17630094289779663, 0.2064923644065857, 0.1743372678756714, 0.15979379415512085, 0.2285836935043335, 0.4135984182357788]",0.4135984182357788,-9,0.2116103081434089,6,0.2315606227053065,
4.attn.29441,13757,4,attn,209,64,0.5120896697044373,0.562289834022522,7,90,0.06939750980305619,3,"[0.38410061597824097, 0.25020015239715576, 0.10557776689529419, 0.059247374534606934, 0.02780890464782715, 0.012650132179260254, 0.015212178230285645, 0.02364557981491089]",0.38410061597824097,-2,0.4372517569250221,5,0.23131959525412948,
6.attn.16472,8441,6,attn,329,37,0.8215097188949585,1.0,16,112,0.14461151979425763,7,"[0.7206412553787231, 0.6553106307983398, 0.4227120876312256, 0.4082832336425781, 0.4919171929359436, 0.3834335207939148, 0.4359385371208191, 0.3886439800262451]",0.7206412553787231,-2,0.1844543918746512,2,0.2302336235284743,
8.resid.30610,4270,8,resid,583,33,0.20423156023025513,0.4993360638618469,121,161,0.4406912321096222,3,"[0.15616148710250854, 0.17309963703155518, 0.04202079772949219, 0.05016523599624634, 0.01935786008834839, 0.0, 0.0, 0.0]",0.17309963703155518,-3,0.3926898061126788,45,0.23020652760464144,
6.attn.647,939,6,attn,376,64,0.8654603958129883,0.9855111241340637,9,108,0.023597753598984826,5,"[0.6442545652389526, 0.5637978315353394, 0.5551178455352783, 0.5104493498802185, 0.26547372341156006, 0.20077455043792725, 0.23162180185317993, 0.10763168334960938]",0.6442545652389526,-2,0.20923324927712617,2,0.23009668525451762,
10.mlp.10376,4927,10,mlp,459,63,0.36968129873275757,0.6033955216407776,14,210,0.01695516760484951,3,"[0.2684208154678345, 0.10382252931594849, 0.07798582315444946, 0.054959774017333984, 0.0317608118057251, 0.02356654405593872, 0.0036322474479675293, 0.003459334373474121]",0.2684208154678345,-2,0.47289832487650796,8,0.2297773964931582,
8.attn.27448,4370,8,attn,471,38,0.9802120923995972,1.0,19,121,0.10108649457839458,9,"[0.7066735625267029, 0.7591826319694519, 0.7144335508346558, 0.6576564908027649, 0.6016554832458496, 0.6081221103668213, 0.6117433905601501, 0.3662700653076172]",0.7591826319694519,-3,0.15105895689028234,3,0.22936267294904905,
3.attn.36629,1371,3,attn,217,15,0.8668098449707031,1.0,14,73,0.20436454110499158,8,"[0.6951664686203003, 0.5746508836746216, 0.5185821652412415, 0.34736841917037964, 0.00451129674911499, 0.3555316925048828, 0.2665950655937195, 0.23566055297851562]",0.6951664686203003,-2,0.23187159400714247,1,0.22795617503317447,
2.attn.21907,12491,2,attn,187,9,0.6790831089019775,0.8968481421470642,34,80,0.49220774101952847,10,"[0.21418339014053345, 0.5508595705032349, 0.3502865433692932, 0.32951289415359497, 0.20916903018951416, 0.1783667802810669, 0.1264326572418213, 0.12356734275817871]",0.5508595705032349,-3,0.26453387200192213,2,0.22636106476696288,
9.attn.28587,426,9,attn,661,64,0.48530203104019165,0.8115236759185791,130,285,0.3690529110388956,11,"[0.1732589602470398, 0.053289711475372314, 0.04066950082778931, 0.0815313458442688, 0.07914584875106812, 0.22647172212600708, 0.20915734767913818, 0.09469026327133179]",0.22647172212600708,-7,0.23634757646019652,26,0.22570865494945125,
8.attn.29973,1538,8,attn,468,60,0.8029186725616455,1.0,23,152,0.14813819011722418,9,"[0.6893912553787231, 0.4781457781791687, 0.5345160961151123, 0.48665857315063477, 0.3979540467262268, 0.3682667016983032, 0.3337148427963257, 0.3864368200302124]",0.6893912553787231,-2,0.1875851637622434,2,0.22398806831421506,
3.attn.32800,9873,3,attn,346,64,0.9637686610221863,0.9713519811630249,2,123,0.006406264245089557,2,"[0.8624664545059204, 0.6101110577583313, 0.4150134325027466, 0.4870164394378662, 0.34615087509155273, 0.16782844066619873, 0.19724243879318237, 0.14278054237365723]",0.8624664545059204,-2,0.26713246247970307,0,0.22379249087355627,
3.attn.32109,13601,3,attn,174,10,1.0,1.0,41,85,0.5585529961765061,11,"[0.6858638525009155, 0.6007853746414185, 0.8992146849632263, 0.772251307964325, 0.5467932224273682, 0.4044502377510071, 0.698298454284668, 0.5071989297866821]",0.8992146849632263,-4,0.1758044945264441,1,0.22356734140696885,
7.attn.8884,13017,7,attn,342,48,0.9268388748168945,1.0,31,115,0.16293224044543653,9,"[0.7439359426498413, 0.4791584610939026, 0.590313196182251, 0.5972996354103088, 0.6318392753601074, 0.5276709198951721, 0.4263285994529724, 0.34476804733276367]",0.7439359426498413,-2,0.17136192622563465,2,0.22080581394704363,
2.attn.18464,9709,2,attn,314,33,0.900782585144043,0.918556809425354,15,94,0.1147028583212823,7,"[0.5699695348739624, 0.500862181186676, 0.6193128824234009, 0.6470354199409485, 0.4273776412010193, 0.2227085828781128, 0.3881151080131531, 0.5536543130874634]",0.6470354199409485,-5,0.16468046496358824,4,0.21885736350701962,
6.attn.18731,13157,6,attn,482,48,0.9126802682876587,0.9459969997406006,13,101,0.06590894838627387,9,"[0.7273992896080017, 0.5463948249816895, 0.5985082387924194, 0.4758826494216919, 0.2937842011451721, 0.22436600923538208, 0.22506213188171387, 0.16220784187316895]",0.7273992896080017,-2,0.22356716559463297,1,0.21756330635620752,
3.attn.38956,8904,3,attn,326,43,0.8961985111236572,1.0,16,102,0.07630664418173932,7,"[0.7146596908569336, 0.7954700589179993, 0.7544957995414734, 0.7749829292297363, 0.42260414361953735, 0.3172091841697693, 0.24664241075515747, 0.11336219310760498]",0.7954700589179993,-3,0.19216915101044377,1,0.21618348168007617,
7.attn.13479,14865,7,attn,520,48,0.9622955322265625,1.0,3,147,0.011336218792849979,3,"[0.8831234574317932, 0.7509046196937561, 0.7572731375694275, 0.6808511018753052, 0.689752459526062, 0.4319004416465759, 0.5418294668197632, 0.37270230054855347]",0.8831234574317932,-2,0.17287885666230432,1,0.2159127555760091,
3.attn.26841,12664,3,attn,276,34,1.0,1.0,9,101,0.06116536599321286,6,"[0.7437330484390259, 0.7046903371810913, 0.5045855641365051, 0.38151806592941284, 0.379596471786499, 0.3124290108680725, 0.27967506647109985, 0.3285876512527466]",0.7437330484390259,-2,0.20461371602936468,1,0.21521216713492283,
11.resid.10373,5656,11,resid,616,64,0.7012396454811096,0.7510184049606323,3,184,0.005195029605489677,2,"[0.41473519802093506, 0.2913769483566284, 0.11708104610443115, 0.0748700499534607, 0.0431591272354126, 0.04305380582809448, 0.03673267364501953, 0.028585493564605713]",0.41473519802093506,-2,0.3951385608183326,2,0.21317266580263752,
6.attn.14641,6562,6,attn,504,64,0.9368743300437927,1.0,3,135,0.021963720872085382,2,"[0.743047833442688, 0.698067307472229, 0.7179504632949829, 0.7148915529251099, 0.4698275923728943, 0.32223302125930786, 0.3485122323036194, 0.48644328117370605]",0.743047833442688,-2,0.1650860350679474,2,0.21246516583608457,
7.attn.16783,3623,7,attn,383,60,0.9324806928634644,0.9657346606254578,1,74,0.009391006884691818,1,"[0.8246282339096069, 0.7994050979614258, 0.6058298349380493, 0.475371778011322, 0.4716835021972656, 0.4122546315193176, 0.42784059047698975, 0.37180250883102417]",0.8246282339096069,-2,0.18789309018508865,1,0.21161274747009573,
10.attn.31360,14405,10,attn,845,33,0.7986240983009338,1.0,36,260,0.10058242521346457,10,"[0.2993611693382263, 0.440884530544281, 0.25385749340057373, 0.3944963216781616, 0.2720392942428589, 0.280393123626709, 0.3399508595466614, 0.3171498775482178]",0.440884530544281,-3,0.16969284734674112,7,0.21160863770433214,
9.attn.6595,14535,9,attn,697,17,0.9213193655014038,1.0,45,203,0.11911810928188286,11,"[0.5641642212867737, 0.35406285524368286, 0.451984167098999, 0.5736128091812134, 0.5258547067642212, 0.4652121663093567, 0.3293248414993286, 0.5519670248031616]",0.5736128091812134,-5,0.1503106220057461,5,0.211195246011994,
8.attn.11523,11862,8,attn,359,63,0.9683175086975098,1.0,5,91,0.06729130235899071,3,"[0.7186856269836426, 0.6779930591583252, 0.5176962614059448, 0.4503268599510193, 0.48707377910614014, 0.5063894987106323, 0.5343030691146851, 0.3521583080291748]",0.7186856269836426,-2,0.16931657787554705,2,0.21076527962827665,
9.attn.33342,8891,9,attn,591,63,0.7261265516281128,1.0,40,176,0.19732197186994985,9,"[0.32967543601989746, 0.24141955375671387, 0.23686665296554565, 0.2253093719482422, 0.16974085569381714, 0.14960306882858276, 0.158358633518219, 0.12164372205734253]",0.32967543601989746,-2,0.20193062824477426,9,0.21051778201166274,
3.attn.38120,7950,3,attn,197,22,0.9625488519668579,1.0,11,79,0.08625755639213153,7,"[0.773406982421875, 0.8687862157821655, 0.7742152810096741, 0.6626700758934021, 0.5555704832077026, 0.3869055509567261, 0.59477299451828, 0.45722752809524536]",0.8687862157821655,-3,0.17123815482894586,1,0.2103916303584598,
4.attn.18146,11895,4,attn,353,64,0.9371633529663086,1.0,1,91,0.006652188652801226,1,"[0.8140709400177002, 0.6442998647689819, 0.4270646572113037, 0.4321700930595398, 0.24006956815719604, 0.2540395259857178, 0.1303299069404602, 0.22632408142089844]",0.8140709400177002,-2,0.25693693920798444,0,0.20916489562631457,
6.attn.12145,1871,6,attn,325,64,0.968361496925354,1.0,7,82,0.0480410001691377,6,"[0.7792749404907227, 0.81709223985672, 0.6466909646987915, 0.49996280670166016, 0.46944093704223633, 0.41465049982070923, 0.48016077280044556, 0.41584157943725586]",0.81709223985672,-3,0.18064813445423067,1,0.20874667410126854,
7.resid.34948,10074,7,resid,477,60,0.5415018796920776,0.5238386392593384,1,99,0.0012659786599579195,1,"[0.5452827215194702, 0.10186910629272461, 0.05475413799285889, 0.028307735919952393, 0.008763790130615234, 0.0071350932121276855, 0.0012409090995788574, 0.006669759750366211]",0.5452827215194702,-2,0.7231643303921114,0,0.2065647742095835,
8.attn.9882,13784,8,attn,377,35,1.0,1.0,11,120,0.08338150051066968,6,"[0.7932220101356506, 0.6221758127212524, 0.4372544288635254, 0.46844303607940674, 0.595653235912323, 0.5967583656311035, 0.48207271099090576, 0.3368123769760132]",0.7932220101356506,-2,0.18309100706721657,1,0.20538880481377167,
10.attn.38360,1252,10,attn,730,62,0.9591407179832458,1.0,12,147,0.03506427060341184,6,"[0.6703875064849854, 0.5878264904022217, 0.4909435510635376, 0.5600779056549072, 0.40906697511672974, 0.23778432607650757, 0.4713563323020935, 0.3701031804084778]",0.6703875064849854,-2,0.1765317547861358,2,0.2049790035996799,
10.attn.11491,14383,10,attn,1095,63,0.9292277097702026,1.0,35,265,0.08425958330073391,10,"[0.47876304388046265, 0.48847585916519165, 0.43744421005249023, 0.5140441656112671, 0.46369504928588867, 0.4540347456932068, 0.42148369550704956, 0.39623039960861206]",0.5140441656112671,-5,0.1406732585489389,7,0.20452997973874631,
6.attn.1788,11268,6,attn,264,43,0.8916601538658142,1.0,9,89,0.10764109936841325,5,"[0.7322124242782593, 0.7393386363983154, 0.6952455043792725, 0.5003896951675415, 0.43480682373046875, 0.7007014751434326, 0.4635341167449951, 0.365104079246521]",0.7393386363983154,-3,0.15963841846301077,2,0.2044285019367699,
5.attn.34325,10157,5,attn,506,37,0.9253798723220825,1.0,14,142,0.08186303081888636,8,"[0.7206850051879883, 0.5653209686279297, 0.6044454574584961, 0.5746201276779175, 0.6098888516426086, 0.24869585037231445, 0.10705375671386719, 0.17407578229904175]",0.7206850051879883,-2,0.19992450180866617,1,0.20376355376115812,
3.attn.11385,7032,3,attn,312,63,0.8758871555328369,0.9850578904151917,7,87,0.03750655667598648,3,"[0.6969088315963745, 0.666324257850647, 0.5955360531806946, 0.5736832618713379, 0.4201531410217285, 0.4230014681816101, 0.39745986461639404, 0.3090212941169739]",0.6969088315963745,-2,0.1707236106025933,2,0.202998082961449,
5.attn.37367,3626,5,attn,416,13,0.831556499004364,0.8182302713394165,49,169,0.2171662830207884,11,"[0.6993603706359863, 0.3379530906677246, 0.561034083366394, 0.7188166379928589, 0.6204690933227539, 0.34221750497817993, 0.14179104566574097, 0.272921085357666]",0.7188166379928589,-5,0.19456067067110994,2,0.19820259925117947,
8.attn.297,1575,8,attn,298,21,0.9662618041038513,1.0,9,104,0.0399986207985933,4,"[0.5215924382209778, 0.7285200357437134, 0.47773277759552, 0.7631579041481018, 0.6277552843093872, 0.3288348913192749, 0.35020244121551514, 0.3875393867492676]",0.7631579041481018,-5,0.1823409297226796,1,0.1967947776346737,
5.attn.22457,8320,5,attn,504,63,0.9713010787963867,1.0,28,187,0.10076931239989634,7,"[0.7504723072052002, 0.7992282509803772, 0.6134892702102661, 0.483299195766449, 0.30431288480758667, 0.08456933498382568, 0.11632299423217773, 0.12488442659378052]",0.7992282509803772,-3,0.2439215818534673,0,0.19494901924111357,
4.mlp.8666,7272,4,mlp,99,61,0.577546238899231,0.4715486764907837,1,15,0.03680033610047535,1,"[0.5272082090377808, 0.2001228928565979, 0.10363709926605225, 0.046203672885894775, 0.02469414472579956, 0.018939614295959473, 0.02609086036682129, 0.005195796489715576]",0.5272082090377808,-2,0.55373645456106,1,0.19468245210076063,
6.attn.40424,10327,6,attn,385,64,0.8373739719390869,0.9578773975372314,21,103,0.10961329054062043,9,"[0.6522920727729797, 0.7037831544876099, 0.477436900138855, 0.4554101228713989, 0.31602662801742554, 0.29013800621032715, 0.2719731330871582, 0.2900664806365967]",0.7037831544876099,-3,0.2035746030263845,1,0.19408295124926014,
7.attn.11883,2651,7,attn,377,64,0.7345743179321289,0.9890124797821045,38,178,0.22054591885058286,7,"[0.18733257055282593, 0.304199755191803, 0.30610668659210205, 0.3728490471839905, 0.348649263381958, 0.3757094144821167, 0.14905786514282227, 0.1191827654838562]",0.3757094144821167,-7,0.17369128036076797,8,0.19362129510613696,
4.attn.27126,12847,4,attn,383,64,0.942691445350647,0.9039682149887085,11,154,0.04840878267926443,4,"[0.6279739141464233, 0.3756335973739624, 0.301474928855896, 0.11429744958877563, 0.1252111792564392, 0.13717520236968994, 0.10516464710235596, 0.06557375192642212]",0.6279739141464233,-2,0.33898641342494634,0,0.19243189466999727,
7.attn.11531,2676,7,attn,477,64,0.9039729237556458,1.0,2,122,0.0070593947869527305,2,"[0.6604049205780029, 0.5879470109939575, 0.5402251482009888, 0.3975847363471985, 0.3257686495780945, 0.2881978750228882, 0.25681114196777344, 0.17729419469833374]",0.6604049205780029,-2,0.20419208580856418,1,0.19070593268074723,
6.attn.21578,11252,6,attn,446,64,0.9745304584503174,1.0,20,142,0.17159752959424598,8,"[0.5106066465377808, 0.39528441429138184, 0.3939332365989685, 0.39042019844055176, 0.36799079179763794, 0.20922845602035522, 0.23706257343292236, 0.2405756115913391]",0.5106066465377808,-2,0.18600644340283376,3,0.1899522526006809,
3.attn.2379,5163,3,attn,282,62,0.9305329918861389,1.0,1,82,0.014721254534132977,1,"[0.6464625000953674, 0.7069039344787598, 0.5481221675872803, 0.49653518199920654, 0.4432372450828552, 0.3320215344429016, 0.32034391164779663, 0.23646163940429688]",0.7069039344787598,-3,0.18951400415599148,1,0.1894596385455271,
10.attn.12179,13444,10,attn,687,64,0.48334336280822754,0.8348909616470337,54,219,0.16560515977673337,10,"[0.22701233625411987, 0.3755401372909546, 0.3795849680900574, 0.2702743411064148, 0.14827656745910645, 0.08602148294448853, 0.03733295202255249, 0.03401666879653931]",0.3795849680900574,-4,0.24362675450173873,5,0.18912083212289263,
10.attn.27734,3108,10,attn,377,24,0.8632478713989258,1.0,29,66,0.2802482565184265,10,"[0.6876780986785889, 0.5779914855957031, 0.5103276371955872, 0.5320513248443604, 0.42610400915145874, 0.5220797657966614, 0.43874645233154297, 0.6525996923446655]",0.6876780986785889,-2,0.1581749712089741,2,0.18840116522713896,
9.attn.1600,8916,9,attn,778,57,0.9837116003036499,1.0,10,128,0.07425441120556234,5,"[0.6954160928726196, 0.49381399154663086, 0.5618602633476257, 0.6378282308578491, 0.4168669581413269, 0.5293279886245728, 0.5451713800430298, 0.5670672059059143]",0.6954160928726196,-2,0.1563663221312054,2,0.18834261036367453,
8.attn.28930,12850,8,attn,408,17,0.9340453743934631,1.0,27,126,0.15358130931096348,10,"[0.5829105377197266, 0.5417890548706055, 0.5359145402908325, 0.45020025968551636, 0.3706275224685669, 0.43097466230392456, 0.41041386127471924, 0.3076101541519165]",0.5829105377197266,-2,0.16056192707884062,3,0.18718647850168502,
7.attn.16277,7379,7,attn,311,59,0.9425336122512817,1.0,4,69,0.023055996415848278,4,"[0.8124076724052429, 0.8089610934257507, 0.6691285371780396, 0.5756489038467407, 0.577970027923584, 0.6333262920379639, 0.49412673711776733, 0.4206935167312622]",0.8124076724052429,-2,0.16273335521348606,1,0.18696727262300933,
3.attn.6555,12682,3,attn,252,64,0.8095346093177795,0.9477353692054749,43,123,0.2886246993991781,11,"[0.24431723356246948, 0.25752508640289307, 0.16643047332763672, 0.3232809901237488, 0.25225329399108887, 0.4312680959701538, 0.08678644895553589, 0.129131019115448]",0.4312680959701538,-7,0.22806439671795564,3,0.1864326223284321,
6.attn.11301,12190,6,attn,286,62,0.9662765860557556,0.9718971252441406,2,69,0.01152611450556448,2,"[0.8926701545715332, 0.6438250541687012, 0.5580536127090454, 0.49253153800964355, 0.43470895290374756, 0.4923775792121887, 0.33577150106430054, 0.317754864692688]",0.8926701545715332,-2,0.21418806506480265,0,0.18582604336000613,
7.attn.4812,3589,7,attn,535,64,0.7772801518440247,0.9679695963859558,88,275,0.3189080515260301,11,"[0.15485882759094238, 0.07945168018341064, 0.21976113319396973, 0.2762758135795593, 0.25434309244155884, 0.3749728798866272, 0.2848805785179138, 0.15385448932647705]",0.3749728798866272,-7,0.20850377765964076,5,0.1853749845549266,
3.attn.37816,10805,3,attn,226,64,0.9371769428253174,0.9798011779785156,1,75,0.002810251239857546,1,"[0.7383698225021362, 0.4469184875488281, 0.4165407419204712, 0.27848905324935913, 0.31419485807418823, 0.1902981996536255, 0.25900596380233765, 0.2396818995475769]",0.7383698225021362,-2,0.2560673042605336,0,0.18525333084473236,
10.resid.23481,4867,10,resid,380,56,0.6764236688613892,0.5698939561843872,23,97,0.16542981313837968,6,"[0.30715829133987427, 0.13913124799728394, 0.077117919921875, 0.07256776094436646, 0.05741626024246216, 0.02936488389968872, 0.020405292510986328, 0.06614130735397339]",0.30715829133987427,-2,0.3992683060243925,6,0.18491415254034124,
10.attn.3973,291,10,attn,1760,64,0.6816837191581726,1.0,103,358,0.1539173956592038,11,"[0.24577170610427856, 0.15779292583465576, 0.16139554977416992, 0.19840729236602783, 0.12385284900665283, 0.14076602458953857, 0.19480472803115845, 0.12487673759460449]",0.24577170610427856,-2,0.18236816497254282,16,0.18480144942704396,
6.attn.33004,3763,6,attn,267,12,0.9289264678955078,1.0,36,120,0.329720240463291,10,"[0.22316104173660278, 0.44930416345596313, 0.4855864644050598, 0.5352882742881775, 0.35586482286453247, 0.32157057523727417, 0.3180914521217346, 0.5909543037414551]",0.5909543037414551,-9,0.18017882259757872,2,0.18442435439851795,
10.attn.11768,5951,10,attn,819,64,0.6069192886352539,0.9938235282897949,22,268,0.05852538795294178,7,"[0.22103744745254517, 0.14996659755706787, 0.1834571361541748, 0.10944414138793945, 0.04970371723175049, 0.05949002504348755, 0.07545280456542969, 0.06397628784179688]",0.22103744745254517,-2,0.24222534471976623,11,0.18432546432928584,
11.attn.35622,2973,11,attn,583,64,0.5436162948608398,0.9728905558586121,31,210,0.12187124918021792,9,"[0.30455148220062256, 0.435982346534729, 0.3493458032608032, 0.29662376642227173, 0.2506929636001587, 0.11312228441238403, 0.1535646915435791, 0.12468123435974121]",0.435982346534729,-3,0.21492160145192704,3,0.18232362866628454,
6.attn.39724,3762,6,attn,206,62,0.9213276505470276,1.0,3,79,0.04060901819879707,3,"[0.7427877187728882, 0.827642023563385, 0.5918457508087158, 0.43376511335372925, 0.38534003496170044, 0.3624521493911743, 0.2182808518409729, 0.2428613305091858]",0.827642023563385,-3,0.21751576012783957,0,0.180025183869133,
8.attn.14654,7212,8,attn,662,42,0.9732170701026917,1.0,18,138,0.08445858209880024,8,"[0.7019619941711426, 0.633447527885437, 0.7194020748138428, 0.6744524240493774, 0.6474618911743164, 0.6385341882705688, 0.537734866142273, 0.4357936382293701]",0.7194020748138428,-4,0.14420376003321658,2,0.17968378937358878,
2.attn.28719,11572,2,attn,281,64,0.6623179316520691,0.8755249977111816,19,113,0.17110972255194404,6,"[0.32191044092178345, 0.2543562054634094, 0.16495400667190552, 0.18505942821502686, 0.11111605167388916, 0.13698506355285645, 0.1188008189201355, 0.04691267013549805]",0.32191044092178345,-2,0.24021469855212757,6,0.17912335349986053,
3.attn.18515,4203,3,attn,268,14,0.9265463948249817,1.0,43,101,0.4099599626622804,10,"[0.47766321897506714, 0.4033505320549011, 0.3702749013900757, 0.20511168241500854, 0.4222508668899536, 0.3445017337799072, 0.2581614851951599, 0.09321308135986328]",0.47766321897506714,-2,0.18553432371294468,3,0.17724584459017456,
6.attn.23874,2820,6,attn,479,61,0.9534689784049988,1.0,0,136,0.0,0,"[0.869365930557251, 0.9021459817886353, 0.774776041507721, 0.5621223449707031, 0.6326134204864502, 0.2918952703475952, 0.29543715715408325, 0.2902284860610962]",0.9021459817886353,-3,0.19532953350415255,0,0.17621575377541984,
7.attn.38764,13928,7,attn,107,62,1.0,0.9075015187263489,2,36,0.020276506182749378,2,"[0.8530972599983215, 0.7015025615692139, 0.5317544937133789, 0.5179020166397095, 0.38585710525512695, 0.3112327456474304, 0.1856672167778015, 0.2636988162994385]",0.8530972599983215,-2,0.22744940451090334,0,0.1760883855654653,
3.attn.29509,12674,3,attn,346,60,0.9419475793838501,0.9216291904449463,9,98,0.09137345149722208,7,"[0.6617041230201721, 0.7444756627082825, 0.6642322540283203, 0.5370786190032959, 0.459269642829895, 0.3861423134803772, 0.4056648015975952, 0.2579588294029236]",0.7444756627082825,-3,0.18085045939373492,1,0.17548554171947647,
6.attn.32953,11263,6,attn,293,61,0.9684354662895203,1.0,19,87,0.1410680263349013,8,"[0.8576375246047974, 0.728722095489502, 0.5466623306274414, 0.49834930896759033, 0.46332234144210815, 0.3392382860183716, 0.4752395749092102, 0.30469441413879395]",0.8576375246047974,-2,0.2035274851649162,0,0.17455280856587835,
6.attn.7884,2816,6,attn,228,13,0.9098960161209106,1.0,38,84,0.365643016508854,10,"[0.4366576671600342, 0.28686946630477905, 0.16596072912216187, 0.5109741687774658, 0.5521755814552307, 0.5664228200912476, 0.4043126702308655, 0.2795533537864685]",0.5664228200912476,-7,0.17684540301136725,2,0.17349826827736717,
6.attn.30716,2819,6,attn,213,63,0.9838905334472656,0.9848884344100952,6,66,0.10083965318017894,3,"[0.8643524050712585, 0.6675457954406738, 0.5228455066680908, 0.5430180430412292, 0.5636894702911377, 0.35683226585388184, 0.2819873094558716, 0.44514936208724976]",0.8643524050712585,-2,0.20359643402100833,0,0.17331974819037402,
11.attn.23743,3918,11,attn,498,12,0.5237410068511963,1.0,15,41,0.5293829031956356,7,"[0.22949641942977905, 0.08884894847869873, 0.0852518081665039, 0.05791366100311279, 0.05719423294067383, 0.05467623472213745, 0.3115108013153076, 0.23776978254318237]",0.3115108013153076,-8,0.2774751726042295,3,0.17287302672609364,
3.attn.8921,10791,3,attn,352,64,0.8779029250144958,0.9569809436798096,3,127,0.012614878544949444,2,"[0.4923055171966553, 0.4611080288887024, 0.3523363471031189, 0.3390458822250366, 0.20684105157852173, 0.17179632186889648, 0.16158366203308105, 0.15270006656646729]",0.4923055171966553,-2,0.21059244681993272,2,0.17184678462286787,
3.attn.5885,1401,3,attn,222,64,0.605010986328125,0.7602254748344421,53,85,0.4068778867507417,10,"[0.170873761177063, 0.23755091428756714, 0.21027249097824097, 0.2867835760116577, 0.055966198444366455, 0.06363922357559204, 0.03639209270477295, 0.03181958198547363]",0.2867835760116577,-5,0.26231056692726734,8,0.17156699124745675,
7.attn.12279,2661,7,attn,568,61,0.915495753288269,1.0,6,157,0.01955308529267937,4,"[0.7977200746536255, 0.7501325607299805, 0.6963149309158325, 0.5745625495910645, 0.6282476186752319, 0.6411055326461792, 0.5507688522338867, 0.6196978092193604]",0.7977200746536255,-2,0.15169962926569,1,0.17113941317277215,
6.attn.11343,14080,6,attn,410,64,0.6409821510314941,0.9730470180511475,5,125,0.03865827538468501,2,"[0.28643685579299927, 0.548028290271759, 0.6587790250778198, 0.5226325392723083, 0.24576151371002197, 0.09652489423751831, 0.06570810079574585, 0.04938650131225586]",0.6587790250778198,-4,0.2663608485380634,0,0.17074342113127197,
10.attn.21565,5008,10,attn,720,62,0.9779468178749084,1.0,1,161,0.0024651915688466046,1,"[0.8018703460693359, 0.5094563364982605, 0.37769556045532227, 0.4583013653755188, 0.4236164689064026, 0.4266173243522644, 0.40735572576522827, 0.41775423288345337]",0.8018703460693359,-2,0.20976723070280226,0,0.1682061218776623,
3.attn.28709,7053,3,attn,279,62,0.9561275243759155,0.8947792053222656,11,83,0.06659697608682828,7,"[0.5683679580688477, 0.535975456237793, 0.4033343195915222, 0.5169640183448792, 0.23384028673171997, 0.22667443752288818, 0.23961687088012695, 0.25475287437438965]",0.5683679580688477,-2,0.19075783053005257,2,0.16803063589922848,
4.attn.6955,6259,4,attn,183,64,0.10093879699707031,0.6005451679229736,22,150,0.2588883234822179,5,"[0.17468202114105225, 0.06256812810897827, 0.2584191560745239, 0.09691095352172852, 0.03422170877456665, 0.005330085754394531, 0.0, 0.0]",0.2584191560745239,-4,0.40880565175378314,6,0.16785577676100621,
7.attn.26696,8286,7,attn,439,50,0.9344737529754639,0.9459747076034546,13,105,0.0607759762815422,4,"[0.6757514476776123, 0.6816468238830566, 0.7271673083305359, 0.5779452919960022, 0.4222480058670044, 0.381753146648407, 0.3864888548851013, 0.36329370737075806]",0.7271673083305359,-4,0.17246596351011487,1,0.16777693934705706,
11.resid.6532,968,11,resid,540,64,0.5301185250282288,0.4265788793563843,40,149,0.37662400779454624,5,"[0.25844985246658325, 0.20714879035949707, 0.1067691445350647, 0.025650501251220703, 0.0, 0.008797109127044678, 0.0062043070793151855, 0.00963050127029419]",0.25844985246658325,-2,0.41508032911440634,12,0.16499829867174584,
7.attn.39863,5469,7,attn,548,50,1.0,1.0,15,140,0.05395166535117946,7,"[0.7624015212059021, 0.7494893074035645, 0.7228626012802124, 0.6155529618263245, 0.6007441282272339, 0.5744820833206177, 0.5547125339508057, 0.45360374450683594]",0.7624015212059021,-2,0.15145498784722614,1,0.1632985515075745,
7.attn.26937,10160,7,attn,339,17,0.8068232536315918,1.0,20,114,0.09060957309154648,8,"[0.7323881387710571, 0.7603012919425964, 0.6065573692321777, 0.5970314741134644, 0.6490917205810547, 0.5872839689254761, 0.6187416911125183, 0.5088613033294678]",0.7603012919425964,-3,0.1502495423161123,1,0.161552574768176,
10.attn.23889,1213,10,attn,565,14,0.39144009351730347,0.855437159538269,27,66,0.13049181475590513,9,"[0.14768552780151367, 0.03104335069656372, 0.08339458703994751, 0.11113154888153076, 0.10047757625579834, 0.08174139261245728, 0.23806023597717285, 0.055473923683166504]",0.23806023597717285,-8,0.2803980597294593,7,0.1615083458349327,
7.attn.20924,11098,7,attn,444,21,0.9587628841400146,1.0,48,136,0.31383309308397817,11,"[0.4323453903198242, 0.4130154848098755, 0.4581185579299927, 0.40442436933517456, 0.2373281717300415, 0.405927836894989, 0.25386595726013184, 0.3279638886451721]",0.4581185579299927,-4,0.15619508130494436,4,0.1600037792303338,
4.attn.31271,3457,4,attn,303,60,0.9374330043792725,0.9813773036003113,0,92,0.0,0,"[0.8543006181716919, 0.7130894660949707, 0.6056404113769531, 0.5592175722122192, 0.5692658424377441, 0.46744370460510254, 0.2960209250450134, 0.4209539294242859]",0.8543006181716919,-2,0.19043991946050262,0,0.15966315967455502,
6.attn.17923,1873,6,attn,294,64,0.7831760048866272,1.0,6,118,0.0587246057928212,2,"[0.4363548159599304, 0.6381871104240417, 0.38374513387680054, 0.28012216091156006, 0.21196556091308594, 0.21092450618743896, 0.23653525114059448, 0.17837309837341309]",0.6381871104240417,-3,0.24772347580348267,0,0.15809392920722462,
8.attn.21557,597,8,attn,454,64,0.9249817132949829,0.9894711375236511,10,118,0.08412931408324915,5,"[0.3609554171562195, 0.22008287906646729, 0.2137947678565979, 0.2210090160369873, 0.20848160982131958, 0.07818669080734253, 0.1974165439605713, 0.13253718614578247]",0.3609554171562195,-2,0.22111078262418313,3,0.1579416286353436,
7.attn.32927,10165,7,attn,255,38,0.8831034302711487,0.9761435389518738,30,142,0.1278833468122321,9,"[0.48604917526245117, 0.4310756325721741, 0.5242195129394531, 0.4323202967643738, 0.5886318683624268, 0.49445080757141113, 0.4687272906303406, 0.29561251401901245]",0.5886318683624268,-6,0.15818814578663332,2,0.15743163936364682,
4.resid.21992,9190,4,resid,314,62,0.444391131401062,0.44180428981781006,9,127,0.07648147229924895,3,"[0.31165629625320435, 0.1283491849899292, 0.07630372047424316, 0.04793393611907959, 0.05769890546798706, 0.024600863456726074, 0.014253437519073486, 0.010895609855651855]",0.31165629625320435,-2,0.46398694272605645,5,0.15649022604122068,
8.attn.23794,10012,8,attn,421,64,0.6386045813560486,1.0,23,173,0.3281790890397926,7,"[0.26270896196365356, 0.3051859140396118, 0.236480712890625, 0.160397469997406, 0.08687305450439453, 0.0671272873878479, 0.040600478649139404, 0.033691585063934326]",0.3051859140396118,-3,0.2557998057284964,3,0.15613299504481262,
1.attn.17837,2008,1,attn,144,12,0.49703168869018555,0.795844316482544,25,54,0.19776373406953227,9,"[0.32058048248291016, 0.06398415565490723, 0.0, 0.14050132036209106, 0.20415568351745605, 0.36708444356918335, 0.15303432941436768, 0.1286279559135437]",0.36708444356918335,-7,0.2663954059595545,3,0.15565060965003774,
8.attn.14087,1577,8,attn,562,27,0.8281988501548767,1.0,39,152,0.18498604683886272,9,"[0.4572126865386963, 0.3794621229171753, 0.445476770401001, 0.29372453689575195, 0.3344743251800537, 0.4697636365890503, 0.37636512517929077, 0.4177669286727905]",0.4697636365890503,-7,0.14799218995590144,4,0.1554544630127827,
10.attn.24596,8755,10,attn,440,41,0.9065750241279602,1.0,0,20,0.0,0,"[0.7840282320976257, 0.6581351161003113, 0.43782222270965576, 0.42100024223327637, 0.4157547354698181, 0.3272135257720947, 0.4923577904701233, 0.4364655613899231]",0.7840282320976257,-2,0.19735015279703302,0,0.1547280914016541,
6.attn.12285,6565,6,attn,480,61,0.9680815935134888,1.0,0,81,0.0,0,"[0.8150389790534973, 0.7154700756072998, 0.6239429712295532, 0.6072790622711182, 0.4478527903556824, 0.38675177097320557, 0.3768860697746277, 0.32059359550476074]",0.8150389790534973,-2,0.18981696214318983,0,0.1547082230322218,
5.attn.14947,7368,5,attn,313,17,1.0,1.0,13,107,0.08387479308746301,6,"[0.8024640679359436, 0.7560575008392334, 0.713141679763794, 0.47104722261428833, 0.276386022567749, 0.46817249059677124, 0.3852155804634094, 0.2993839979171753]",0.8024640679359436,-2,0.19235123443508248,0,0.15435495405727664,
9.attn.27875,3303,9,attn,557,62,0.902811586856842,0.9867531657218933,25,109,0.11427649559542806,6,"[0.5254122614860535, 0.36759936809539795, 0.39517438411712646, 0.41876184940338135, 0.40112191438674927, 0.3085293173789978, 0.2938631772994995, 0.3510408401489258]",0.5254122614860535,-2,0.17161905188741133,2,0.1541114326559036,
5.attn.3499,10186,5,attn,404,64,0.9487684965133667,1.0,2,103,0.005035908832651997,2,"[0.822105884552002, 0.6247537136077881, 0.5456280708312988, 0.5915024280548096, 0.5219827890396118, 0.429556667804718, 0.3915640115737915, 0.46237683296203613]",0.822105884552002,-2,0.1872904496284533,0,0.15397258075994175,
10.attn.6192,3120,10,attn,854,62,0.9306820631027222,1.0,43,231,0.10636660058819358,11,"[0.4455491304397583, 0.4436531662940979, 0.4008323550224304, 0.4014797806739807, 0.3472832441329956, 0.4615491032600403, 0.44541043043136597, 0.4541502594947815]",0.4615491032600403,-7,0.13575343075264729,5,0.15347737073721937,
10.attn.19794,14402,10,attn,1066,64,0.9851426482200623,1.0,11,245,0.014275870600129262,7,"[0.4756126403808594, 0.6776962280273438, 0.5418491363525391, 0.5240322351455688, 0.6059547662734985, 0.5081093907356262, 0.3923286199569702, 0.5107138752937317]",0.6776962280273438,-3,0.1599737330215349,1,0.15331997703405711,
7.attn.21865,7384,7,attn,371,63,0.986948549747467,0.9872549176216125,11,130,0.12375667894337539,4,"[0.6463848352432251, 0.7385416626930237, 0.4800857901573181, 0.32009804248809814, 0.40796566009521484, 0.33106619119644165, 0.3498162031173706, 0.24129903316497803]",0.7385416626930237,-3,0.21009603987423206,0,0.15318709200278452,
7.attn.32657,9234,7,attn,405,63,0.985539972782135,1.0,5,117,0.03267211558716145,3,"[0.8503355979919434, 0.7712629437446594, 0.8339841365814209, 0.7207443714141846, 0.4458816647529602, 0.36211103200912476, 0.42751675844192505, 0.35478949546813965]",0.8503355979919434,-2,0.17839360543911112,0,0.15169443315900535,
7.attn.7853,5467,7,attn,380,50,0.959737241268158,1.0,1,103,0.0006197392794546169,1,"[0.8824574947357178, 0.8142967224121094, 0.7175425291061401, 0.7305254936218262, 0.6256568431854248, 0.5411901473999023, 0.33856260776519775, 0.49822258949279785]",0.8824574947357178,-2,0.17140240962114658,0,0.15125534098594232,
10.attn.34111,4040,10,attn,954,57,0.949802577495575,1.0,5,217,0.0068259358272091605,4,"[0.4940214157104492, 0.38482797145843506, 0.2608572840690613, 0.21223914623260498, 0.20958828926086426, 0.1822335124015808, 0.2540327310562134, 0.3036097288131714]",0.4940214157104492,-2,0.21466031639376437,1,0.1499728134748624,
5.resid.9938,11219,5,resid,224,64,0.4328465461730957,0.40106630325317383,18,51,0.20141375859450772,3,"[0.12251585721969604, 0.3110802173614502, 0.002070784568786621, 0.0, 0.0, 0.006768643856048584, 0.003677964210510254, 0.003245234489440918]",0.3110802173614502,-3,0.6922759394231692,2,0.1495989115629118,
7.attn.1517,13921,7,attn,314,8,0.27844125032424927,0.671904444694519,49,66,0.13023190529181605,3,"[0.14079195261001587, 0.05971086025238037, 0.0, 0.0, 0.0, 0.0, 0.0, 0.0]",0.14079195261001587,-2,0.7021944011660348,4,0.14853462722538482,
10.attn.29163,13454,10,attn,343,22,0.887281596660614,1.0,5,15,0.3525148819609031,4,"[0.7508923411369324, 0.7907195091247559, 0.5868871212005615, 0.5359759330749512, 0.47642308473587036, 0.4510614275932312, 0.26357316970825195, 0.36408042907714844]",0.7907195091247559,-3,0.1873914755196176,0,0.14817409553703573,
3.attn.18786,2355,3,attn,311,64,0.9287009239196777,0.9842605590820312,0,90,0.0,0,"[0.5444984436035156, 0.7128454446792603, 0.45289039611816406, 0.35402917861938477, 0.3958076238632202, 0.3502575159072876, 0.2793210744857788, 0.29426270723342896]",0.7128454446792603,-3,0.21065718129769892,0,0.14780248300206422,
8.attn.13580,2492,8,attn,769,64,0.7873220443725586,1.0,46,246,0.18266276808413698,11,"[0.32776039838790894, 0.29916703701019287, 0.2677379250526428, 0.30460208654403687, 0.23081469535827637, 0.30873751640319824, 0.2719324231147766, 0.17339164018630981]",0.32776039838790894,-2,0.15006356728172485,8,0.14755468378730674,
6.attn.10737,10314,6,attn,156,64,0.971424400806427,1.0,6,64,0.17715274208710985,4,"[0.7757580280303955, 0.6306260824203491, 0.5784192681312561, 0.509052574634552, 0.4174361824989319, 0.449138343334198, 0.3677743077278137, 0.3650112748146057]",0.7757580280303955,-2,0.18952286328336546,0,0.14702388268737784,
5.attn.33782,13004,5,attn,528,62,0.9570037126541138,0.9887070059776306,6,154,0.03341236205975568,3,"[0.7419705390930176, 0.7137380838394165, 0.6390385627746582, 0.5440323352813721, 0.361893892288208, 0.15281808376312256, 0.2962080240249634, 0.25315994024276733]",0.7419705390930176,-2,0.20037772074423224,0,0.146995386762151,
7.attn.11567,3601,7,attn,355,64,0.9521487355232239,1.0,5,128,0.03203562277753157,4,"[0.5886740684509277, 0.6525905132293701, 0.6198290586471558, 0.6046818494796753, 0.3616960048675537, 0.4803488254547119, 0.3936542272567749, 0.4308910369873047]",0.6525905132293701,-3,0.15792177625743928,1,0.14574637913244315,
8.attn.21079,1566,8,attn,409,41,0.9804268479347229,1.0,2,124,0.006763918705724735,2,"[0.7992171049118042, 0.6407374739646912, 0.524056077003479, 0.42858946323394775, 0.5046091675758362, 0.42682158946990967, 0.5029675364494324, 0.5815128087997437]",0.7992171049118042,-2,0.18128957028182305,0,0.14488972551134366,
4.attn.19076,10026,4,attn,356,62,0.6178101301193237,0.4592304229736328,9,113,0.07884721686812579,6,"[0.38845598697662354, 0.12287116050720215, 0.014942169189453125, 0.049807190895080566, 0.03165167570114136, 0.0108451247215271, 0.016950488090515137, 0.04522812366485596]",0.38845598697662354,-2,0.5706278244816928,1,0.14395952765808503,
3.attn.20797,440,3,attn,311,17,0.7467755079269409,0.7067649364471436,17,64,0.1284316035848493,6,"[0.4432745575904846, 0.4830218553543091, 0.48644381761550903, 0.35904186964035034, 0.16820216178894043, 0.11713606119155884, 0.17267704010009766, 0.09423530101776123]",0.48644381761550903,-4,0.2093102326348899,3,0.14392231619541035,
3.attn.27372,2352,3,attn,217,62,0.8762741684913635,0.982425332069397,1,59,0.022852275235792387,1,"[0.7592266798019409, 0.6693321466445923, 0.5328646898269653, 0.5658172369003296, 0.34613358974456787, 0.37557119131088257, 0.3692442774772644, 0.31836557388305664]",0.7592266798019409,-2,0.1928657431269006,0,0.14385537995343387,
7.attn.15279,7347,7,attn,294,21,0.8283540606498718,1.0,47,101,0.3205919625529363,10,"[0.8277973532676697, 0.8315086364746094, 0.8688068389892578, 0.5867507457733154, 0.6782334446907043, 0.4345889687538147, 0.5784004330635071, 0.45036184787750244]",0.8688068389892578,-4,0.165284008240161,0,0.14359987673460872,
6.attn.15068,12207,6,attn,372,28,0.9609449505805969,1.0,9,152,0.05535129766869175,6,"[0.896361231803894, 0.8037721514701843, 0.7195656299591064, 0.6504095792770386, 0.6888930797576904, 0.67974853515625, 0.612307071685791, 0.5738235712051392]",0.896361231803894,-2,0.15935648339176495,0,0.14284097374897922,
3.attn.23828,6070,3,attn,363,56,0.8676960468292236,1.0,1,133,0.0010888715189762458,1,"[0.7761608362197876, 0.5825371742248535, 0.594478964805603, 0.6004221439361572, 0.5095534324645996, 0.38563650846481323, 0.29826706647872925, 0.4743945598602295]",0.7761608362197876,-2,0.18386116381987566,0,0.14270583465877806,
8.attn.20759,635,8,attn,512,64,0.8189967274665833,1.0,53,119,0.26606664087600224,10,"[0.423805296421051, 0.30543190240859985, 0.3741169571876526, 0.4373404383659363, 0.38765209913253784, 0.24713563919067383, 0.293321430683136, 0.2151380181312561]",0.4373404383659363,-5,0.16294706590771105,3,0.14252668246904293,
9.attn.35901,9866,9,attn,302,63,0.20495563745498657,0.9724819660186768,6,154,0.013903430873909413,2,"[0.12689858675003052, 0.015784144401550293, 0.03481447696685791, 0.03675025701522827, 0.019000530242919922, 0.0060158371925354, 0.007743179798126221, 0.022514760494232178]",0.12689858675003052,-2,0.47082870301261104,5,0.14232359257282104,
7.attn.32135,9265,7,attn,431,44,0.9728475213050842,1.0,29,170,0.18271140307919664,10,"[0.660681426525116, 0.553385317325592, 0.6093544960021973, 0.7021985054016113, 0.6866952776908875, 0.5933257341384888, 0.715336799621582, 0.5670491456985474]",0.715336799621582,-8,0.14059218661010472,1,0.14222853958876144,
8.attn.25587,8157,8,attn,489,61,0.9880754947662354,1.0,8,92,0.07071164811183009,4,"[0.7216958999633789, 0.5950314998626709, 0.5144087076187134, 0.44140446186065674, 0.4182179570198059, 0.37230873107910156, 0.2761179208755493, 0.33328914642333984]",0.7216958999633789,-2,0.19651489327204522,0,0.14182399275617602,
4.attn.4857,2524,4,attn,349,64,0.8191489577293396,0.8849032521247864,1,92,0.00809906739658672,1,"[0.5736662149429321, 0.2926868200302124, 0.37934350967407227, 0.21046721935272217, 0.19624722003936768, 0.12899601459503174, 0.11953383684158325, 0.16267508268356323]",0.5736662149429321,-2,0.2779907878664642,0,0.14111899314874846,
3.attn.31055,5167,3,attn,280,64,0.7042744755744934,0.7655357122421265,61,136,0.4031197367857243,11,"[0.2526355981826782, 0.19332951307296753, 0.19570636749267578, 0.14993292093276978, 0.09453707933425903, 0.13087981939315796, 0.04009968042373657, 0.04262983798980713]",0.2526355981826782,-2,0.22972076430251614,9,0.14049480105074086,
10.attn.30899,10633,10,attn,731,62,0.9845948815345764,1.0,2,100,0.004043884458327365,1,"[0.7997971177101135, 0.6558894515037537, 0.6553188562393188, 0.557563066482544, 0.47426146268844604, 0.43077218532562256, 0.4676682949066162, 0.517497181892395]",0.7997971177101135,-2,0.17544151949568057,0,0.140317621619328,
6.attn.26976,2824,6,attn,415,63,0.9734291434288025,1.0,4,101,0.013246084723882022,3,"[0.7909578084945679, 0.7265640497207642, 0.7609300017356873, 0.4969836473464966, 0.5340608358383179, 0.4010709524154663, 0.406493604183197, 0.35741883516311646]",0.7909578084945679,-2,0.17677089971504067,0,0.1398183234442216,
9.attn.12668,12661,9,attn,852,64,0.8247613906860352,1.0,21,217,0.06649101946684463,7,"[0.2619556188583374, 0.1948520541191101, 0.22163653373718262, 0.1798451542854309, 0.16702282428741455, 0.15581518411636353, 0.21636509895324707, 0.1565750241279602]",0.2619556188583374,-2,0.16856128844150442,9,0.13963219354653977,
5.attn.9878,3616,5,attn,494,62,0.9843734502792358,1.0,1,142,0.0030732952551725127,1,"[0.7765601873397827, 0.6402948498725891, 0.7228009700775146, 0.5621621608734131, 0.4199017286300659, 0.4833415150642395, 0.38678133487701416, 0.33017200231552124]",0.7765601873397827,-2,0.1796755060843902,0,0.13952884466526433,
7.attn.8593,10169,7,attn,409,64,0.9192442297935486,1.0,27,120,0.18115887536518727,10,"[0.42382389307022095, 0.42540639638900757, 0.43298327922821045, 0.458255410194397, 0.39155036211013794, 0.2943940758705139, 0.2631276249885559, 0.3262839913368225]",0.458255410194397,-5,0.15195026407417273,3,0.13926406118491394,
6.attn.6539,10325,6,attn,367,61,0.9843392968177795,1.0,3,97,0.011308861101392752,3,"[0.8799627423286438, 0.8097858428955078, 0.7104884386062622, 0.7903157472610474, 0.6569880247116089, 0.6106831431388855, 0.5714890360832214, 0.5314483642578125]",0.8799627423286438,-2,0.1582336293882995,0,0.1392396984451423,
5.attn.10465,7350,5,attn,346,40,0.8743805289268494,1.0,4,74,0.07186039229351876,2,"[0.820905864238739, 0.824939489364624, 0.6955168843269348, 0.6233721375465393, 0.6381237506866455, 0.44174253940582275, 0.38319694995880127, 0.4843840003013611]",0.824939489364624,-3,0.16793749781283795,0,0.13853827369089522,
8.attn.941,8127,8,attn,497,62,0.8642586469650269,0.9741628766059875,17,131,0.09250589334248747,7,"[0.5576836466789246, 0.4274696111679077, 0.4069027304649353, 0.37913745641708374, 0.36596184968948364, 0.42830514907836914, 0.3079889416694641, 0.24403882026672363]",0.5576836466789246,-2,0.17888877517067786,1,0.13744140097527605,
3.attn.25971,14560,3,attn,321,62,0.948062002658844,0.9881137013435364,5,89,0.01294634598622609,3,"[0.6552971601486206, 0.5769164562225342, 0.4182600975036621, 0.39629632234573364, 0.34694230556488037, 0.189836323261261, 0.2053402066230774, 0.30094748735427856]",0.6552971601486206,-2,0.21208150982973156,0,0.13732449598278063,
6.attn.14796,11261,6,attn,446,55,0.9523476362228394,1.0,6,107,0.04902616825578772,4,"[0.8230305314064026, 0.6499956250190735, 0.6860190629959106, 0.673865556716919, 0.673690676689148, 0.6227157115936279, 0.48570430278778076, 0.31922709941864014]",0.8230305314064026,-2,0.16679956842322877,0,0.13728113743772857,
8.attn.28760,9081,8,attn,361,43,0.9583055973052979,1.0,12,103,0.11601720028208469,7,"[0.7502772212028503, 0.7274340391159058, 0.5597693920135498, 0.5480151176452637, 0.3313373327255249, 0.37369704246520996, 0.45497894287109375, 0.3550676703453064]",0.7502772212028503,-2,0.1829687054799576,0,0.13727725191458534,
3.attn.27579,470,3,attn,240,64,0.937742292881012,0.9044812917709351,0,57,0.0,0,"[0.7211195230484009, 0.6460691690444946, 0.5904016494750977, 0.48767250776290894, 0.3771127462387085, 0.28430765867233276, 0.2378663420677185, 0.0824158787727356]",0.7211195230484009,-2,0.21042509132107973,0,0.13724747591110711,
7.attn.26629,6421,7,attn,297,24,0.9077081084251404,1.0,15,84,0.17438946286608484,8,"[0.8198598623275757, 0.8149034380912781, 0.6846692562103271, 0.7362843751907349, 0.5954537391662598, 0.395317018032074, 0.2814903259277344, 0.5860536694526672]",0.8198598623275757,-2,0.16684057307373773,0,0.13678588927088844,
3.attn.20903,4227,3,attn,340,43,0.9388973712921143,0.9559197425842285,2,76,0.006602141748187088,2,"[0.7320884466171265, 0.658790647983551, 0.7652438879013062, 0.47383129596710205, 0.5829522609710693, 0.2547001838684082, 0.26079773902893066, 0.36661583185195923]",0.7652438879013062,-4,0.18687181819028678,0,0.1366989289442733,
5.attn.35897,9218,5,attn,318,54,0.42421549558639526,0.4132436513900757,11,63,0.08847519685413076,4,"[0.26111525297164917, 0.07257187366485596, 0.06540071964263916, 0.06104069948196411, 0.03637200593948364, 0.02157074213027954, 0.017841756343841553, 0.00946587324142456]",0.26111525297164917,-2,0.4787776750448637,6,0.1366851530819945,
9.attn.26501,5143,9,attn,311,28,0.9543378949165344,1.0,5,41,0.08158506211385154,3,"[0.6152600049972534, 0.3457062840461731, 0.3140374422073364, 0.3642657399177551, 0.32803064584732056, 0.30991309881210327, 0.22845780849456787, 0.2688171863555908]",0.6152600049972534,-2,0.22175621530101236,0,0.13643773013427288,
11.attn.33930,4826,11,attn,521,30,0.9706707000732422,1.0,20,103,0.1837382489485801,8,"[0.5181117057800293, 0.3759055733680725, 0.38034588098526, 0.39308249950408936, 0.37450337409973145, 0.3716989755630493, 0.5024538040161133, 0.5165926218032837]",0.5181117057800293,-2,0.15093440898183913,2,0.1354479044553746,
8.mlp.22660,9970,8,mlp,439,64,0.47566550970077515,0.7202672958374023,10,191,0.06509918063578796,4,"[0.2610247731208801, 0.10596364736557007, 0.07466012239456177, 0.05418139696121216, 0.048497676849365234, 0.02724778652191162, 0.04187136888504028, 0.021706819534301758]",0.2610247731208801,-2,0.4109632324519203,2,0.1338255444220131,
9.attn.7570,3289,9,attn,753,64,0.6061031818389893,1.0,92,302,0.25725339174173134,11,"[0.1303807497024536, 0.04499053955078125, 0.1281123161315918, 0.10099917650222778, 0.12335944175720215, 0.12633001804351807, 0.1805562973022461, 0.25352418422698975]",0.25352418422698975,-9,0.23296443814773163,4,0.13206691328172787,
9.attn.40162,13641,9,attn,1005,61,0.9827390313148499,1.0,11,232,0.028514443502252858,7,"[0.6119530200958252, 0.6487843990325928, 0.6259319186210632, 0.4886547923088074, 0.5603727698326111, 0.5443273782730103, 0.6592382192611694, 0.5213938355445862]",0.6592382192611694,-8,0.14144750699546166,1,0.13187202429899983,
10.attn.19979,10627,10,attn,731,63,0.8835754990577698,1.0,4,181,0.013927622831939214,2,"[0.5094125270843506, 0.547378420829773, 0.4269741177558899, 0.3926089406013489, 0.38313329219818115, 0.3424510359764099, 0.28205937147140503, 0.32962727546691895]",0.547378420829773,-3,0.17032946202850002,1,0.13185373754936192,
5.attn.31402,9235,5,attn,477,32,0.9669179916381836,1.0,2,120,0.018320154444550638,2,"[0.7921683192253113, 0.6743558049201965, 0.6847079992294312, 0.5052323341369629, 0.6213570237159729, 0.6054911613464355, 0.5133340954780579, 0.3680657148361206]",0.7921683192253113,-2,0.16625731921032902,0,0.13170378111775238,
6.attn.8661,10333,6,attn,408,46,0.19488143920898438,0.8543282151222229,42,169,0.1232250357700336,7,"[0.15492284297943115, 0.054398417472839355, 0.04874807596206665, 0.06758254766464233, 0.14140629768371582, 0.25415468215942383, 0.18435633182525635, 0.03360658884048462]",0.25415468215942383,-7,0.27061460307023877,4,0.1313890266321461,
6.attn.19681,1884,6,attn,399,15,0.9352840185165405,1.0,28,104,0.11028293038320826,10,"[0.6519793272018433, 0.5528399348258972, 0.46574872732162476, 0.4826161861419678, 0.6567986011505127, 0.40722888708114624, 0.5153183937072754, 0.7669535279273987]",0.7669535279273987,-9,0.17045367837838954,0,0.13073004998050802,
9.attn.24510,4248,9,attn,650,42,0.9282846450805664,1.0,16,159,0.11650152647249236,6,"[0.5402848720550537, 0.5727328062057495, 0.44239121675491333, 0.4456910490989685, 0.4693394899368286, 0.32810866832733154, 0.43645161390304565, 0.31512951850891113]",0.5727328062057495,-3,0.16132731186038043,1,0.13066971848916503,
10.attn.38274,7819,10,attn,1200,64,0.7585686445236206,1.0,9,358,0.015202322767950176,5,"[0.36226028203964233, 0.28801149129867554, 0.28880417346954346, 0.24781066179275513, 0.3165106177330017, 0.2675902247428894, 0.2258794903755188, 0.2538124918937683]",0.36226028203964233,-2,0.16095596586188052,4,0.13038054785410333,
9.attn.30613,10808,9,attn,766,64,0.9666112661361694,1.0,28,231,0.08258162275851746,9,"[0.7560809850692749, 0.7628796100616455, 0.6774437427520752, 0.4226091504096985, 0.5019640326499939, 0.4517298936843872, 0.49565643072128296, 0.4066324234008789]",0.7628796100616455,-3,0.17047603265932346,0,0.13005268932000102,
10.mlp.12647,8680,10,mlp,344,62,0.8869366645812988,0.7283601760864258,16,107,0.14273498162602427,6,"[0.31005561351776123, 0.12169945240020752, 0.14150285720825195, 0.1266130805015564, 0.15882468223571777, 0.06457215547561646, 0.08382964134216309, 0.07102441787719727]",0.31005561351776123,-2,0.2875886422093375,3,0.1298935292469961,
7.attn.27220,773,7,attn,797,52,0.450914204120636,0.45108211040496826,58,182,0.20098350372259843,3,"[0.1894216537475586, 0.07597017288208008, 0.12630599737167358, 0.022985100746154785, 0.01615673303604126, 0.009141802787780762, 0.07048505544662476, 0.04820895195007324]",0.1894216537475586,-2,0.33905489789362425,19,0.12955979370530846,
11.attn.36714,8588,11,attn,704,54,0.13076311349868774,0.8639780282974243,23,235,0.043301198700385,3,"[0.09084141254425049, 0.17138123512268066, 0.2062482237815857, 0.1417490839958191, 0.054857850074768066, 0.030544638633728027, 0.034818947315216064, 0.07251942157745361]",0.2062482237815857,-4,0.2568596380180986,7,0.12945945515108395,
8.attn.18523,9073,8,attn,465,32,0.8320351839065552,1.0,31,55,0.3521670875007669,11,"[0.3500000238418579, 0.31482410430908203, 0.16168344020843506, 0.26834172010421753, 0.2957286238670349, 0.209547758102417, 0.18668341636657715, 0.14371860027313232]",0.3500000238418579,-2,0.1812975934950514,3,0.1269083240914789,
9.resid.37056,1274,9,resid,476,64,0.49694281816482544,0.6509860157966614,21,218,0.10879895446546367,8,"[0.2463093400001526, 0.22529470920562744, 0.13666409254074097, 0.08521538972854614, 0.06676214933395386, 0.052330076694488525, 0.03850388526916504, 0.034703075885772705]",0.2463093400001526,-2,0.27806970582266244,7,0.12611048931364988,concept: spatial
3.attn.4201,2315,3,attn,217,38,0.9463304877281189,0.9191213250160217,11,62,0.09858442747037759,6,"[0.5735146999359131, 0.5302046537399292, 0.5550424456596375, 0.4482026696205139, 0.25986021757125854, 0.44682973623275757, 0.4006490111351013, 0.19071394205093384]",0.5735146999359131,-2,0.1684322388447632,1,0.12556182393160953,
7.attn.29799,9259,7,attn,411,11,0.48756659030914307,0.6398756504058838,35,51,0.1303908501591639,5,"[0.21403199434280396, 0.13610124588012695, 0.2548845410346985, 0.04884546995162964, 0.12255769968032837, 0.15652751922607422, 0.10612785816192627, 0.16074597835540771]",0.2548845410346985,-4,0.21243524113997253,12,0.12492153731193935,
3.attn.13573,7024,3,attn,357,42,0.9577783346176147,0.9532545804977417,8,113,0.036145732101862976,6,"[0.5008796453475952, 0.5360015034675598, 0.5877104997634888, 0.6059311628341675, 0.5879617929458618, 0.3885398507118225, 0.31615984439849854, 0.44533801078796387]",0.6059311628341675,-5,0.15268432818636063,1,0.12472159317467851,
3.attn.4068,14585,3,attn,206,58,0.2640588879585266,0.4172654151916504,2,69,0.011813729900730095,1,"[0.20866596698760986, 0.35109543800354004, 0.09799093008041382, 0.04035836458206177, 0.016498148441314697, 0.0, 0.0, 0.0003548264503479004]",0.35109543800354004,-3,0.4910675192370218,2,0.12460613150822325,
10.attn.1662,278,10,attn,552,63,0.8973407745361328,1.0,9,52,0.14792886992221457,7,"[0.5915316343307495, 0.43466103076934814, 0.4796850085258484, 0.45919883251190186, 0.37822413444519043, 0.5041086673736572, 0.5644259452819824, 0.5750399827957153]",0.5915316343307495,-2,0.1483697380305097,1,0.124119009967829,
9.attn.32465,3261,9,attn,439,64,0.4100245237350464,0.7026925086975098,57,155,0.26694258310868685,10,"[0.18973833322525024, 0.12021058797836304, 0.097964346408844, 0.07256424427032471, 0.11834698915481567, 0.13574516773223877, 0.1000104546546936, 0.03815877437591553]",0.18973833322525024,-2,0.21740561089169477,17,0.12297799429730705,
5.attn.19231,3628,5,attn,324,11,0.837837815284729,1.0,45,125,0.33156871059019966,10,"[0.6418918967247009, 0.5465465784072876, 0.5656906962394714, 0.47147148847579956, 0.3607357144355774, 0.24812310934066772, 0.27402400970458984, 0.28153151273727417]",0.6418918967247009,-2,0.18934780394076034,0,0.12154082101219145,
7.attn.38585,13935,7,attn,440,40,1.0,1.0,6,163,0.024530793064615534,5,"[0.7787748575210571, 0.5935426950454712, 0.7313694953918457, 0.7132266759872437, 0.5396995544433594, 0.6384119987487793, 0.5792040824890137, 0.5122902989387512]",0.7787748575210571,-2,0.15310564193134052,0,0.11923482448074971,
3.attn.36691,14534,3,attn,172,21,0.23435437679290771,0.5200026035308838,66,156,0.39416942821629475,4,"[0.06152629852294922, 0.03683656454086304, 0.1166490912437439, 0.09321361780166626, 0.012410879135131836, 0.00013202428817749023, 0.0007922053337097168, 0.003960907459259033]",0.1166490912437439,-4,0.3583451771779338,29,0.1190553919214665,
9.attn.17257,5176,9,attn,537,43,0.8999398946762085,1.0,16,153,0.047652167702995685,6,"[0.6002603769302368, 0.45362579822540283, 0.30859375, 0.24919873476028442, 0.2855569124221802, 0.3454527258872986, 0.44140625, 0.36768829822540283]",0.6002603769302368,-2,0.19669170682584244,0,0.11806623807833182,
7.attn.19038,10178,7,attn,293,28,0.9037306308746338,1.0,9,113,0.04946629891866215,6,"[0.6876382827758789, 0.575403094291687, 0.43250077962875366, 0.3956686854362488, 0.44198542833328247, 0.46949100494384766, 0.5162820219993591, 0.4890926480293274]",0.6876382827758789,-2,0.1715637862230365,0,0.11797382734493682,
3.attn.33334,9832,3,attn,91,64,0.798086941242218,0.7725175023078918,12,41,0.14219381029476685,6,"[0.17009079456329346, 0.34204256534576416, 0.28509753942489624, 0.18884921073913574, 0.10890281200408936, 0.26857227087020874, 0.11031711101531982, 0.06438887119293213]",0.34204256534576416,-3,0.22235662634542971,3,0.11750830302672419,
10.attn.15350,3118,10,attn,1064,58,0.824940025806427,1.0,8,289,0.014424077004319998,6,"[0.5339113473892212, 0.521306037902832, 0.4881632924079895, 0.4006640911102295, 0.3096599578857422, 0.42347657680511475, 0.35479307174682617, 0.40841174125671387]",0.5339113473892212,-2,0.15518936808513206,1,0.11717800878076348,
7.attn.29920,6412,7,attn,321,64,0.9708152413368225,1.0,1,125,0.0007301102155785544,1,"[0.7177869081497192, 0.5917516350746155, 0.8140177130699158, 0.8079328536987305, 0.752155065536499, 0.7300129532814026, 0.5826243758201599, 0.6826300024986267]",0.8140177130699158,-4,0.14334044685287767,0,0.11668166273759928,
8.attn.7985,7222,8,attn,463,51,0.9156062006950378,1.0,20,151,0.07059669007207324,9,"[0.705903172492981, 0.542859673500061, 0.5835100412368774, 0.5798869132995605, 0.4268292784690857, 0.5448921918869019, 0.42417818307876587, 0.4745492935180664]",0.705903172492981,-2,0.1648301804146769,0,0.11635414727731083,
9.attn.10539,9839,9,attn,781,64,0.8698840737342834,1.0,13,260,0.017116993253584286,5,"[0.3667736053466797, 0.23862224817276, 0.297230064868927, 0.31739896535873413, 0.3071180582046509, 0.28858619928359985, 0.2481173276901245, 0.25787442922592163]",0.3667736053466797,-2,0.15797489079704302,3,0.11588204050375896,
10.attn.25641,5946,10,attn,866,64,0.9329689741134644,1.0,9,170,0.02700233512741436,8,"[0.41288304328918457, 0.3605194091796875, 0.5022888779640198, 0.3527185916900635, 0.42087072134017944, 0.382800817489624, 0.3396393656730652, 0.3326326608657837]",0.5022888779640198,-4,0.1618014443225927,1,0.11493464365506083,
11.mlp.23505,4796,11,mlp,291,64,0.9042356014251709,0.7685565948486328,3,96,0.0072997722417178475,3,"[0.43903565406799316, 0.2869846820831299, 0.17574793100357056, 0.1033206582069397, 0.08003497123718262, 0.04374420642852783, 0.09057265520095825, 0.07181042432785034]",0.43903565406799316,-2,0.3400079395852951,0,0.11472675308921966,
9.attn.27535,9878,9,attn,510,63,0.910010576248169,1.0,7,124,0.01626200131729286,5,"[0.5860222578048706, 0.40161335468292236, 0.3844221234321594, 0.34812217950820923, 0.40009254217147827, 0.24563604593276978, 0.33053427934646606, 0.30263155698776245]",0.5860222578048706,-2,0.1954010442538512,0,0.11450936113107132,
8.attn.18039,6268,8,attn,434,11,1.0,1.0,46,100,0.34526221005243213,11,"[0.4097951054573059, 0.4082958698272705, 0.3718140721321106, 0.41104447841644287, 0.47876060009002686, 0.4492753744125366, 0.18390804529190063, 0.16641676425933838]",0.47876060009002686,-6,0.16627613857598672,1,0.11258054087914376,
2.attn.3761,287,2,attn,320,60,0.7160930037498474,0.8564508557319641,3,90,0.019614146581343427,2,"[0.5843970775604248, 0.48159337043762207, 0.37941646575927734, 0.3065876364707947, 0.2835080623626709, 0.24361753463745117, 0.19050604104995728, 0.13426029682159424]",0.5843970775604248,-2,0.22443262442680104,0,0.11233018420186541,
10.attn.10922,13442,10,attn,347,21,0.9447219371795654,1.0,2,20,0.0541910674334613,1,"[0.4475524425506592, 0.6465201377868652, 0.713786244392395, 0.729104220867157, 0.6656676530838013, 0.6057276129722595, 0.42574089765548706, 0.5401265621185303]",0.729104220867157,-5,0.15271674524290596,0,0.11134642355369705,
5.attn.7552,11133,5,attn,378,62,0.7839587926864624,0.7897734045982361,5,109,0.021511261581810503,4,"[0.34015703201293945, 0.19784796237945557, 0.09794986248016357, 0.21502220630645752, 0.287495493888855, 0.11284619569778442, 0.08632057905197144, 0.09438318014144897]",0.34015703201293945,-2,0.23753609260484893,2,0.11052797006676723,
9.attn.12940,9841,9,attn,564,64,0.8086460828781128,1.0,13,131,0.04803080230001219,6,"[0.3179134130477905, 0.2721158266067505, 0.19458848237991333, 0.1460697054862976, 0.1601375937461853, 0.14976638555526733, 0.1734866499900818, 0.17261385917663574]",0.3179134130477905,-2,0.2003624080038548,2,0.11032799389595224,
7.attn.4277,2652,7,attn,272,64,0.6671833992004395,0.9674432277679443,21,145,0.19102768462969488,11,"[0.33222997188568115, 0.32590293884277344, 0.20958685874938965, 0.2669907212257385, 0.38816726207733154, 0.18578732013702393, 0.1389424204826355, 0.053423285484313965]",0.38816726207733154,-6,0.20418778401106363,1,0.10843990960560601,
10.resid.12454,2982,10,resid,291,64,0.7735027074813843,0.7503983378410339,3,108,0.05009134460057169,2,"[0.2461336851119995, 0.10418033599853516, 0.046255528926849365, 0.07488983869552612, 0.061439692974090576, 0.06889116764068604, 0.06757897138595581, 0.05703437328338623]",0.2461336851119995,-2,0.33883874906355366,2,0.10839683818057275,
4.attn.21706,8118,4,attn,256,62,0.5776095390319824,0.5842993259429932,4,86,0.011005466961099325,2,"[0.4265478849411011, 0.3660690188407898, 0.1062239408493042, 0.03190511465072632, 0.03997617959976196, 0.004875123500823975, 0.01034611463546753, 0.0]",0.4265478849411011,-2,0.43262919036102476,0,0.1078248833409005,
8.attn.5075,8142,8,attn,432,43,0.9093232154846191,1.0,6,70,0.09723084103983017,4,"[0.5300897359848022, 0.489643931388855, 0.6366404294967651, 0.44202226400375366, 0.4011416435241699, 0.4424571990966797, 0.38086438179016113, 0.4556129574775696]",0.6366404294967651,-4,0.16849147963670638,0,0.1072684879624582,
6.attn.573,11267,6,attn,298,64,0.26533037424087524,0.6659889221191406,5,115,0.01809225270986333,3,"[0.24265867471694946, 0.08395707607269287, 0.07693970203399658, 0.0855405330657959, 0.06686341762542725, 0.06707930564880371, 0.061501383781433105, 0.050381481647491455]",0.24265867471694946,-2,0.33018308770084653,3,0.10672044975398479,
10.attn.7206,8768,10,attn,796,63,0.9650633335113525,1.0,1,189,0.003010987560298186,1,"[0.6629351377487183, 0.6967647075653076, 0.6894451975822449, 0.6526632905006409, 0.49003565311431885, 0.4335711598396301, 0.5181449055671692, 0.4110591411590576]",0.6967647075653076,-3,0.15297979436444947,0,0.10659092168374654,
11.mlp.8839,13272,11,mlp,254,64,0.9407564401626587,0.8795984983444214,2,99,0.0034460890149463686,1,"[0.37983131408691406, 0.215501606464386, 0.21306979656219482, 0.11750400066375732, 0.11031198501586914, 0.06721168756484985, 0.03968542814254761, 0.05624258518218994]",0.37983131408691406,-2,0.3166954205853872,0,0.10580764026379079,
6.attn.6443,3760,6,attn,395,45,0.9247884750366211,1.0,28,104,0.22721264250409784,9,"[0.6275350451469421, 0.6736586093902588, 0.6770193576812744, 0.5529029965400696, 0.392513632774353, 0.5724881291389465, 0.4685363173484802, 0.387762188911438]",0.6770193576812744,-4,0.15555023109107097,0,0.10531051754045066,
10.attn.4043,13434,10,attn,257,64,0.8714263439178467,1.0,0,9,0.0,0,"[0.4123237729072571, 0.3452909588813782, 0.23245304822921753, 0.17433977127075195, 0.16522550582885742, 0.10267198085784912, 0.07595235109329224, 0.1076575517654419]",0.4123237729072571,-2,0.25516428030205507,0,0.10521029876530824,
8.attn.12156,7200,8,attn,463,21,0.8386581540107727,1.0,24,138,0.16407419867454742,8,"[0.7028753757476807, 0.677515983581543, 0.7116613388061523, 0.7082667350769043, 0.6152156591415405, 0.42531949281692505, 0.3983626365661621, 0.5944489240646362]",0.7116613388061523,-4,0.14723013905796775,0,0.10477799787460931,
5.attn.7528,4539,5,attn,374,31,0.8365857005119324,1.0,14,127,0.16239284376132226,8,"[0.33572280406951904, 0.30027878284454346, 0.3889552354812622, 0.1887694001197815, 0.17921149730682373, 0.12133282423019409, 0.18505245447158813, 0.3434222936630249]",0.3889552354812622,-4,0.1904080929565574,1,0.10473697410903124,
3.attn.12560,3260,3,attn,377,37,0.9395936727523804,1.0,10,115,0.04470334992576991,7,"[0.6277411580085754, 0.6694470643997192, 0.687340259552002, 0.6802098751068115, 0.5584555268287659, 0.545136570930481, 0.3407776355743408, 0.4054890275001526]",0.687340259552002,-4,0.15224841588336335,0,0.10464646568965211,
9.attn.4504,12646,9,attn,469,64,0.4340953230857849,0.9825883507728577,1,170,0.0007976231516372607,1,"[0.09057122468948364, 0.06537014245986938, 0.08227270841598511, 0.1481773853302002, 0.2757865786552429, 0.2953365445137024, 0.14535176753997803, 0.07804703712463379]",0.2953365445137024,-7,0.250091621733195,1,0.10263676163219364,
8.attn.20525,10004,8,attn,498,45,0.8719624280929565,1.0,5,113,0.022823689091545772,4,"[0.4928203225135803, 0.40491533279418945, 0.4559094309806824, 0.4062039852142334, 0.4130154848098755, 0.3213365077972412, 0.473766565322876, 0.38043075799942017]",0.4928203225135803,-2,0.14718091024154578,1,0.10257820400388043,
10.attn.27744,4078,10,attn,536,44,0.9398013949394226,0.9757447838783264,30,151,0.12848995696949317,9,"[0.45636701583862305, 0.5178837776184082, 0.47113102674484253, 0.50716233253479, 0.6562088131904602, 0.5438966751098633, 0.4974954128265381, 0.44968801736831665]",0.6562088131904602,-6,0.1600574466787485,0,0.10248355492448423,
4.attn.35453,1539,4,attn,238,9,0.7775567173957825,1.0,42,97,0.4916460660026354,10,"[0.22403502464294434, 0.1981695294380188, 0.2200556993484497, 0.14962196350097656, 0.020692408084869385, 0.0, 0.07043373584747314, 0.0998806357383728]",0.22403502464294434,-2,0.2279352250535638,3,0.10213094752374047,
8.attn.18811,2510,8,attn,454,59,0.9464060664176941,1.0,7,109,0.03493807318234191,3,"[0.6722887754440308, 0.6081336736679077, 0.5703814625740051, 0.5532786846160889, 0.5830706357955933, 0.49566519260406494, 0.495980441570282, 0.46949875354766846]",0.6722887754440308,-2,0.1511339467144937,0,0.10160565596471037,
6.mlp.1441,12155,6,mlp,237,62,0.5806974768638611,0.5296534895896912,2,46,0.02322748653432051,1,"[0.2939138412475586, 0.4003998041152954, 0.037716567516326904, 0.048245251178741455, 0.01679253578186035, 0.024788975715637207, 0.016348302364349365, 0.005597531795501709]",0.4003998041152954,-3,0.47451821622922125,0,0.10063257449976526,
3.resid.6422,9049,3,resid,289,64,0.5196360349655151,0.41085106134414673,13,129,0.08608298794199785,4,"[0.3069687485694885, 0.21906840801239014, 0.09792232513427734, 0.08991473913192749, 0.040820419788360596, 0.015116214752197266, 0.0, 0.0]",0.3069687485694885,-2,0.39875866444428665,3,0.10058163832136102,gt tens detector
9.attn.33651,11742,9,attn,410,31,0.1996496319770813,0.49745702743530273,70,146,0.47881148301535637,4,"[0.18569165468215942, 0.16438740491867065, 0.18122738599777222, 0.07707959413528442, 0.019326388835906982, 0.05227172374725342, 0.0024864673614501953, 0.007120251655578613]",0.18569165468215942,-2,0.2692780058455851,15,0.09949673519186479,
2.attn.26494,10607,2,attn,350,63,0.9122869968414307,0.8472229242324829,3,89,0.028584078695978787,2,"[0.5472795963287354, 0.36778712272644043, 0.31790804862976074, 0.30833375453948975, 0.25150561332702637, 0.2501158118247986, 0.2997889518737793, 0.24455654621124268]",0.5472795963287354,-2,0.2115273800046301,0,0.09807843915164416,
9.attn.17494,8903,9,attn,696,64,0.36095720529556274,0.8263436555862427,11,201,0.04044160727460881,6,"[0.09199678897857666, 0.222087562084198, 0.1271384358406067, 0.05104583501815796, 0.07523548603057861, 0.03303784132003784, 0.025280535221099854, 0.09468072652816772]",0.222087562084198,-3,0.30823951744691735,2,0.09797919733131069,
10.mlp.37747,2147,10,mlp,459,64,0.8321078419685364,0.8726904392242432,4,145,0.018090470158092075,4,"[0.2829468250274658, 0.3077394366264343, 0.1288178563117981, 0.1726527214050293, 0.09327864646911621, 0.06254714727401733, 0.08187216520309448, 0.06424397230148315]",0.3077394366264343,-3,0.2577169026537497,1,0.09788164815029358,
10.attn.18838,9690,10,attn,415,64,0.797607421875,1.0,9,70,0.08299148633285768,7,"[0.34412938356399536, 0.23819231986999512, 0.2722640633583069, 0.30367743968963623, 0.21134251356124878, 0.24935758113861084, 0.20571553707122803, 0.2738147974014282]",0.34412938356399536,-2,0.1639887668549793,2,0.09774543506913777,
3.attn.23664,7046,3,attn,284,32,0.8613035082817078,1.0,13,100,0.03917383867007382,8,"[0.5891057848930359, 0.5911524295806885, 0.5399874448776245, 0.5340050458908081, 0.3348551392555237, 0.2843198776245117, 0.2857367992401123, 0.42207181453704834]",0.5911524295806885,-3,0.1650694632447817,0,0.09758121424673286,
10.attn.28352,8726,10,attn,872,64,0.9465429186820984,1.0,3,150,0.021765359712511673,2,"[0.6445397138595581, 0.5544850826263428, 0.4844622015953064, 0.5440874099731445, 0.522058367729187, 0.4957997798919678, 0.4342360496520996, 0.5806262493133545]",0.6445397138595581,-2,0.1512899308266017,0,0.0975123687248102,
6.mlp.23436,13095,6,mlp,432,64,0.79002845287323,0.5904578566551208,2,110,0.007645350023897109,2,"[0.4102392792701721, 0.24822932481765747, 0.2682505249977112, 0.15291953086853027, 0.10462325811386108, 0.07774245738983154, 0.06419050693511963, 0.11761754751205444]",0.4102392792701721,-2,0.2841361320716589,1,0.09733468062358865,
11.mlp.17303,4786,11,mlp,328,64,0.7628772854804993,0.5966149568557739,11,116,0.09734888385159311,4,"[0.31260931491851807, 0.1963328719139099, 0.11678421497344971, 0.18284910917282104, 0.10820871591567993, 0.05653029680252075, 0.03148096799850464, 0.03492242097854614]",0.31260931491851807,-2,0.30066743210622227,2,0.0971276916188995,
10.attn.22291,288,10,attn,790,64,0.9036718606948853,1.0,16,166,0.07036123162669392,9,"[0.5572555065155029, 0.5604919195175171, 0.4047310948371887, 0.38431209325790405, 0.2585618495941162, 0.4198540449142456, 0.35218310356140137, 0.30563730001449585]",0.5604919195175171,-3,0.17282986996094743,0,0.09686974556437429,
9.attn.40283,2340,9,attn,399,22,0.18068593740463257,0.831576943397522,387,398,0.9340585808405718,3,"[0.11438971757888794, 0.08449894189834595, 0.041578829288482666, 0.024717390537261963, 0.0057482123374938965, 0.0, 0.0, 0.004406988620758057]",0.11438971757888794,-2,0.4154488422839132,5,0.09680161555017769,
9.attn.2892,5164,9,attn,298,64,0.9226420521736145,0.94102942943573,0,8,0.0,0,"[0.5209164023399353, 0.35727459192276, 0.4476048946380615, 0.3331746459007263, 0.2527223825454712, 0.2289794683456421, 0.2648616433143616, 0.24373698234558105]",0.5209164023399353,-2,0.19662631724264046,0,0.09638576156583681,
9.attn.40793,7949,9,attn,380,64,0.031078219413757324,0.9454215168952942,317,322,0.8577070325951579,6,"[0.052892088890075684, 0.04194134473800659, 0.025515258312225342, 0.04018920660018921, 0.00941765308380127, 0.027880609035491943, 0.002759575843811035, 0.006373345851898193]",0.052892088890075684,-2,0.25555550755752926,55,0.09563028715449753,
10.attn.8147,13456,10,attn,907,64,0.9482267498970032,1.0,11,258,0.034705267775398736,7,"[0.5800084471702576, 0.49086976051330566, 0.4916613698005676, 0.517204999923706, 0.5233798027038574, 0.33518052101135254, 0.2970762252807617, 0.2867848873138428]",0.5800084471702576,-2,0.16467379587200598,0,0.09551219263335416,
5.attn.16681,3594,5,attn,270,34,0.09353184700012207,0.7333934307098389,13,240,0.0446927523453699,3,"[0.07875758409500122, 0.02466261386871338, 0.0015123486518859863, 0.0006979703903198242, 0.0009306669235229492, 0.0, 0.0, 0.0]",0.07875758409500122,-2,0.7390832307864414,4,0.09545699351937775,
3.attn.26417,13640,3,attn,307,64,0.8791455030441284,0.9447266459465027,0,123,0.0,0,"[0.5284583568572998, 0.5222587585449219, 0.43740665912628174, 0.2789064645767212, 0.3229758143424988, 0.28219300508499146, 0.18352258205413818, 0.2408873438835144]",0.5284583568572998,-2,0.18896397737110943,0,0.09434001834796134,
2.attn.32331,10637,2,attn,402,34,0.8896492719650269,0.972198486328125,12,92,0.05121432434838774,7,"[0.43135160207748413, 0.541167676448822, 0.36013686656951904, 0.3519033193588257, 0.4232249855995178, 0.3156543970108032, 0.26924723386764526, 0.347198486328125]",0.541167676448822,-3,0.1780224427852112,0,0.09366159412092492,
6.attn.32991,15024,6,attn,340,64,0.95921790599823,0.9864525198936462,1,83,0.00816951691103265,1,"[0.6273044347763062, 0.5933659076690674, 0.6067038774490356, 0.5136871337890625, 0.4148743152618408, 0.4880586862564087, 0.4826117157936096, 0.4247206449508667]",0.6273044347763062,-2,0.15110938687785908,0,0.09350740136502003,
7.attn.27775,14897,7,attn,642,64,0.8070105314254761,1.0,5,175,0.01373806172335037,3,"[0.35864371061325073, 0.42451703548431396, 0.362029492855072, 0.3169189691543579, 0.2673272490501404, 0.36651062965393066, 0.2913762331008911, 0.35988849401474]",0.42451703548431396,-3,0.15452650331957304,1,0.09277118370001308,
8.attn.20798,5314,8,attn,338,64,0.6524883508682251,0.916478157043457,18,168,0.11027442185923697,8,"[0.1220085620880127, 0.21734732389450073, 0.09575545787811279, 0.09382069110870361, 0.0691748857498169, 0.039647579193115234, 0.062686026096344, 0.12007379531860352]",0.21734732389450073,-3,0.2648915664786132,2,0.09139136730982049,
6.attn.12611,4703,6,attn,382,64,0.5009075999259949,0.7931947708129883,5,135,0.022958114063425985,4,"[0.2777654528617859, 0.19508039951324463, 0.13299250602722168, 0.10450470447540283, 0.08685261011123657, 0.0677187442779541, 0.032896220684051514, 0.05208563804626465]",0.2777654528617859,-2,0.2924166141931646,1,0.09111190220343804,
9.attn.32992,8908,9,attn,517,64,0.9492820501327515,1.0,8,128,0.027693212339407972,6,"[0.5294427871704102, 0.429653525352478, 0.32011592388153076, 0.40962982177734375, 0.3875642418861389, 0.3967198133468628, 0.3205770254135132, 0.31201422214508057]",0.5294427871704102,-2,0.17047358971663742,0,0.09025601247852148,
9.attn.4563,10780,9,attn,591,64,0.9093008041381836,1.0,6,163,0.03467269346962588,4,"[0.4974181652069092, 0.5384241342544556, 0.44912219047546387, 0.3894052505493164, 0.3699653744697571, 0.348277747631073, 0.2954862713813782, 0.3436000347137451]",0.5384241342544556,-3,0.1666071333223839,0,0.0897053015197212,
10.attn.27934,4062,10,attn,316,63,0.76724773645401,1.0,0,57,0.0,0,"[0.4164654016494751, 0.34778958559036255, 0.21946865320205688, 0.20088207721710205, 0.144544780254364, 0.18686336278915405, 0.22177886962890625, 0.19657671451568604]",0.4164654016494751,-2,0.2152977564647133,0,0.0896640666203077,
11.resid.31023,10356,11,resid,361,60,0.5670168399810791,0.5093399286270142,3,109,0.006347608825684396,2,"[0.39379769563674927, 0.13495242595672607, 0.0933760404586792, 0.0741543173789978, 0.07999622821807861, 0.023720920085906982, 0.05858379602432251, 0.026712536811828613]",0.39379769563674927,-2,0.44482139625422007,0,0.08922089235024684,
2.attn.13091,5011,2,attn,293,30,0.9419097304344177,0.8912989497184753,5,101,0.04874097123730056,3,"[0.54462730884552, 0.5342807173728943, 0.2080528736114502, 0.4117426872253418, 0.4104961156845093, 0.3555223345756531, 0.23934179544448853, 0.27574169635772705]",0.54462730884552,-2,0.18277276940512344,0,0.08872260836867944,
11.attn.30684,13294,11,attn,392,56,0.18747079372406006,0.9340229034423828,10,199,0.02436719948992822,6,"[0.07729470729827881, 0.07643759250640869, 0.07394421100616455, 0.09326785802841187, 0.06303566694259644, 0.11563032865524292, 0.25097399950027466, 0.18908756971359253]",0.25097399950027466,-8,0.2670868315978626,1,0.08854289782456264,
10.attn.10418,5014,10,attn,599,64,0.8657742738723755,1.0,8,173,0.01874195435683824,6,"[0.35861241817474365, 0.30762016773223877, 0.2930881977081299, 0.22704309225082397, 0.33329862356185913, 0.32595449686050415, 0.2717849612236023, 0.3967394232749939]",0.3967394232749939,-9,0.15780314755044494,1,0.08853928630847838,
8.attn.15564,8163,8,attn,422,30,0.6349174976348877,0.6537706255912781,6,97,0.030903605470786497,3,"[0.3136292099952698, 0.32570701837539673, 0.22702276706695557, 0.18234485387802124, 0.14522778987884521, 0.03201097249984741, 0.05567556619644165, 0.08218777179718018]",0.32570701837539673,-3,0.23882211281591734,2,0.08808210479366417,
8.attn.28179,9094,8,attn,600,64,0.22056162357330322,0.8066545724868774,40,188,0.12377255150599334,6,"[0.10154956579208374, 0.06780463457107544, 0.053881824016571045, 0.02292931079864502, 0.06953513622283936, 0.0331156849861145, 0.018839001655578613, 0.034924864768981934]",0.10154956579208374,-2,0.2522469075409984,17,0.08766531020474738,
7.attn.15187,7360,7,attn,415,64,0.8978366255760193,1.0,19,152,0.09562662179701374,8,"[0.39696580171585083, 0.3691905736923218, 0.4976624846458435, 0.5241543650627136, 0.2648271918296814, 0.5166834592819214, 0.4510037302970886, 0.11389678716659546]",0.5241543650627136,-5,0.16722721250066844,0,0.08765287338949534,
9.attn.37879,9874,9,attn,723,64,0.8721486926078796,0.9829906821250916,3,91,0.015514288226353007,3,"[0.5539847612380981, 0.40253448486328125, 0.4896649122238159, 0.4800901412963867, 0.40388625860214233, 0.39149534702301025, 0.3680090308189392, 0.3552238941192627]",0.5539847612380981,-2,0.1608135381275447,0,0.08757291916837827,
6.attn.27887,14098,6,attn,337,64,0.17625367641448975,0.6559935808181763,78,175,0.4341346318043365,3,"[0.06037813425064087, 0.01560741662979126, 0.028895139694213867, 0.0, 0.01238936185836792, 0.017484605312347412, 0.005658328533172607, 0.0]",0.06037813425064087,-2,0.43000391809109584,25,0.08684370934211083,
10.attn.6237,2160,10,attn,320,60,0.9707313776016235,0.9850812554359436,1,45,0.006913704701161708,1,"[0.5584423542022705, 0.4535685181617737, 0.49788230657577515, 0.4521145224571228, 0.3651937246322632, 0.4676022529602051, 0.40445035696029663, 0.3409191370010376]",0.5584423542022705,-2,0.1577443607756643,0,0.08677692309413802,
9.attn.31746,7013,9,attn,529,64,0.6750786900520325,1.0,1,159,0.009582963228537042,1,"[0.3546765446662903, 0.34904032945632935, 0.28475677967071533, 0.26586776971817017, 0.21382147073745728, 0.1869097352027893, 0.19950240850448608, 0.20874375104904175]",0.3546765446662903,-2,0.17189614448152188,1,0.08622110859106476,
9.attn.10280,465,9,attn,586,64,0.7914632558822632,0.9796211123466492,82,207,0.36390013818611233,11,"[0.173780620098114, 0.2784520983695984, 0.2859318256378174, 0.16656965017318726, 0.09329509735107422, 0.11873513460159302, 0.06404799222946167, 0.13880056142807007]",0.2859318256378174,-4,0.21667854893476943,1,0.08583245802642818,
10.attn.28464,1229,10,attn,590,64,0.9110593795776367,1.0,28,198,0.0796492878980858,5,"[0.42117780447006226, 0.24688857793807983, 0.43999797105789185, 0.46711522340774536, 0.49635738134384155, 0.360568642616272, 0.19786500930786133, 0.24137407541275024]",0.49635738134384155,-6,0.17286582967240893,0,0.08580323054002745,
10.attn.3953,4050,10,attn,446,64,0.9395502209663391,1.0,2,102,0.06041859601392326,2,"[0.4420775771141052, 0.2685166001319885, 0.26537030935287476, 0.39333605766296387, 0.22214770317077637, 0.1931091547012329, 0.18547552824020386, 0.31354445219039917]",0.4420775771141052,-2,0.19358992626631957,0,0.08558176555751283,
11.attn.36625,2967,11,attn,543,64,0.11247384548187256,0.6244006156921387,256,408,0.46088923018683475,5,"[0.06525880098342896, 0.09127932786941528, 0.07494157552719116, 0.055491507053375244, 0.0121726393699646, 0.0, 0.005363941192626953, 0.0]",0.09127932786941528,-3,0.29976023690918774,24,0.08542397645325533,
9.attn.22360,2316,9,attn,821,64,0.3874068260192871,0.7440361976623535,17,211,0.02125144714039808,7,"[0.19148027896881104, 0.10832446813583374, 0.05601704120635986, 0.053212642669677734, 0.054703593254089355, 0.08675897121429443, 0.05523604154586792, 0.034824252128601074]",0.19148027896881104,-2,0.29892764038453234,3,0.08517540080055547,
11.attn.15279,3907,11,attn,350,37,0.7823283672332764,0.9122388362884521,4,40,0.0849191440749904,3,"[0.1968955397605896, 0.2611343264579773, 0.23319405317306519, 0.13373136520385742, 0.1491343379020691, 0.14758211374282837, 0.06435823440551758, 0.08011943101882935]",0.2611343264579773,-3,0.20624290159963568,2,0.08509659030701035,
4.attn.13985,7223,4,attn,177,64,0.03905969858169556,0.5446778535842896,63,116,0.4535726757490929,4,"[0.05971318483352661, 0.09734606742858887, 0.06017690896987915, 0.0002853870391845703, 0.0, 0.0, 0.001569509506225586, 0.0]",0.09734606742858887,-3,0.4443178485517738,12,0.08494221166760617,
11.attn.30154,5769,11,attn,755,64,0.3682177662849426,0.76297527551651,18,228,0.05660924221970337,10,"[0.041217148303985596, 0.020634770393371582, 0.01607835292816162, 0.10905259847640991, 0.23630458116531372, 0.18563425540924072, 0.18295013904571533, 0.2242065668106079]",0.23630458116531372,-6,0.23256530032585856,3,0.08386051369410717,
11.mlp.26834,8569,11,mlp,297,64,0.3671444058418274,0.7528430223464966,25,146,0.13846129773451277,9,"[0.18208420276641846, 0.09486597776412964, 0.10307908058166504, 0.06743365526199341, 0.04941147565841675, 0.04828089475631714, 0.06926250457763672, 0.05815654993057251]",0.18208420276641846,-2,0.2707272513775127,4,0.08298386811899489,
9.attn.3515,10788,9,attn,538,64,0.7161105871200562,0.8474241495132446,34,154,0.12905201742321265,9,"[0.17228341102600098, 0.08736026287078857, 0.12110263109207153, 0.07874614000320435, 0.11732077598571777, 0.07214891910552979, 0.10307586193084717, 0.11126983165740967]",0.17228341102600098,-2,0.1995619688672293,7,0.08240756305208308,
10.attn.18974,12499,10,attn,511,64,0.27030694484710693,0.7709721922874451,18,475,0.04076274690861583,8,"[0.08241051435470581, 0.0478442907333374, 0.07289540767669678, 0.09515106678009033, 0.1953822374343872, 0.24247390031814575, 0.08015269041061401, 0.13950115442276]",0.24247390031814575,-7,0.2536838703674741,2,0.08214047211872053,
11.mlp.17969,2939,11,mlp,231,64,0.569447934627533,0.8447360396385193,20,123,0.383955715497899,4,"[0.24102962017059326, 0.1533893346786499, 0.16147905588150024, 0.0861557126045227, 0.0870363712310791, 0.1154823899269104, 0.105430006980896, 0.087740957736969]",0.24102962017059326,-2,0.23226320566400194,2,0.08190916200398837,
10.attn.14044,7807,10,attn,711,64,0.6080118417739868,0.9387404918670654,21,211,0.045384580419022075,9,"[0.1662050485610962, 0.2710188031196594, 0.21252882480621338, 0.15680843591690063, 0.21407848596572876, 0.15331357717514038, 0.11915594339370728, 0.17454665899276733]",0.2710188031196594,-3,0.18466101329405976,2,0.08137309151187434,
8.attn.9856,1536,8,attn,619,64,0.8851926922798157,1.0,2,118,0.016448925497123023,2,"[0.38761258125305176, 0.3849782347679138, 0.29608529806137085, 0.3229185938835144, 0.3299025893211365, 0.35716474056243896, 0.27715492248535156, 0.2910004258155823]",0.38761258125305176,-2,0.14644477676520457,1,0.08027618945717982,
9.attn.9574,7962,9,attn,582,62,0.9832008481025696,1.0,9,129,0.04137293322974592,5,"[0.5543726682662964, 0.46588319540023804, 0.5373660326004028, 0.5189768075942993, 0.48095405101776123, 0.4976840615272522, 0.4041479229927063, 0.3691669702529907]",0.5543726682662964,-2,0.1447995770486,0,0.08027292789226355,
9.mlp.30683,1350,9,mlp,569,64,0.45744621753692627,0.5989080667495728,9,240,0.03540326346879841,4,"[0.23436129093170166, 0.13010317087173462, 0.09355795383453369, 0.10110294818878174, 0.06485950946807861, 0.0513608455657959, 0.02817714214324951, 0.008724749088287354]",0.23436129093170166,-2,0.32904468559940253,2,0.07999476234538618,
8.mlp.1525,14692,8,mlp,469,64,0.5849597454071045,0.7334935665130615,4,160,0.012765875533245805,4,"[0.211173415184021, 0.281872034072876, 0.19603842496871948, 0.1074376106262207, 0.0910767912864685, 0.05534517765045166, 0.035585999488830566, 0.05733567476272583]",0.281872034072876,-3,0.272112678033801,1,0.07956316901658697,
10.attn.15864,282,10,attn,997,64,0.7542779445648193,1.0,36,354,0.08116217597075259,10,"[0.17544090747833252, 0.15872186422348022, 0.15007859468460083, 0.2858390212059021, 0.19910073280334473, 0.2199668288230896, 0.08983761072158813, 0.17692506313323975]",0.2858390212059021,-5,0.1963300608401815,1,0.07936395734981297,
6.attn.8081,14081,6,attn,392,62,0.5757665038108826,0.7758803367614746,40,157,0.2187863839307709,6,"[0.13545715808868408, 0.19968199729919434, 0.23363953828811646, 0.25972598791122437, 0.28738272190093994, 0.1779138445854187, 0.07757234573364258, 0.02779412269592285]",0.28738272190093994,-6,0.20539547797684934,2,0.07932441987774665,
11.attn.11280,1076,11,attn,772,43,0.6986954212188721,0.7957134246826172,9,177,0.022682271887897166,4,"[0.25952577590942383, 0.2685856223106384, 0.16416442394256592, 0.12450820207595825, 0.1509629487991333, 0.10499066114425659, 0.12336921691894531, 0.07734519243240356]",0.2685856223106384,-3,0.21091145416471255,2,0.0780728870279746,
10.attn.31129,1226,10,attn,852,64,0.8272740840911865,1.0,5,84,0.016552726096662283,3,"[0.385468065738678, 0.28301215171813965, 0.18792903423309326, 0.2574871778488159, 0.15081101655960083, 0.18518328666687012, 0.236436665058136, 0.21716582775115967]",0.385468065738678,-2,0.2025056147086312,0,0.07805944760295805,
5.mlp.9156,815,5,mlp,496,63,0.6264058351516724,0.4722983241081238,1,103,0.0082235734062793,1,"[0.27490806579589844, 0.1527106761932373, 0.07638239860534668, 0.022204577922821045, 0.0298464298248291, 0.06401842832565308, 0.019681334495544434, 0.00933605432510376]",0.27490806579589844,-2,0.4235297531499173,1,0.07776833657306757,
10.mlp.570,6799,10,mlp,265,64,0.8521826267242432,0.780805230140686,2,84,0.0014136032148738336,2,"[0.3400515913963318, 0.205702543258667, 0.15178143978118896, 0.1388862133026123, 0.12837904691696167, 0.054207682609558105, 0.07216542959213257, 0.07312065362930298]",0.3400515913963318,-2,0.2920666223601542,0,0.07754779500873972,
9.attn.16245,7052,9,attn,638,64,0.8574063777923584,1.0,15,157,0.1049640125919014,8,"[0.20732253789901733, 0.3069871664047241, 0.2656232714653015, 0.200167715549469, 0.14477360248565674, 0.26864171028137207, 0.08306318521499634, 0.24566799402236938]",0.3069871664047241,-3,0.17824802930577166,1,0.07738556451400935,
10.attn.20603,1215,10,attn,303,36,0.10332083702087402,0.6896632313728333,29,124,0.31059623876262116,4,"[0.15079516172409058, 0.14508885145187378, 0.054443418979644775, 0.020112276077270508, 0.014780163764953613, 0.004770815372467041, 0.01239478588104248, 0.013564050197601318]",0.15079516172409058,-2,0.362532358430746,3,0.07540519233606732,
9.attn.38289,13623,9,attn,584,64,0.9222800731658936,1.0,0,93,0.0,0,"[0.41945236921310425, 0.25354164838790894, 0.3142393231391907, 0.3178229331970215, 0.20824235677719116, 0.3137913942337036, 0.27929896116256714, 0.23287975788116455]",0.41945236921310425,-2,0.17930918381670358,0,0.07521166197358432,
10.attn.31380,2198,10,attn,725,64,0.7415952682495117,1.0,13,180,0.062269326143740776,8,"[0.2658182978630066, 0.19354581832885742, 0.17110687494277954, 0.1626625657081604, 0.14022362232208252, 0.18946242332458496, 0.1233745813369751, 0.08650493621826172]",0.2658182978630066,-2,0.1994585978672284,1,0.07498124242315958,
8.resid.30376,2395,8,resid,469,64,0.4263536334037781,0.6310867071151733,2,169,0.005126055193724072,2,"[0.23404014110565186, 0.07909882068634033, 0.124195396900177, 0.051722824573516846, 0.06467247009277344, 0.05126845836639404, 0.02271866798400879, 0.026770174503326416]",0.23404014110565186,-2,0.35759328677126634,1,0.07469365969195733,
11.resid.13386,11278,11,resid,209,64,0.8054680228233337,0.7696254253387451,1,77,0.0014589153694808015,1,"[0.261562705039978, 0.11177891492843628, 0.062229692935943604, 0.0421828031539917, 0.07795208692550659, 0.07850182056427002, 0.04038703441619873, 0.034156739711761475]",0.261562705039978,-2,0.3690469722935607,0,0.07429111446799311,
6.attn.28913,5644,6,attn,292,64,0.8514785766601562,1.0,4,93,0.01833334800960384,4,"[0.37625986337661743, 0.20816326141357422, 0.2204914689064026, 0.1839233636856079, 0.43115371465682983, 0.3353602886199951, 0.41657644510269165, 0.34002500772476196]",0.43115371465682983,-6,0.17164080844095253,0,0.07400357214601803,
11.resid.18166,29,11,resid,344,64,0.6945549249649048,0.5515767335891724,5,81,0.007323309202754736,4,"[0.2496684193611145, 0.11350572109222412, 0.09294873476028442, 0.09508544206619263, 0.07847040891647339, 0.05367666482925415, 0.050692617893218994, 0.0760388970375061]",0.2496684193611145,-2,0.3081995493636489,2,0.07351266668573735,
3.attn.37629,4223,3,attn,385,64,0.870882511138916,0.9871038198471069,2,129,0.01308182523232018,2,"[0.3856821060180664, 0.32426971197128296, 0.4166407585144043, 0.25326287746429443, 0.30834370851516724, 0.28837788105010986, 0.2474362850189209, 0.1313704252243042]",0.4166407585144043,-4,0.176888695035947,0,0.07274860397453115,
10.mlp.14866,14313,10,mlp,491,64,0.871536374092102,0.9408332705497742,5,156,0.03854326655389973,3,"[0.3322015404701233, 0.40742623805999756, 0.25574785470962524, 0.16940611600875854, 0.23565524816513062, 0.2750955820083618, 0.23247092962265015, 0.2908121347427368]",0.40742623805999756,-3,0.18529349616515367,0,0.07102673260843323,
4.attn.27595,3435,4,attn,239,61,0.1933656930923462,0.4447031021118164,12,68,0.1547292292618955,5,"[0.21071922779083252, 0.25544875860214233, 0.11346673965454102, 0.05052506923675537, 0.01974773406982422, 0.05452084541320801, 0.014397978782653809, 0.009246408939361572]",0.25544875860214233,-3,0.3508560843956718,2,0.06903408852090104,
11.mlp.16211,13270,11,mlp,388,64,0.9075026512145996,0.6454912424087524,1,74,0.00029606304426616344,1,"[0.3625808358192444, 0.25349700450897217, 0.15281695127487183, 0.1583457589149475, 0.11439156532287598, 0.10228341817855835, 0.050146520137786865, 0.037872493267059326]",0.3625808358192444,-2,0.29431826274968514,0,0.06888305682134228,
9.resid.8812,13524,9,resid,504,62,0.5888876914978027,0.5442599058151245,8,152,0.033777749552783384,3,"[0.20535176992416382, 0.17436915636062622, 0.16289716958999634, 0.10243064165115356, 0.10341161489486694, 0.050901949405670166, 0.015913665294647217, 0.007847845554351807]",0.20535176992416382,-2,0.24947859211688922,5,0.06829889892234811,
9.attn.16154,10802,9,attn,739,64,0.8314599990844727,0.8425765633583069,3,157,0.0303101648493915,3,"[0.33633893728256226, 0.17866849899291992, 0.2265007495880127, 0.2395009994506836, 0.21451950073242188, 0.26241356134414673, 0.2978013753890991, 0.259263813495636]",0.33633893728256226,-2,0.1669169707404393,1,0.06689628719934455,
7.resid.29286,2559,7,resid,295,61,0.6147702932357788,0.4990943670272827,6,74,0.02362109509180865,4,"[0.22040176391601562, 0.12720239162445068, 0.061172425746917725, 0.07096987962722778, 0.043759286403656006, 0.03400295972824097, 0.03754323720932007, 0.034249961376190186]",0.22040176391601562,-2,0.35023215716256606,2,0.06672896374938703,
11.attn.27443,7647,11,attn,1050,62,0.7665407061576843,1.0,3,159,0.005061147110381333,2,"[0.2624303698539734, 0.13219302892684937, 0.07643860578536987, 0.10196232795715332, 0.15009284019470215, 0.08770883083343506, 0.11774063110351562, 0.11137628555297852]",0.2624303698539734,-2,0.25235074421343257,0,0.06622449913685655,
8.attn.16443,7198,8,attn,524,64,0.7621469497680664,1.0,1,94,0.0003809266222655744,1,"[0.35851097106933594, 0.2983984351158142, 0.24109947681427002, 0.34520071744918823, 0.38913536071777344, 0.26826101541519165, 0.18569421768188477, 0.2312520146369934]",0.38913536071777344,-6,0.16790791561170323,0,0.0653389073089296,
6.mlp.36039,3717,6,mlp,208,64,0.6480153799057007,0.6833409667015076,1,27,0.006458025736865336,1,"[0.3118849992752075, 0.34330177307128906, 0.3259255886077881, 0.10409021377563477, 0.06741994619369507, 0.05668359994888306, 0.01692795753479004, 0.014843225479125977]",0.34330177307128906,-3,0.2766159464815327,0,0.06489193389164492,
5.attn.34164,4529,5,attn,314,32,0.13748586177825928,0.739728569984436,55,126,0.12912928158000234,3,"[0.07171124219894409, 0.029212236404418945, 0.02073127031326294, 0.027421772480010986, 0.005653977394104004, 0.009800255298614502, 0.0, 0.004334688186645508]",0.07171124219894409,-2,0.4246649949948678,7,0.06371638021609806,
11.attn.22333,12355,11,attn,353,64,0.3830358386039734,0.8709750175476074,5,130,0.027405566743342994,4,"[0.21415656805038452, 0.12936389446258545, 0.2725680470466614, 0.049259960651397705, 0.07555645704269409, 0.0709524154663086, 0.11312282085418701, 0.09366172552108765]",0.2725680470466614,-4,0.2675798531010139,0,0.06352344630508634,
5.mlp.24710,12120,5,mlp,234,63,0.55523681640625,0.5414869785308838,5,36,0.0442997080275063,4,"[0.28667229413986206, 0.11928081512451172, 0.19478148221969604, 0.12151002883911133, 0.13444674015045166, 0.08909517526626587, 0.047982752323150635, 0.01337522268295288]",0.28667229413986206,-2,0.2846386899607098,1,0.062485992023916796,
4.attn.26486,604,4,attn,121,64,0.6488441824913025,0.7963207960128784,1,34,0.019800679737427634,1,"[0.268792986869812, 0.16534322500228882, 0.13525676727294922, 0.12603670358657837, 0.04857069253921509, 0.09065645933151245, 0.04879122972488403, 0.03754192590713501]",0.268792986869812,-2,0.2918522347907485,0,0.0624696415479104,
9.attn.19165,2330,9,attn,548,64,0.26867514848709106,0.7311550378799438,63,209,0.2015107017967106,11,"[0.11519938707351685, 0.040807485580444336, 0.02024942636489868, 0.028768956661224365, 0.030003726482391357, 0.06235337257385254, 0.09158539772033691, 0.07787996530532837]",0.11519938707351685,-2,0.24676009476016625,8,0.06235278099839116,
9.attn.9523,10775,9,attn,482,64,0.21026760339736938,0.9313787221908569,14,177,0.0498558359647262,4,"[0.026548027992248535, 0.046638429164886475, 0.04602855443954468, 0.008610188961029053, 0.059051454067230225, 0.052324771881103516, 0.0977792739868164, 0.0699576735496521]",0.0977792739868164,-8,0.2402802985019099,7,0.061892250787374634,
9.attn.21770,6074,9,attn,684,64,0.10808825492858887,0.8086351156234741,27,236,0.08909523509860773,7,"[0.05477941036224365, 0.02330881357192993, 0.017352938652038574, 0.014044106006622314, 0.024485290050506592, 0.07919114828109741, 0.10507351160049438, 0.1292555332183838]",0.1292555332183838,-9,0.2888451497932309,3,0.06038051538073494,
10.attn.28525,1242,10,attn,500,64,0.5813765525817871,0.7392914891242981,14,205,0.07429422403505143,7,"[0.1934412717819214, 0.1988663673400879, 0.06672066450119019, 0.09425103664398193, 0.04858297109603882, 0.03133600950241089, 0.02708500623703003, 0.027489900588989258]",0.1988663673400879,-3,0.28914525796175033,1,0.06011849765897499,
2.attn.7698,13455,2,attn,287,21,0.6099790930747986,0.6742424368858337,39,88,0.23098747199626665,10,"[0.2230929732322693, 0.23876696825027466, 0.2463427186012268, 0.21421104669570923, 0.14942526817321777, 0.3218390941619873, 0.12408566474914551, 0.1381922960281372]",0.3218390941619873,-7,0.19435243952883438,1,0.05964305423312843,
8.attn.28276,2521,8,attn,225,64,0.34955692291259766,0.7394028902053833,3,111,0.00775228373021443,3,"[0.16707444190979004, 0.06612879037857056, 0.0605739951133728, 0.06421107053756714, 0.03246927261352539, 0.04538089036941528, 0.01811927556991577, 0.04331439733505249]",0.16707444190979004,-2,0.3359819112000443,1,0.05869783146616638,
9.attn.9152,7047,9,attn,429,62,0.40922021865844727,0.7243304252624512,6,177,0.040777930142240584,4,"[0.09457218647003174, 0.09156197309494019, 0.13571935892105103, 0.27502959966659546, 0.19203603267669678, 0.2401043176651001, 0.14941930770874023, 0.14274710416793823]",0.27502959966659546,-5,0.208168109484267,1,0.05864694048178467,
11.attn.7016,7675,11,attn,502,42,0.3420647382736206,0.8817892670631409,14,89,0.24231964661741612,5,"[0.1333301067352295, 0.10381358861923218, 0.07968991994857788, 0.04372107982635498, 0.055662572383880615, 0.17734014987945557, 0.06490755081176758, 0.027446091175079346]",0.17734014987945557,-7,0.2585468588884743,1,0.05717762911303262,
9.attn.35067,9872,9,attn,382,58,0.3170178532600403,0.7639764547348022,3,143,0.005797792530591946,3,"[0.19240236282348633, 0.11719471216201782, 0.07832205295562744, 0.08070594072341919, 0.060673654079437256, 0.0450630784034729, 0.08305138349533081, 0.05102276802062988]",0.19240236282348633,-2,0.27158751909771695,1,0.0564566599306076,
11.attn.32710,122,11,attn,718,64,0.7221143841743469,0.9894847273826599,7,171,0.011822729460473422,5,"[0.23250830173492432, 0.1454339623451233, 0.10329210758209229, 0.0928577184677124, 0.21463239192962646, 0.28807735443115234, 0.21661406755447388, 0.16318851709365845]",0.28807735443115234,-7,0.19777322535238182,0,0.05637489052578355,
9.attn.23959,8912,9,attn,837,64,0.7878952622413635,1.0,25,236,0.05235061313651748,10,"[0.32581764459609985, 0.33901989459991455, 0.28267955780029297, 0.2851787209510803, 0.20172768831253052, 0.20683473348617554, 0.2626860737800598, 0.19325220584869385]",0.33901989459991455,-3,0.1616538514478237,0,0.05480387167951144,
11.attn.28119,13295,11,attn,394,61,0.7396858930587769,0.9489568471908569,5,74,0.027299803853041243,5,"[0.31715893745422363, 0.37289029359817505, 0.3347983956336975, 0.33257150650024414, 0.27267932891845703, 0.31071263551712036, 0.2470112442970276, 0.2221050262451172]",0.37289029359817505,-3,0.1547309261366874,0,0.054752589975429214,
9.attn.2946,1381,9,attn,542,64,0.7195836305618286,1.0,8,107,0.04422051382474533,5,"[0.17855238914489746, 0.20222705602645874, 0.13464051485061646, 0.2729121446609497, 0.1643669605255127, 0.20881140232086182, 0.29644155502319336, 0.1581699252128601]",0.29644155502319336,-8,0.18342771437086788,0,0.05437559688245023,
11.mlp.27137,14186,11,mlp,644,64,0.5558934807777405,0.6834279298782349,11,245,0.03224429669050867,5,"[0.1605614423751831, 0.18466705083847046, 0.1857709288597107, 0.11795979738235474, 0.06905019283294678, 0.054789602756500244, 0.05217623710632324, 0.051815807819366455]",0.1857709288597107,-4,0.21187593868245608,3,0.05379997962093983,
4.resid.26669,6381,4,resid,329,64,0.5003769993782043,0.5133453607559204,4,96,0.022877533837771784,4,"[0.21752244234085083, 0.10710245370864868, 0.08327680826187134, 0.08218353986740112, 0.061222970485687256, 0.048329949378967285, 0.03686946630477905, 0.011762022972106934]",0.21752244234085083,-2,0.335543151259268,1,0.05298794649742593,
11.attn.31644,9547,11,attn,2151,59,0.9035534858703613,1.0,3,269,0.0030907894880919853,3,"[0.2707875967025757, 0.21524947881698608, 0.25525569915771484, 0.3131471872329712, 0.26466894149780273, 0.2361154556274414, 0.241135835647583, 0.11994040012359619]",0.3131471872329712,-5,0.16341235194604922,0,0.05117211837102966,
10.attn.34849,9694,10,attn,455,64,0.20326977968215942,0.9739882946014404,32,198,0.151465021882607,8,"[0.0955425500869751, 0.03173023462295532, 0.046920835971832275, 0.02897357940673828, 0.027507305145263672, 0.02909088134765625, 0.024105548858642578, 0.01958942413330078]",0.0955425500869751,-2,0.31484359348054103,2,0.05074649532317069,
11.mlp.30,11372,11,mlp,523,63,0.8684567213058472,0.9123167395591736,0,179,0.0,0,"[0.30725806951522827, 0.28104835748672485, 0.25007331371307373, 0.2000366449356079, 0.1513013243675232, 0.18392592668533325, 0.1523093581199646, 0.1745051145553589]",0.30725806951522827,-2,0.18069134889037114,0,0.05065079905880551,
10.mlp.2999,14339,10,mlp,458,64,0.579384982585907,0.8860089182853699,16,202,0.0741927714545976,8,"[0.18153101205825806, 0.11222594976425171, 0.16099965572357178, 0.14227980375289917, 0.13066703081130981, 0.07850241661071777, 0.11687105894088745, 0.0900687575340271]",0.18153101205825806,-2,0.17917562568817874,2,0.04991470162344987,
11.mlp.6984,14216,11,mlp,320,64,0.5506569147109985,0.5770459175109863,3,126,0.0030165031749527513,3,"[0.2125946283340454, 0.12234282493591309, 0.028692662715911865, 0.045479416847229004, 0.04826200008392334, 0.01496213674545288, 0.018611431121826172, 0.03375601768493652]",0.2125946283340454,-2,0.4051728133423242,0,0.04970532945640631,
10.attn.13757,1237,10,attn,875,64,0.8279774188995361,1.0,10,242,0.020276709230338898,6,"[0.27621400356292725, 0.24327147006988525, 0.1616271734237671, 0.24664169549942017, 0.15246593952178955, 0.15450704097747803, 0.13613706827163696, 0.17876297235488892]",0.27621400356292725,-2,0.17824543502294926,0,0.04923388522450443,
10.attn.25658,12483,10,attn,583,64,0.3885822892189026,0.7807482481002808,15,243,0.01933189397368859,10,"[0.13849270343780518, 0.08274799585342407, 0.048093438148498535, 0.04823678731918335, 0.038220345973968506, 0.03211009502410889, 0.023831725120544434, 0.02863389253616333]",0.13849270343780518,-2,0.3144938395794769,1,0.04809113776347857,
5.attn.39143,11117,5,attn,295,64,0.06831681728363037,0.6462768316268921,85,214,0.45673603735226703,5,"[0.03358083963394165, 0.05443483591079712, 0.029744207859039307, 0.06536716222763062, 0.0584983229637146, 0.031311869621276855, 0.0, 0.0005363225936889648]",0.06536716222763062,-5,0.23902552785724016,21,0.04736241566590503,
7.attn.15833,11097,7,attn,462,62,0.5613621473312378,0.7513298988342285,3,149,0.007967335286926416,2,"[0.20753729343414307, 0.23420995473861694, 0.30993854999542236, 0.17181766033172607, 0.208249032497406, 0.17144304513931274, 0.18324345350265503, 0.05416947603225708]",0.30993854999542236,-4,0.2011793112277379,0,0.046847841488174786,
6.attn.33383,11260,6,attn,219,64,0.6920753121376038,0.928413450717926,0,50,0.0,0,"[0.23310136795043945, 0.16750282049179077, 0.22182661294937134, 0.1065436601638794, 0.07773643732070923, 0.1384258270263672, 0.11139881610870361, 0.08555859327316284]",0.23310136795043945,-2,0.2040999605451862,0,0.044170179764677985,
7.attn.5922,10190,7,attn,305,64,0.5848612785339355,0.9602329134941101,1,34,0.0217762444330845,1,"[0.14552360773086548, 0.22076314687728882, 0.1598529815673828, 0.14300459623336792, 0.14387184381484985, 0.12421542406082153, 0.0839114785194397, 0.06656754016876221]",0.22076314687728882,-3,0.20296128678579514,0,0.04302455347923814,
9.attn.40012,4218,9,attn,428,64,0.4770311117172241,0.8614779710769653,14,152,0.07291013130594325,5,"[0.07866764068603516, 0.12434768676757812, 0.16268283128738403, 0.0607563853263855, 0.1477675437927246, 0.1599123477935791, 0.06893885135650635, 0.1157463788986206]",0.16268283128738403,-4,0.1770563227186402,2,0.04297916424878944,
9.attn.70,3307,9,attn,558,64,0.8489734530448914,1.0,9,81,0.03258198464168862,6,"[0.1995406150817871, 0.15791696310043335, 0.20905596017837524, 0.16705727577209473, 0.12829285860061646, 0.09524703025817871, 0.23811757564544678, 0.14315176010131836]",0.23811757564544678,-8,0.1779147691637202,0,0.042364633504784345,
11.attn.2640,13282,11,attn,936,61,0.6725106239318848,0.9440270066261292,14,59,0.07179340196509051,8,"[0.16105037927627563, 0.1406344771385193, 0.15137368440628052, 0.14685791730880737, 0.1972525715827942, 0.16814661026000977, 0.20214784145355225, 0.16951274871826172]",0.20214784145355225,-8,0.15119778264996084,1,0.04080505306917061,
9.attn.14171,12650,9,attn,564,64,0.7863122820854187,1.0,8,148,0.025256254979581852,6,"[0.24419212341308594, 0.17193388938903809, 0.17852658033370972, 0.22666388750076294, 0.18171828985214233, 0.25659269094467163, 0.21049600839614868, 0.17449772357940674]",0.25659269094467163,-7,0.1560193265008382,0,0.04003341882622539,
9.attn.2299,3287,9,attn,424,64,0.8482532501220703,1.0,6,29,0.258901568530632,4,"[0.17041486501693726, 0.19590610265731812, 0.1653384566307068, 0.25245630741119385, 0.25878822803497314, 0.22068774700164795, 0.209825336933136, 0.2630458474159241]",0.2630458474159241,-9,0.15148371368248112,0,0.03984716183531946,
10.resid.12706,2065,10,resid,948,64,0.32054978609085083,0.4484660029411316,57,257,0.20151340709413904,9,"[0.087485671043396, 0.06965839862823486, 0.04370981454849243, 0.062263429164886475, 0.021304666996002197, 0.03580862283706665, 0.0, 0.03534644842147827]",0.087485671043396,-2,0.24603857487428324,16,0.03980101217574111,
8.resid.8012,4254,8,resid,269,64,0.16179794073104858,0.589468240737915,7,146,0.054277630694027336,4,"[0.10038888454437256, 0.03920590877532959, 0.03201591968536377, 0.03323686122894287, 0.03812062740325928, 0.030885398387908936, 0.02573031187057495, 0.04096955060958862]",0.10038888454437256,-2,0.29478157058173576,4,0.03900599587343613,
11.mlp.34318,8553,11,mlp,234,64,0.5688831210136414,0.4194266200065613,22,126,0.2518273327244609,5,"[0.15563905239105225, 0.19112926721572876, 0.10898745059967041, 0.08451271057128906, 0.08330899477005005, 0.029617726802825928, 0.02414649724960327, 0.029654204845428467]",0.19112926721572876,-3,0.27033999209032505,2,0.03753652887182587,
11.mlp.2893,9472,11,mlp,339,64,0.35177648067474365,0.4246419072151184,6,190,0.03775538193201026,3,"[0.1392432451248169, 0.0771106481552124, 0.07602214813232422, 0.03165411949157715, 0.06378716230392456, 0.03600817918777466, 0.03879481554031372, 0.02808380126953125]",0.1392432451248169,-2,0.2837621280829536,4,0.03751771867684648,
7.resid.17364,6304,7,resid,494,64,0.5373116135597229,0.43566203117370605,14,137,0.03553194987722368,7,"[0.18398058414459229, 0.1579606533050537, 0.12715399265289307, 0.11507683992385864, 0.09696108102798462, 0.05226081609725952, 0.026461780071258545, 0.05336540937423706]",0.18398058414459229,-2,0.22623683932971586,3,0.03626728338693925,
10.mlp.33197,2109,10,mlp,575,64,0.5448923110961914,0.581161618232727,1,225,0.000701045838559842,1,"[0.213922381401062, 0.15016376972198486, 0.13577449321746826, 0.030868947505950928, 0.06229531764984131, 0.04550206661224365, 0.0488467812538147, 0.04602468013763428]",0.213922381401062,-2,0.2916864428158289,0,0.036263472867077415,
8.mlp.2453,1498,8,mlp,410,62,0.40331411361694336,0.45400142669677734,0,187,0.0,0,"[0.2302842140197754, 0.13275378942489624, 0.0728638768196106, 0.0737084150314331, 0.08462929725646973, 0.024287939071655273, 0.05029416084289551, 0.012522578239440918]",0.2302842140197754,-2,0.3379851037436598,0,0.03533612686413248,
11.attn.30093,6733,11,attn,528,57,0.6290798187255859,0.9320106506347656,5,113,0.023447528249817415,4,"[0.1860310435295105, 0.0658007264137268, 0.06247025728225708, 0.11280804872512817, 0.12617754936218262, 0.12712913751602173, 0.12950801849365234, 0.12503570318222046]",0.1860310435295105,-2,0.19897209198960042,0,0.03449836109755775,
10.attn.16213,14415,10,attn,628,64,0.2521823048591614,0.4194064736366272,33,228,0.07047692118111774,7,"[0.08365875482559204, 0.04364556074142456, 0.03141331672668457, 0.06282663345336914, 0.024751603603363037, 0.02670419216156006, 0.04378914833068848, 0.015792787075042725]",0.08365875482559204,-2,0.2515432452776085,14,0.03418257812530276,
6.attn.40149,13158,6,attn,230,64,0.6590411067008972,0.7537014484405518,8,77,0.05785919804788782,5,"[0.14468973875045776, 0.15056926012039185, 0.10823667049407959, 0.14431554079055786, 0.11106956005096436, 0.11513173580169678, 0.13779467344284058, 0.11042815446853638]",0.15056926012039185,-3,0.14729412604343153,3,0.033431132574674484,
3.attn.36056,1403,3,attn,143,53,0.01786559820175171,0.6036301851272583,83,130,0.483100120794446,4,"[0.0, 0.018625855445861816, 0.0009502768516540527, 0.00028508901596069336, 0.002660810947418213, 9.500980377197266e-05, 0.0, 0.0]",0.018625855445861816,-3,0.8235318921283644,12,0.03338406947924869,
5.attn.39668,12052,5,attn,248,64,0.6142196655273438,0.8002834916114807,3,62,0.025714284776788946,2,"[0.1937481164932251, 0.1577514410018921, 0.1877051591873169, 0.21344375610351562, 0.1368994116783142, 0.1128767728805542, 0.048008084297180176, 0.06460756063461304]",0.21344375610351562,-5,0.191422458603264,0,0.0326979257334915,
5.resid.35667,13098,5,resid,305,64,0.57512366771698,0.7871595025062561,3,87,0.019966886641353595,1,"[0.06276005506515503, 0.13845276832580566, 0.22725486755371094, 0.2289426326751709, 0.19359838962554932, 0.18741661310195923, 0.13046550750732422, 0.10290253162384033]",0.2289426326751709,-5,0.180015589709442,0,0.032441395880678285,
2.attn.36565,3101,2,attn,214,64,0.6126799583435059,0.8078626990318298,14,70,0.2110771434503711,6,"[0.1186521053314209, 0.13079416751861572, 0.05940514802932739, 0.08527129888534546, 0.13759690523147583, 0.0025312304496765137, 0.08151400089263916, 0.0524442195892334]",0.13759690523147583,-6,0.20591894092494592,1,0.032371104367056945,
11.attn.5605,12353,11,attn,400,8,0.14447885751724243,0.7518060207366943,6,396,0.03985290495853873,2,"[0.055211544036865234, 0.03250771760940552, 0.01754385232925415, 0.02063983678817749, 0.0, 0.0, 0.0, 0.0]",0.055211544036865234,-2,0.43852462314793206,2,0.031527555833237304,
9.attn.1421,3277,9,attn,515,64,0.7361901998519897,0.9757810235023499,3,127,0.021231077707597027,2,"[0.18396461009979248, 0.15410560369491577, 0.17163395881652832, 0.13912081718444824, 0.07630634307861328, 0.09283936023712158, 0.11169475317001343, 0.12977606058120728]",0.18396461009979248,-2,0.17364300804541163,0,0.031170513211021707,
7.attn.28485,14866,7,attn,167,64,0.3151165246963501,0.5304180979728699,9,94,0.0607014862589117,5,"[0.1483209729194641, 0.12747156620025635, 0.0784270167350769, 0.05070143938064575, 0.06544792652130127, 0.04788470268249512, 0.06185793876647949, 0.06970065832138062]",0.1483209729194641,-2,0.22825205190955086,2,0.031102565775434948,
9.attn.22520,449,9,attn,250,64,0.4586153030395508,0.9256711602210999,3,65,0.09576813032445264,3,"[0.06752437353134155, 0.11340820789337158, 0.09425896406173706, 0.13252025842666626, 0.10991299152374268, 0.09031754732131958, 0.13925039768218994, 0.11775863170623779]",0.13925039768218994,-8,0.1609921692321305,1,0.029347622724214525,
9.attn.21292,3299,9,attn,551,64,0.2795141339302063,0.4661524295806885,10,193,0.04265082866881685,7,"[0.09888231754302979, 0.02817559242248535, 0.06605541706085205, 0.014656662940979004, 0.00957036018371582, 0.0167313814163208, 0.07107484340667725, 0.04584395885467529]",0.09888231754302979,-2,0.28172360224187437,4,0.029037205871034085,
10.attn.11330,4045,10,attn,527,64,0.6346216201782227,0.9832280278205872,9,210,0.03555834651362142,4,"[0.17148762941360474, 0.19551128149032593, 0.132393479347229, 0.13138067722320557, 0.19867122173309326, 0.18198025226593018, 0.166221022605896, 0.15937447547912598]",0.19867122173309326,-6,0.14859255348088138,0,0.0290259376740158,
11.attn.16989,13280,11,attn,815,54,0.3507494330406189,0.5037603974342346,16,144,0.08898283600464048,3,"[0.18839043378829956, 0.17273980379104614, 0.10926330089569092, 0.07870346307754517, 0.08301997184753418, 0.10060375928878784, 0.09485727548599243, 0.050050318241119385]",0.18839043378829956,-2,0.21465856116749615,1,0.028810187245570894,
11.attn.4927,11419,11,attn,838,46,0.8583231568336487,1.0,1,56,0.0031858624042142955,1,"[0.1764754056930542, 0.10671550035476685, 0.10761088132858276, 0.17321938276290894, 0.16426533460617065, 0.14122915267944336, 0.1032152771949768, 0.1517704725265503]",0.1764754056930542,-2,0.15693658057830268,0,0.027695446725636653,
10.attn.26063,9676,10,attn,608,64,0.3174208998680115,0.8542727828025818,5,227,0.012804284662046335,3,"[0.09814643859863281, 0.09881436824798584, 0.06128412485122681, 0.10486763715744019, 0.11908239126205444, 0.13450783491134644, 0.07998663187026978, 0.10419970750808716]",0.13450783491134644,-7,0.16794813305955558,1,0.027291935137129533,
11.mlp.260,7615,11,mlp,422,64,0.4529581069946289,0.5726450681686401,23,224,0.03267795284264236,6,"[0.15927767753601074, 0.15769028663635254, 0.15959513187408447, 0.13485097885131836, 0.061626970767974854, 0.049040138721466064, 0.022708594799041748, 0.012736260890960693]",0.15959513187408447,-4,0.21067940035146254,1,0.027229661097729313,
10.attn.11580,6876,10,attn,607,20,0.021524488925933838,0.5940955877304077,39,233,0.14085756482808226,3,"[0.01757502555847168, 0.01540285348892212, 0.0, 0.0, 0.0, 0.0, 0.0, 0.0]",0.01757502555847168,-2,0.532933774583075,22,0.026686367022591913,
10.attn.18317,8764,10,attn,279,16,0.12949848175048828,0.4978340268135071,11,216,0.040000760046205855,3,"[0.08655446767807007, 0.12312561273574829, 0.10996335744857788, 0.016827702522277832, 0.027490854263305664, 0.0113295316696167, 0.0, 0.026491165161132812]",0.12312561273574829,-3,0.30644827501800603,1,0.026564714996484225,
11.resid.34845,1919,11,resid,526,64,0.3827618360519409,0.4362998604774475,31,169,0.2045922672407204,11,"[0.10274314880371094, 0.08357232809066772, 0.07203865051269531, 0.06321698427200317, 0.06140899658203125, 0.0686720609664917, 0.03566086292266846, 0.0439838171005249]",0.10274314880371094,-2,0.19338181460814957,8,0.026006076247437275,
10.attn.10039,13437,10,attn,351,64,0.28900086879730225,0.9003854393959045,11,133,0.016577224362043723,7,"[0.07898014783859253, 0.05466943979263306, 0.050518810749053955, 0.039845824241638184, 0.02478504180908203, 0.020515859127044678, 0.030121564865112305, 0.023006200790405273]",0.07898014783859253,-2,0.2449430596259234,1,0.02463352380437885,
9.attn.18970,14584,9,attn,413,64,0.8776863217353821,1.0,2,141,0.0043419780283307655,2,"[0.15048646926879883, 0.11434835195541382, 0.13770979642868042, 0.15417510271072388, 0.1108735203742981, 0.08890193700790405, 0.11851811408996582, 0.1036565899848938]",0.15417510271072388,-5,0.15753535035113436,0,0.02428802882095601,
11.attn.29373,2011,11,attn,408,64,0.2049388289451599,0.9398319125175476,22,145,0.14853059079889194,8,"[0.05577349662780762, 0.010462343692779541, 0.01984769105911255, 0.014924228191375732, 0.0, 0.04935956001281738, 0.05354255437850952, 0.04346489906311035]",0.05577349662780762,-2,0.22546153734946725,3,0.02363635586530301,
5.mlp.40657,6494,5,mlp,699,64,0.4622769355773926,0.5218163132667542,3,159,0.004142429780853347,3,"[0.13402783870697021, 0.09483319520950317, 0.07044756412506104, 0.06885921955108643, 0.06021678447723389, 0.0517612099647522, 0.0533028244972229, 0.033728837966918945]",0.13402783870697021,-2,0.23630670245749663,1,0.023372421194833366,
11.mlp.34379,4804,11,mlp,355,64,0.4044190049171448,0.7164084911346436,0,176,0.0,0,"[0.10954225063323975, 0.05519366264343262, 0.04545772075653076, 0.021408438682556152, 0.015563368797302246, 0.03320419788360596, 0.04940140247344971, 0.03992956876754761]",0.10954225063323975,-2,0.2962998909963923,0,0.0232527260988006,
11.attn.36297,2955,11,attn,604,64,0.2670876979827881,0.7483139634132385,12,187,0.06190246464319654,8,"[0.11001980304718018, 0.03307819366455078, 0.11010009050369263, 0.05930525064468384, 0.08237433433532715, 0.0736498236656189, 0.0854787826538086, 0.09032273292541504]",0.11010009050369263,-4,0.17087557528658293,1,0.01990978236145353,
9.attn.35613,2360,9,attn,410,64,0.29055237770080566,0.7275537252426147,2,181,0.0028909113062393506,2,"[0.09824639558792114, 0.11595791578292847, 0.07181060314178467, 0.09393906593322754, 0.08057868480682373, 0.06711965799331665, 0.08491891622543335, 0.08856862783432007]",0.11595791578292847,-3,0.16538485570434852,1,0.019732231683743346,
8.attn.16018,7206,8,attn,173,64,0.2778894901275635,0.8213310837745667,11,109,0.07454282146741216,7,"[0.07517421245574951, 0.044141948223114014, 0.026722192764282227, 0.05213344097137451, 0.07578480243682861, 0.0661231279373169, 0.08233964443206787, 0.07352203130722046]",0.08233964443206787,-8,0.16602696275086787,2,0.019447621659308658,
8.mlp.19539,13699,8,mlp,442,64,0.3965790867805481,0.7244784832000732,10,189,0.06431211166112058,8,"[0.1294117569923401, 0.07738840579986572, 0.09910303354263306, 0.11818939447402954, 0.08343762159347534, 0.03708803653717041, 0.0399666428565979, 0.04359614849090576]",0.1294117569923401,-2,0.20601028794694515,0,0.019314707440395356,
11.attn.30203,2947,11,attn,615,64,0.11801677942276001,0.8918228149414062,2,223,0.00183226062820089,2,"[0.05680549144744873, 0.04840511083602905, 0.021324098110198975, 0.012747466564178467, 0.004523277282714844, 0.005991876125335693, 0.0011748671531677246, 0.0028197169303894043]",0.05680549144744873,-2,0.36936594062475775,0,0.018712238593434346,
10.mlp.27388,8723,10,mlp,231,64,0.30658841133117676,0.617805004119873,5,148,0.017788677261580548,3,"[0.10974788665771484, 0.08705306053161621, 0.045389652252197266, 0.06350588798522949, 0.03072226047515869, 0.01569807529449463, 0.03543961048126221, 0.02634185552597046]",0.10974788665771484,-2,0.2651566568899668,0,0.01797836207048151,
9.attn.20415,7058,9,attn,455,64,0.2554803490638733,0.637152910232544,5,178,0.031884933581403915,5,"[0.08009588718414307, 0.027863800525665283, 0.05040949583053589, 0.014181554317474365, 0.018226325511932373, 0.06010937690734863, 0.05138319730758667, 0.02374410629272461]",0.08009588718414307,-2,0.24568254770958697,1,0.017731406741725558,
2.attn.26178,14401,2,attn,141,42,0.05122494697570801,0.533024787902832,2,54,0.02120727534523814,1,"[0.030762791633605957, 0.012110233306884766, 0.006124734878540039, 0.0006960034370422363, 0.0, 0.0, 0.0009744167327880859, 0.0]",0.030762791633605957,-2,0.6071422269433965,2,0.017243452161285415,
9.attn.10501,7985,9,attn,262,64,0.2281307578086853,0.528107762336731,1,97,0.0017059087506621122,1,"[0.11708104610443115, 0.08066296577453613, 0.051289141178131104, 0.03126150369644165, 0.049815833568573, 0.03982502222061157, 0.03545117378234863, 0.01606816053390503]",0.11708104610443115,-2,0.27780211089518514,0,0.017176896014900894,
11.attn.27718,7653,11,attn,567,62,0.18478715419769287,0.6215567588806152,3,161,0.007417509906192345,3,"[0.043718695640563965, 0.07069075107574463, 0.043040454387664795, 0.03521496057510376, 0.01382511854171753, 0.0146598219871521, 0.009286284446716309, 0.03302377462387085]",0.07069075107574463,-3,0.26831696764999524,1,0.01667272259635876,
11.attn.19950,8598,11,attn,420,64,0.3145409822463989,0.827405571937561,24,189,0.07438260652734592,10,"[0.0795738697052002, 0.03609055280685425, 0.03737121820449829, 0.0334128737449646, 0.09191453456878662, 0.10575413703918457, 0.08912044763565063, 0.09377729892730713]",0.10575413703918457,-7,0.18651032089791034,0,0.016319944452762292,
11.mlp.3112,1016,11,mlp,623,64,0.3086656332015991,0.4613848328590393,24,205,0.06475887039704668,6,"[0.05483126640319824, 0.10483765602111816, 0.09041088819503784, 0.05371296405792236, 0.05262655019760132, 0.024667680263519287, 0.030195534229278564, 0.044414639472961426]",0.10483765602111816,-3,0.2300599189309029,1,0.015737530196477705,
9.attn.24049,13611,9,attn,676,64,0.3366156220436096,0.4181809425354004,3,176,0.0067211302815837265,2,"[0.09373188018798828, 0.10800069570541382, 0.0798376202583313, 0.0339503288269043, 0.08817416429519653, 0.05374056100845337, 0.11941814422607422, 0.13705778121948242]",0.13705778121948242,-9,0.1919815600025448,1,0.015561177200622858,
10.attn.14976,6880,10,attn,420,64,0.20739662647247314,0.6461598873138428,10,175,0.041815044977273015,6,"[0.05625450611114502, 0.05120140314102173, 0.06899040937423706, 0.06621891260147095, 0.03697019815444946, 0.06255155801773071, 0.039238929748535156, 0.02779209613800049]",0.06899040937423706,-4,0.16859084188437354,3,0.015031166695312468,
7.mlp.21767,13867,7,mlp,390,62,0.4941607713699341,0.420457661151886,0,88,0.0,0,"[0.11658066511154175, 0.15798139572143555, 0.07594376802444458, 0.09156030416488647, 0.047494590282440186, 0.10344243049621582, 0.06973111629486084, 0.04919201135635376]",0.15798139572143555,-3,0.2219069583991013,0,0.014740056128704666,
10.attn.22152,13447,10,attn,646,64,0.3068217635154724,0.5361689329147339,4,195,0.00796677731769039,3,"[0.08683711290359497, 0.040619075298309326, 0.0763390064239502, 0.057765960693359375, 0.01859283447265625, 0.038638293743133545, 0.018698513507843018, 0.011092305183410645]",0.08683711290359497,-2,0.2491145220436732,0,0.011598613251873297,
11.attn.36023,8583,11,attn,197,64,0.3936064839363098,0.8899144530296326,3,57,0.0351235178941599,3,"[0.0667266845703125, 0.0317874550819397, 0.027645230293273926, 0.04128772020339966, 0.04714095592498779, 0.056776225566864014, 0.051193177700042725, 0.02201712131500244]",0.0667266845703125,-2,0.19364947460665125,0,0.011499107391608232,
9.resid.13808,8818,9,resid,255,64,0.3746070861816406,0.41123050451278687,12,123,0.05259670968644398,5,"[0.07574588060379028, 0.07054156064987183, 0.06799095869064331, 0.06925338506698608, 0.04895138740539551, 0.03601795434951782, 0.037100017070770264, 0.026073038578033447]",0.07574588060379028,-2,0.175470027371173,3,0.010931437624275682,
9.attn.26282,5133,9,attn,252,64,0.07098323106765747,0.7907793521881104,5,143,0.012220055666714266,3,"[0.03299760818481445, 0.015395700931549072, 0.0070983171463012695, 0.008633077144622803, 0.014676272869110107, 0.012470006942749023, 0.019760191440582275, 0.025611519813537598]",0.03299760818481445,-2,0.24148827211007798,2,0.010914263983876278,
4.attn.29260,6271,4,attn,165,64,0.0964927077293396,0.7243245840072632,12,94,0.11886763189720746,6,"[0.04447054862976074, 0.053112924098968506, 0.07035577297210693, 0.057056546211242676, 0.02966099977493286, 0.02273869514465332, 0.033562660217285156, 0.04866588115692139]",0.07035577297210693,-4,0.19563701937021524,0,0.009969743890253702,
8.attn.23156,14722,8,attn,331,64,0.2131260633468628,0.8924253582954407,18,147,0.12128936010335327,7,"[0.02931159734725952, 0.0368615984916687, 0.011991143226623535, 0.03449296951293945, 0.03824329376220703, 0.023784875869750977, 0.015889465808868408, 0.042536377906799316]",0.042536377906799316,-9,0.18247238081503794,1,0.009795904541892237,
9.attn.36674,5152,9,attn,564,64,0.1187250018119812,0.9067857265472412,109,206,0.37701085859178407,9,"[0.03988295793533325, 0.02633202075958252, 0.023200929164886475, 0.019248545169830322, 0.01964634656906128, 0.018799424171447754, 0.034159719944000244, 0.031407177448272705]",0.03988295793533325,-2,0.18752820104648654,1,0.009591214884316234,
10.mlp.18490,6823,10,mlp,458,64,0.4652186632156372,0.4867095947265625,10,183,0.02706729178492604,4,"[0.11416029930114746, 0.11187118291854858, 0.11042362451553345, 0.11754012107849121, 0.0769956111907959, 0.08989548683166504, 0.04400515556335449, 0.05219215154647827]",0.11754012107849121,-5,0.1639141038481075,0,0.009377182430981595,
2.attn.40761,4987,2,attn,236,64,0.4464307427406311,0.4397459030151367,38,93,0.3925118117828573,9,"[0.05928611755371094, 0.05299454927444458, 0.0514216423034668, 0.06606173515319824, 0.06975197792053223, 0.056442856788635254, 0.03847551345825195, 0.055656373500823975]",0.06975197792053223,-6,0.15497313696901316,1,0.006722483595179661,
11.attn.27353,12331,11,attn,220,64,0.12240493297576904,0.5060830116271973,1,127,0.0015706833611752763,1,"[0.029987335205078125, 0.05208718776702881, 0.031029105186462402, 0.036684274673461914, 0.05104547739028931, 0.053128957748413086, 0.031029105186462402, 0.03727954626083374]",0.053128957748413086,-7,0.16485802164307606,1,0.0062687093903617715,
7.mlp.25027,3551,7,mlp,167,64,0.15282589197158813,0.6117745637893677,1,14,0.0180666516769757,1,"[0.0536007285118103, 0.05135214328765869, 0.02673959732055664, 0.04290491342544556, 0.04673349857330322, 0.05815863609313965, 0.0625949501991272, 0.04794895648956299]",0.0625949501991272,-8,0.160486118274517,0,0.006145655148962073,
8.resid.14718,1434,8,resid,702,60,0.329648494720459,0.12936609983444214,21,153,0.03460109199049366,4,"[0.0, 0.0, 0.0, 0.0, 0.0, 0.0, 0.0, 0.0]",0.0,0,0.0,0,0.0,
9.mlp.16754,11686,9,mlp,543,64,0.205735445022583,0.17562425136566162,3,132,0.007546262242311518,2,"[0.0, 0.0, 0.0, 0.0, 0.0, 0.0, 0.0, 0.0]",0.0,0,0.0,0,0.0,
5.resid.30198,11209,5,resid,227,62,0.02743464708328247,0.026472032070159912,7,97,0.035724196287363875,3,"[0.0, 0.0, 0.0, 0.0, 0.0, 0.0, 0.0, 0.0]",0.0,0,0.0,0,0.0,
2.mlp.20796,11603,2,mlp,259,62,0.1945863962173462,0.018846452236175537,1,66,0.011460618595327566,1,"[0.0, 0.0, 0.0, 0.0, 0.0, 0.0, 0.0, 0.0]",0.0,0,0.0,0,0.0,
1.resid.27408,9638,1,resid,134,59,0.07724690437316895,0.01964402198791504,4,46,0.10395634376553083,3,"[0.0, 0.0, 0.0, 0.0, 0.0, 0.0, 0.0, 0.0]",0.0,0,0.0,0,0.0,
2.resid.37505,4175,2,resid,173,31,0.06391644477844238,0.03199523687362671,2,30,0.04239894494360175,2,"[0.0, 0.0, 0.0, 0.0, 0.0, 0.0, 0.0, 0.0]",0.0,0,0.0,0,0.0,
8.mlp.23250,9016,8,mlp,498,60,0.0465964674949646,0.012663006782531738,76,154,0.4629444813331349,10,"[0.0, 0.0, 0.0, 0.0, 0.0, 0.0, 0.0, 0.0]",0.0,0,0.0,0,0.0,
2.mlp.32756,9764,2,mlp,268,27,0.09320497512817383,0.03404492139816284,23,53,0.17999755325209044,4,"[0.0, 0.0, 0.0, 0.0, 0.0, 0.0, 0.0, 0.0]",0.0,0,0.0,0,0.0,
2.resid.18843,9812,2,resid,82,10,0.14826667308807373,0.04266667366027832,14,31,0.45032461549225994,5,"[0.0, 0.0, 0.0, 0.0, 0.0, 0.0, 0.0, 0.0]",0.0,0,0.0,0,0.0,
4.mlp.31179,10085,4,mlp,282,57,0.13954496383666992,0.04043126106262207,1,59,0.014123673973787474,1,"[0.0, 0.0, 0.0, 0.0, 0.0, 0.0, 0.0, 0.0]",0.0,0,0.0,0,0.0,
1.resid.1070,13385,1,resid,113,57,0.08633124828338623,0.026545166969299316,1,33,0.0038204326707588533,1,"[0.0, 0.0, 0.0, 0.0, 0.0, 0.0, 0.0, 0.0]",0.0,0,0.0,0,0.0,
1.mlp.28619,7707,1,mlp,94,59,0.08391207456588745,0.04389965534210205,2,31,0.05844251955440139,1,"[0.0, 0.0, 0.0, 0.0, 0.0, 0.0, 0.0, 0.0]",0.0,0,0.0,0,0.0,
3.resid.31735,10915,3,resid,264,49,0.0562095046043396,0.01347661018371582,13,49,0.14407143455868104,3,"[0.0, 0.0, 0.0, 0.0, 0.0, 0.0, 0.0, 0.0]",0.0,0,0.0,0,0.0,
0.resid.7361,11361,0,resid,62,44,0.0,0.0,2,26,0.20843054770703087,2,"[0.0, 0.0, 0.0, 0.0, 0.0, 0.0, 0.0, 0.0]",0.0,0,0.0,0,0.0,
2.resid.1764,5100,2,resid,183,63,0.04240995645523071,0.015421807765960693,5,37,0.05416178859188034,3,"[0.0, 0.0, 0.0, 0.0, 0.0, 0.0, 0.0, 0.0]",0.0,0,0.0,0,0.0,
3.resid.28494,552,3,resid,284,60,0.09898090362548828,0.08577495813369751,4,84,0.008026851089438928,3,"[0.0, 0.0, 0.0, 0.0, 0.0, 0.0, 0.0, 0.0]",0.0,0,0.0,0,0.0,
1.resid.30212,4029,1,resid,87,60,0.0,0.0022426247596740723,7,41,0.10967625331566373,4,"[0.0, 0.0, 0.0, 0.0, 0.0, 0.0, 0.0, 0.0]",0.0,0,0.0,0,0.0,
3.mlp.7557,7111,3,mlp,210,63,0.1259908676147461,0.06932026147842407,7,45,0.08522873240845018,3,"[0.0, 0.0, 0.0, 0.0, 0.0, 0.0, 0.0, 0.0]",0.0,0,0.0,0,0.0,
0.resid.16698,13233,0,resid,43,44,0.042101502418518066,0.0,2,14,0.032768641668471196,2,"[0.0, 0.0, 0.0, 0.0, 0.0, 0.0, 0.0, 0.0]",0.0,0,0.0,0,0.0,
1.mlp.16197,1122,1,mlp,135,50,0.0435713529586792,0.015743672847747803,1,45,0.009103181808863284,1,"[0.0, 0.0, 0.0, 0.0, 0.0, 0.0, 0.0, 0.0]",0.0,0,0.0,0,0.0,
1.resid.39196,6828,1,resid,66,42,0.11451900005340576,0.031235158443450928,10,24,0.18268620699965393,3,"[0.0, 0.0, 0.0, 0.0, 0.0, 0.0, 0.0, 0.0]",0.0,0,0.0,0,0.0,
2.mlp.3144,3194,2,mlp,190,60,0.10970807075500488,0.07898980379104614,4,51,0.09496496732540093,3,"[0.0, 0.0, 0.0, 0.0, 0.0, 0.0, 0.0, 0.0]",0.0,0,0.0,0,0.0,
5.mlp.22785,6466,5,mlp,217,40,0.4210025668144226,0.3338310122489929,8,48,0.049836999096231606,3,"[0.0, 0.0, 0.0, 0.0, 0.0, 0.0, 0.0, 0.0]",0.0,0,0.0,0,0.0,
2.mlp.13205,5058,2,mlp,108,63,0.06435221433639526,0.033473074436187744,0,40,0.0,0,"[0.0, 0.0, 0.0, 0.0, 0.0, 0.0, 0.0, 0.0]",0.0,0,0.0,0,0.0,
5.mlp.26897,2694,5,mlp,364,41,0.23554247617721558,0.20702600479125977,17,84,0.15956378618972553,3,"[0.0, 0.0, 0.0, 0.0, 0.0, 0.0, 0.0, 0.0]",0.0,0,0.0,0,0.0,
5.mlp.16713,8344,5,mlp,409,59,0.1707700490951538,0.06037193536758423,4,97,0.04110135857823128,1,"[0.0, 0.0, 0.0, 0.0, 0.0, 0.0, 0.0, 0.0]",0.0,0,0.0,0,0.0,
6.attn.5118,927,6,attn,303,54,0.0,0.361316442489624,92,189,0.33938027088465655,2,"[0.0, 0.0, 0.0, 0.0, 0.0, 0.0, 0.0, 0.0]",0.0,0,0.0,0,0.0,
3.mlp.31287,14619,3,mlp,343,61,0.18725574016571045,0.10357028245925903,15,59,0.1451343186428104,5,"[0.0, 0.0, 0.0, 0.0, 0.0, 0.0, 0.0, 0.0]",0.0,0,0.0,0,0.0,
1.resid.33769,6814,1,resid,75,41,0.0259435772895813,0.0,7,22,0.4363563710409384,3,"[0.0, 0.0, 0.0, 0.0, 0.0, 0.0, 0.0, 0.0]",0.0,0,0.0,0,0.0,
1.resid.17191,9662,1,resid,82,32,0.01323789358139038,0.009413599967956543,4,33,0.26868363396436296,2,"[0.0, 0.0, 0.0, 0.0, 0.0, 0.0, 0.0, 0.0]",0.0,0,0.0,0,0.0,
6.mlp.3049,12171,6,mlp,545,49,0.2718331813812256,0.1296471357345581,22,102,0.11193541202886148,5,"[0.0, 0.0, 0.0, 0.0, 0.0, 0.0, 0.0, 0.0]",0.0,0,0.0,0,0.0,
10.mlp.299,3080,10,mlp,445,64,0.31765806674957275,0.3869200348854065,8,182,0.08088473186428465,3,"[0.0, 0.0, 0.0, 0.0, 0.0, 0.0, 0.0, 0.0]",0.0,0,0.0,0,0.0,
5.mlp.33865,3676,5,mlp,236,50,0.2716095447540283,0.2020864486694336,33,61,0.22840580406767294,5,"[0.0, 0.0, 0.0, 0.0, 0.0, 0.0, 0.0, 0.0]",0.0,0,0.0,0,0.0,
2.mlp.13510,2207,2,mlp,186,58,0.11485278606414795,0.16748440265655518,7,72,0.11238483509970258,3,"[0.0, 0.0, 0.0, 0.0, 0.0, 0.0, 0.0, 0.0]",0.0,0,0.0,0,0.0,
2.mlp.27925,8813,2,mlp,221,54,0.3216440677642822,0.2346656322479248,12,70,0.1148199928504802,2,"[0.0, 0.0, 0.0, 0.0, 0.0, 0.0, 0.0, 0.0]",0.0,0,0.0,0,0.0,
2.resid.1104,1365,2,resid,218,61,0.0840151309967041,0.03267538547515869,11,39,0.19426733523789677,5,"[0.0, 0.0, 0.0, 0.0, 0.0, 0.0, 0.0, 0.0]",0.0,0,0.0,0,0.0,
1.resid.29306,14342,1,resid,52,44,0.00207597017288208,0.0,18,40,0.2805296959785476,4,"[0.0, 0.0, 0.0, 0.0, 0.0, 0.0, 0.0, 0.0]",0.0,0,0.0,0,0.0,
6.attn.17152,942,6,attn,324,64,0.014060616493225098,0.32108408212661743,225,234,0.8588081828605422,4,"[0.0, 0.0, 0.0, 0.0, 0.0, 0.0, 0.0, 0.0]",0.0,0,0.0,0,0.0,
1.mlp.23742,9576,1,mlp,104,62,0.09781748056411743,0.019563496112823486,7,46,0.19642233795621258,2,"[0.0, 0.0, 0.0, 0.0, 0.0, 0.0, 0.0, 0.0]",0.0,0,0.0,0,0.0,
0.mlp.36356,8464,0,mlp,30,56,0.0,0.005648434162139893,5,13,0.14788709580643059,1,"[0.0, 0.0, 0.0, 0.0, 0.0, 0.0, 0.0, 0.0]",0.0,0,0.0,0,0.0,
2.attn.36558,303,2,attn,144,62,0.042289912700653076,0.042877256870269775,4,49,0.0356867917983821,3,"[0.0, 0.0, 0.0, 0.0, 0.0, 0.0, 0.0, 0.0]",0.0,0,0.0,0,0.0,
4.resid.25556,9212,4,resid,336,58,0.253883957862854,0.14254367351531982,0,115,0.0,0,"[0.0, 0.0, 0.0, 0.0, 0.0, 0.0, 0.0, 0.0]",0.0,0,0.0,0,0.0,
4.resid.11724,3532,4,resid,298,63,0.4674381613731384,0.33698010444641113,18,73,0.195031736770135,3,"[0.0, 0.0, 0.0, 0.0, 0.0, 0.0, 0.0, 0.0]",0.0,0,0.0,0,0.0,
3.mlp.40302,3342,3,mlp,186,52,0.2179970145225525,0.18200302124023438,9,53,0.1544530214601402,4,"[0.0, 0.0, 0.0, 0.0, 0.0, 0.0, 0.0, 0.0]",0.0,0,0.0,0,0.0,
5.mlp.32057,11165,5,mlp,265,43,0.21763432025909424,0.10301721096038818,10,43,0.0970341257447068,2,"[0.0, 0.0, 0.0, 0.0, 0.0, 0.0, 0.0, 0.0]",0.0,0,0.0,0,0.0,
6.resid.3241,12129,6,resid,397,64,0.20425063371658325,0.26301223039627075,10,131,0.05641256053774271,5,"[0.0, 0.0, 0.0, 0.0, 0.0, 0.0, 0.0, 0.0]",0.0,0,0.0,0,0.0,
1.resid.19694,4001,1,resid,229,30,0.19655102491378784,0.018322527408599854,9,55,0.12950755634744313,6,"[0.0, 0.0, 0.0, 0.0, 0.0, 0.0, 0.0, 0.0]",0.0,0,0.0,0,0.0,
5.resid.21998,14992,5,resid,271,46,0.08172869682312012,0.0931749939918518,12,84,0.1409895767801719,3,"[0.0, 0.0, 0.0, 0.0, 0.0, 0.0, 0.0, 0.0]",0.0,0,0.0,0,0.0,
3.resid.18835,12758,3,resid,206,56,0.05137217044830322,0.025402605533599854,1,66,0.007801628900665574,1,"[0.0, 0.0, 0.0, 0.0, 0.0, 0.0, 0.0, 0.0]",0.0,0,0.0,0,0.0,
1.resid.9292,7781,1,resid,120,64,0.04372817277908325,0.019505739212036133,1,47,0.05580163599266069,1,"[0.0, 0.0, 0.0, 0.0, 0.0, 0.0, 0.0, 0.0]",0.0,0,0.0,0,0.0,
6.resid.40348,5567,6,resid,416,64,0.21220606565475464,0.22940194606781006,2,87,0.002632348759743899,1,"[0.0, 0.0, 0.0, 0.0, 0.0, 0.0, 0.0, 0.0]",0.0,0,0.0,0,0.0,
2.resid.31661,10747,2,resid,137,58,0.03448843955993652,0.011852800846099854,8,29,0.15523387646420408,3,"[0.0, 0.0, 0.0, 0.0, 0.0, 0.0, 0.0, 0.0]",0.0,0,0.0,0,0.0,
3.attn.1154,1399,3,attn,185,59,0.39408212900161743,0.23955559730529785,1,64,0.004153237615077833,1,"[0.0, 0.0, 0.0, 0.0, 0.0, 0.0, 0.0, 0.0]",0.0,0,0.0,0,0.0,
0.mlp.11233,12228,0,mlp,45,58,0.011035144329071045,0.009442150592803955,2,14,0.072247494647513,2,"[0.0, 0.0, 0.0, 0.0, 0.0, 0.0, 0.0, 0.0]",0.0,0,0.0,0,0.0,
0.mlp.34669,3798,0,mlp,90,54,0.14274942874908447,0.0310325026512146,0,31,0.0,0,"[0.0, 0.0, 0.0, 0.0, 0.0, 0.0, 0.0, 0.0]",0.0,0,0.0,0,0.0,
0.resid.33711,4785,0,resid,58,58,0.04556107521057129,0.0040770769119262695,0,8,0.0,0,"[0.0, 0.0, 0.0, 0.0, 0.0, 0.0, 0.0, 0.0]",0.0,0,0.0,0,0.0,
4.resid.23750,14834,4,resid,203,62,0.06566029787063599,0.056758761405944824,0,46,0.0,0,"[0.0, 0.0, 0.0, 0.0, 0.0, 0.0, 0.0, 0.0]",0.0,0,0.0,0,0.0,
3.resid.19675,5284,3,resid,172,46,0.029423773288726807,0.0,1,36,0.022173619147753013,1,"[0.0, 0.0, 0.0, 0.0, 0.0, 0.0, 0.0, 0.0]",0.0,0,0.0,0,0.0,
7.resid.29011,12893,7,resid,482,58,0.24392694234848022,0.12782889604568481,5,87,0.058578345224093574,2,"[0.0, 0.0, 0.0, 0.0, 0.0, 0.0, 0.0, 0.0]",0.0,0,0.0,0,0.0,
1.resid.27382,13413,1,resid,112,59,0.03934824466705322,0.008180677890777588,5,32,0.16458424977571307,3,"[0.0, 0.0, 0.0, 0.0, 0.0, 0.0, 0.0, 0.0]",0.0,0,0.0,0,0.0,
1.resid.27052,9642,1,resid,84,55,0.04249727725982666,0.028555691242218018,9,24,0.32421812487052687,4,"[0.0, 0.0, 0.0, 0.0, 0.0, 0.0, 0.0, 0.0]",0.0,0,0.0,0,0.0,
2.mlp.28372,14440,2,mlp,294,54,0.3477848172187805,0.10166823863983154,9,68,0.08998638659516858,3,"[0.0, 0.0, 0.0, 0.0, 0.0, 0.0, 0.0, 0.0]",0.0,0,0.0,0,0.0,
1.resid.39627,14362,1,resid,115,48,0.0,0.01369476318359375,6,36,0.13593014447640808,2,"[0.0, 0.0, 0.0, 0.0, 0.0, 0.0, 0.0, 0.0]",0.0,0,0.0,0,0.0,
5.resid.6502,14970,5,resid,417,64,0.1115841269493103,0.05569714307785034,2,69,0.010330896998975506,2,"[0.0, 0.0, 0.0, 0.0, 0.0, 0.0, 0.0, 0.0]",0.0,0,0.0,0,0.0,
2.attn.40667,14408,2,attn,105,9,0.07718563079833984,0.3720136284828186,20,31,0.44529076091245584,9,"[0.0, 0.0, 0.0, 0.0, 0.0, 0.0, 0.0, 0.0]",0.0,0,0.0,0,0.0,
1.attn.35831,13301,1,attn,119,37,0.1507231593132019,0.14225560426712036,31,74,0.481211658197971,4,"[0.0, 0.0, 0.0, 0.0, 0.0, 0.0, 0.0, 0.0]",0.0,0,0.0,0,0.0,
5.mlp.9493,1761,5,mlp,618,64,0.6533237099647522,0.3051227927207947,41,151,0.19181077931068055,8,"[0.0, 0.0, 0.0, 0.0, 0.0, 0.0, 0.0, 0.0]",0.0,0,0.0,0,0.0,
0.resid.21293,6650,0,resid,36,62,0.05582451820373535,0.016944050788879395,5,8,0.3897284226577013,3,"[0.0, 0.0, 0.0, 0.0, 0.0, 0.0, 0.0, 0.0]",0.0,0,0.0,0,0.0,
2.mlp.1233,8775,2,mlp,100,62,0.0728101134300232,0.011588871479034424,14,33,0.2805579947035485,3,"[0.0, 0.0, 0.0, 0.0, 0.0, 0.0, 0.0, 0.0]",0.0,0,0.0,0,0.0,
3.mlp.32833,8983,3,mlp,180,64,0.16307055950164795,0.11217153072357178,8,57,0.1343381095062638,3,"[0.0, 0.0, 0.0, 0.0, 0.0, 0.0, 0.0, 0.0]",0.0,0,0.0,0,0.0,
10.resid.22820,3926,10,resid,389,64,0.3946115970611572,0.34402865171432495,6,154,0.015801868363417213,5,"[0.0, 0.0, 0.0, 0.0, 0.0, 0.0, 0.0, 0.0]",0.0,0,0.0,0,0.0,
3.resid.9651,13736,3,resid,231,54,0.13592612743377686,0.06813758611679077,18,54,0.12624859608544262,2,"[0.0, 0.0, 0.0, 0.0, 0.0, 0.0, 0.0, 0.0]",0.0,0,0.0,0,0.0,
4.resid.13835,10143,4,resid,239,45,0.08246713876724243,0.016473829746246338,13,40,0.1661088201533897,5,"[0.0, 0.0, 0.0, 0.0, 0.0, 0.0, 0.0, 0.0]",0.0,0,0.0,0,0.0,
7.resid.31892,3529,7,resid,510,63,0.32761436700820923,0.164139986038208,10,93,0.04502771738883183,4,"[0.0, 0.0, 0.0, 0.0, 0.0, 0.0, 0.0, 0.0]",0.0,0,0.0,0,0.0,
2.resid.16183,10715,2,resid,179,43,0.10280376672744751,0.0390285849571228,6,39,0.057636659397046056,2,"[0.0, 0.0, 0.0, 0.0, 0.0, 0.0, 0.0, 0.0]",0.0,0,0.0,0,0.0,
3.mlp.22774,5222,3,mlp,218,60,0.11905264854431152,0.09621483087539673,6,68,0.046721331380340216,3,"[0.0, 0.0, 0.0, 0.0, 0.0, 0.0, 0.0, 0.0]",0.0,0,0.0,0,0.0,
10.resid.27948,178,10,resid,688,64,0.2885285019874573,0.26206284761428833,2,153,0.002555805209264797,2,"[0.0, 0.0, 0.0, 0.0, 0.0, 0.0, 0.0, 0.0]",0.0,0,0.0,0,0.0,
7.resid.18640,14791,7,resid,548,58,0.20688194036483765,0.09430950880050659,30,168,0.09990485171515373,3,"[0.0, 0.0, 0.0, 0.0, 0.0, 0.0, 0.0, 0.0]",0.0,0,0.0,0,0.0,
1.attn.19390,5788,1,attn,97,61,0.22164708375930786,0.006991684436798096,8,59,0.1143841973655258,4,"[0.0, 0.0, 0.0, 0.0, 0.0, 0.0, 0.0, 0.0]",0.0,0,0.0,0,0.0,
3.attn.35153,12692,3,attn,154,15,0.13577884435653687,0.21870654821395874,14,33,0.14291304716982414,5,"[0.0, 0.0, 0.0, 0.0, 0.0, 0.0, 0.0, 0.0]",0.0,0,0.0,0,0.0,
0.mlp.28737,1890,0,mlp,57,64,0.00515669584274292,0.0,4,28,0.17151810637271442,4,"[0.0, 0.0, 0.0, 0.0, 0.0, 0.0, 0.0, 0.0]",0.0,0,0.0,0,0.0,
7.resid.22708,7261,7,resid,472,61,0.3336701989173889,0.2785974144935608,2,83,0.014470772641127533,1,"[0.0, 0.0, 0.0, 0.0, 0.0, 0.0, 0.0, 0.0]",0.0,0,0.0,0,0.0,
4.attn.8627,14709,4,attn,253,62,0.27493011951446533,0.3028944730758667,0,73,0.0,0,"[0.0, 0.0, 0.0, 0.0, 0.0, 0.0, 0.0, 0.0]",0.0,0,0.0,0,0.0,
2.mlp.12568,7842,2,mlp,88,58,0.07874751091003418,0.07247132062911987,1,31,0.009218557650840283,1,"[0.0, 0.0, 0.0, 0.0, 0.0, 0.0, 0.0, 0.0]",0.0,0,0.0,0,0.0,
2.mlp.34954,367,2,mlp,219,46,0.06574273109436035,0.004317820072174072,5,55,0.046835328037997,4,"[0.0, 0.0, 0.0, 0.0, 0.0, 0.0, 0.0, 0.0]",0.0,0,0.0,0,0.0,
6.resid.1175,830,6,resid,447,48,0.05144309997558594,0.01783806085586548,22,109,0.17253746540460677,5,"[0.0, 0.0, 0.0, 0.0, 0.0, 0.0, 0.0, 0.0]",0.0,0,0.0,0,0.0,
4.resid.13957,3564,4,resid,167,58,0.044466495513916016,0.02168983221054077,1,35,0.008559269174292823,1,"[0.0, 0.0, 0.0, 0.0, 0.0, 0.0, 0.0, 0.0]",0.0,0,0.0,0,0.0,
8.resid.22038,1446,8,resid,563,61,0.22220474481582642,0.23909199237823486,20,127,0.1296539523727072,4,"[0.0, 0.0, 0.0, 0.0, 0.0, 0.0, 0.0, 0.0]",0.0,0,0.0,0,0.0,
3.resid.25455,7125,3,resid,264,56,0.14791560173034668,0.0828673243522644,15,75,0.14221404730117523,4,"[0.0, 0.0, 0.0, 0.0, 0.0, 0.0, 0.0, 0.0]",0.0,0,0.0,0,0.0,
1.resid.19828,9614,1,resid,74,57,0.03958249092102051,0.019003570079803467,15,28,0.4332956608016684,3,"[0.0, 0.0, 0.0, 0.0, 0.0, 0.0, 0.0, 0.0]",0.0,0,0.0,0,0.0,
3.mlp.3191,10825,3,mlp,164,64,0.22693407535552979,0.1601008176803589,4,50,0.06515159869375058,4,"[0.0, 0.0, 0.0, 0.0, 0.0, 0.0, 0.0, 0.0]",0.0,0,0.0,0,0.0,
2.mlp.33001,7878,2,mlp,256,20,0.1943591833114624,0.042086780071258545,22,70,0.20143550265382867,4,"[0.0, 0.0, 0.0, 0.0, 0.0, 0.0, 0.0, 0.0]",0.0,0,0.0,0,0.0,
4.mlp.17881,9106,4,mlp,221,25,0.1538461446762085,0.11938059329986572,7,53,0.09240687452365022,3,"[0.0, 0.0, 0.0, 0.0, 0.0, 0.0, 0.0, 0.0]",0.0,0,0.0,0,0.0,
0.resid.4555,1039,0,resid,66,64,0.018642961978912354,0.004495143890380859,0,9,0.0,0,"[0.0, 0.0, 0.0, 0.0, 0.0, 0.0, 0.0, 0.0]",0.0,0,0.0,0,0.0,
5.resid.1156,893,5,resid,255,62,0.40605437755584717,0.3853113055229187,4,97,0.04186705724610457,3,"[0.0, 0.0, 0.0, 0.0, 0.0, 0.0, 0.0, 0.0]",0.0,0,0.0,0,0.0,
2.resid.10477,6050,2,resid,128,56,0.049722373485565186,0.01988893747329712,8,51,0.18083454415328234,3,"[0.0, 0.0, 0.0, 0.0, 0.0, 0.0, 0.0, 0.0]",0.0,0,0.0,0,0.0,
11.mlp.4635,1038,11,mlp,624,23,0.29881566762924194,0.31528663635253906,16,153,0.022938233132809193,6,"[0.0, 0.0, 0.0, 0.0, 0.0, 0.0, 0.0, 0.0]",0.0,0,0.0,0,0.0,
4.mlp.7222,8206,4,mlp,375,63,0.20783835649490356,0.136222243309021,13,70,0.08629850934096153,5,"[0.0, 0.0, 0.0, 0.0, 0.0, 0.0, 0.0, 0.0]",0.0,0,0.0,0,0.0,
3.resid.23927,14665,3,resid,113,55,0.11929106712341309,0.0715746283531189,0,25,0.0,0,"[0.0, 0.0, 0.0, 0.0, 0.0, 0.0, 0.0, 0.0]",0.0,0,0.0,0,0.0,
4.resid.13307,14850,4,resid,368,53,0.109183669090271,0.054810523986816406,9,70,0.06824635638637554,6,"[0.0, 0.0, 0.0, 0.0, 0.0, 0.0, 0.0, 0.0]",0.0,0,0.0,0,0.0,
1.mlp.23525,14308,1,mlp,157,63,0.0013607144355773926,0.0,1,35,0.05213370916694178,1,"[0.0, 0.0, 0.0, 0.0, 0.0, 0.0, 0.0, 0.0]",0.0,0,0.0,0,0.0,
2.mlp.4269,7856,2,mlp,239,45,0.0820496678352356,0.03568387031555176,4,61,0.04374143328439937,4,"[0.0, 0.0, 0.0, 0.0, 0.0, 0.0, 0.0, 0.0]",0.0,0,0.0,0,0.0,
6.mlp.20578,7491,6,mlp,157,64,0.2743082046508789,0.37392914295196533,0,16,0.0,0,"[0.0, 0.0, 0.0, 0.0, 0.0, 0.0, 0.0, 0.0]",0.0,0,0.0,0,0.0,
10.resid.22165,5851,10,resid,749,55,0.09922242164611816,0.10550546646118164,24,145,0.08635509130654238,4,"[0.0, 0.0, 0.0, 0.0, 0.0, 0.0, 0.0, 0.0]",0.0,0,0.0,0,0.0,
0.resid.36071,4821,0,resid,169,60,0.28353047370910645,0.04936850070953369,9,39,0.16579661927986014,5,"[0.0, 0.0, 0.0, 0.0, 0.0, 0.0, 0.0, 0.0]",0.0,0,0.0,0,0.0,
1.resid.2319,13409,1,resid,115,64,0.04628884792327881,0.010822653770446777,0,39,0.0,0,"[0.0, 0.0, 0.0, 0.0, 0.0, 0.0, 0.0, 0.0]",0.0,0,0.0,0,0.0,
1.attn.7893,10480,1,attn,80,25,0.10011845827102661,0.32879143953323364,18,30,0.20143912717174578,4,"[0.0, 0.0, 0.0, 0.0, 0.0, 0.0, 0.0, 0.0]",0.0,0,0.0,0,0.0,
6.attn.19323,6564,6,attn,351,11,0.11355572938919067,0.07771468162536621,254,269,0.8659550268573034,3,"[0.0, 0.0, 0.0, 0.0, 0.0, 0.0, 0.0, 0.0]",0.0,0,0.0,0,0.0,
1.attn.32375,11422,1,attn,204,54,0.2573249340057373,0.0393795371055603,8,56,0.02545752657035469,3,"[0.0, 0.0, 0.0, 0.0, 0.0, 0.0, 0.0, 0.0]",0.0,0,0.0,0,0.0,
1.attn.36006,11403,1,attn,74,14,0.15154039859771729,0.1552872657775879,25,43,0.5782037896308366,4,"[0.0, 0.0, 0.0, 0.0, 0.0, 0.0, 0.0, 0.0]",0.0,0,0.0,0,0.0,
2.mlp.35676,9726,2,mlp,263,58,0.11822223663330078,0.05866962671279907,18,81,0.12054158175365687,3,"[0.0, 0.0, 0.0, 0.0, 0.0, 0.0, 0.0, 0.0]",0.0,0,0.0,0,0.0,
2.attn.25471,2182,2,attn,118,26,0.021966218948364258,0.06762140989303589,11,31,0.16955662378195654,2,"[0.0, 0.0, 0.0, 0.0, 0.0, 0.0, 0.0, 0.0]",0.0,0,0.0,0,0.0,
1.attn.4549,6702,1,attn,154,39,0.2319241762161255,0.03261363506317139,12,46,0.09432701245855202,5,"[0.0, 0.0, 0.0, 0.0, 0.0, 0.0, 0.0, 0.0]",0.0,0,0.0,0,0.0,
2.mlp.26365,8817,2,mlp,168,39,0.10573601722717285,0.0885971188545227,16,47,0.21153526320795343,4,"[0.0, 0.0, 0.0, 0.0, 0.0, 0.0, 0.0, 0.0]",0.0,0,0.0,0,0.0,
1.resid.12618,9618,1,resid,63,59,0.05022108554840088,0.014393985271453857,3,24,0.10904313337146644,3,"[0.0, 0.0, 0.0, 0.0, 0.0, 0.0, 0.0, 0.0]",0.0,0,0.0,0,0.0,
11.resid.19864,11314,11,resid,264,64,0.08820313215255737,0.07222199440002441,11,79,0.0631043851973146,4,"[0.0, 0.0, 0.0, 0.0, 0.0, 0.0, 0.0, 0.0]",0.0,0,0.0,0,0.0,
5.resid.34053,10269,5,resid,272,46,0.22968769073486328,0.1642214059829712,1,50,0.0012572020246169365,1,"[0.0, 0.0, 0.0, 0.0, 0.0, 0.0, 0.0, 0.0]",0.0,0,0.0,0,0.0,
8.resid.9122,6171,8,resid,532,59,0.19780147075653076,0.3195926547050476,10,117,0.026546141988365732,4,"[0.0, 0.0, 0.0, 0.0, 0.0, 0.0, 0.0, 0.0]",0.0,0,0.0,0,0.0,
8.resid.16415,2377,8,resid,482,64,0.11963248252868652,0.10445040464401245,11,167,0.038422870386411685,5,"[0.0, 0.0, 0.0, 0.0, 0.0, 0.0, 0.0, 0.0]",0.0,0,0.0,0,0.0,concept: human agent
2.attn.11647,12478,2,attn,99,18,0.0,0.3595227003097534,0,89,0.0,0,"[0.0, 0.0, 0.0, 0.0, 0.0, 0.0, 0.0, 0.0]",0.0,0,0.0,0,0.0,
2.attn.24322,6866,2,attn,80,8,0.01325756311416626,0.10132575035095215,72,76,0.9356310408991461,4,"[0.0, 0.0, 0.0, 0.0, 0.0, 0.0, 0.0, 0.0]",0.0,0,0.0,0,0.0,
1.mlp.23230,6734,1,mlp,240,59,0.23759865760803223,0.02214205265045166,14,76,0.17097474116697506,5,"[0.0, 0.0, 0.0, 0.0, 0.0, 0.0, 0.0, 0.0]",0.0,0,0.0,0,0.0,
3.mlp.37138,10839,3,mlp,183,63,0.0477217435836792,0.03553348779678345,7,53,0.08553333717204552,3,"[0.0, 0.0, 0.0, 0.0, 0.0, 0.0, 0.0, 0.0]",0.0,0,0.0,0,0.0,
2.resid.12143,4137,2,resid,85,42,0.000796973705291748,0.009791672229766846,1,17,0.029807111835754727,1,"[0.0, 0.0, 0.0, 0.0, 0.0, 0.0, 0.0, 0.0]",0.0,0,0.0,0,0.0,
2.attn.30377,13467,2,attn,126,32,0.0,0.10861378908157349,6,42,0.1363963986298483,2,"[0.0, 0.0, 0.0, 0.0, 0.0, 0.0, 0.0, 0.0]",0.0,0,0.0,0,0.0,
2.attn.28843,10649,2,attn,83,17,0.170659601688385,0.09194153547286987,68,73,0.8623055050701149,4,"[0.0, 0.0, 0.0, 0.0, 0.0, 0.0, 0.0, 0.0]",0.0,0,0.0,0,0.0,
1.resid.1533,1186,1,resid,73,64,0.03031790256500244,0.023812472820281982,6,26,0.28707977318187405,3,"[0.0, 0.0, 0.0, 0.0, 0.0, 0.0, 0.0, 0.0]",0.0,0,0.0,0,0.0,
4.attn.20955,1551,4,attn,217,58,0.39081066846847534,0.335080623626709,19,75,0.17091545076452208,3,"[0.0, 0.0, 0.0, 0.0, 0.0, 0.0, 0.0, 0.0]",0.0,0,0.0,0,0.0,
6.mlp.31761,10270,6,mlp,256,64,0.31624239683151245,0.3397625684738159,3,54,0.015668071745192854,2,"[0.0, 0.0, 0.0, 0.0, 0.0, 0.0, 0.0, 0.0]",0.0,0,0.0,0,0.0,
1.resid.34686,14334,1,resid,95,64,0.04225796461105347,0.008435845375061035,4,32,0.08303841401688664,2,"[0.0, 0.0, 0.0, 0.0, 0.0, 0.0, 0.0, 0.0]",0.0,0,0.0,0,0.0,
2.mlp.13450,339,2,mlp,351,55,0.32302117347717285,0.0978803038597107,64,168,0.6295349302406086,10,"[0.0, 0.0, 0.0, 0.0, 0.0, 0.0, 0.0, 0.0]",0.0,0,0.0,0,0.0,
2.attn.17102,3134,2,attn,183,60,0.0,0.02036595344543457,3,43,0.021970790153835348,1,"[0.0, 0.0, 0.0, 0.0, 0.0, 0.0, 0.0, 0.0]",0.0,0,0.0,0,0.0,
2.attn.9193,7808,2,attn,257,64,0.33296990394592285,0.39556390047073364,36,89,0.2622006273566001,6,"[0.0, 0.0, 0.0, 0.0, 0.0, 0.0, 0.0, 0.0]",0.0,0,0.0,0,0.0,
11.mlp.36265,9500,11,mlp,368,64,0.3010139465332031,0.314058780670166,6,169,0.01520300750659833,4,"[0.0, 0.0, 0.0, 0.0, 0.0, 0.0, 0.0, 0.0]",0.0,0,0.0,0,0.0,
2.attn.31810,5004,2,attn,119,64,0.21016716957092285,0.10906404256820679,31,48,0.3479336656695182,3,"[0.0, 0.0, 0.0, 0.0, 0.0, 0.0, 0.0, 0.0]",0.0,0,0.0,0,0.0,
2.resid.4151,1341,2,resid,103,64,0.03756570816040039,0.011006951332092285,3,30,0.05878922458348513,3,"[0.0, 0.0, 0.0, 0.0, 0.0, 0.0, 0.0, 0.0]",0.0,0,0.0,0,0.0,
8.attn.32822,6249,8,attn,285,64,0.17431175708770752,0.3554236888885498,88,137,0.6031889779597988,11,"[0.0, 0.0, 0.0, 0.0, 0.0, 0.0, 0.0, 0.0]",0.0,0,0.0,0,0.0,
4.resid.29541,12922,4,resid,262,58,0.08444803953170776,0.02220439910888672,5,64,0.02949280945546825,2,"[0.0, 0.0, 0.0, 0.0, 0.0, 0.0, 0.0, 0.0]",0.0,0,0.0,0,0.0,
1.attn.15709,2972,1,attn,72,64,0.16839271783828735,0.023652315139770508,8,55,0.15488571078835153,4,"[0.0, 0.0, 0.0, 0.0, 0.0, 0.0, 0.0, 0.0]",0.0,0,0.0,0,0.0,
7.mlp.13834,2611,7,mlp,307,37,0.1653599739074707,0.04856002330780029,12,54,0.07108905687708515,3,"[0.0, 0.0, 0.0, 0.0, 0.0, 0.0, 0.0, 0.0]",0.0,0,0.0,0,0.0,
3.mlp.6825,8057,3,mlp,417,58,0.33710962533950806,0.13045662641525269,37,113,0.2553582353421126,6,"[0.0, 0.0, 0.0, 0.0, 0.0, 0.0, 0.0, 0.0]",0.0,0,0.0,0,0.0,
8.mlp.10950,9964,8,mlp,244,59,0.3461894392967224,0.26727861166000366,1,36,0.003609167616805463,1,"[0.0, 0.0, 0.0, 0.0, 0.0, 0.0, 0.0, 0.0]",0.0,0,0.0,0,0.0,
5.mlp.13222,3674,5,mlp,90,64,0.45102012157440186,0.3605800271034241,0,17,0.0,0,"[0.0, 0.0, 0.0, 0.0, 0.0, 0.0, 0.0, 0.0]",0.0,0,0.0,0,0.0,
6.mlp.19201,868,6,mlp,267,64,0.357424795627594,0.2568432092666626,2,28,0.003647981618143232,2,"[0.0, 0.0, 0.0, 0.0, 0.0, 0.0, 0.0, 0.0]",0.0,0,0.0,0,0.0,
2.resid.8075,11661,2,resid,192,51,0.16764742136001587,0.12300556898117065,3,39,0.038043133786101024,2,"[0.0, 0.0, 0.0, 0.0, 0.0, 0.0, 0.0, 0.0]",0.0,0,0.0,0,0.0,
5.resid.19058,5610,5,resid,453,54,0.06334823369979858,0.0397719144821167,2,83,0.0037982832950217405,2,"[0.0, 0.0, 0.0, 0.0, 0.0, 0.0, 0.0, 0.0]",0.0,0,0.0,0,0.0,
5.mlp.15781,1767,5,mlp,293,64,0.19761991500854492,0.1550508737564087,0,53,0.0,0,"[0.0, 0.0, 0.0, 0.0, 0.0, 0.0, 0.0, 0.0]",0.0,0,0.0,0,0.0,
1.resid.19090,9626,1,resid,148,55,0.03673577308654785,0.003148794174194336,22,36,0.3903033762774348,6,"[0.0, 0.0, 0.0, 0.0, 0.0, 0.0, 0.0, 0.0]",0.0,0,0.0,0,0.0,
0.mlp.31603,11305,0,mlp,44,31,0.0,0.006485939025878906,3,20,0.0816468205091264,2,"[0.0, 0.0, 0.0, 0.0, 0.0, 0.0, 0.0, 0.0]",0.0,0,0.0,0,0.0,
1.resid.32159,4003,1,resid,55,61,0.022363007068634033,0.0,2,35,0.019459057629502424,1,"[0.0, 0.0, 0.0, 0.0, 0.0, 0.0, 0.0, 0.0]",0.0,0,0.0,0,0.0,
3.resid.17580,9975,3,resid,165,48,0.06354933977127075,0.019789934158325195,0,42,0.0,0,"[0.0, 0.0, 0.0, 0.0, 0.0, 0.0, 0.0, 0.0]",0.0,0,0.0,0,0.0,
3.mlp.13798,6152,3,mlp,202,49,0.04852360486984253,0.02165353298187256,4,42,0.07205924594173756,3,"[0.0, 0.0, 0.0, 0.0, 0.0, 0.0, 0.0, 0.0]",0.0,0,0.0,0,0.0,
1.mlp.15024,2090,1,mlp,301,62,0.15910077095031738,0.0364985466003418,4,71,0.06239014860573488,3,"[0.0, 0.0, 0.0, 0.0, 0.0, 0.0, 0.0, 0.0]",0.0,0,0.0,0,0.0,
4.resid.6190,744,4,resid,203,64,0.24399501085281372,0.15809005498886108,2,67,0.008733013735875051,2,"[0.0, 0.0, 0.0, 0.0, 0.0, 0.0, 0.0, 0.0]",0.0,0,0.0,0,0.0,
4.mlp.22227,9130,4,mlp,509,62,0.5453219413757324,0.3061554431915283,10,123,0.04355466345306063,4,"[0.0, 0.0, 0.0, 0.0, 0.0, 0.0, 0.0, 0.0]",0.0,0,0.0,0,0.0,
2.mlp.7494,11591,2,mlp,274,59,0.11022943258285522,0.028894245624542236,7,61,0.08583800446858363,4,"[0.0, 0.0, 0.0, 0.0, 0.0, 0.0, 0.0, 0.0]",0.0,0,0.0,0,0.0,
3.mlp.15548,5188,3,mlp,408,52,0.11904466152191162,0.0769423246383667,5,93,0.006060656183711676,2,"[0.0, 0.0, 0.0, 0.0, 0.0, 0.0, 0.0, 0.0]",0.0,0,0.0,0,0.0,
7.mlp.5463,5423,7,mlp,155,64,0.3126180171966553,0.37601029872894287,1,12,0.0030557035775211077,1,"[0.0, 0.0, 0.0, 0.0, 0.0, 0.0, 0.0, 0.0]",0.0,0,0.0,0,0.0,
4.resid.35730,2628,4,resid,337,44,0.00478893518447876,0.0025427937507629395,19,78,0.17819501364286341,3,"[0.0, 0.0, 0.0, 0.0, 0.0, 0.0, 0.0, 0.0]",0.0,0,0.0,0,0.0,
2.resid.28316,5090,2,resid,233,59,0.2228042483329773,0.04728168249130249,6,41,0.053480336486379156,1,"[0.0, 0.0, 0.0, 0.0, 0.0, 0.0, 0.0, 0.0]",0.0,0,0.0,0,0.0,
2.mlp.8840,9744,2,mlp,140,56,0.04965490102767944,0.0,7,50,0.13363651902726376,2,"[0.0, 0.0, 0.0, 0.0, 0.0, 0.0, 0.0, 0.0]",0.0,0,0.0,0,0.0,
7.mlp.14037,5417,7,mlp,271,60,0.4435148239135742,0.3672214150428772,9,38,0.06535973672039881,5,"[0.0, 0.0, 0.0, 0.0, 0.0, 0.0, 0.0, 0.0]",0.0,0,0.0,0,0.0,
6.resid.36436,13991,6,resid,637,44,0.11690425872802734,0.08543002605438232,10,112,0.031336211857265914,3,"[0.0, 0.0, 0.0, 0.0, 0.0, 0.0, 0.0, 0.0]",0.0,0,0.0,0,0.0,
2.resid.25372,1335,2,resid,141,54,0.01776331663131714,0.011258423328399658,3,33,0.04977832412481336,3,"[0.0, 0.0, 0.0, 0.0, 0.0, 0.0, 0.0, 0.0]",0.0,0,0.0,0,0.0,
8.mlp.19770,13735,8,mlp,319,64,0.13835906982421875,0.16858512163162231,0,80,0.0,0,"[0.0, 0.0, 0.0, 0.0, 0.0, 0.0, 0.0, 0.0]",0.0,0,0.0,0,0.0,
3.resid.9315,7151,3,resid,202,60,0.03877228498458862,0.022816181182861328,0,49,0.0,0,"[0.0, 0.0, 0.0, 0.0, 0.0, 0.0, 0.0, 0.0]",0.0,0,0.0,0,0.0,
7.resid.22184,2567,7,resid,661,51,0.1722623109817505,0.07360607385635376,7,95,0.014802967119399043,4,"[0.0, 0.0, 0.0, 0.0, 0.0, 0.0, 0.0, 0.0]",0.0,0,0.0,0,0.0,
4.resid.39752,1658,4,resid,502,62,0.06519591808319092,0.04758375883102417,25,122,0.16126663256065774,8,"[0.0, 0.0, 0.0, 0.0, 0.0, 0.0, 0.0, 0.0]",0.0,0,0.0,0,0.0,
2.attn.36705,13425,2,attn,93,12,0.027862608432769775,0.21679389476776123,21,68,0.3309657929730879,4,"[0.0, 0.0, 0.0, 0.0, 0.0, 0.0, 0.0, 0.0]",0.0,0,0.0,0,0.0,
3.mlp.21552,14591,3,mlp,235,51,0.08479058742523193,0.05701690912246704,7,40,0.0666049682856325,4,"[0.0, 0.0, 0.0, 0.0, 0.0, 0.0, 0.0, 0.0]",0.0,0,0.0,0,0.0,
1.mlp.17959,3003,1,mlp,198,60,0.19037431478500366,0.03721684217453003,12,50,0.10314425938149277,6,"[0.0, 0.0, 0.0, 0.0, 0.0, 0.0, 0.0, 0.0]",0.0,0,0.0,0,0.0,
6.resid.5694,9297,6,resid,321,62,0.25758832693099976,0.18133747577667236,0,78,0.0,0,"[0.0, 0.0, 0.0, 0.0, 0.0, 0.0, 0.0, 0.0]",0.0,0,0.0,0,0.0,
5.mlp.33608,10245,5,mlp,219,64,0.4143349528312683,0.3321780562400818,2,57,0.00453171433058571,1,"[0.0, 0.0, 0.0, 0.0, 0.0, 0.0, 0.0, 0.0]",0.0,0,0.0,0,0.0,
1.resid.5013,4940,1,resid,77,54,0.08138400316238403,0.019883036613464355,0,18,0.0,0,"[0.0, 0.0, 0.0, 0.0, 0.0, 0.0, 0.0, 0.0]",0.0,0,0.0,0,0.0,
10.resid.25270,1113,10,resid,481,56,0.16765081882476807,0.0813828706741333,29,118,0.15420873012349476,5,"[0.0, 0.0, 0.0, 0.0, 0.0, 0.0, 0.0, 0.0]",0.0,0,0.0,0,0.0,
0.resid.20314,3834,0,resid,37,40,0.04225051403045654,0.007855653762817383,4,13,0.2953645613092635,3,"[0.0, 0.0, 0.0, 0.0, 0.0, 0.0, 0.0, 0.0]",0.0,0,0.0,0,0.0,
6.attn.38738,15019,6,attn,360,64,0.0,0.44385141134262085,0,260,0.0,0,"[0.0, 0.0, 0.0, 0.0, 0.0, 0.0, 0.0, 0.0]",0.0,-2,0.0,0,0.0,
7.resid.17602,9133,7,resid,471,48,0.14399147033691406,0.14032316207885742,6,119,0.06993882695275007,4,"[0.0, 0.0, 0.0, 0.0, 0.0, 0.0, 0.0, 0.0]",0.0,0,0.0,0,0.0,
6.mlp.4288,1808,6,mlp,351,56,0.33778780698776245,0.37925469875335693,4,96,0.009682558430461318,3,"[0.0, 0.0, 0.0, 0.0, 0.0, 0.0, 0.0, 0.0]",0.0,0,0.0,0,0.0,
2.resid.687,5116,2,resid,133,62,0.14330774545669556,0.04154020547866821,4,29,0.08117002220765852,3,"[0.0, 0.0, 0.0, 0.0, 0.0, 0.0, 0.0, 0.0]",0.0,0,0.0,0,0.0,gt frame
7.resid.34552,3519,7,resid,384,59,0.05639612674713135,0.003209531307220459,16,70,0.17161347609950253,5,"[0.0, 0.0, 0.0, 0.0, 0.0, 0.0, 0.0, 0.0]",0.0,0,0.0,0,0.0,
11.resid.29594,11296,11,resid,406,62,0.33332306146621704,0.2111753225326538,16,123,0.08186408157461866,3,"[0.0, 0.0, 0.0, 0.0, 0.0, 0.0, 0.0, 0.0]",0.0,0,0.0,0,0.0,
3.mlp.11530,7083,3,mlp,207,47,0.0842851996421814,0.028187155723571777,5,50,0.1306223660356801,3,"[0.0, 0.0, 0.0, 0.0, 0.0, 0.0, 0.0, 0.0]",0.0,0,0.0,0,0.0,
3.attn.13063,5179,3,attn,223,64,0.13728946447372437,0.030223369598388672,4,53,0.036867913261994484,3,"[0.0, 0.0, 0.0, 0.0, 0.0, 0.0, 0.0, 0.0]",0.0,0,0.0,0,0.0,
3.resid.5767,10917,3,resid,183,18,0.23163622617721558,0.2643800973892212,23,76,0.15819367318892857,4,"[0.0, 0.0, 0.0, 0.0, 0.0, 0.0, 0.0, 0.0]",0.0,0,0.0,0,0.0,
2.attn.27803,9686,2,attn,172,58,0.02194911241531372,0.010133683681488037,3,73,0.02753381580075068,2,"[0.0, 0.0, 0.0, 0.0, 0.0, 0.0, 0.0, 0.0]",0.0,0,0.0,0,0.0,
0.mlp.12725,11301,0,mlp,42,50,0.01566857099533081,0.0,4,14,0.058038594587641976,3,"[0.0, 0.0, 0.0, 0.0, 0.0, 0.0, 0.0, 0.0]",0.0,0,0.0,0,0.0,
1.resid.26101,1180,1,resid,126,56,0.046954333782196045,0.030184924602508545,14,39,0.2694044301477697,3,"[0.0, 0.0, 0.0, 0.0, 0.0, 0.0, 0.0, 0.0]",0.0,0,0.0,0,0.0,
11.mlp.30282,5750,11,mlp,617,64,0.26111406087875366,0.27402544021606445,15,142,0.0530860388035453,7,"[0.0, 0.0, 0.0, 0.0, 0.0, 0.0, 0.0, 0.0]",0.0,0,0.0,0,0.0,
2.resid.16256,1323,2,resid,114,63,0.1274346113204956,0.09550637006759644,7,38,0.2322571365936878,5,"[0.0, 0.0, 0.0, 0.0, 0.0, 0.0, 0.0, 0.0]",0.0,0,0.0,0,0.0,
3.mlp.12320,8021,3,mlp,214,64,0.11240744590759277,0.08137011528015137,5,55,0.06656879143456133,4,"[0.0, 0.0, 0.0, 0.0, 0.0, 0.0, 0.0, 0.0]",0.0,0,0.0,0,0.0,
3.resid.4587,5248,3,resid,219,64,0.44807159900665283,0.3278994560241699,8,76,0.12778276530386412,3,"[0.0, 0.0, 0.0, 0.0, 0.0, 0.0, 0.0, 0.0]",0.0,0,0.0,0,0.0,
1.mlp.9345,1130,1,mlp,213,63,0.44245070219039917,0.255831241607666,17,86,0.15766103593261116,4,"[0.0, 0.0, 0.0, 0.0, 0.0, 0.0, 0.0, 0.0]",0.0,0,0.0,0,0.0,
4.mlp.8318,4425,4,mlp,429,53,0.13096976280212402,0.1420971155166626,30,97,0.17704510428333348,10,"[0.0, 0.0, 0.0, 0.0, 0.0, 0.0, 0.0, 0.0]",0.0,0,0.0,0,0.0,
6.mlp.30913,1820,6,mlp,274,52,0.2728986144065857,0.16729485988616943,8,71,0.04859051081861068,5,"[0.0, 0.0, 0.0, 0.0, 0.0, 0.0, 0.0, 0.0]",0.0,0,0.0,0,0.0,
3.attn.31456,6066,3,attn,142,8,0.16802442073822021,0.26502037048339844,21,57,0.12208057563069728,5,"[0.0, 0.0, 0.0, 0.0, 0.0, 0.0, 0.0, 0.0]",0.0,0,0.0,0,0.0,
3.attn.5560,7048,3,attn,148,51,0.08220821619033813,0.31886976957321167,3,44,0.016890896416260168,2,"[0.0, 0.0, 0.0, 0.0, 0.0, 0.0, 0.0, 0.0]",0.0,0,0.0,0,0.0,
5.attn.31575,2668,5,attn,244,64,0.026137232780456543,0.25169622898101807,4,88,0.024051324198392874,4,"[0.0, 0.0, 0.0, 0.0, 0.0, 0.0, 0.0, 0.0]",0.0,0,0.0,0,0.0,
0.resid.8060,9481,0,resid,55,54,0.015096724033355713,0.016835927963256836,4,16,0.08010773710385062,4,"[0.0, 0.0, 0.0, 0.0, 0.0, 0.0, 0.0, 0.0]",0.0,0,0.0,0,0.0,
1.resid.27734,1192,1,resid,101,54,0.11652666330337524,0.02505791187286377,1,38,0.0017960612452442557,1,"[0.0, 0.0, 0.0, 0.0, 0.0, 0.0, 0.0, 0.0]",0.0,0,0.0,0,0.0,
5.attn.2304,8282,5,attn,380,48,0.14780807495117188,0.14791268110275269,16,89,0.06254776901217314,3,"[0.0, 0.0, 0.0, 0.0, 0.0, 0.0, 0.0, 0.0]",0.0,0,0.0,0,0.0,
1.resid.8354,4934,1,resid,69,48,0.0,0.001961946487426758,3,26,0.12965096007288188,3,"[0.0, 0.0, 0.0, 0.0, 0.0, 0.0, 0.0, 0.0]",0.0,0,0.0,0,0.0,
2.mlp.30254,2201,2,mlp,298,53,0.14430594444274902,0.029185473918914795,3,59,0.03486480931449781,2,"[0.0, 0.0, 0.0, 0.0, 0.0, 0.0, 0.0, 0.0]",0.0,0,0.0,0,0.0,
5.resid.31123,13088,5,resid,380,61,0.20766782760620117,0.189564049243927,4,79,0.01555545303300711,3,"[0.0, 0.0, 0.0, 0.0, 0.0, 0.0, 0.0, 0.0]",0.0,0,0.0,0,0.0,
1.mlp.20608,8627,1,mlp,86,59,0.02731698751449585,0.021953105926513672,0,43,0.0,0,"[0.0, 0.0, 0.0, 0.0, 0.0, 0.0, 0.0, 0.0]",0.0,0,0.0,0,0.0,
7.resid.3281,14775,7,resid,309,44,0.1321406364440918,0.0853777527809143,6,62,0.053937999072464854,3,"[0.0, 0.0, 0.0, 0.0, 0.0, 0.0, 0.0, 0.0]",0.0,0,0.0,0,0.0,
3.attn.21855,8929,3,attn,219,8,0.08456790447235107,0.364814817905426,191,197,0.9255990659613968,3,"[0.0, 0.0, 0.0, 0.0, 0.0, 0.0, 0.0, 0.0]",0.0,0,0.0,0,0.0,
0.mlp.252,9407,0,mlp,64,63,0.03958427906036377,0.026211202144622803,0,19,0.0,0,"[0.0, 0.0, 0.0, 0.0, 0.0, 0.0, 0.0, 0.0]",0.0,0,0.0,0,0.0,
0.resid.9398,9503,0,resid,44,64,0.047038733959198,0.00690692663192749,1,11,0.08125755033065642,1,"[0.0, 0.0, 0.0, 0.0, 0.0, 0.0, 0.0, 0.0]",0.0,0,0.0,0,0.0,
0.resid.8392,8524,0,resid,151,55,0.23930859565734863,0.057585299015045166,4,37,0.12233912723120191,3,"[0.0, 0.0, 0.0, 0.0, 0.0, 0.0, 0.0, 0.0]",0.0,0,0.0,0,0.0,
0.mlp.6225,2870,0,mlp,35,58,0.0,0.008041799068450928,1,11,0.3862779627532556,1,"[0.0, 0.0, 0.0, 0.0, 0.0, 0.0, 0.0, 0.0]",0.0,0,0.0,0,0.0,
0.resid.7491,3866,0,resid,34,64,0.027409076690673828,0.0006282925605773926,1,10,0.015522149581480134,1,"[0.0, 0.0, 0.0, 0.0, 0.0, 0.0, 0.0, 0.0]",0.0,0,0.0,0,0.0,
0.mlp.27861,951,0,mlp,87,54,0.12009406089782715,0.020347237586975098,1,29,0.02535396200105033,1,"[0.0, 0.0, 0.0, 0.0, 0.0, 0.0, 0.0, 0.0]",0.0,0,0.0,0,0.0,
11.mlp.34539,11344,11,mlp,426,64,0.21571952104568481,0.2729344367980957,20,154,0.07081276052642432,8,"[0.0, 0.0, 0.0, 0.0, 0.0, 0.0, 0.0, 0.0]",0.0,0,0.0,0,0.0,
1.mlp.25652,11451,1,mlp,129,58,0.14029985666275024,0.03447067737579346,4,54,0.0295084708249652,2,"[0.0, 0.0, 0.0, 0.0, 0.0, 0.0, 0.0, 0.0]",0.0,0,0.0,0,0.0,
3.resid.28233,5280,3,resid,188,59,0.06763654947280884,0.021100282669067383,2,49,0.049224509007140406,2,"[0.0, 0.0, 0.0, 0.0, 0.0, 0.0, 0.0, 0.0]",0.0,0,0.0,0,0.0,
1.mlp.37640,6752,1,mlp,96,56,0.018190741539001465,0.028224170207977295,2,33,0.013396746746464263,1,"[0.0, 0.0, 0.0, 0.0, 0.0, 0.0, 0.0, 0.0]",0.0,0,0.0,0,0.0,
4.attn.231,13802,4,attn,227,14,0.1259080171585083,0.17727428674697876,164,199,0.7799424922489097,4,"[0.0, 0.0, 0.0, 0.0, 0.0, 0.0, 0.0, 0.0]",0.0,0,0.0,0,0.0,
7.resid.7169,10082,7,resid,636,64,0.2456575632095337,0.20538818836212158,2,179,0.0065881432260091535,1,"[0.0, 0.0, 0.0, 0.0, 0.0, 0.0, 0.0, 0.0]",0.0,0,0.0,0,0.0,
3.mlp.37173,516,3,mlp,200,53,0.14536261558532715,0.09057515859603882,8,43,0.10525563953993367,2,"[0.0, 0.0, 0.0, 0.0, 0.0, 0.0, 0.0, 0.0]",0.0,0,0.0,0,0.0,
4.resid.9179,8230,4,resid,279,62,0.13468116521835327,0.0924830436706543,27,86,0.24787402918074464,6,"[0.0, 0.0, 0.0, 0.0, 0.0, 0.0, 0.0, 0.0]",0.0,0,0.0,0,0.0,
11.mlp.25667,107,11,mlp,476,64,0.22519874572753906,0.3345438838005066,22,189,0.1334118184426773,5,"[0.0, 0.0, 0.0, 0.0, 0.0, 0.0, 0.0, 0.0]",0.0,0,0.0,0,0.0,
1.resid.17316,5902,1,resid,62,62,0.019203603267669678,0.0,0,27,0.0,0,"[0.0, 0.0, 0.0, 0.0, 0.0, 0.0, 0.0, 0.0]",0.0,0,0.0,0,0.0,
3.resid.8702,10887,3,resid,183,44,0.08366531133651733,0.06200653314590454,7,74,0.07472918885053723,4,"[0.0, 0.0, 0.0, 0.0, 0.0, 0.0, 0.0, 0.0]",0.0,0,0.0,0,0.0,
0.resid.17311,11375,0,resid,34,64,0.010887861251831055,0.0031867027282714844,1,13,0.061195653596013304,1,"[0.0, 0.0, 0.0, 0.0, 0.0, 0.0, 0.0, 0.0]",0.0,0,0.0,0,0.0,
10.mlp.31374,1165,10,mlp,676,62,0.13854610919952393,0.12876009941101074,57,196,0.15971868328317762,8,"[0.0, 0.0, 0.0, 0.0, 0.0, 0.0, 0.0, 0.0]",0.0,0,0.0,0,0.0,
4.attn.7988,2518,4,attn,172,64,0.13295769691467285,0.07310110330581665,1,58,0.008359813037626927,1,"[0.0, 0.0, 0.0, 0.0, 0.0, 0.0, 0.0, 0.0]",0.0,0,0.0,0,0.0,
0.resid.11229,1972,0,resid,30,61,0.017178833484649658,0.006657540798187256,0,9,0.0,0,"[0.0, 0.0, 0.0, 0.0, 0.0, 0.0, 0.0, 0.0]",0.0,0,0.0,0,0.0,
2.resid.26544,11673,2,resid,113,64,0.04700106382369995,0.03002452850341797,7,34,0.1388955420911359,2,"[0.0, 0.0, 0.0, 0.0, 0.0, 0.0, 0.0, 0.0]",0.0,0,0.0,0,0.0,
9.resid.38926,6926,9,resid,270,58,0.3041806221008301,0.2815316319465637,10,116,0.022195502879211997,4,"[0.0, 0.0, 0.0, 0.0, 0.0, 0.0, 0.0, 0.0]",0.0,0,0.0,0,0.0,
2.mlp.22125,13507,2,mlp,170,62,0.10362696647644043,0.05282944440841675,12,62,0.2127808211122137,4,"[0.0, 0.0, 0.0, 0.0, 0.0, 0.0, 0.0, 0.0]",0.0,0,0.0,0,0.0,
9.mlp.1431,12604,9,mlp,610,60,0.22117799520492554,0.19815713167190552,20,140,0.1905297571063552,7,"[0.0, 0.0, 0.0, 0.0, 0.0, 0.0, 0.0, 0.0]",0.0,0,0.0,0,0.0,
0.mlp.18232,1918,0,mlp,36,59,0.01859515905380249,0.020291805267333984,0,16,0.0,0,"[0.0, 0.0, 0.0, 0.0, 0.0, 0.0, 0.0, 0.0]",0.0,0,0.0,0,0.0,
0.mlp.10996,9449,0,mlp,44,60,0.04365426301956177,0.02273660898208618,5,22,0.16326762790110486,4,"[0.0, 0.0, 0.0, 0.0, 0.0, 0.0, 0.0, 0.0]",0.0,0,0.0,0,0.0,
10.mlp.9846,13368,10,mlp,616,64,0.2716377377510071,0.27739399671554565,8,163,0.027491533406015012,2,"[0.0, 0.0, 0.0, 0.0, 0.0, 0.0, 0.0, 0.0]",0.0,0,0.0,0,0.0,
8.resid.36658,2397,8,resid,460,63,0.1792106032371521,0.14933687448501587,7,105,0.055926848827025456,4,"[0.0, 0.0, 0.0, 0.0, 0.0, 0.0, 0.0, 0.0]",0.0,0,0.0,0,0.0,
9.mlp.27320,1318,9,mlp,373,64,0.1305866837501526,0.0786292552947998,10,126,0.05597729222530126,6,"[0.0, 0.0, 0.0, 0.0, 0.0, 0.0, 0.0, 0.0]",0.0,0,0.0,0,0.0,
3.mlp.26922,2392,3,mlp,197,59,0.15787386894226074,0.1314592957496643,3,55,0.010155271580299467,2,"[0.0, 0.0, 0.0, 0.0, 0.0, 0.0, 0.0, 0.0]",0.0,0,0.0,0,0.0,
1.mlp.40471,171,1,mlp,129,59,0.005378007888793945,0.001965045928955078,1,59,0.009358117363826258,1,"[0.0, 0.0, 0.0, 0.0, 0.0, 0.0, 0.0, 0.0]",0.0,0,0.0,0,0.0,
1.mlp.4049,9612,1,mlp,132,59,0.07975137233734131,0.046254515647888184,2,36,0.03931311210320299,1,"[0.0, 0.0, 0.0, 0.0, 0.0, 0.0, 0.0, 0.0]",0.0,0,0.0,0,0.0,
2.resid.14452,9816,2,resid,65,56,0.05848336219787598,0.005036830902099609,4,18,0.1284603673901226,3,"[0.0, 0.0, 0.0, 0.0, 0.0, 0.0, 0.0, 0.0]",0.0,0,0.0,0,0.0,
0.resid.30110,14189,0,resid,65,22,0.5499809384346008,0.16764110326766968,10,29,0.2756324429641345,2,"[0.0, 0.0, 0.0, 0.0, 0.0, 0.0, 0.0, 0.0]",0.0,0,0.0,0,0.0,
1.resid.31085,3989,1,resid,53,61,0.03343409299850464,0.012915611267089844,0,12,0.0,0,"[0.0, 0.0, 0.0, 0.0, 0.0, 0.0, 0.0, 0.0]",0.0,0,0.0,0,0.0,
7.resid.22627,699,7,resid,505,62,0.115719735622406,0.07359403371810913,2,120,0.008520677167878956,2,"[0.0, 0.0, 0.0, 0.0, 0.0, 0.0, 0.0, 0.0]",0.0,0,0.0,0,0.0,
6.resid.20019,2709,6,resid,528,62,0.2742307782173157,0.23145604133605957,48,116,0.23443188486506528,6,"[0.0, 0.0, 0.0, 0.0, 0.0, 0.0, 0.0, 0.0]",0.0,0,0.0,0,0.0,
1.resid.9016,5878,1,resid,68,30,0.0,0.0,1,24,0.005935066056787715,1,"[0.0, 0.0, 0.0, 0.0, 0.0, 0.0, 0.0, 0.0]",0.0,0,0.0,0,0.0,
2.mlp.11608,6002,2,mlp,208,58,0.11045283079147339,0.07064265012741089,2,85,0.03022246871731697,1,"[0.0, 0.0, 0.0, 0.0, 0.0, 0.0, 0.0, 0.0]",0.0,0,0.0,0,0.0,
6.resid.13787,9287,6,resid,361,52,0.1183156967163086,0.032020509243011475,12,108,0.09510516145147951,3,"[0.0, 0.0, 0.0, 0.0, 0.0, 0.0, 0.0, 0.0]",0.0,0,0.0,0,0.0,
1.mlp.9178,1120,1,mlp,163,56,0.15230852365493774,0.06532001495361328,16,73,0.1322191205756295,4,"[0.0, 0.0, 0.0, 0.0, 0.0, 0.0, 0.0, 0.0]",0.0,0,0.0,0,0.0,
9.mlp.1674,4160,9,mlp,203,64,0.1419522762298584,0.3046938180923462,2,31,0.023532432605343864,2,"[0.0, 0.0, 0.0, 0.0, 0.0, 0.0, 0.0, 0.0]",0.0,0,0.0,0,0.0,
1.attn.33298,151,1,attn,61,50,0.06538677215576172,0.21652752161026,14,37,0.23512940710179023,4,"[0.0, 0.0, 0.0, 0.0, 0.0, 0.0, 0.0, 0.0]",0.0,0,0.0,0,0.0,
2.attn.14400,5927,2,attn,184,64,0.10191887617111206,0.1118546724319458,20,85,0.17364804162569605,4,"[0.0, 0.0, 0.0, 0.0, 0.0, 0.0, 0.0, 0.0]",0.0,0,0.0,0,0.0,
9.mlp.982,8864,9,mlp,427,64,0.26847904920578003,0.36798399686813354,3,152,0.04888856037659628,1,"[0.0, 0.0, 0.0, 0.0, 0.0, 0.0, 0.0, 0.0]",0.0,0,0.0,0,0.0,
1.attn.2217,7672,1,attn,93,27,0.08618062734603882,0.24822396039962769,3,32,0.07109546003422333,2,"[0.0, 0.0, 0.0, 0.0, 0.0, 0.0, 0.0, 0.0]",0.0,0,0.0,0,0.0,
1.attn.20930,10460,1,attn,103,41,0.012647509574890137,0.07702863216400146,3,51,0.01159931396758452,2,"[0.0, 0.0, 0.0, 0.0, 0.0, 0.0, 0.0, 0.0]",0.0,0,0.0,0,0.0,
4.attn.32494,14729,4,attn,212,61,0.1321517825126648,0.2487364411354065,3,64,0.01214585609223212,3,"[0.0, 0.0, 0.0, 0.0, 0.0, 0.0, 0.0, 0.0]",0.0,0,0.0,0,0.0,
1.mlp.38883,5846,1,mlp,118,60,0.018877863883972168,0.033348679542541504,1,54,0.018302880696969365,1,"[0.0, 0.0, 0.0, 0.0, 0.0, 0.0, 0.0, 0.0]",0.0,0,0.0,0,0.0,
1.attn.24199,14245,1,attn,76,46,0.03873288631439209,0.2393808364868164,6,43,0.0835682180031827,3,"[0.0, 0.0, 0.0, 0.0, 0.0, 0.0, 0.0, 0.0]",0.0,0,0.0,0,0.0,
1.attn.29339,9556,1,attn,55,9,0.08001530170440674,0.13705974817276,27,44,0.594998346982543,3,"[0.0, 0.0, 0.0, 0.0, 0.0, 0.0, 0.0, 0.0]",0.0,0,0.0,0,0.0,
10.resid.8021,6777,10,resid,616,34,0.020356833934783936,0.011615395545959473,48,300,0.16189865375203388,3,"[0.0, 0.0, 0.0, 0.0, 0.0, 0.0, 0.0, 0.0]",0.0,0,0.0,0,0.0,
1.mlp.8190,201,1,mlp,137,52,0.047148048877716064,0.005539059638977051,9,62,0.11812663008247884,3,"[0.0, 0.0, 0.0, 0.0, 0.0, 0.0, 0.0, 0.0]",0.0,0,0.0,0,0.0,
2.resid.33546,8827,2,resid,126,62,0.035163164138793945,0.010719656944274902,1,43,0.0022560776264668662,1,"[0.0, 0.0, 0.0, 0.0, 0.0, 0.0, 0.0, 0.0]",0.0,0,0.0,0,0.0,
4.resid.3869,5444,4,resid,251,46,0.04654812812805176,0.04233598709106445,7,71,0.044182516363681944,3,"[0.0, 0.0, 0.0, 0.0, 0.0, 0.0, 0.0, 0.0]",0.0,0,0.0,0,0.0,
4.resid.22374,2640,4,resid,402,63,0.1873982548713684,0.17312127351760864,34,113,0.16311463532147927,7,"[0.0, 0.0, 0.0, 0.0, 0.0, 0.0, 0.0, 0.0]",0.0,0,0.0,0,0.0,
0.resid.12578,9479,0,resid,52,57,0.04306119680404663,0.011786997318267822,6,13,0.36389540382019986,3,"[0.0, 0.0, 0.0, 0.0, 0.0, 0.0, 0.0, 0.0]",0.0,0,0.0,0,0.0,
6.mlp.21436,9325,6,mlp,289,60,0.14184236526489258,0.11208313703536987,6,55,0.0219341326647589,4,"[0.0, 0.0, 0.0, 0.0, 0.0, 0.0, 0.0, 0.0]",0.0,0,0.0,0,0.0,
6.mlp.18949,14073,6,mlp,245,38,0.14223551750183105,0.11256778240203857,12,32,0.21705354559970175,4,"[0.0, 0.0, 0.0, 0.0, 0.0, 0.0, 0.0, 0.0]",0.0,0,0.0,0,0.0,
11.mlp.28654,8541,11,mlp,587,64,0.2236027717590332,0.1830722689628601,0,103,0.0,0,"[0.0, 0.0, 0.0, 0.0, 0.0, 0.0, 0.0, 0.0]",0.0,0,0.0,0,0.0,
1.resid.40308,14360,1,resid,100,62,0.18121612071990967,0.05122244358062744,6,43,0.08014884092617108,3,"[0.0, 0.0, 0.0, 0.0, 0.0, 0.0, 0.0, 0.0]",0.0,0,0.0,0,0.0,
2.resid.35111,417,2,resid,91,61,0.06596004962921143,0.008574128150939941,0,24,0.0,0,"[0.0, 0.0, 0.0, 0.0, 0.0, 0.0, 0.0, 0.0]",0.0,0,0.0,0,0.0,
4.resid.10983,706,4,resid,401,57,0.1630309820175171,0.10488283634185791,0,76,0.0,0,"[0.0, 0.0, 0.0, 0.0, 0.0, 0.0, 0.0, 0.0]",0.0,0,0.0,0,0.0,
3.resid.17247,6202,3,resid,221,59,0.37575024366378784,0.3511233925819397,5,68,0.047605044446781174,1,"[0.0, 0.0, 0.0, 0.0, 0.0, 0.0, 0.0, 0.0]",0.0,0,0.0,0,0.0,
10.attn.22690,14374,10,attn,587,64,0.0,0.6563689708709717,0,483,0.0,0,"[0.0, 0.0, 0.0, 0.0, 0.0, 0.0, 0.0, 0.0]",0.0,-2,0.0,0,0.0,
3.mlp.28141,8035,3,mlp,211,61,0.09074825048446655,0.07014256715774536,1,48,0.0022196395760367177,1,"[0.0, 0.0, 0.0, 0.0, 0.0, 0.0, 0.0, 0.0]",0.0,0,0.0,0,0.0,
8.attn.24071,3445,8,attn,602,64,0.4151815176010132,0.37499088048934937,30,160,0.14984948865708617,7,"[0.0, 0.0, 0.0, 0.0, 0.0, 0.0, 0.0, 0.0]",0.0,0,0.0,0,0.0,
2.mlp.6540,6895,2,mlp,164,58,0.28857260942459106,0.1266501545906067,11,50,0.12111215715639391,4,"[0.0, 0.0, 0.0, 0.0, 0.0, 0.0, 0.0, 0.0]",0.0,0,0.0,0,0.0,gt frame
2.mlp.28806,7880,2,mlp,155,51,0.17250913381576538,0.10210436582565308,28,58,0.2839221555507901,3,"[0.0, 0.0, 0.0, 0.0, 0.0, 0.0, 0.0, 0.0]",0.0,0,0.0,0,0.0,
8.mlp.32616,2457,8,mlp,274,59,0.2957369089126587,0.2678539752960205,9,61,0.07217019622475507,2,"[0.0, 0.0, 0.0, 0.0, 0.0, 0.0, 0.0, 0.0]",0.0,0,0.0,0,0.0,
0.resid.17316,5749,0,resid,39,63,0.014757633209228516,0.00015997886657714844,3,13,0.06471490525075288,2,"[0.0, 0.0, 0.0, 0.0, 0.0, 0.0, 0.0, 0.0]",0.0,0,0.0,0,0.0,
3.resid.18167,2476,3,resid,266,63,0.1335182785987854,0.09468412399291992,3,47,0.023365663923868164,3,"[0.0, 0.0, 0.0, 0.0, 0.0, 0.0, 0.0, 0.0]",0.0,0,0.0,0,0.0,
5.mlp.26272,12100,5,mlp,251,64,0.19411051273345947,0.07909888029098511,5,55,0.05605702367191036,3,"[0.0, 0.0, 0.0, 0.0, 0.0, 0.0, 0.0, 0.0]",0.0,0,0.0,0,0.0,
0.resid.38022,5711,0,resid,67,49,0.0,0.0,0,12,0.0,0,"[0.0, 0.0, 0.0, 0.0, 0.0, 0.0, 0.0, 0.0]",0.0,0,0.0,0,0.0,
1.resid.21712,10554,1,resid,142,61,0.025444984436035156,0.013714611530303955,7,34,0.13202106357309096,4,"[0.0, 0.0, 0.0, 0.0, 0.0, 0.0, 0.0, 0.0]",0.0,0,0.0,0,0.0,
6.mlp.14150,2759,6,mlp,169,63,0.32068395614624023,0.2935447096824646,2,21,0.00981956743775137,2,"[0.0, 0.0, 0.0, 0.0, 0.0, 0.0, 0.0, 0.0]",0.0,0,0.0,0,0.0,
3.mlp.29584,8039,3,mlp,179,63,0.2858400344848633,0.15851455926895142,2,70,0.02959867844335596,2,"[0.0, 0.0, 0.0, 0.0, 0.0, 0.0, 0.0, 0.0]",0.0,0,0.0,0,0.0,
3.mlp.35341,6118,3,mlp,307,57,0.14707434177398682,0.08552980422973633,7,52,0.047737262315633425,5,"[0.0, 0.0, 0.0, 0.0, 0.0, 0.0, 0.0, 0.0]",0.0,0,0.0,0,0.0,
3.resid.21260,2440,3,resid,204,52,0.03338146209716797,0.017322242259979248,4,57,0.07014645302263041,1,"[0.0, 0.0, 0.0, 0.0, 0.0, 0.0, 0.0, 0.0]",0.0,0,0.0,0,0.0,
6.mlp.40844,6529,6,mlp,628,63,0.10394364595413208,0.06045341491699219,15,115,0.05884857462906785,6,"[0.0, 0.0, 0.0, 0.0, 0.0, 0.0, 0.0, 0.0]",0.0,0,0.0,0,0.0,
10.mlp.14093,10561,10,mlp,469,64,0.24485677480697632,0.34976398944854736,9,243,0.06473454271622693,2,"[0.0, 0.0, 0.0, 0.0, 0.0, 0.0, 0.0, 0.0]",0.0,0,0.0,0,0.0,
8.mlp.12450,4334,8,mlp,380,51,0.1129002571105957,0.0489543080329895,3,59,0.04726985220869818,1,"[0.0, 0.0, 0.0, 0.0, 0.0, 0.0, 0.0, 0.0]",0.0,0,0.0,0,0.0,
3.resid.36740,9015,3,resid,322,40,0.09306985139846802,0.0289117693901062,18,61,0.19869261114449793,6,"[0.0, 0.0, 0.0, 0.0, 0.0, 0.0, 0.0, 0.0]",0.0,0,0.0,0,0.0,
5.attn.19401,13941,5,attn,258,64,0.1913052201271057,0.156227707862854,4,98,0.04133831367199225,2,"[0.0, 0.0, 0.0, 0.0, 0.0, 0.0, 0.0, 0.0]",0.0,0,0.0,0,0.0,
4.mlp.31054,14752,4,mlp,449,60,0.371252179145813,0.1961929202079773,20,81,0.08536084043257552,2,"[0.0, 0.0, 0.0, 0.0, 0.0, 0.0, 0.0, 0.0]",0.0,0,0.0,0,0.0,
3.resid.1940,14655,3,resid,130,58,0.05377054214477539,0.026555180549621582,1,21,0.04086282966092338,1,"[0.0, 0.0, 0.0, 0.0, 0.0, 0.0, 0.0, 0.0]",0.0,0,0.0,0,0.0,
2.resid.15376,11653,2,resid,202,61,0.12893176078796387,0.06935256719589233,12,54,0.11835004884629603,3,"[0.0, 0.0, 0.0, 0.0, 0.0, 0.0, 0.0, 0.0]",0.0,0,0.0,0,0.0,
0.resid.39670,11343,0,resid,68,64,0.05533444881439209,0.01165860891342163,0,11,0.0,0,"[0.0, 0.0, 0.0, 0.0, 0.0, 0.0, 0.0, 0.0]",0.0,0,0.0,0,0.0,
7.mlp.20493,14825,7,mlp,300,56,0.08159112930297852,0.08735448122024536,3,53,0.00846297475022038,2,"[0.0, 0.0, 0.0, 0.0, 0.0, 0.0, 0.0, 0.0]",0.0,0,0.0,0,0.0,
4.mlp.27487,9156,4,mlp,375,17,0.4515954852104187,0.2482423186302185,47,83,0.3020600986242368,4,"[0.0, 0.0, 0.0, 0.0, 0.0, 0.0, 0.0, 0.0]",0.0,0,0.0,0,0.0,
1.resid.32901,245,1,resid,120,62,0.03605389595031738,0.009112536907196045,0,29,0.0,0,"[0.0, 0.0, 0.0, 0.0, 0.0, 0.0, 0.0, 0.0]",0.0,0,0.0,0,0.0,
1.resid.30088,12434,1,resid,116,44,0.02818530797958374,0.014323651790618896,10,28,0.13293839710396135,4,"[0.0, 0.0, 0.0, 0.0, 0.0, 0.0, 0.0, 0.0]",0.0,0,0.0,0,0.0,
1.mlp.35511,3023,1,mlp,233,54,0.06689447164535522,0.01359701156616211,9,46,0.1238666287746062,3,"[0.0, 0.0, 0.0, 0.0, 0.0, 0.0, 0.0, 0.0]",0.0,0,0.0,0,0.0,
5.mlp.16093,9284,5,mlp,230,63,0.1776941418647766,0.15242350101470947,1,45,0.012975306271391034,1,"[0.0, 0.0, 0.0, 0.0, 0.0, 0.0, 0.0, 0.0]",0.0,0,0.0,0,0.0,
1.resid.6472,5876,1,resid,43,61,0.04891765117645264,0.024420320987701416,0,11,0.0,0,"[0.0, 0.0, 0.0, 0.0, 0.0, 0.0, 0.0, 0.0]",0.0,0,0.0,0,0.0,
4.resid.32426,3528,4,resid,334,42,0.08934301137924194,0.03586935997009277,13,62,0.10554346762566566,5,"[0.0, 0.0, 0.0, 0.0, 0.0, 0.0, 0.0, 0.0]",0.0,0,0.0,0,0.0,
7.resid.25518,8169,7,resid,562,62,0.07343602180480957,0.06443697214126587,16,127,0.049210611226837814,5,"[0.0, 0.0, 0.0, 0.0, 0.0, 0.0, 0.0, 0.0]",0.0,0,0.0,0,0.0,
4.mlp.38506,10071,4,mlp,243,61,0.29579174518585205,0.23881316184997559,1,68,0.009495436981682861,1,"[0.0, 0.0, 0.0, 0.0, 0.0, 0.0, 0.0, 0.0]",0.0,0,0.0,0,0.0,
3.resid.20952,12802,3,resid,182,62,0.08312726020812988,0.32137948274612427,4,102,0.01692719597633983,3,"[0.0, 0.0, 0.0, 0.0, 0.0, 0.0, 0.0, 0.0]",0.0,0,0.0,0,0.0,
2.resid.13686,1343,2,resid,108,58,0.09763884544372559,0.06585979461669922,15,39,0.31917011543791557,8,"[0.0, 0.0, 0.0, 0.0, 0.0, 0.0, 0.0, 0.0]",0.0,0,0.0,0,0.0,
11.resid.27714,3803,11,resid,648,64,0.12513965368270874,0.18046247959136963,32,142,0.16217873632432098,9,"[0.0, 0.0, 0.0, 0.0, 0.0, 0.0, 0.0, 0.0]",0.0,0,0.0,0,0.0,
11.resid.24479,5664,11,resid,670,63,0.421425461769104,0.38169199228286743,0,127,0.0,0,"[0.0, 0.0, 0.0, 0.0, 0.0, 0.0, 0.0, 0.0]",0.0,0,0.0,0,0.0,
7.resid.6633,14789,7,resid,440,62,0.11363893747329712,0.14173895120620728,0,84,0.0,0,"[0.0, 0.0, 0.0, 0.0, 0.0, 0.0, 0.0, 0.0]",0.0,0,0.0,0,0.0,
1.resid.6584,4033,1,resid,84,61,0.013556718826293945,0.005906820297241211,4,22,0.1331066047511861,3,"[0.0, 0.0, 0.0, 0.0, 0.0, 0.0, 0.0, 0.0]",0.0,0,0.0,0,0.0,
9.resid.2881,1308,9,resid,511,45,0.44961071014404297,0.26153165102005005,62,125,0.2599445768404086,4,"[0.0, 0.0, 0.0, 0.0, 0.0, 0.0, 0.0, 0.0]",0.0,0,0.0,0,0.0,
1.resid.29795,4910,1,resid,62,16,0.0,0.0,3,15,0.06385867035599263,3,"[0.0, 0.0, 0.0, 0.0, 0.0, 0.0, 0.0, 0.0]",0.0,0,0.0,0,0.0,
9.resid.39581,12568,9,resid,470,57,0.08425211906433105,0.02523738145828247,3,92,0.004004469271591547,2,"[0.0, 0.0, 0.0, 0.0, 0.0, 0.0, 0.0, 0.0]",0.0,0,0.0,0,0.0,
5.resid.7935,10281,5,resid,273,50,0.04682433605194092,0.011729896068572998,2,62,0.015028253173763176,1,"[0.0, 0.0, 0.0, 0.0, 0.0, 0.0, 0.0, 0.0]",0.0,0,0.0,0,0.0,
2.resid.39263,6987,2,resid,57,14,0.08113092184066772,0.10279655456542969,4,19,0.1599242723335641,3,"[0.0, 0.0, 0.0, 0.0, 0.0, 0.0, 0.0, 0.0]",0.0,0,0.0,0,0.0,
4.attn.36822,5309,4,attn,192,64,0.04283726215362549,0.34220439195632935,135,162,0.7244841975494927,7,"[0.0, 0.0, 0.0, 0.0, 0.0, 0.0, 0.0, 0.0]",0.0,0,0.0,0,0.0,
1.mlp.36895,7679,1,mlp,91,63,0.06875437498092651,0.042244791984558105,6,41,0.13693717007086176,5,"[0.0, 0.0, 0.0, 0.0, 0.0, 0.0, 0.0, 0.0]",0.0,0,0.0,0,0.0,
2.resid.14946,4151,2,resid,107,47,0.0337446928024292,0.0410805344581604,11,45,0.1343799172113945,6,"[0.0, 0.0, 0.0, 0.0, 0.0, 0.0, 0.0, 0.0]",0.0,0,0.0,0,0.0,
11.resid.35730,2867,11,resid,349,63,0.2973284125328064,0.30775511264801025,16,110,0.055102504815761344,7,"[0.0, 0.0, 0.0, 0.0, 0.0, 0.0, 0.0, 0.0]",0.0,0,0.0,0,0.0,
8.resid.17752,4302,8,resid,567,62,0.15474748611450195,0.150160551071167,8,136,0.018294437187463753,1,"[0.0, 0.0, 0.0, 0.0, 0.0, 0.0, 0.0, 0.0]",0.0,0,0.0,0,0.0,
8.resid.24367,7110,8,resid,590,64,0.15589702129364014,0.2946215867996216,15,195,0.20358339477394666,6,"[0.0, 0.0, 0.0, 0.0, 0.0, 0.0, 0.0, 0.0]",0.0,0,0.0,0,0.0,
1.resid.15261,4031,1,resid,118,48,0.04559814929962158,0.013235390186309814,1,35,0.0024038116775128167,1,"[0.0, 0.0, 0.0, 0.0, 0.0, 0.0, 0.0, 0.0]",0.0,0,0.0,0,0.0,
2.mlp.36663,6899,2,mlp,126,64,0.1347615122795105,0.10370486974716187,1,41,0.016777705643223794,1,"[0.0, 0.0, 0.0, 0.0, 0.0, 0.0, 0.0, 0.0]",0.0,0,0.0,0,0.0,
10.resid.36024,13362,10,resid,436,9,0.14168232679367065,0.10761278867721558,156,303,0.436246761712006,3,"[0.0, 0.0, 0.0, 0.0, 0.0, 0.0, 0.0, 0.0]",0.0,0,0.0,0,0.0,
2.attn.5167,1254,2,attn,142,64,0.025510191917419434,0.12458020448684692,7,70,0.10317197465803069,2,"[0.0, 0.0, 0.0, 0.0, 0.0, 0.0, 0.0, 0.0]",0.0,0,0.0,0,0.0,
5.mlp.14119,3640,5,mlp,249,56,0.39635956287384033,0.2842365503311157,8,48,0.1266262655793213,5,"[0.0, 0.0, 0.0, 0.0, 0.0, 0.0, 0.0, 0.0]",0.0,0,0.0,0,0.0,
4.attn.31224,10002,4,attn,276,51,0.17355471849441528,0.17862939834594727,17,64,0.12072321783606649,5,"[0.0, 0.0, 0.0, 0.0, 0.0, 0.0, 0.0, 0.0]",0.0,0,0.0,0,0.0,
8.mlp.19724,1486,8,mlp,458,64,0.2887200713157654,0.31010591983795166,14,165,0.045673291057193685,7,"[0.0, 0.0, 0.0, 0.0, 0.0, 0.0, 0.0, 0.0]",0.0,0,0.0,0,0.0,
11.attn.8005,2028,11,attn,713,11,0.29859310388565063,0.3258052468299866,132,269,0.2364550336493431,7,"[0.0, 0.0, 0.0, 0.0, 0.0, 0.0, 0.0, 0.0]",0.0,0,0.0,0,0.0,
8.resid.27612,11762,8,resid,521,60,0.2775072455406189,0.23539131879806519,6,113,0.07196616402012267,3,"[0.0, 0.0, 0.0, 0.0, 0.0, 0.0, 0.0, 0.0]",0.0,0,0.0,0,0.0,
8.resid.23576,14632,8,resid,342,64,0.12270605564117432,0.27384138107299805,0,102,0.0,0,"[0.0, 0.0, 0.0, 0.0, 0.0, 0.0, 0.0, 0.0]",0.0,0,0.0,0,0.0,
1.resid.18743,217,1,resid,96,51,0.0,0.00663834810256958,5,38,0.05382102949412274,3,"[0.0, 0.0, 0.0, 0.0, 0.0, 0.0, 0.0, 0.0]",0.0,0,0.0,0,0.0,
1.resid.6947,11487,1,resid,105,60,0.033464670181274414,0.022642791271209717,0,35,0.0,0,"[0.0, 0.0, 0.0, 0.0, 0.0, 0.0, 0.0, 0.0]",0.0,0,0.0,0,0.0,
1.resid.24282,7755,1,resid,120,62,0.0279386043548584,0.013088345527648926,3,34,0.05973289809420053,2,"[0.0, 0.0, 0.0, 0.0, 0.0, 0.0, 0.0, 0.0]",0.0,0,0.0,0,0.0,
1.resid.12243,7791,1,resid,134,61,0.12606459856033325,0.04551488161087036,4,39,0.029363058254034274,3,"[0.0, 0.0, 0.0, 0.0, 0.0, 0.0, 0.0, 0.0]",0.0,0,0.0,0,0.0,
2.mlp.10506,14422,2,mlp,96,64,0.2389354109764099,0.34174638986587524,20,80,0.23592291352323688,4,"[0.0, 0.0, 0.0, 0.0, 0.0, 0.0, 0.0, 0.0]",0.0,0,0.0,0,0.0,
1.resid.26383,12458,1,resid,49,53,0.0,0.009809255599975586,1,17,0.026635844444216482,1,"[0.0, 0.0, 0.0, 0.0, 0.0, 0.0, 0.0, 0.0]",0.0,0,0.0,0,0.0,
6.resid.18234,14911,6,resid,464,60,0.20836681127548218,0.19869840145111084,6,93,0.01127956889503661,2,"[0.0, 0.0, 0.0, 0.0, 0.0, 0.0, 0.0, 0.0]",0.0,0,0.0,0,0.0,
3.mlp.31901,8045,3,mlp,226,63,0.33759433031082153,0.19771122932434082,1,61,0.004722634368085574,1,"[0.0, 0.0, 0.0, 0.0, 0.0, 0.0, 0.0, 0.0]",0.0,0,0.0,0,0.0,
2.resid.4292,2311,2,resid,140,61,0.04956948757171631,0.010485053062438965,3,43,0.05485118417219936,3,"[0.0, 0.0, 0.0, 0.0, 0.0, 0.0, 0.0, 0.0]",0.0,0,0.0,0,0.0,
1.resid.11954,9616,1,resid,72,23,0.009437501430511475,0.0,1,26,0.021783424573552795,1,"[0.0, 0.0, 0.0, 0.0, 0.0, 0.0, 0.0, 0.0]",0.0,0,0.0,0,0.0,
3.resid.20812,11821,3,resid,217,62,0.11334836483001709,0.06772583723068237,1,57,0.002881963135229385,1,"[0.0, 0.0, 0.0, 0.0, 0.0, 0.0, 0.0, 0.0]",0.0,0,0.0,0,0.0,
1.resid.1851,8717,1,resid,114,61,0.06306308507919312,0.015589475631713867,3,59,0.029002447182580476,2,"[0.0, 0.0, 0.0, 0.0, 0.0, 0.0, 0.0, 0.0]",0.0,0,0.0,0,0.0,
2.resid.20314,14512,2,resid,113,57,0.008387744426727295,0.007555365562438965,2,22,0.03814043329981341,2,"[0.0, 0.0, 0.0, 0.0, 0.0, 0.0, 0.0, 0.0]",0.0,0,0.0,0,0.0,
1.mlp.27221,163,1,mlp,108,56,0.05576026439666748,0.019833087921142578,10,56,0.16731010955940537,2,"[0.0, 0.0, 0.0, 0.0, 0.0, 0.0, 0.0, 0.0]",0.0,0,0.0,0,0.0,
10.resid.27129,190,10,resid,632,64,0.32300227880477905,0.27764731645584106,0,149,0.0,0,"[0.0, 0.0, 0.0, 0.0, 0.0, 0.0, 0.0, 0.0]",0.0,0,0.0,0,0.0,
2.mlp.6261,9752,2,mlp,227,55,0.1045980453491211,0.04238945245742798,2,49,0.05776330822748041,2,"[0.0, 0.0, 0.0, 0.0, 0.0, 0.0, 0.0, 0.0]",0.0,0,0.0,0,0.0,
2.mlp.40766,8801,2,mlp,126,43,0.04685056209564209,0.017126381397247314,14,35,0.2628831523447793,3,"[0.0, 0.0, 0.0, 0.0, 0.0, 0.0, 0.0, 0.0]",0.0,0,0.0,0,0.0,
1.mlp.7506,9568,1,mlp,136,64,0.12639200687408447,0.04810690879821777,16,53,0.2015976420228411,5,"[0.0, 0.0, 0.0, 0.0, 0.0, 0.0, 0.0, 0.0]",0.0,0,0.0,0,0.0,
2.resid.24964,371,2,resid,149,53,0.05006766319274902,0.007249176502227783,0,34,0.0,0,"[0.0, 0.0, 0.0, 0.0, 0.0, 0.0, 0.0, 0.0]",0.0,0,0.0,0,0.0,
1.resid.10711,14354,1,resid,99,63,0.05725705623626709,0.027870595455169678,5,27,0.25062680366682355,2,"[0.0, 0.0, 0.0, 0.0, 0.0, 0.0, 0.0, 0.0]",0.0,0,0.0,0,0.0,
6.attn.25058,8451,6,attn,518,46,0.42176103591918945,0.2497081756591797,38,99,0.25218624348601976,8,"[0.0, 0.0, 0.0, 0.0, 0.0, 0.0, 0.0, 0.0]",0.0,0,0.0,0,0.0,
1.mlp.30646,14302,1,mlp,109,62,0.0606498122215271,0.014735817909240723,3,40,0.06285064396625063,3,"[0.0, 0.0, 0.0, 0.0, 0.0, 0.0, 0.0, 0.0]",0.0,0,0.0,0,0.0,
1.resid.26182,4964,1,resid,47,34,0.04026234149932861,0.01266169548034668,8,22,0.14761823837618038,2,"[0.0, 0.0, 0.0, 0.0, 0.0, 0.0, 0.0, 0.0]",0.0,0,0.0,0,0.0,
4.resid.809,11085,4,resid,353,56,0.3238694667816162,0.1797114610671997,10,99,0.055572233080821036,3,"[0.0, 0.0, 0.0, 0.0, 0.0, 0.0, 0.0, 0.0]",0.0,0,0.0,0,0.0,
0.resid.70,5741,0,resid,34,57,0.0,0.0,1,9,0.01570727057774141,1,"[0.0, 0.0, 0.0, 0.0, 0.0, 0.0, 0.0, 0.0]",0.0,0,0.0,0,0.0,
1.resid.30367,8683,1,resid,58,46,0.03624671697616577,0.015492558479309082,3,28,0.11189022966075285,2,"[0.0, 0.0, 0.0, 0.0, 0.0, 0.0, 0.0, 0.0]",0.0,0,0.0,0,0.0,
8.resid.28710,4294,8,resid,674,63,0.24923455715179443,0.2680090069770813,12,155,0.09741626865755224,6,"[0.0, 0.0, 0.0, 0.0, 0.0, 0.0, 0.0, 0.0]",0.0,0,0.0,0,0.0,
3.mlp.26755,12696,3,mlp,225,64,0.21124660968780518,0.20270466804504395,8,69,0.09996724526295843,5,"[0.0, 0.0, 0.0, 0.0, 0.0, 0.0, 0.0, 0.0]",0.0,0,0.0,0,0.0,
1.mlp.19583,10506,1,mlp,114,58,0.09577423334121704,0.016062438488006592,18,64,0.23064326298089557,6,"[0.0, 0.0, 0.0, 0.0, 0.0, 0.0, 0.0, 0.0]",0.0,0,0.0,0,0.0,
5.resid.12844,13078,5,resid,265,37,0.35163748264312744,0.2895277738571167,5,58,0.027581460150070652,3,"[0.0, 0.0, 0.0, 0.0, 0.0, 0.0, 0.0, 0.0]",0.0,0,0.0,0,0.0,
7.resid.13772,9125,7,resid,406,64,0.1639837622642517,0.17944592237472534,4,99,0.038723357717782646,3,"[0.0, 0.0, 0.0, 0.0, 0.0, 0.0, 0.0, 0.0]",0.0,0,0.0,0,0.0,
10.attn.23886,5912,10,attn,726,64,0.0,0.7215442657470703,0,455,0.0,0,"[0.0, 0.0, 0.0, 0.0, 0.0, 0.0, 0.0, 0.0]",0.0,-2,0.0,0,0.0,
1.mlp.7300,12392,1,mlp,98,45,0.05260103940963745,0.021537423133850098,8,46,0.3464292230171081,7,"[0.0, 0.0, 0.0, 0.0, 0.0, 0.0, 0.0, 0.0]",0.0,0,0.0,0,0.0,
0.resid.10821,13225,0,resid,39,63,0.010411441326141357,0.017686903476715088,1,10,0.0294845558024914,1,"[0.0, 0.0, 0.0, 0.0, 0.0, 0.0, 0.0, 0.0]",0.0,0,0.0,0,0.0,
1.mlp.6415,5812,1,mlp,174,48,0.22519052028656006,0.06375950574874878,6,49,0.17174215135144758,2,"[0.0, 0.0, 0.0, 0.0, 0.0, 0.0, 0.0, 0.0]",0.0,0,0.0,0,0.0,
4.resid.21874,14846,4,resid,259,57,0.16663044691085815,0.06741982698440552,4,53,0.05354946390859043,4,"[0.0, 0.0, 0.0, 0.0, 0.0, 0.0, 0.0, 0.0]",0.0,0,0.0,0,0.0,
0.resid.31589,10441,0,resid,92,38,0.1700010895729065,0.013089299201965332,16,33,0.26330589419796113,4,"[0.0, 0.0, 0.0, 0.0, 0.0, 0.0, 0.0, 0.0]",0.0,0,0.0,0,0.0,
2.resid.29583,1325,2,resid,98,60,0.054601192474365234,0.01375722885131836,4,25,0.030145814184437358,3,"[0.0, 0.0, 0.0, 0.0, 0.0, 0.0, 0.0, 0.0]",0.0,0,0.0,0,0.0,
0.resid.4905,5725,0,resid,50,62,0.04505354166030884,0.014522194862365723,3,17,0.23158968074692826,3,"[0.0, 0.0, 0.0, 0.0, 0.0, 0.0, 0.0, 0.0]",0.0,0,0.0,0,0.0,
6.resid.5363,8333,6,resid,441,58,0.4026336073875427,0.30358070135116577,4,98,0.006554556473996045,1,"[0.0, 0.0, 0.0, 0.0, 0.0, 0.0, 0.0, 0.0]",0.0,0,0.0,0,0.0,
4.resid.7535,5410,4,resid,276,61,0.2548385262489319,0.21240246295928955,1,50,0.008343168536609526,1,"[0.0, 0.0, 0.0, 0.0, 0.0, 0.0, 0.0, 0.0]",0.0,0,0.0,0,0.0,
4.resid.4542,6365,4,resid,220,31,0.047668397426605225,0.03360474109649658,3,52,0.031647192280450945,3,"[0.0, 0.0, 0.0, 0.0, 0.0, 0.0, 0.0, 0.0]",0.0,0,0.0,0,0.0,
2.resid.28539,4153,2,resid,176,57,0.061968326568603516,0.02316051721572876,0,42,0.0,0,"[0.0, 0.0, 0.0, 0.0, 0.0, 0.0, 0.0, 0.0]",0.0,0,0.0,0,0.0,
11.resid.6662,17,11,resid,389,53,0.08161044120788574,0.08862292766571045,14,115,0.14535369685573316,6,"[0.0, 0.0, 0.0, 0.0, 0.0, 0.0, 0.0, 0.0]",0.0,0,0.0,0,0.0,
7.resid.7733,10084,7,resid,419,61,0.15504825115203857,0.12030476331710815,1,84,0.0036691013216930074,1,"[0.0, 0.0, 0.0, 0.0, 0.0, 0.0, 0.0, 0.0]",0.0,0,0.0,0,0.0,
7.resid.15037,3483,7,resid,445,58,0.10625547170639038,0.09402787685394287,10,104,0.06577974964240249,6,"[0.0, 0.0, 0.0, 0.0, 0.0, 0.0, 0.0, 0.0]",0.0,0,0.0,0,0.0,
2.resid.179,2269,2,resid,141,25,0.08573353290557861,0.05800807476043701,16,53,0.21927398687092378,7,"[0.0, 0.0, 0.0, 0.0, 0.0, 0.0, 0.0, 0.0]",0.0,0,0.0,0,0.0,
7.resid.28544,14759,7,resid,448,38,0.18197345733642578,0.15983325242996216,3,75,0.024008285576095106,3,"[0.0, 0.0, 0.0, 0.0, 0.0, 0.0, 0.0, 0.0]",0.0,0,0.0,0,0.0,
5.resid.5581,5604,5,resid,261,59,0.07439249753952026,0.06232339143753052,6,40,0.0882536650004863,4,"[0.0, 0.0, 0.0, 0.0, 0.0, 0.0, 0.0, 0.0]",0.0,0,0.0,0,0.0,
6.resid.9622,1782,6,resid,313,34,0.03755533695220947,0.022137880325317383,9,56,0.06372190273326139,3,"[0.0, 0.0, 0.0, 0.0, 0.0, 0.0, 0.0, 0.0]",0.0,0,0.0,0,0.0,
0.resid.20005,10399,0,resid,39,58,0.022944986820220947,0.0,0,11,0.0,0,"[0.0, 0.0, 0.0, 0.0, 0.0, 0.0, 0.0, 0.0]",0.0,0,0.0,0,0.0,
1.resid.31751,11511,1,resid,63,64,0.03992044925689697,0.01293104887008667,0,25,0.0,0,"[0.0, 0.0, 0.0, 0.0, 0.0, 0.0, 0.0, 0.0]",0.0,0,0.0,0,0.0,
4.resid.5319,8278,4,resid,241,63,0.053079187870025635,0.018035173416137695,6,55,0.10649882847204739,3,"[0.0, 0.0, 0.0, 0.0, 0.0, 0.0, 0.0, 0.0]",0.0,0,0.0,0,0.0,
5.resid.27223,5608,5,resid,341,57,0.06111860275268555,0.0,9,66,0.11749180508168817,5,"[0.0, 0.0, 0.0, 0.0, 0.0, 0.0, 0.0, 0.0]",0.0,0,0.0,0,0.0,
8.mlp.22303,4338,8,mlp,415,64,0.2464735507965088,0.33825647830963135,35,167,0.1545746693938191,7,"[0.0, 0.0, 0.0, 0.0, 0.0, 0.0, 0.0, 0.0]",0.0,0,0.0,0,0.0,
8.resid.20166,8036,8,resid,490,64,0.3870113492012024,0.37233084440231323,24,117,0.181733033062227,8,"[0.0, 0.0, 0.0, 0.0, 0.0, 0.0, 0.0, 0.0]",0.0,0,0.0,0,0.0,
5.resid.33582,1843,5,resid,312,64,0.2009231448173523,0.19357573986053467,1,79,0.0006584303809308508,1,"[0.0, 0.0, 0.0, 0.0, 0.0, 0.0, 0.0, 0.0]",0.0,0,0.0,0,0.0,
1.resid.34655,11499,1,resid,56,55,0.026175081729888916,0.005347609519958496,4,36,0.16104132528474266,2,"[0.0, 0.0, 0.0, 0.0, 0.0, 0.0, 0.0, 0.0]",0.0,0,0.0,0,0.0,
3.resid.8787,14697,3,resid,202,49,0.07335752248764038,0.0,5,36,0.08280733695452218,3,"[0.0, 0.0, 0.0, 0.0, 0.0, 0.0, 0.0, 0.0]",0.0,0,0.0,0,0.0,
1.resid.14334,6824,1,resid,68,39,0.00616002082824707,0.010634183883666992,5,42,0.06436008286705351,3,"[0.0, 0.0, 0.0, 0.0, 0.0, 0.0, 0.0, 0.0]",0.0,0,0.0,0,0.0,
3.mlp.23820,3358,3,mlp,254,63,0.059002816677093506,0.04514116048812866,3,47,0.049633314409162375,2,"[0.0, 0.0, 0.0, 0.0, 0.0, 0.0, 0.0, 0.0]",0.0,0,0.0,0,0.0,
3.resid.31435,4321,3,resid,176,47,0.04279106855392456,0.044081270694732666,1,77,0.006520323980765824,1,"[0.0, 0.0, 0.0, 0.0, 0.0, 0.0, 0.0, 0.0]",0.0,0,0.0,0,0.0,
3.resid.33983,10895,3,resid,289,52,0.1042015552520752,0.01830822229385376,4,53,0.022248048723457262,3,"[0.0, 0.0, 0.0, 0.0, 0.0, 0.0, 0.0, 0.0]",0.0,0,0.0,0,0.0,
0.resid.20059,13243,0,resid,230,64,0.145912766456604,0.03721213340759277,5,51,0.04568423517723385,3,"[0.0, 0.0, 0.0, 0.0, 0.0, 0.0, 0.0, 0.0]",0.0,0,0.0,0,0.0,
6.resid.900,8327,6,resid,366,33,0.043799638748168945,0.011032640933990479,15,87,0.12615167775261119,3,"[0.0, 0.0, 0.0, 0.0, 0.0, 0.0, 0.0, 0.0]",0.0,0,0.0,0,0.0,
4.resid.30049,3562,4,resid,315,49,0.02853691577911377,0.020171046257019043,7,59,0.1462293833281038,2,"[0.0, 0.0, 0.0, 0.0, 0.0, 0.0, 0.0, 0.0]",0.0,0,0.0,0,0.0,
