cid,skey,seed_layer,seed_kind,n_members,family
0,0.mlp.2683,0,mlp,6,125
1,11.resid.31655,11,resid,598,3
2,0.mlp.22374,0,mlp,29,23
3,11.resid.20555,11,resid,763,3
4,0.mlp.10582,0,mlp,14,126
5,11.resid.11738,11,resid,504,6
6,0.mlp.17022,0,mlp,29,34
7,11.resid.21562,11,resid,399,57
8,0.mlp.35587,0,mlp,26,127
9,11.resid.8074,11,resid,613,3
10,0.mlp.10950,0,mlp,12,128
11,11.resid.6380,11,resid,312,44
12,0.mlp.15449,0,mlp,4,129
13,11.resid.29900,11,resid,920,17
14,0.mlp.27336,0,mlp,59,34
15,11.resid.33991,11,resid,447,13
16,0.mlp.586,0,mlp,18,130
17,11.resid.6662,11,resid,389,3
18,0.mlp.16890,0,mlp,20,131
19,11.resid.39455,11,resid,494,3
20,0.mlp.32928,0,mlp,11,10
21,11.resid.20924,11,resid,691,3
22,0.mlp.22135,0,mlp,22,132
23,11.resid.31219,11,resid,326,3
24,0.mlp.12724,0,mlp,12,133
25,11.resid.29252,11,resid,758,20
26,0.mlp.12640,0,mlp,14,4
27,11.resid.31033,11,resid,434,3
28,0.mlp.16150,0,mlp,23,134
29,11.resid.18166,11,resid,344,3
30,0.mlp.2423,0,mlp,57,135
31,11.resid.22854,11,resid,235,3
32,0.mlp.24296,0,mlp,18,25
33,11.resid.33628,11,resid,637,3
34,0.mlp.333,0,mlp,22,41
35,11.resid.6599,11,resid,603,3
36,0.mlp.40059,0,mlp,14,136
37,11.resid.26346,11,resid,1298,2
38,0.mlp.28055,0,mlp,52,137
39,11.resid.15958,11,resid,748,3
40,0.mlp.28006,0,mlp,12,138
41,11.resid.8924,11,resid,430,3
42,0.mlp.39346,0,mlp,26,139
43,11.resid.18301,11,resid,555,3
44,0.mlp.2860,0,mlp,16,140
45,11.resid.15030,11,resid,520,3
46,0.mlp.15497,0,mlp,8,141
47,11.resid.11000,11,resid,486,7
48,0.mlp.13135,0,mlp,16,142
49,11.resid.10792,11,resid,622,23
50,0.mlp.35873,0,mlp,63,16
51,11.resid.23598,11,resid,391,3
52,0.mlp.30765,0,mlp,13,143
53,11.resid.37173,11,resid,557,17
54,0.mlp.10973,0,mlp,10,144
55,11.resid.3758,11,resid,533,3
56,0.mlp.24137,0,mlp,33,29
57,11.resid.37685,11,resid,478,29
58,0.resid.30766,0,resid,33,23
59,11.mlp.14781,11,mlp,677,3
60,0.resid.1150,0,resid,23,10
61,11.mlp.30196,11,mlp,768,27
62,0.resid.7365,0,resid,63,34
63,11.mlp.29809,11,mlp,483,17
64,0.resid.11658,0,resid,19,145
65,11.mlp.29954,11,mlp,592,3
66,0.resid.16583,0,resid,32,6
67,11.mlp.40709,11,mlp,642,45
68,0.resid.30806,0,resid,19,13
69,11.mlp.21011,11,mlp,415,5
70,0.resid.12076,0,resid,64,6
71,11.mlp.31545,11,mlp,299,3
72,0.resid.22652,0,resid,10,146
73,11.mlp.1452,11,mlp,411,3
74,0.resid.27303,0,resid,33,10
75,11.mlp.23285,11,mlp,658,3
76,0.resid.13631,0,resid,21,9
77,11.mlp.2626,11,mlp,324,3
78,0.resid.13192,0,resid,39,34
79,11.mlp.24286,11,mlp,632,3
80,0.resid.19870,0,resid,28,18
81,11.mlp.4848,11,mlp,361,57
82,0.resid.7173,0,resid,45,18
83,11.mlp.29727,11,mlp,357,27
84,0.resid.3893,0,resid,42,147
85,11.mlp.35392,11,mlp,442,3
86,0.resid.3461,0,resid,49,15
87,11.mlp.19062,11,mlp,499,779
88,0.resid.21286,0,resid,70,34
89,11.mlp.15750,11,mlp,433,352
90,0.resid.10132,0,resid,102,11
91,11.mlp.28306,11,mlp,630,3
92,0.resid.1542,0,resid,30,20
93,11.mlp.33065,11,mlp,398,3
94,0.resid.8823,0,resid,35,7
95,11.mlp.22701,11,mlp,454,163
96,0.resid.32683,0,resid,144,34
97,11.mlp.11218,11,mlp,378,3
98,0.resid.28805,0,resid,20,148
99,11.mlp.21052,11,mlp,451,19
100,0.resid.4506,0,resid,61,39
101,11.mlp.30151,11,mlp,396,3
102,0.resid.14848,0,resid,31,45
103,11.mlp.28620,11,mlp,437,7
104,0.resid.34560,0,resid,26,7
105,11.mlp.17425,11,mlp,318,6
106,0.resid.38082,0,resid,27,5
107,11.mlp.25667,11,mlp,476,16
108,0.resid.25669,0,resid,49,17
109,11.mlp.29332,11,mlp,437,4
110,0.resid.36259,0,resid,8,149
111,11.mlp.36677,11,mlp,258,3
112,0.resid.39897,0,resid,73,13
113,11.mlp.37484,11,mlp,539,3
114,11.attn.30402,11,attn,264,40
115,1.attn.30282,1,attn,133,14
116,11.attn.32581,11,attn,681,7
117,11.attn.31678,11,attn,342,1
118,11.attn.7179,11,attn,215,3
119,11.attn.20963,11,attn,253,21
120,11.attn.22687,11,attn,886,13
121,11.attn.10874,11,attn,339,9
122,11.attn.32710,11,attn,718,2
123,1.attn.38963,1,attn,144,14
124,11.attn.17119,11,attn,663,27
125,1.attn.10824,1,attn,34,28
126,11.attn.18611,11,attn,427,9
127,11.attn.3216,11,attn,285,9
128,11.attn.24994,11,attn,242,3
129,1.attn.6656,1,attn,82,2
130,11.attn.7345,11,attn,315,1
131,11.attn.9755,11,attn,205,3
132,1.attn.31675,1,attn,158,8
133,11.attn.33776,11,attn,311,9
134,11.attn.28023,11,attn,425,1
135,1.attn.21144,1,attn,35,2
136,11.attn.3434,11,attn,656,9
137,11.attn.19865,11,attn,193,3
138,11.attn.13542,11,attn,770,3
139,1.attn.2805,1,attn,52,50
140,11.attn.3091,11,attn,247,3
141,1.attn.27068,1,attn,79,99
142,11.attn.32086,11,attn,199,3
143,11.attn.22419,11,attn,736,19
144,11.attn.718,11,attn,390,1
145,11.attn.7471,11,attn,378,1
146,11.attn.40600,11,attn,332,21
147,11.attn.567,11,attn,383,1
148,1.attn.39747,1,attn,67,7
149,11.attn.26100,11,attn,347,1
150,1.attn.22589,1,attn,68,8
151,1.attn.33298,1,attn,61,4
152,11.attn.20373,11,attn,559,14
153,1.mlp.26265,1,mlp,165,11
154,10.resid.9577,10,resid,374,3
155,1.mlp.37885,1,mlp,101,10
156,10.resid.39566,10,resid,828,5
157,1.mlp.4483,1,mlp,91,57
158,10.resid.37177,10,resid,643,24
159,1.mlp.17197,1,mlp,91,4
160,10.resid.21023,10,resid,942,2
161,1.mlp.22301,1,mlp,182,25
162,10.resid.7716,10,resid,588,17
163,1.mlp.27221,1,mlp,108,10
164,10.resid.20081,10,resid,752,1
165,1.mlp.30876,1,mlp,126,25
166,10.resid.8415,10,resid,700,24
167,1.mlp.6095,1,mlp,243,4
168,10.resid.8506,10,resid,316,4
169,1.mlp.17681,1,mlp,78,5
170,10.resid.24699,10,resid,331,3
171,1.mlp.40471,1,mlp,129,4
172,10.resid.36987,10,resid,711,29
173,1.mlp.31792,1,mlp,255,11
174,10.resid.21872,10,resid,651,32
175,1.mlp.27952,1,mlp,121,42
176,10.resid.26748,10,resid,467,8
177,1.mlp.8495,1,mlp,123,4
178,10.resid.27948,10,resid,688,12
179,1.mlp.10013,1,mlp,132,25
180,10.resid.34899,10,resid,223,22
181,1.mlp.4173,1,mlp,104,5
182,10.resid.17393,10,resid,681,30
183,1.mlp.33021,1,mlp,78,9
184,10.resid.8042,10,resid,687,8
185,1.mlp.33683,1,mlp,191,19
186,10.resid.33347,10,resid,699,43
187,1.mlp.32571,1,mlp,157,19
188,10.resid.9142,10,resid,321,4
189,1.mlp.27927,1,mlp,89,6
190,10.resid.27129,10,resid,632,15
191,1.mlp.5208,1,mlp,169,24
192,10.resid.29514,10,resid,587,7
193,1.mlp.1605,1,mlp,98,33
194,10.resid.23932,10,resid,569,42
195,1.mlp.7905,1,mlp,194,5
196,10.resid.4902,10,resid,837,1
197,1.mlp.16058,1,mlp,106,10
198,10.resid.18214,10,resid,543,45
199,1.mlp.16290,1,mlp,88,39
200,10.resid.18365,10,resid,358,3
201,1.mlp.8190,1,mlp,137,17
202,10.resid.32386,10,resid,758,3
203,1.mlp.38568,1,mlp,186,15
204,10.resid.14010,10,resid,384,12
205,1.mlp.11209,1,mlp,191,13
206,10.resid.39189,10,resid,306,38
207,1.mlp.21731,1,mlp,122,82
208,10.resid.14806,10,resid,891,3
209,1.resid.20485,1,resid,92,33
210,10.mlp.40572,10,mlp,406,0
211,1.resid.10581,1,resid,85,6
212,10.mlp.3229,10,mlp,485,32
213,1.resid.10458,1,resid,90,31
214,10.mlp.1851,10,mlp,603,13
215,1.resid.1874,1,resid,49,25
216,10.mlp.28576,10,mlp,552,3
217,1.resid.18743,1,resid,96,6
218,10.mlp.26655,10,mlp,297,17
219,1.resid.19719,1,resid,26,151
220,10.mlp.5521,10,mlp,506,8
221,1.resid.17995,1,resid,157,18
222,10.mlp.39631,10,mlp,448,377
223,1.resid.210,1,resid,76,10
224,10.mlp.36951,10,mlp,484,23
225,1.resid.38381,1,resid,156,15
226,10.mlp.16421,10,mlp,267,6
227,1.resid.16556,1,resid,44,32
228,10.mlp.15218,10,mlp,221,40
229,1.resid.39725,1,resid,207,30
230,10.mlp.24601,10,mlp,506,23
231,1.resid.334,1,resid,88,30
232,10.mlp.11902,10,mlp,249,38
233,1.resid.12137,1,resid,137,4
234,10.mlp.37595,10,mlp,524,27
235,1.resid.34168,1,resid,107,0
236,10.mlp.29174,10,mlp,264,1
237,1.resid.11075,1,resid,52,1
238,10.mlp.23594,10,mlp,341,223
239,1.resid.6281,1,resid,123,5
240,10.mlp.10279,10,mlp,160,3
241,1.resid.19029,1,resid,93,13
242,10.mlp.33351,10,mlp,300,3
243,1.resid.9760,1,resid,88,42
244,10.mlp.9326,10,mlp,350,26
245,1.resid.32901,1,resid,120,5
246,10.mlp.38196,10,mlp,529,38
247,1.resid.17731,1,resid,157,5
248,10.mlp.3607,10,mlp,555,6
249,1.resid.11734,1,resid,88,6
250,10.mlp.20386,10,mlp,470,35
251,1.resid.40670,1,resid,150,4
252,10.mlp.28988,10,mlp,574,14
253,1.resid.20917,1,resid,79,5
254,10.mlp.23465,10,mlp,384,30
255,1.resid.34619,1,resid,41,8
256,10.mlp.21218,10,mlp,334,40
257,1.resid.24744,1,resid,164,5
258,10.mlp.39647,10,mlp,522,14
259,1.resid.22677,1,resid,107,7
260,10.mlp.30990,10,mlp,491,13
261,1.resid.32802,1,resid,135,4
262,10.mlp.10580,10,mlp,574,16
263,1.resid.26860,1,resid,119,20
264,10.mlp.39325,10,mlp,471,57
265,1.resid.32492,1,resid,142,31
266,10.attn.22284,10,attn,691,9
267,10.attn.21431,10,attn,741,749
268,2.attn.2078,2,attn,100,2
269,10.attn.34357,10,attn,515,353
270,10.attn.15410,10,attn,544,26
271,2.attn.25814,2,attn,121,13
272,10.attn.15911,10,attn,310,20
273,2.attn.29868,2,attn,142,5
274,10.attn.843,10,attn,194,21
275,2.attn.27221,2,attn,136,5
276,10.attn.9183,10,attn,492,9
277,10.attn.7776,10,attn,418,9
278,10.attn.1662,10,attn,552,1
279,10.attn.20056,10,attn,618,10
280,2.attn.30906,2,attn,68,18
281,10.attn.10186,10,attn,434,7
282,10.attn.15864,10,attn,997,2
283,2.attn.27772,2,attn,60,21
284,10.attn.2718,10,attn,427,1
285,2.attn.29757,2,attn,186,2
286,10.attn.1746,10,attn,449,1
287,2.attn.3761,2,attn,320,14
288,10.attn.22291,10,attn,790,1
289,2.attn.12829,2,attn,163,2
290,10.attn.34828,10,attn,286,1
291,10.attn.3973,10,attn,1760,2
292,10.attn.28108,10,attn,132,1
293,2.attn.6178,2,attn,185,35
294,10.attn.12239,10,attn,298,1
295,2.attn.31696,2,attn,141,2
296,10.attn.3069,10,attn,360,1
297,2.attn.20826,2,attn,187,5
298,10.attn.36359,10,attn,369,1
299,2.attn.39546,2,attn,120,15
300,10.attn.31127,10,attn,204,32
301,2.attn.17028,2,attn,96,32
302,10.attn.5114,10,attn,491,16
303,2.attn.36558,2,attn,144,30
304,10.attn.39200,10,attn,424,1
305,10.attn.7369,10,attn,419,1
306,10.attn.19037,10,attn,263,3
307,2.attn.17304,2,attn,213,6
308,10.attn.23352,10,attn,465,1
309,2.attn.25826,2,attn,104,13
310,10.attn.13493,10,attn,822,8
311,2.mlp.27931,2,mlp,287,31
312,9.resid.22205,9,resid,607,16
313,2.mlp.30725,2,mlp,205,34
314,9.resid.36191,9,resid,248,9
315,2.mlp.4293,2,mlp,163,7
316,9.resid.17804,9,resid,304,6
317,2.mlp.27698,2,mlp,142,62
318,9.resid.32854,9,resid,596,2
319,2.mlp.38939,2,mlp,180,37
320,9.resid.29578,9,resid,608,15
321,2.mlp.11749,2,mlp,202,18
322,9.resid.29946,9,resid,618,39
323,2.mlp.40518,2,mlp,254,19
324,9.resid.24491,9,resid,739,1
325,2.mlp.38441,2,mlp,147,11
326,9.resid.11507,9,resid,698,16
327,2.mlp.11443,2,mlp,169,25
328,9.resid.10889,9,resid,480,10
329,2.mlp.25935,2,mlp,209,47
330,9.resid.40097,9,resid,473,16
331,2.mlp.12002,2,mlp,179,6
332,9.resid.28810,9,resid,635,46
333,2.mlp.26851,2,mlp,119,7
334,9.resid.16726,9,resid,642,70
335,2.mlp.22161,2,mlp,161,36
336,9.resid.38286,9,resid,534,1
337,2.mlp.33684,2,mlp,138,13
338,9.resid.1987,9,resid,409,26
339,2.mlp.13450,2,mlp,351,14
340,9.resid.21063,9,resid,670,23
341,2.mlp.25569,2,mlp,211,39
342,9.resid.23288,9,resid,677,14
343,2.mlp.38910,2,mlp,253,2
344,9.resid.19457,9,resid,586,6
345,2.mlp.21601,2,mlp,319,20
346,9.resid.39776,9,resid,462,23
347,2.mlp.14399,2,mlp,201,14
348,9.resid.32089,9,resid,615,1
349,2.mlp.21077,2,mlp,136,30
350,9.resid.4922,9,resid,527,12
351,2.mlp.13173,2,mlp,183,16
352,9.resid.16590,9,resid,567,45
353,2.mlp.14418,2,mlp,124,6
354,9.resid.30304,9,resid,645,74
355,2.mlp.39969,2,mlp,121,11
356,9.resid.16265,9,resid,674,12
357,2.mlp.3887,2,mlp,214,5
358,9.resid.5197,9,resid,471,11
359,2.mlp.19934,2,mlp,120,9
360,9.resid.33987,9,resid,697,1
361,2.mlp.18867,2,mlp,196,4
362,9.resid.10751,9,resid,388,1
363,2.mlp.37084,2,mlp,120,5
364,9.resid.7549,9,resid,140,21
365,2.mlp.33257,2,mlp,178,11
366,9.resid.14062,9,resid,665,8
367,2.mlp.34954,2,mlp,219,5
368,9.mlp.18147,9,mlp,694,774
369,2.resid.40872,2,resid,92,2
370,9.mlp.28488,9,mlp,563,256
371,2.resid.24964,2,resid,149,5
372,9.mlp.29970,9,mlp,298,27
373,2.resid.37326,2,resid,128,25
374,9.mlp.20952,9,mlp,587,2
375,2.resid.40566,2,resid,220,10
376,9.mlp.24696,9,mlp,670,21
377,2.resid.11138,2,resid,204,2
378,9.mlp.9936,9,mlp,661,8
379,2.resid.22913,2,resid,159,23
380,9.mlp.30947,9,mlp,368,10
381,2.resid.5602,2,resid,221,20
382,9.mlp.8728,9,mlp,552,14
383,2.resid.12951,2,resid,137,31
384,9.mlp.4466,9,mlp,524,29
385,2.resid.18995,2,resid,160,6
386,9.mlp.35450,9,mlp,507,35
387,2.resid.40360,2,resid,70,12
388,9.mlp.38760,9,mlp,679,29
389,2.resid.2927,2,resid,150,35
390,9.mlp.23440,9,mlp,579,29
391,2.resid.4409,2,resid,276,5
392,9.mlp.18163,9,mlp,347,89
393,2.resid.22242,2,resid,155,14
394,9.mlp.21173,9,mlp,397,18
395,2.resid.26050,2,resid,145,5
396,9.mlp.21429,9,mlp,413,40
397,2.resid.21427,2,resid,118,11
398,9.mlp.22703,9,mlp,600,14
399,2.resid.12751,2,resid,172,72
400,9.mlp.30067,9,mlp,517,28
401,2.resid.38153,2,resid,93,5
402,9.mlp.40941,9,mlp,455,113
403,2.resid.39476,2,resid,129,5
404,9.mlp.1895,9,mlp,613,28
405,2.resid.32082,2,resid,186,32
406,9.mlp.25658,9,mlp,520,12
407,2.resid.22960,2,resid,150,16
408,9.mlp.25651,9,mlp,460,501
409,2.resid.4434,2,resid,82,25
410,9.mlp.37959,9,mlp,419,12
411,2.resid.11849,2,resid,218,13
412,9.mlp.32370,9,mlp,667,617
413,2.resid.13083,2,resid,144,16
414,9.mlp.14123,9,mlp,459,7
415,2.resid.25633,2,resid,119,20
416,9.mlp.38366,9,mlp,540,18
417,2.resid.35111,2,resid,91,25
418,9.mlp.24330,9,mlp,499,12
419,2.resid.23390,2,resid,96,11
420,9.mlp.5240,9,mlp,432,164
421,2.resid.40267,2,resid,127,13
422,9.mlp.21447,9,mlp,168,17
423,2.resid.10698,2,resid,179,46
424,9.mlp.22280,9,mlp,634,45
425,3.attn.17951,3,attn,209,2
426,9.attn.28587,9,attn,661,19
427,3.attn.34360,3,attn,297,2
428,9.attn.35715,9,attn,398,21
429,9.attn.378,9,attn,1081,2
430,3.attn.20049,3,attn,142,45
431,9.attn.1100,9,attn,258,27
432,3.attn.16975,3,attn,177,15
433,9.attn.8087,9,attn,588,19
434,3.attn.37600,3,attn,234,2
435,9.attn.38757,9,attn,281,1
436,3.attn.37736,3,attn,149,2
437,9.attn.5826,9,attn,280,1
438,3.attn.1392,3,attn,264,12
439,9.attn.19273,9,attn,809,8
440,3.attn.20797,3,attn,311,2
441,9.attn.39559,9,attn,476,6
442,3.attn.28046,3,attn,146,14
443,9.attn.9760,9,attn,328,9
444,3.attn.20952,3,attn,111,2
445,9.attn.8755,9,attn,240,1
446,3.attn.28664,3,attn,233,2
447,9.attn.26640,9,attn,297,16
448,3.attn.8052,3,attn,177,2
449,9.attn.22520,9,attn,250,26
450,3.attn.31089,3,attn,169,2
451,9.attn.25650,9,attn,613,9
452,3.attn.24887,3,attn,153,2
453,9.attn.530,9,attn,778,9
454,3.attn.4121,3,attn,99,22
455,9.attn.32177,9,attn,344,9
456,3.attn.39223,3,attn,173,6
457,9.attn.26552,9,attn,190,3
458,3.attn.1834,3,attn,185,30
459,9.attn.6319,9,attn,191,1
460,3.attn.9495,3,attn,194,2
461,9.attn.3284,9,attn,676,21
462,3.attn.26783,3,attn,150,42
463,9.attn.24221,9,attn,597,7
464,3.attn.24643,3,attn,285,2
465,9.attn.10280,9,attn,586,795
466,3.attn.29337,3,attn,183,11
467,9.attn.13776,9,attn,421,9
468,3.attn.7919,3,attn,183,15
469,9.attn.8290,9,attn,378,4
470,3.attn.27579,3,attn,240,2
471,9.attn.763,9,attn,489,13
472,3.attn.939,3,attn,235,2
473,9.attn.1437,9,attn,215,3
474,3.attn.33225,3,attn,231,8
475,9.attn.8989,9,attn,745,24
476,3.attn.17149,3,attn,266,2
477,9.attn.25302,9,attn,229,9
478,3.attn.3974,3,attn,349,2
479,9.attn.10450,9,attn,324,1
480,3.mlp.28910,3,mlp,162,4
481,8.resid.4559,8,resid,546,29
482,3.mlp.22217,3,mlp,204,8
483,8.resid.18539,8,resid,646,8
484,3.mlp.30177,3,mlp,149,7
485,8.resid.32298,8,resid,501,10
486,3.mlp.18188,3,mlp,268,6
487,8.resid.20250,8,resid,385,7
488,3.mlp.27349,3,mlp,225,6
489,8.resid.19342,8,resid,513,58
490,3.mlp.10154,3,mlp,156,18
491,8.resid.36893,8,resid,503,19
492,3.mlp.30861,3,mlp,164,26
493,8.resid.37169,8,resid,427,4
494,3.mlp.24514,3,mlp,232,6
495,8.resid.26866,8,resid,506,26
496,3.mlp.25800,3,mlp,270,2
497,8.resid.13675,8,resid,577,13
498,3.mlp.22875,3,mlp,221,21
499,8.resid.37719,8,resid,485,29
500,3.mlp.24998,3,mlp,241,10
501,8.resid.15511,8,resid,507,11
502,3.mlp.37175,3,mlp,263,20
503,8.resid.14891,8,resid,451,24
504,3.mlp.598,3,mlp,190,11
505,8.resid.18865,8,resid,577,10
506,3.mlp.33559,3,mlp,341,25
507,8.resid.38448,8,resid,631,1
508,3.mlp.16648,3,mlp,352,18
509,8.resid.23301,8,resid,363,16
510,3.mlp.16741,3,mlp,207,33
511,8.resid.36617,8,resid,575,7
512,3.mlp.21185,3,mlp,513,2
513,8.resid.37982,8,resid,481,4
514,3.mlp.13614,3,mlp,103,31
515,8.resid.14854,8,resid,787,21
516,3.mlp.37173,3,mlp,200,5
517,8.resid.26258,8,resid,636,25
518,3.mlp.25088,3,mlp,221,45
519,8.resid.40717,8,resid,433,4
520,3.mlp.29629,3,mlp,394,34
521,8.resid.11608,8,resid,461,18
522,3.mlp.7188,3,mlp,261,35
523,8.resid.17318,8,resid,345,9
524,3.mlp.12769,3,mlp,383,2
525,8.resid.2734,8,resid,582,39
526,3.mlp.20868,3,mlp,202,29
527,8.resid.26994,8,resid,493,1
528,3.mlp.7046,3,mlp,249,16
529,8.resid.21319,8,resid,546,28
530,3.mlp.16332,3,mlp,253,8
531,8.resid.7263,8,resid,369,26
532,3.mlp.21144,3,mlp,196,23
533,8.resid.19492,8,resid,328,5
534,3.mlp.23543,3,mlp,213,29
535,8.resid.6914,8,resid,468,36
536,3.mlp.17726,3,mlp,292,8
537,8.resid.5512,8,resid,590,18
538,3.resid.31365,3,resid,225,8
539,8.mlp.29666,8,mlp,371,11
540,3.resid.17528,3,resid,264,6
541,8.mlp.28519,8,mlp,449,10
542,3.resid.28478,3,resid,243,63
543,8.mlp.679,8,mlp,619,14
544,3.resid.21537,3,resid,190,6
545,8.mlp.2418,8,mlp,621,28
546,3.resid.14785,3,resid,168,33
547,8.mlp.8652,8,mlp,375,6
548,3.resid.31873,3,resid,152,2
549,8.mlp.12122,8,mlp,517,5
550,3.resid.6931,3,resid,201,4
551,8.mlp.29804,8,mlp,441,37
552,3.resid.28494,3,resid,284,7
553,8.mlp.33936,8,mlp,529,39
554,3.resid.39884,3,resid,251,10
555,8.mlp.40522,8,mlp,513,33
556,3.resid.6399,3,resid,158,6
557,8.mlp.26393,8,mlp,382,46
558,3.resid.25360,3,resid,301,26
559,8.mlp.10226,8,mlp,419,16
560,3.resid.13265,3,resid,164,32
561,8.mlp.39236,8,mlp,472,37
562,3.resid.16988,3,resid,192,31
563,8.mlp.38067,8,mlp,434,24
564,3.resid.5061,3,resid,170,71
565,8.mlp.25235,8,mlp,479,19
566,3.resid.3946,3,resid,197,25
567,8.mlp.5382,8,mlp,317,27
568,3.resid.34400,3,resid,206,49
569,8.mlp.21036,8,mlp,398,4
570,3.resid.601,3,resid,206,33
571,8.mlp.9850,8,mlp,401,15
572,3.resid.40571,3,resid,259,17
573,8.mlp.22040,8,mlp,399,38
574,3.resid.34470,3,resid,326,19
575,8.mlp.20548,8,mlp,321,15
576,3.resid.32432,3,resid,200,33
577,8.mlp.10617,8,mlp,513,20
578,3.resid.33628,3,resid,174,15
579,8.mlp.30978,8,mlp,539,12
580,3.resid.22115,3,resid,211,11
581,8.mlp.11104,8,mlp,391,45
582,3.resid.11037,3,resid,219,6
583,8.mlp.37041,8,mlp,385,49
584,3.resid.36962,3,resid,151,13
585,8.mlp.19509,8,mlp,451,16
586,3.resid.4853,3,resid,274,35
587,8.mlp.29854,8,mlp,546,4
588,3.resid.36467,3,resid,167,71
589,8.mlp.33789,8,mlp,369,74
590,3.resid.1729,3,resid,299,13
591,8.mlp.39249,8,mlp,456,49
592,3.resid.2938,3,resid,222,6
593,8.mlp.7373,8,mlp,387,19
594,4.attn.19822,4,attn,245,11
595,8.attn.28385,8,attn,311,24
596,4.attn.16573,4,attn,154,13
597,8.attn.21557,8,attn,454,1
598,4.attn.39650,4,attn,198,22
599,4.attn.15825,4,attn,199,16
600,8.attn.4785,8,attn,532,92
601,4.attn.39622,4,attn,232,7
602,8.attn.16638,8,attn,681,9
603,4.attn.4565,4,attn,280,22
604,4.attn.26486,4,attn,121,156
605,8.attn.8022,8,attn,263,1
606,4.attn.12272,4,attn,284,14
607,8.attn.27312,8,attn,513,32
608,4.attn.4273,4,attn,310,31
609,8.attn.21470,8,attn,646,9
610,4.attn.7443,4,attn,303,2
611,8.attn.32906,8,attn,431,18
612,4.attn.40232,4,attn,233,13
613,8.attn.14869,8,attn,149,21
614,4.attn.13368,4,attn,277,14
615,8.attn.28044,8,attn,586,443
616,4.attn.7318,4,attn,314,2
617,8.attn.3661,8,attn,329,1
618,4.attn.39105,4,attn,284,2
619,8.attn.38472,8,attn,682,1
620,4.attn.9447,4,attn,104,2
621,8.attn.1782,8,attn,577,721
622,4.attn.11150,4,attn,152,21
623,4.attn.62,4,attn,156,2
624,8.attn.39110,8,attn,287,1
625,4.attn.19071,4,attn,293,4
626,8.attn.725,8,attn,242,19
627,4.attn.37159,4,attn,134,2
628,8.attn.29327,8,attn,324,1
629,4.attn.6824,4,attn,192,2
630,8.attn.25600,8,attn,458,9
631,4.attn.8391,4,attn,277,41
632,4.attn.10299,4,attn,190,2
633,8.attn.16173,8,attn,540,9
634,4.attn.10665,4,attn,297,8
635,8.attn.20759,8,attn,512,1
636,4.attn.28129,4,attn,216,2
637,8.attn.24226,8,attn,406,38
638,4.attn.4007,4,attn,204,2
639,8.attn.39535,8,attn,481,15
640,4.attn.8308,4,attn,247,20
641,8.attn.8391,8,attn,660,29
642,4.attn.7082,4,attn,308,8
643,8.attn.23323,8,attn,227,9
644,4.attn.4135,4,attn,248,50
645,8.attn.33019,8,attn,368,1
646,4.attn.28655,4,attn,225,2
647,7.resid.16981,7,resid,617,5
648,4.mlp.33685,4,mlp,247,35
649,7.resid.15119,7,resid,356,29
650,4.mlp.40886,4,mlp,278,6
651,7.resid.37935,7,resid,416,18
652,4.mlp.7651,4,mlp,276,7
653,7.resid.31031,7,resid,514,12
654,4.mlp.19591,4,mlp,260,39
655,7.resid.2886,7,resid,553,12
656,4.mlp.19081,4,mlp,492,5
657,7.resid.4049,7,resid,614,27
658,4.mlp.34622,4,mlp,310,12
659,7.resid.16233,7,resid,470,27
660,4.mlp.21860,4,mlp,243,9
661,7.resid.35099,7,resid,308,22
662,4.mlp.30192,4,mlp,339,6
663,7.resid.22438,7,resid,380,17
664,4.mlp.35684,4,mlp,392,19
665,7.resid.36497,7,resid,442,17
666,4.mlp.17129,4,mlp,283,6
667,7.resid.6287,7,resid,263,73
668,4.mlp.29028,4,mlp,351,0
669,7.resid.32494,7,resid,436,5
670,4.mlp.13587,4,mlp,306,0
671,7.resid.37685,7,resid,455,6
672,4.mlp.15516,4,mlp,244,8
673,7.resid.26536,7,resid,263,40
674,4.mlp.4089,4,mlp,306,38
675,7.resid.10790,7,resid,428,21
676,4.mlp.18452,4,mlp,360,20
677,7.resid.7585,7,resid,414,10
678,4.mlp.29343,4,mlp,283,0
679,7.resid.12334,7,resid,552,27
680,4.mlp.13772,4,mlp,342,0
681,7.resid.8846,7,resid,431,12
682,4.mlp.14480,4,mlp,332,0
683,7.resid.17692,7,resid,500,5
684,4.mlp.5737,4,mlp,390,17
685,7.resid.27225,7,resid,490,72
686,4.mlp.6898,4,mlp,315,25
687,7.resid.29699,7,resid,378,32
688,4.mlp.19563,4,mlp,330,0
689,7.resid.18656,7,resid,453,66
690,4.mlp.36143,4,mlp,219,36
691,7.resid.23582,7,resid,526,50
692,4.mlp.25320,4,mlp,233,10
693,7.resid.6584,7,resid,349,15
694,4.mlp.1061,4,mlp,300,29
695,7.resid.18133,7,resid,482,8
696,4.mlp.37546,4,mlp,185,12
697,7.resid.16972,7,resid,458,16
698,4.mlp.20904,4,mlp,320,0
699,7.resid.22627,7,resid,505,35
700,4.mlp.2810,4,mlp,425,17
701,7.resid.13322,7,resid,465,7
702,4.mlp.29479,4,mlp,367,17
703,7.resid.33752,7,resid,696,26
704,4.resid.24505,4,resid,317,8
705,7.mlp.8702,7,mlp,400,39
706,4.resid.10983,4,resid,401,17
707,7.mlp.9645,7,mlp,368,16
708,4.resid.9547,4,resid,184,18
709,7.mlp.1107,7,mlp,359,28
710,4.resid.19952,4,resid,192,6
711,7.mlp.25871,7,mlp,522,14
712,4.resid.29057,4,resid,362,9
713,7.mlp.39794,7,mlp,410,23
714,4.resid.8776,4,resid,380,18
715,7.mlp.4595,7,mlp,413,18
716,4.resid.18731,4,resid,304,4
717,7.mlp.15830,7,mlp,269,25
718,4.resid.21801,4,resid,427,17
719,7.mlp.34670,7,mlp,176,41
720,4.resid.20448,4,resid,350,4
721,7.mlp.21035,7,mlp,309,32
722,4.resid.12349,4,resid,423,6
723,7.mlp.39895,7,mlp,354,48
724,4.resid.5728,4,resid,343,30
725,7.mlp.36038,7,mlp,597,420
726,4.resid.10890,4,resid,241,8
727,7.mlp.194,7,mlp,346,19
728,4.resid.12483,4,resid,375,0
729,7.mlp.2634,7,mlp,368,12
730,4.resid.10927,4,resid,306,13
731,7.mlp.15400,7,mlp,304,26
732,4.resid.24194,4,resid,180,9
733,7.mlp.702,7,mlp,317,10
734,4.resid.9672,4,resid,202,15
735,7.mlp.25408,7,mlp,440,1
736,4.resid.5947,4,resid,197,27
737,7.mlp.17919,7,mlp,600,54
738,4.resid.24870,4,resid,313,7
739,7.mlp.20598,7,mlp,415,41
740,4.resid.15637,4,resid,415,58
741,7.mlp.19667,7,mlp,385,4
742,4.resid.36613,4,resid,292,7
743,7.mlp.29632,7,mlp,324,5
744,4.resid.6190,4,resid,203,13
745,7.mlp.36928,7,mlp,569,32
746,4.resid.39273,4,resid,178,1
747,7.mlp.28224,7,mlp,468,10
748,4.resid.12415,4,resid,472,30
749,7.mlp.3277,7,mlp,325,30
750,4.resid.21103,4,resid,301,7
751,7.mlp.3591,7,mlp,302,10
752,4.resid.36966,4,resid,297,8
753,7.mlp.1061,7,mlp,585,22
754,4.resid.33566,4,resid,327,11
755,7.mlp.24470,7,mlp,395,18
756,4.resid.19747,4,resid,221,19
757,7.mlp.39248,7,mlp,422,5
758,4.resid.21714,4,resid,264,4
759,7.mlp.30876,7,mlp,541,5
760,4.resid.1276,4,resid,201,20
761,7.attn.21504,7,attn,459,29
762,5.attn.17185,5,attn,212,7
763,7.attn.14685,7,attn,370,1
764,5.attn.5936,5,attn,190,0
765,7.attn.9395,7,attn,157,1
766,5.attn.7375,5,attn,491,0
767,7.attn.32600,7,attn,369,9
768,5.attn.35622,5,attn,305,18
769,7.attn.18720,7,attn,273,1
770,5.attn.2465,5,attn,286,0
771,7.attn.879,7,attn,422,2
772,5.attn.11873,5,attn,220,1
773,7.attn.27220,7,attn,797,1
774,5.attn.24221,5,attn,182,2
775,7.attn.14941,7,attn,325,1
776,5.attn.39620,5,attn,143,0
777,7.attn.737,7,attn,445,43
778,5.attn.1811,5,attn,276,0
779,7.attn.39266,7,attn,337,9
780,5.attn.34607,5,attn,180,0
781,7.attn.37090,7,attn,360,0
782,5.attn.9917,5,attn,228,0
783,7.attn.32239,7,attn,289,12
784,5.attn.6752,5,attn,215,21
785,7.attn.20982,7,attn,91,21
786,5.attn.19783,5,attn,213,0
787,7.attn.6625,7,attn,499,13
788,5.attn.22389,5,attn,653,0
789,7.attn.28905,7,attn,268,43
790,5.attn.26430,5,attn,299,18
791,7.attn.9644,7,attn,206,85
792,5.attn.10405,5,attn,371,0
793,7.attn.23921,7,attn,553,9
794,5.attn.4581,5,attn,286,12
795,7.attn.25206,7,attn,256,12
796,5.attn.31375,5,attn,161,21
797,7.attn.27387,7,attn,500,0
798,5.attn.4264,5,attn,353,0
799,7.attn.23732,7,attn,301,1
800,7.attn.38096,7,attn,472,4
801,7.attn.13395,7,attn,363,43
802,7.attn.23931,7,attn,366,43
803,5.attn.4686,5,attn,182,1
804,7.attn.21922,7,attn,211,43
805,5.attn.290,5,attn,316,5
806,7.attn.14831,7,attn,377,43
807,7.attn.15536,7,attn,409,32
808,5.attn.40531,5,attn,241,48
809,5.mlp.27386,5,mlp,313,0
810,6.resid.7106,6,resid,309,15
811,5.mlp.20605,5,mlp,290,38
812,6.resid.21834,6,resid,302,18
813,5.mlp.7030,5,mlp,278,5
814,6.resid.33107,6,resid,346,9
815,5.mlp.9156,5,mlp,496,17
816,6.resid.3329,6,resid,353,0
817,5.mlp.22030,5,mlp,241,4
818,6.resid.34272,6,resid,369,14
819,5.mlp.38754,5,mlp,460,0
820,6.resid.32981,6,resid,497,0
821,5.mlp.26013,5,mlp,368,0
822,6.resid.12382,6,resid,457,0
823,5.mlp.13528,5,mlp,252,6
824,6.resid.15208,6,resid,351,5
825,5.mlp.28961,5,mlp,268,5
826,6.resid.35217,6,resid,420,36
827,5.mlp.7383,5,mlp,431,0
828,6.resid.40734,6,resid,392,6
829,5.mlp.13097,5,mlp,294,0
830,6.resid.1175,6,resid,447,23
831,5.mlp.11632,5,mlp,475,11
832,6.resid.36214,6,resid,436,7
833,5.mlp.3899,5,mlp,321,5
834,6.resid.21270,6,resid,300,48
835,5.mlp.15867,5,mlp,395,8
836,6.resid.5823,6,resid,635,20
837,5.mlp.33096,5,mlp,223,6
838,6.resid.2625,6,resid,499,0
839,5.mlp.10531,5,mlp,308,12
840,6.resid.5944,6,resid,541,11
841,5.mlp.3777,5,mlp,526,0
842,6.resid.30395,6,resid,338,15
843,5.mlp.7129,5,mlp,474,0
844,6.resid.30909,6,resid,283,17
845,5.mlp.36698,5,mlp,305,0
846,6.resid.37040,6,resid,282,7
847,5.mlp.40007,5,mlp,364,30
848,6.resid.7118,6,resid,548,20
849,5.mlp.881,5,mlp,478,0
850,6.resid.4301,6,resid,357,0
851,5.mlp.12941,5,mlp,311,23
852,6.resid.31558,6,resid,650,25
853,5.mlp.17078,5,mlp,410,0
854,6.resid.12408,6,resid,466,44
855,5.mlp.29420,5,mlp,377,0
856,6.resid.26628,6,resid,294,18
857,5.mlp.40818,5,mlp,306,46
858,6.resid.22519,6,resid,305,16
859,5.mlp.19788,5,mlp,423,0
860,6.resid.26228,6,resid,468,4
861,5.mlp.13886,5,mlp,283,7
862,6.resid.19551,6,resid,280,30
863,5.mlp.34817,5,mlp,523,0
864,6.resid.25105,6,resid,388,36
865,5.resid.31922,5,resid,306,20
866,6.mlp.26052,6,mlp,301,7
867,5.resid.26664,5,resid,494,19
868,6.mlp.19201,6,mlp,267,21
869,5.resid.31881,5,resid,271,14
870,6.mlp.939,6,mlp,447,8
871,5.resid.7057,5,resid,384,25
872,6.mlp.25720,6,mlp,197,39
873,5.resid.27705,5,resid,263,7
874,6.mlp.7274,6,mlp,476,0
875,5.resid.36137,5,resid,295,50
876,6.mlp.13391,6,mlp,440,10
877,5.resid.5148,5,resid,335,19
878,6.mlp.22765,6,mlp,300,18
879,5.resid.37635,5,resid,246,31
880,6.mlp.24114,6,mlp,297,50
881,5.resid.14016,5,resid,496,15
882,6.mlp.15745,6,mlp,510,0
883,5.resid.1261,5,resid,332,9
884,6.mlp.33748,6,mlp,333,82
885,5.resid.24127,5,resid,444,52
886,6.mlp.13113,6,mlp,369,19
887,5.resid.1355,5,resid,237,35
888,6.mlp.15194,6,mlp,501,32
889,5.resid.22739,5,resid,564,8
890,6.mlp.32117,6,mlp,357,28
891,5.resid.5138,5,resid,451,13
892,6.mlp.4479,6,mlp,545,8
893,5.resid.1156,5,resid,255,17
894,6.mlp.10920,6,mlp,354,18
895,5.resid.24483,5,resid,314,5
896,6.mlp.25772,6,mlp,305,0
897,5.resid.23988,5,resid,468,0
898,6.mlp.39721,6,mlp,417,8
899,5.resid.25985,5,resid,453,7
900,6.mlp.19762,6,mlp,539,5
901,5.resid.24915,5,resid,517,0
902,6.mlp.7439,6,mlp,468,8
903,5.resid.32973,5,resid,236,5
904,6.mlp.30914,6,mlp,201,18
905,5.resid.19453,5,resid,280,53
906,6.mlp.2907,6,mlp,418,28
907,5.resid.17812,5,resid,563,0
908,6.mlp.8375,6,mlp,320,4
909,5.resid.31433,5,resid,573,0
910,6.mlp.36163,6,mlp,429,0
911,5.resid.22015,5,resid,219,18
912,6.mlp.16414,6,mlp,525,14
913,5.resid.22552,5,resid,336,16
914,6.mlp.13889,6,mlp,270,36
915,5.resid.31213,5,resid,389,12
916,6.mlp.29724,6,mlp,286,18
917,5.resid.10096,5,resid,400,22
918,6.mlp.19994,6,mlp,438,14
919,5.resid.26118,5,resid,275,4
920,6.mlp.16792,6,mlp,235,19
921,5.resid.2041,5,resid,346,20
922,6.mlp.34207,6,mlp,380,28
923,6.attn.18498,6,attn,362,0
924,6.attn.13224,6,attn,238,0
925,6.attn.7568,6,attn,151,57
926,6.attn.25291,6,attn,224,0
927,6.attn.5118,6,attn,303,17
928,6.attn.10075,6,attn,335,6
929,6.attn.20898,6,attn,387,0
930,6.attn.28128,6,attn,207,1
931,6.attn.13860,6,attn,200,40
932,6.attn.12984,6,attn,354,1
933,6.attn.1738,6,attn,411,0
934,6.attn.12846,6,attn,266,0
935,6.attn.4595,6,attn,205,21
936,6.attn.24473,6,attn,465,0
937,6.attn.37628,6,attn,496,0
938,6.attn.20930,6,attn,311,14
939,6.attn.647,6,attn,376,1
940,6.attn.13652,6,attn,389,14
941,6.attn.19786,6,attn,223,34
942,6.attn.17152,6,attn,324,24
943,6.attn.34069,6,attn,205,0
944,6.attn.36402,6,attn,332,0
945,6.attn.15366,6,attn,339,0
946,6.attn.2910,6,attn,303,0
947,6.attn.13504,6,attn,243,1
948,6.attn.5681,6,attn,332,0
949,6.attn.30218,6,attn,277,17
950,11.resid.39024,11,resid,262,3
951,0.mlp.27861,0,mlp,87,2
952,11.resid.22700,11,resid,570,8
953,0.mlp.7980,0,mlp,10,165
954,11.resid.5447,11,resid,272,3
955,0.mlp.13785,0,mlp,26,5
956,11.resid.14738,11,resid,558,3
957,0.mlp.16157,0,mlp,32,18
958,11.resid.13355,11,resid,422,3
959,0.mlp.24488,0,mlp,19,47
960,11.resid.23928,11,resid,310,3
961,0.mlp.26127,0,mlp,16,166
962,11.resid.34264,11,resid,371,4
963,0.mlp.35753,0,mlp,16,167
964,11.resid.19284,11,resid,385,12
965,0.mlp.21680,0,mlp,9,168
966,11.resid.1829,11,resid,466,729
967,0.mlp.19660,0,mlp,12,169
968,11.resid.6532,11,resid,540,20
969,0.mlp.21735,0,mlp,33,34
970,11.resid.33624,11,resid,415,7
971,0.mlp.1498,0,mlp,12,6
972,11.resid.23273,11,resid,424,3
973,0.mlp.38921,0,mlp,17,170
974,11.resid.30047,11,resid,850,12
975,0.mlp.38396,0,mlp,16,171
976,11.resid.40745,11,resid,635,3
977,0.mlp.20739,0,mlp,11,172
978,11.resid.2195,11,resid,615,3
979,0.mlp.12557,0,mlp,15,173
980,11.resid.20257,11,resid,266,4
981,0.mlp.30261,0,mlp,28,13
982,11.resid.3354,11,resid,415,3
983,0.mlp.28150,0,mlp,102,24
984,11.resid.30062,11,resid,373,3
985,0.mlp.38532,0,mlp,11,174
986,11.resid.21315,11,resid,467,15
987,0.mlp.27197,0,mlp,18,175
988,11.resid.18519,11,resid,370,3
989,0.mlp.40866,0,mlp,18,30
990,11.resid.37588,11,resid,582,29
991,0.mlp.16615,0,mlp,7,176
992,11.resid.10297,11,resid,376,11
993,0.mlp.8652,0,mlp,14,5
994,11.resid.33725,11,resid,628,3
995,0.mlp.5856,0,mlp,13,2
996,11.resid.16733,11,resid,647,3
997,0.mlp.24326,0,mlp,83,178
998,11.resid.27206,11,resid,533,3
999,0.mlp.21544,0,mlp,17,19
1000,11.resid.1579,11,resid,649,26
1001,0.mlp.2189,0,mlp,72,34
1002,11.resid.32229,11,resid,424,3
1003,0.mlp.26489,0,mlp,45,44
1004,11.resid.24403,11,resid,289,26
1005,0.mlp.38161,0,mlp,27,15
1006,11.resid.26325,11,resid,485,45
1007,0.resid.20611,0,resid,9,0
1008,11.mlp.19660,11,mlp,396,64
1009,0.resid.18909,0,resid,55,12
1010,11.mlp.33353,11,mlp,783,3
1011,0.resid.137,0,resid,38,30
1012,11.mlp.10161,11,mlp,327,23
1013,0.resid.22233,0,resid,26,31
1014,11.mlp.38116,11,mlp,597,27
1015,0.resid.29060,0,resid,23,16
1016,11.mlp.3112,11,mlp,623,5
1017,0.resid.16713,0,resid,24,42
1018,11.mlp.32902,11,mlp,505,3
1019,0.resid.1641,0,resid,24,35
1020,11.mlp.12439,11,mlp,405,3
1021,0.resid.5614,0,resid,10,53
1022,11.mlp.8443,11,mlp,460,8
1023,0.resid.30180,0,resid,19,179
1024,11.mlp.32807,11,mlp,744,3
1025,0.resid.27337,0,resid,19,180
1026,11.mlp.25734,11,mlp,506,3
1027,0.resid.6091,0,resid,112,4
1028,11.mlp.31991,11,mlp,368,3
1029,0.resid.10849,0,resid,26,7
1030,11.mlp.18340,11,mlp,384,17
1031,0.resid.5980,0,resid,15,10
1032,11.mlp.40471,11,mlp,441,8
1033,0.resid.28471,0,resid,30,10
1034,11.mlp.35106,11,mlp,539,8
1035,0.resid.23681,0,resid,71,5
1036,11.mlp.9049,11,mlp,519,42
1037,0.resid.31318,0,resid,58,7
1038,11.mlp.4635,11,mlp,624,12
1039,0.resid.4555,0,resid,66,44
1040,11.mlp.25302,11,mlp,355,3
1041,0.resid.20959,0,resid,44,41
1042,11.mlp.17774,11,mlp,512,62
1043,0.resid.18112,0,resid,147,16
1044,11.mlp.5002,11,mlp,473,3
1045,0.resid.12702,0,resid,10,181
1046,11.mlp.29398,11,mlp,282,11
1047,0.resid.8414,0,resid,12,182
1048,11.mlp.28340,11,mlp,379,7
1049,0.resid.530,0,resid,101,4
1050,11.mlp.40497,11,mlp,388,3
1051,0.resid.2438,0,resid,46,26
1052,11.mlp.20886,11,mlp,280,3
1053,0.resid.30549,0,resid,82,19
1054,11.mlp.10752,11,mlp,529,13
1055,0.resid.40079,0,resid,77,7
1056,11.mlp.4069,11,mlp,372,273
1057,0.resid.15499,0,resid,43,20
1058,11.mlp.15606,11,mlp,311,3
1059,0.resid.30119,0,resid,13,0
1060,11.mlp.16210,11,mlp,276,3
1061,0.resid.18274,0,resid,21,183
1062,11.mlp.5906,11,mlp,362,3
1063,1.attn.36053,1,attn,150,17
1064,11.attn.25192,11,attn,401,1
1065,11.attn.6244,11,attn,234,1
1066,11.attn.31935,11,attn,532,456
1067,1.attn.7060,1,attn,86,10
1068,11.attn.30156,11,attn,302,1
1069,11.attn.2836,11,attn,908,9
1070,11.attn.15376,11,attn,327,9
1071,11.attn.6934,11,attn,411,16
1072,1.attn.29306,1,attn,110,8
1073,11.attn.12762,11,attn,708,42
1074,11.attn.21066,11,attn,554,9
1075,11.attn.31803,11,attn,449,783
1076,11.attn.11280,11,attn,772,649
1077,11.attn.2951,11,attn,511,7
1078,11.attn.9831,11,attn,116,8
1079,1.attn.26907,1,attn,80,11
1080,11.attn.33573,11,attn,429,3
1081,11.attn.977,11,attn,364,29
1082,11.attn.34120,11,attn,608,7
1083,11.attn.38700,11,attn,187,3
1084,1.attn.16144,1,attn,77,184
1085,11.attn.3427,11,attn,501,9
1086,11.attn.10332,11,attn,400,1
1087,1.attn.27606,1,attn,80,15
1088,11.attn.30726,11,attn,526,21
1089,11.attn.5312,11,attn,612,16
1090,11.attn.32429,11,attn,795,573
1091,1.attn.5704,1,attn,71,17
1092,11.attn.11701,11,attn,222,21
1093,11.attn.36218,11,attn,372,21
1094,11.attn.6751,11,attn,463,9
1095,11.attn.18477,11,attn,692,21
1096,1.attn.40322,1,attn,120,28
1097,11.attn.24152,11,attn,600,9
1098,11.attn.39056,11,attn,518,9
1099,11.attn.11907,11,attn,294,3
1100,1.mlp.9529,1,mlp,260,18
1101,10.resid.20112,10,resid,387,37
1102,1.mlp.14355,1,mlp,95,33
1103,10.resid.10297,10,resid,640,14
1104,1.mlp.21174,1,mlp,249,5
1105,10.resid.32273,10,resid,347,3
1106,1.mlp.30144,1,mlp,93,25
1107,10.resid.24262,10,resid,384,13
1108,1.mlp.4836,1,mlp,170,27
1109,10.resid.19399,10,resid,722,17
1110,1.mlp.17957,1,mlp,195,49
1111,10.resid.3021,10,resid,471,40
1112,1.mlp.1452,1,mlp,173,15
1113,10.resid.25270,10,resid,481,16
1114,1.mlp.33129,1,mlp,77,25
1115,10.resid.26031,10,resid,405,9
1116,1.mlp.21481,1,mlp,231,32
1117,10.resid.37990,10,resid,907,1
1118,1.mlp.1510,1,mlp,152,14
1119,10.resid.32183,10,resid,434,9
1120,1.mlp.9178,1,mlp,163,24
1121,10.resid.8766,10,resid,684,8
1122,1.mlp.16197,1,mlp,135,5
1123,10.resid.8973,10,resid,338,38
1124,1.mlp.29163,1,mlp,176,34
1125,10.resid.5451,10,resid,346,40
1126,1.mlp.26678,1,mlp,126,41
1127,10.resid.25024,10,resid,633,4
1128,1.mlp.12513,1,mlp,142,18
1129,10.resid.32131,10,resid,571,14
1130,1.mlp.9345,1,mlp,213,25
1131,10.resid.17931,10,resid,575,25
1132,1.mlp.21259,1,mlp,224,34
1133,10.resid.33816,10,resid,921,18
1134,1.mlp.22660,1,mlp,96,4
1135,10.resid.37500,10,resid,730,3
1136,1.mlp.14095,1,mlp,168,15
1137,10.resid.11617,10,resid,467,9
1138,1.mlp.521,1,mlp,168,5
1139,10.resid.19411,10,resid,692,28
1140,1.mlp.9169,1,mlp,62,31
1141,10.resid.26236,10,resid,480,5
1142,1.mlp.29918,1,mlp,126,48
1143,10.resid.40464,10,resid,500,13
1144,1.mlp.32535,1,mlp,75,25
1145,10.resid.19787,10,resid,764,4
1146,1.mlp.10172,1,mlp,152,25
1147,10.resid.7485,10,resid,766,17
1148,1.mlp.16148,1,mlp,157,36
1149,10.resid.30948,10,resid,757,17
1150,1.mlp.22659,1,mlp,147,5
1151,10.resid.317,10,resid,774,15
1152,1.mlp.9815,1,mlp,153,6
1153,10.resid.3005,10,resid,281,40
1154,1.mlp.18963,1,mlp,98,50
1155,10.resid.20467,10,resid,695,14
1156,1.resid.10828,1,resid,106,7
1157,10.mlp.37372,10,mlp,572,26
1158,1.resid.33945,1,resid,128,5
1159,10.mlp.28049,10,mlp,671,5
1160,1.resid.32859,1,resid,79,16
1161,10.mlp.3604,10,mlp,240,6
1162,1.resid.32876,1,resid,166,54
1163,10.mlp.13054,10,mlp,527,8
1164,1.resid.9146,1,resid,70,5
1165,10.mlp.31374,10,mlp,676,19
1166,1.resid.28864,1,resid,78,30
1167,10.mlp.3352,10,mlp,616,5
1168,1.resid.33935,1,resid,35,8
1169,10.mlp.31097,10,mlp,447,14
1170,1.resid.5171,1,resid,122,11
1171,10.mlp.17017,10,mlp,436,26
1172,1.resid.7483,1,resid,49,34
1173,10.mlp.29467,10,mlp,569,7
1174,1.resid.32470,1,resid,39,15
1175,10.mlp.6699,10,mlp,235,3
1176,1.resid.28196,1,resid,130,15
1177,10.mlp.8929,10,mlp,603,32
1178,1.resid.20998,1,resid,89,24
1179,10.mlp.21980,10,mlp,573,32
1180,1.resid.26101,1,resid,126,62
1181,10.mlp.22916,10,mlp,594,15
1182,1.resid.31018,1,resid,144,10
1183,10.mlp.20393,10,mlp,405,26
1184,1.resid.30188,1,resid,77,4
1185,10.mlp.20133,10,mlp,578,35
1186,1.resid.1533,1,resid,73,12
1187,10.mlp.6194,10,mlp,670,18
1188,1.resid.24993,1,resid,147,7
1189,10.mlp.8806,10,mlp,433,775
1190,1.resid.37386,1,resid,82,5
1191,10.mlp.37247,10,mlp,343,4
1192,1.resid.27734,1,resid,101,7
1193,10.mlp.27447,10,mlp,519,8
1194,1.resid.28543,1,resid,71,14
1195,10.mlp.6565,10,mlp,517,162
1196,1.resid.18321,1,resid,75,16
1197,10.mlp.30619,10,mlp,464,723
1198,1.resid.25602,1,resid,93,11
1199,10.mlp.4556,10,mlp,566,502
1200,1.resid.11900,1,resid,101,22
1201,10.mlp.32026,10,mlp,488,6
1202,1.resid.15846,1,resid,104,15
1203,10.mlp.16331,10,mlp,352,3
1204,1.resid.23676,1,resid,66,4
1205,10.mlp.31456,10,mlp,302,3
1206,1.resid.18442,1,resid,154,15
1207,10.mlp.17015,10,mlp,444,9
1208,1.resid.21501,1,resid,101,45
1209,10.mlp.7021,10,mlp,358,16
1210,1.resid.20931,1,resid,140,15
1211,10.mlp.34681,10,mlp,678,36
1212,1.resid.19007,1,resid,126,62
1213,10.attn.23889,10,attn,565,1
1214,2.attn.40845,2,attn,84,10
1215,10.attn.20603,10,attn,303,21
1216,2.attn.12630,2,attn,122,2
1217,10.attn.37002,10,attn,344,1
1218,10.attn.49,10,attn,745,154
1219,2.attn.971,2,attn,103,11
1220,10.attn.26205,10,attn,1076,26
1221,10.attn.40893,10,attn,506,1
1222,10.attn.39876,10,attn,377,1
1223,2.attn.19148,2,attn,76,2
1224,10.attn.4608,10,attn,350,9
1225,2.attn.18531,2,attn,143,5
1226,10.attn.31129,10,attn,852,1
1227,10.attn.12083,10,attn,914,2
1228,2.attn.1166,2,attn,154,14
1229,10.attn.28464,10,attn,590,2
1230,10.attn.5724,10,attn,516,4
1231,10.attn.14676,10,attn,388,1
1232,2.attn.33325,2,attn,196,15
1233,10.attn.407,10,attn,348,7
1234,2.attn.3853,2,attn,77,42
1235,10.attn.29343,10,attn,650,1
1236,2.attn.19129,2,attn,145,4
1237,10.attn.13757,10,attn,875,2
1238,10.attn.5464,10,attn,492,6
1239,10.attn.24004,10,attn,389,38
1240,10.attn.7360,10,attn,635,9
1241,2.attn.32264,2,attn,95,47
1242,10.attn.28525,10,attn,500,4
1243,2.attn.8705,2,attn,207,13
1244,10.attn.6641,10,attn,795,1
1245,10.attn.40769,10,attn,294,1
1246,2.attn.34863,2,attn,136,2
1247,10.attn.21740,10,attn,287,1
1248,2.attn.20892,2,attn,378,2
1249,10.attn.7159,10,attn,330,3
1250,10.attn.26226,10,attn,314,81
1251,2.attn.35518,2,attn,107,2
1252,10.attn.38360,10,attn,730,187
1253,10.attn.1416,10,attn,378,81
1254,2.attn.5167,2,attn,142,25
1255,10.attn.34215,10,attn,297,9
1256,10.attn.36168,10,attn,611,13
1257,2.mlp.26898,2,mlp,139,25
1258,9.resid.36681,9,resid,469,1
1259,2.mlp.7864,2,mlp,192,14
1260,9.resid.30611,9,resid,574,23
1261,2.mlp.1913,2,mlp,191,2
1262,9.resid.34747,9,resid,726,5
1263,2.mlp.37567,2,mlp,151,19
1264,9.resid.34730,9,resid,413,7
1265,2.mlp.28770,2,mlp,115,30
1266,9.resid.38115,9,resid,884,2
1267,2.mlp.30062,2,mlp,89,15
1268,9.resid.33981,9,resid,554,6
1269,2.mlp.14309,2,mlp,222,19
1270,9.resid.16804,9,resid,689,1
1271,2.mlp.28526,2,mlp,119,5
1272,9.resid.33233,9,resid,280,16
1273,2.mlp.24863,2,mlp,212,54
1274,9.resid.37056,9,resid,476,30
1275,2.mlp.5766,2,mlp,186,14
1276,9.resid.37407,9,resid,496,5
1277,2.mlp.15730,2,mlp,190,11
1278,9.resid.30042,9,resid,533,14
1279,2.mlp.24844,2,mlp,184,41
1280,9.resid.19955,9,resid,636,1
1281,2.mlp.8251,2,mlp,158,6
1282,9.resid.13846,9,resid,628,28
1283,2.mlp.28222,2,mlp,179,33
1284,9.resid.38885,9,resid,450,28
1285,2.mlp.32638,2,mlp,184,2
1286,9.resid.7123,9,resid,569,9
1287,2.mlp.11514,2,mlp,160,13
1288,9.resid.2535,9,resid,700,12
1289,2.mlp.2469,2,mlp,147,5
1290,9.resid.15411,9,resid,515,16
1291,2.mlp.35503,2,mlp,210,25
1292,9.resid.34427,9,resid,443,382
1293,2.mlp.15814,2,mlp,132,6
1294,9.resid.5945,9,resid,551,27
1295,2.mlp.32484,2,mlp,405,20
1296,9.resid.37599,9,resid,373,38
1297,2.mlp.7299,2,mlp,224,12
1298,9.resid.8566,9,resid,656,6
1299,2.mlp.17671,2,mlp,318,6
1300,9.resid.38786,9,resid,619,8
1301,2.mlp.22119,2,mlp,136,36
1302,9.resid.40489,9,resid,503,37
1303,2.mlp.13399,2,mlp,185,15
1304,9.resid.15964,9,resid,324,17
1305,2.mlp.8400,2,mlp,275,23
1306,9.resid.15548,9,resid,590,33
1307,2.mlp.38578,2,mlp,175,35
1308,9.resid.2881,9,resid,511,42
1309,2.mlp.16287,2,mlp,158,13
1310,9.resid.3002,9,resid,491,4
1311,2.mlp.1585,2,mlp,105,9
1312,9.resid.28803,9,resid,321,7
1313,2.resid.17043,2,resid,162,10
1314,9.mlp.17765,9,mlp,517,186
1315,2.resid.23066,2,resid,338,24
1316,9.mlp.23577,9,mlp,551,26
1317,2.resid.5734,2,resid,180,18
1318,9.mlp.27320,9,mlp,373,6
1319,2.resid.22542,2,resid,100,31
1320,9.mlp.23857,9,mlp,384,40
1321,2.resid.21949,2,resid,115,13
1322,9.mlp.2800,9,mlp,351,4
1323,2.resid.16256,2,resid,114,11
1324,9.mlp.15860,9,mlp,712,38
1325,2.resid.29583,2,resid,98,76
1326,9.mlp.15001,9,mlp,475,2
1327,2.resid.18593,2,resid,155,7
1328,9.mlp.37162,9,mlp,519,13
1329,2.resid.9307,2,resid,73,11
1330,9.mlp.29685,9,mlp,221,40
1331,2.resid.32078,2,resid,156,20
1332,9.mlp.11034,9,mlp,444,38
1333,2.resid.22935,2,resid,104,58
1334,9.mlp.38723,9,mlp,551,491
1335,2.resid.25372,2,resid,141,50
1336,9.mlp.9559,9,mlp,433,8
1337,2.resid.26064,2,resid,204,34
1338,9.mlp.17303,9,mlp,395,37
1339,2.resid.18129,2,resid,146,4
1340,9.mlp.5402,9,mlp,551,12
1341,2.resid.4151,2,resid,103,59
1342,9.mlp.14106,9,mlp,432,29
1343,2.resid.13686,2,resid,108,14
1344,9.mlp.10005,9,mlp,497,29
1345,2.resid.10521,2,resid,184,54
1346,9.mlp.2957,9,mlp,618,4
1347,2.resid.33353,2,resid,210,69
1348,9.mlp.38184,9,mlp,787,7
1349,2.resid.7413,2,resid,213,19
1350,9.mlp.30683,9,mlp,569,7
1351,2.resid.33857,2,resid,146,15
1352,9.mlp.40083,9,mlp,365,6
1353,2.resid.8734,2,resid,120,23
1354,9.mlp.19739,9,mlp,548,18
1355,2.resid.22395,2,resid,151,38
1356,9.mlp.22520,9,mlp,447,18
1357,2.resid.17913,2,resid,210,7
1358,9.mlp.11422,9,mlp,762,14
1359,2.resid.7,2,resid,133,13
1360,9.mlp.26756,9,mlp,351,4
1361,2.resid.10693,2,resid,134,8
1362,9.mlp.26893,9,mlp,354,4
1363,2.resid.15015,2,resid,172,48
1364,9.mlp.13324,9,mlp,436,14
1365,2.resid.1104,2,resid,218,4
1366,9.mlp.26304,9,mlp,522,15
1367,2.resid.28632,2,resid,152,5
1368,9.mlp.17718,9,mlp,438,17
1369,2.resid.18819,2,resid,158,5
1370,9.mlp.9456,9,mlp,352,6
1371,3.attn.36629,3,attn,217,2
1372,9.attn.12285,9,attn,295,9
1373,9.attn.17149,9,attn,621,6
1374,3.attn.10377,3,attn,204,10
1375,9.attn.31326,9,attn,243,9
1376,3.attn.35427,3,attn,200,5
1377,9.attn.21033,9,attn,316,1
1378,3.attn.622,3,attn,246,37
1379,9.attn.3411,9,attn,276,1
1380,9.attn.36055,9,attn,262,3
1381,9.attn.2946,9,attn,542,1
1382,3.attn.6577,3,attn,292,2
1383,9.attn.27795,9,attn,341,40
1384,3.attn.31061,3,attn,165,20
1385,9.attn.13429,9,attn,412,21
1386,3.attn.22869,3,attn,184,2
1387,9.attn.17113,9,attn,404,9
1388,3.attn.36450,3,attn,179,2
1389,9.attn.1367,9,attn,181,3
1390,9.attn.26581,9,attn,678,6
1391,3.attn.34717,3,attn,178,8
1392,9.attn.40165,9,attn,234,1
1393,3.attn.29396,3,attn,167,5
1394,9.attn.6960,9,attn,547,9
1395,3.attn.30709,3,attn,154,15
1396,9.attn.38824,9,attn,725,10
1397,3.attn.33455,3,attn,246,2
1398,9.attn.22886,9,attn,529,9
1399,3.attn.1154,3,attn,185,2
1400,9.attn.31911,9,attn,285,9
1401,3.attn.5885,3,attn,222,2
1402,9.attn.7336,9,attn,563,692
1403,3.attn.36056,3,attn,143,2
1404,9.attn.24726,9,attn,417,9
1405,3.attn.32754,3,attn,187,24
1406,9.attn.16847,9,attn,515,9
1407,3.attn.21270,3,attn,154,5
1408,9.attn.6073,9,attn,196,75
1409,3.attn.2777,3,attn,308,2
1410,9.attn.14061,9,attn,358,1
1411,3.attn.14460,3,attn,154,2
1412,9.attn.9457,9,attn,869,17
1413,3.attn.8496,3,attn,165,7
1414,9.attn.11688,9,attn,162,29
1415,3.attn.29033,3,attn,147,19
1416,9.attn.38445,9,attn,581,9
1417,3.attn.40452,3,attn,153,2
1418,9.attn.30564,9,attn,492,1
1419,3.attn.40507,3,attn,104,8
1420,9.attn.2327,9,attn,430,24
1421,3.mlp.33290,3,mlp,176,6
1422,8.resid.4054,8,resid,721,15
1423,3.mlp.20390,3,mlp,315,8
1424,8.resid.38525,8,resid,576,9
1425,3.mlp.14529,3,mlp,291,11
1426,8.resid.32564,8,resid,383,4
1427,3.mlp.14592,3,mlp,208,2
1428,8.resid.19024,8,resid,608,1
1429,3.mlp.11712,3,mlp,222,19
1430,8.resid.19144,8,resid,686,32
1431,3.mlp.19315,3,mlp,221,15
1432,8.resid.16677,8,resid,669,22
1433,3.mlp.1830,3,mlp,290,5
1434,8.resid.14718,8,resid,702,17
1435,3.mlp.2291,3,mlp,199,19
1436,8.resid.5280,8,resid,608,10
1437,3.mlp.7042,3,mlp,214,14
1438,8.resid.23508,8,resid,490,27
1439,3.mlp.40666,3,mlp,387,2
1440,8.resid.26964,8,resid,296,4
1441,3.mlp.14593,3,mlp,266,2
1442,8.resid.12959,8,resid,282,10
1443,3.mlp.30709,3,mlp,204,24
1444,8.resid.2361,8,resid,617,50
1445,3.mlp.2850,3,mlp,194,61
1446,8.resid.22038,8,resid,563,32
1447,3.mlp.27454,3,mlp,225,15
1448,8.resid.32603,8,resid,452,22
1449,3.mlp.19713,3,mlp,392,18
1450,8.resid.12366,8,resid,484,8
1451,3.mlp.21742,3,mlp,193,14
1452,8.resid.1991,8,resid,590,11
1453,3.mlp.21579,3,mlp,199,5
1454,8.resid.11122,8,resid,473,4
1455,3.mlp.18315,3,mlp,265,7
1456,8.resid.13452,8,resid,404,37
1457,3.mlp.40867,3,mlp,186,72
1458,8.resid.30647,8,resid,565,24
1459,3.mlp.14428,3,mlp,446,35
1460,8.resid.14472,8,resid,600,4
1461,3.mlp.18384,3,mlp,238,19
1462,8.resid.30148,8,resid,510,2
1463,3.mlp.39021,3,mlp,318,2
1464,8.resid.24858,8,resid,473,63
1465,3.mlp.25672,3,mlp,172,4
1466,8.resid.16239,8,resid,521,12
1467,3.mlp.31178,3,mlp,138,17
1468,8.resid.38377,8,resid,509,13
1469,3.mlp.36792,3,mlp,366,25
1470,8.resid.3686,8,resid,540,538
1471,3.mlp.17884,3,mlp,229,33
1472,8.resid.4222,8,resid,397,1
1473,3.mlp.6470,3,mlp,215,11
1474,8.resid.471,8,resid,392,9
1475,3.mlp.6461,3,mlp,202,5
1476,8.resid.2461,8,resid,451,13
1477,3.mlp.19905,3,mlp,118,30
1478,8.resid.11719,8,resid,283,6
1479,3.resid.30746,3,resid,219,15
1480,8.mlp.2023,8,mlp,566,8
1481,3.resid.31700,3,resid,143,39
1482,8.mlp.17771,8,mlp,294,10
1483,3.resid.12570,3,resid,146,18
1484,8.mlp.394,8,mlp,541,39
1485,3.resid.26034,3,resid,319,4
1486,8.mlp.19724,8,mlp,458,14
1487,3.resid.39545,3,resid,186,22
1488,8.mlp.4571,8,mlp,468,29
1489,3.resid.38160,3,resid,327,4
1490,8.mlp.1800,8,mlp,444,38
1491,3.resid.29842,3,resid,294,19
1492,8.mlp.24894,8,mlp,345,35
1493,3.resid.198,3,resid,215,2
1494,8.mlp.38717,8,mlp,387,7
1495,3.resid.19237,3,resid,215,18
1496,8.mlp.19118,8,mlp,337,16
1497,3.resid.30709,3,resid,161,11
1498,8.mlp.2453,8,mlp,410,28
1499,3.resid.3754,3,resid,238,12
1500,8.mlp.35817,8,mlp,455,4
1501,3.resid.26588,3,resid,262,20
1502,8.mlp.5966,8,mlp,265,17
1503,3.resid.35129,3,resid,265,33
1504,8.mlp.21659,8,mlp,367,35
1505,3.resid.34833,3,resid,310,10
1506,8.mlp.23135,8,mlp,506,8
1507,3.resid.30289,3,resid,185,4
1508,8.mlp.9719,8,mlp,489,10
1509,3.resid.34524,3,resid,117,4
1510,8.mlp.24568,8,mlp,451,15
1511,3.resid.5046,3,resid,281,25
1512,8.mlp.37694,8,mlp,452,15
1513,3.resid.7722,3,resid,270,4
1514,8.mlp.13939,8,mlp,530,12
1515,3.resid.654,3,resid,218,22
1516,8.mlp.34142,8,mlp,450,611
1517,3.resid.14001,3,resid,163,7
1518,8.mlp.4687,8,mlp,491,5
1519,3.resid.38784,3,resid,160,10
1520,8.mlp.25893,8,mlp,289,15
1521,3.resid.13337,3,resid,150,27
1522,8.mlp.20706,8,mlp,636,50
1523,3.resid.30003,3,resid,169,28
1524,8.mlp.9053,8,mlp,527,37
1525,3.resid.5907,3,resid,196,5
1526,8.mlp.27996,8,mlp,470,37
1527,3.resid.29785,3,resid,324,11
1528,8.mlp.27487,8,mlp,358,8
1529,3.resid.29001,3,resid,170,33
1530,8.mlp.24126,8,mlp,416,30
1531,3.resid.18365,3,resid,151,5
1532,8.mlp.36564,8,mlp,434,22
1533,3.resid.18945,3,resid,212,24
1534,8.mlp.2780,8,mlp,494,32
1535,4.attn.32487,4,attn,273,24
1536,8.attn.9856,8,attn,619,1
1537,4.attn.32976,4,attn,254,19
1538,8.attn.29973,8,attn,468,1
1539,4.attn.35453,4,attn,238,2
1540,4.attn.1542,4,attn,261,2
1541,8.attn.1303,8,attn,264,70
1542,4.attn.9890,4,attn,269,13
1543,4.attn.36796,4,attn,159,2
1544,8.attn.4021,8,attn,409,20
1545,4.attn.5080,4,attn,266,15
1546,8.attn.38042,8,attn,639,8
1547,4.attn.28579,4,attn,135,9
1548,8.attn.11249,8,attn,305,23
1549,4.attn.10104,4,attn,144,2
1550,8.attn.20556,8,attn,803,9
1551,4.attn.20955,4,attn,217,33
1552,8.attn.29524,8,attn,467,9
1553,4.attn.36596,4,attn,397,2
1554,8.attn.27962,8,attn,224,5
1555,4.attn.9659,4,attn,281,10
1556,4.attn.37674,4,attn,260,5
1557,8.attn.31890,8,attn,551,44
1558,4.attn.9145,4,attn,296,28
1559,8.attn.16186,8,attn,462,1
1560,4.attn.19766,4,attn,186,2
1561,8.attn.1785,8,attn,334,1
1562,4.attn.24700,4,attn,212,2
1563,4.attn.28397,4,attn,231,2
1564,8.attn.40386,8,attn,471,44
1565,4.attn.23831,4,attn,291,36
1566,8.attn.21079,8,attn,409,40
1567,4.attn.4201,4,attn,198,5
1568,8.attn.26004,8,attn,639,9
1569,4.attn.36048,4,attn,243,2
1570,4.attn.30010,4,attn,260,8
1571,8.attn.27473,8,attn,280,9
1572,4.attn.38650,4,attn,237,2
1573,4.attn.12518,4,attn,282,2
1574,4.attn.40412,4,attn,204,21
1575,8.attn.297,8,attn,298,16
1576,4.attn.33474,4,attn,148,84
1577,8.attn.14087,8,attn,562,231
1578,4.attn.37121,4,attn,268,2
1579,8.attn.38453,8,attn,273,42
1580,4.attn.13771,4,attn,212,2
1581,8.attn.3694,8,attn,579,9
1582,4.attn.38620,4,attn,169,21
1583,8.attn.19952,8,attn,268,37
1584,4.attn.23575,4,attn,206,6
1585,8.attn.38844,8,attn,289,9
1586,4.mlp.13001,4,mlp,295,8
1587,7.resid.18701,7,resid,629,6
1588,4.mlp.31935,4,mlp,209,5
1589,7.resid.29474,7,resid,643,22
1590,4.mlp.812,4,mlp,200,32
1591,7.resid.12775,7,resid,347,20
1592,4.mlp.7826,4,mlp,179,5
1593,7.resid.28485,7,resid,533,18
1594,4.mlp.5170,4,mlp,233,35
1595,7.resid.39075,7,resid,595,0
1596,4.mlp.39187,4,mlp,393,5
1597,7.resid.39960,7,resid,558,4
1598,4.mlp.19852,4,mlp,198,27
1599,7.resid.29479,7,resid,593,45
1600,4.mlp.28913,4,mlp,242,30
1601,7.resid.39599,7,resid,569,19
1602,4.mlp.14956,4,mlp,292,17
1603,7.resid.24130,7,resid,303,7
1604,4.mlp.3553,4,mlp,327,0
1605,7.resid.28416,7,resid,443,18
1606,4.mlp.31247,4,mlp,286,5
1607,7.resid.37962,7,resid,472,55
1608,4.mlp.37078,4,mlp,212,39
1609,7.resid.39566,7,resid,496,17
1610,4.mlp.23982,4,mlp,355,10
1611,7.resid.13419,7,resid,280,6
1612,4.mlp.20035,4,mlp,389,8
1613,7.resid.16255,7,resid,686,31
1614,4.mlp.17443,4,mlp,346,0
1615,7.resid.16318,7,resid,334,6
1616,4.mlp.11084,4,mlp,221,13
1617,7.resid.32488,7,resid,361,20
1618,4.mlp.23767,4,mlp,310,23
1619,7.resid.35626,7,resid,415,15
1620,4.mlp.26381,4,mlp,385,11
1621,7.resid.17572,7,resid,485,21
1622,4.mlp.9923,4,mlp,431,0
1623,7.resid.23706,7,resid,579,14
1624,4.mlp.20766,4,mlp,325,36
1625,7.resid.7674,7,resid,511,32
1626,4.mlp.30617,4,mlp,239,4
1627,7.resid.35917,7,resid,567,17
1628,4.mlp.5786,4,mlp,467,17
1629,7.resid.40735,7,resid,494,18
1630,4.mlp.33028,4,mlp,328,17
1631,7.resid.40218,7,resid,431,24
1632,4.mlp.12933,4,mlp,224,12
1633,7.resid.38399,7,resid,413,5
1634,4.mlp.11827,4,mlp,293,36
1635,7.resid.36737,7,resid,427,13
1636,4.mlp.38010,4,mlp,210,52
1637,7.resid.12839,7,resid,512,8
1638,4.mlp.6212,4,mlp,377,0
1639,7.resid.37384,7,resid,405,12
1640,4.mlp.5659,4,mlp,331,12
1641,7.resid.31336,7,resid,278,73
1642,4.resid.25308,4,resid,313,37
1643,7.mlp.27827,7,mlp,272,32
1644,4.resid.32733,4,resid,232,8
1645,7.mlp.26067,7,mlp,472,23
1646,4.resid.16155,4,resid,245,45
1647,7.mlp.20945,7,mlp,615,20
1648,4.resid.37496,4,resid,198,19
1649,7.mlp.25005,7,mlp,552,13
1650,4.resid.2870,4,resid,244,10
1651,7.mlp.5259,7,mlp,599,1
1652,4.resid.27560,4,resid,175,1
1653,7.mlp.28155,7,mlp,436,43
1654,4.resid.5744,4,resid,289,22
1655,7.mlp.17379,7,mlp,265,6
1656,4.resid.26925,4,resid,239,16
1657,7.mlp.1763,7,mlp,481,5
1658,4.resid.39752,4,resid,502,17
1659,7.mlp.26960,7,mlp,538,14
1660,4.resid.4650,4,resid,255,27
1661,7.mlp.7108,7,mlp,586,8
1662,4.resid.31865,4,resid,293,13
1663,7.mlp.12694,7,mlp,396,18
1664,4.resid.24974,4,resid,250,12
1665,7.mlp.34534,7,mlp,228,9
1666,4.resid.12007,4,resid,364,2
1667,7.mlp.24138,7,mlp,155,11
1668,4.resid.15983,4,resid,203,8
1669,7.mlp.25013,7,mlp,228,17
1670,4.resid.36929,4,resid,320,0
1671,7.mlp.26360,7,mlp,428,9
1672,4.resid.32695,4,resid,253,19
1673,7.mlp.37231,7,mlp,439,41
1674,4.resid.37299,4,resid,375,6
1675,7.mlp.10589,7,mlp,486,7
1676,4.resid.10006,4,resid,310,0
1677,7.mlp.40713,7,mlp,345,6
1678,4.resid.32406,4,resid,245,16
1679,7.mlp.2045,7,mlp,397,39
1680,4.resid.38485,4,resid,180,26
1681,7.mlp.39190,7,mlp,364,27
1682,4.resid.27410,4,resid,236,8
1683,7.mlp.24118,7,mlp,156,8
1684,4.resid.2154,4,resid,364,18
1685,7.mlp.40197,7,mlp,384,4
1686,4.resid.35773,4,resid,410,41
1687,7.mlp.34917,7,mlp,390,15
1688,4.resid.25792,4,resid,215,33
1689,7.mlp.27928,7,mlp,593,777
1690,4.resid.34576,4,resid,250,30
1691,7.mlp.30807,7,mlp,509,12
1692,4.resid.28983,4,resid,329,16
1693,7.mlp.23364,7,mlp,446,19
1694,4.resid.27776,4,resid,313,41
1695,7.mlp.17225,7,mlp,509,25
1696,4.resid.12862,4,resid,296,6
1697,7.mlp.8152,7,mlp,275,32
1698,4.resid.8448,4,resid,276,30
1699,5.attn.34295,5,attn,354,0
1700,7.attn.238,7,attn,947,2
1701,5.attn.28912,5,attn,297,20
1702,7.attn.8150,7,attn,810,2
1703,7.attn.36332,7,attn,466,9
1704,5.attn.11492,5,attn,261,0
1705,7.attn.1230,7,attn,516,7
1706,5.attn.39788,5,attn,245,1
1707,7.attn.9028,7,attn,568,0
1708,5.attn.20435,5,attn,254,1
1709,7.attn.6411,7,attn,284,9
1710,5.attn.12645,5,attn,434,14
1711,7.attn.29535,7,attn,340,43
1712,5.attn.21392,5,attn,292,48
1713,7.attn.30167,7,attn,409,43
1714,5.attn.30381,5,attn,322,8
1715,7.attn.34566,7,attn,163,21
1716,5.attn.19873,5,attn,243,22
1717,7.attn.24003,7,attn,413,1
1718,7.attn.22152,7,attn,477,0
1719,5.attn.6568,5,attn,213,2
1720,5.attn.16831,5,attn,255,9
1721,7.attn.10562,7,attn,465,9
1722,7.attn.27055,7,attn,321,43
1723,5.attn.11930,5,attn,318,20
1724,7.attn.26142,7,attn,423,1
1725,5.attn.35530,5,attn,209,0
1726,7.attn.29933,7,attn,530,8
1727,5.attn.8274,5,attn,280,1
1728,7.attn.13805,7,attn,365,9
1729,5.attn.1528,5,attn,210,2
1730,7.attn.35610,7,attn,396,22
1731,5.attn.19249,5,attn,563,2
1732,7.attn.1173,7,attn,442,9
1733,5.attn.5521,5,attn,249,0
1734,7.attn.17342,7,attn,210,1
1735,5.attn.40605,5,attn,363,4
1736,7.attn.5852,7,attn,247,1
1737,5.attn.19991,5,attn,179,10
1738,7.attn.36465,7,attn,351,9
1739,7.attn.21688,7,attn,274,1
1740,5.attn.28235,5,attn,388,28
1741,7.attn.20559,7,attn,232,51
1742,5.attn.13223,5,attn,295,0
1743,7.attn.37385,7,attn,185,85
1744,5.attn.25993,5,attn,180,1
1745,5.mlp.12449,5,mlp,422,0
1746,6.resid.13189,6,resid,451,8
1747,5.mlp.10989,5,mlp,314,14
1748,6.resid.4043,6,resid,356,8
1749,5.mlp.6075,5,mlp,261,31
1750,6.resid.32223,6,resid,378,8
1751,5.mlp.6411,5,mlp,387,5
1752,6.resid.5402,6,resid,418,17
1753,5.mlp.718,5,mlp,326,0
1754,6.resid.17225,6,resid,376,17
1755,5.mlp.24916,5,mlp,270,47
1756,6.resid.35050,6,resid,431,37
1757,5.mlp.22367,5,mlp,281,46
1758,6.resid.31430,6,resid,307,18
1759,5.mlp.24244,5,mlp,481,0
1760,6.resid.18694,6,resid,333,6
1761,5.mlp.9493,5,mlp,618,0
1762,6.resid.6578,6,resid,486,2
1763,5.mlp.12773,5,mlp,265,12
1764,6.resid.19232,6,resid,428,0
1765,5.mlp.20617,5,mlp,316,36
1766,6.resid.12121,6,resid,291,6
1767,5.mlp.15781,5,mlp,293,50
1768,6.resid.498,6,resid,383,42
1769,5.mlp.16460,5,mlp,277,16
1770,6.resid.7367,6,resid,368,0
1771,5.mlp.38390,5,mlp,293,35
1772,6.resid.34090,6,resid,583,17
1773,5.mlp.7783,5,mlp,286,26
1774,6.resid.19302,6,resid,404,26
1775,5.mlp.4297,5,mlp,447,16
1776,6.resid.9257,6,resid,370,38
1777,5.mlp.27204,5,mlp,310,32
1778,6.resid.24116,6,resid,326,43
1779,5.mlp.2175,5,mlp,240,52
1780,6.resid.25842,6,resid,315,41
1781,5.mlp.2045,5,mlp,528,0
1782,6.resid.9622,6,resid,313,42
1783,5.mlp.24070,5,mlp,369,0
1784,6.resid.4617,6,resid,532,15
1785,5.mlp.10580,5,mlp,384,44
1786,6.resid.36459,6,resid,478,12
1787,5.mlp.21909,5,mlp,374,18
1788,6.resid.5266,6,resid,421,5
1789,5.mlp.15484,5,mlp,563,26
1790,6.resid.31610,6,resid,280,5
1791,5.mlp.14556,5,mlp,503,28
1792,6.resid.34084,6,resid,266,24
1793,5.mlp.30768,5,mlp,251,22
1794,6.resid.22284,6,resid,516,0
1795,5.mlp.27309,5,mlp,369,0
1796,6.resid.13643,6,resid,315,24
1797,5.mlp.40102,5,mlp,540,0
1798,6.resid.40115,6,resid,302,18
1799,5.mlp.17793,5,mlp,466,0
1800,6.resid.15141,6,resid,460,11
1801,5.resid.28866,5,resid,279,15
1802,6.mlp.21168,6,mlp,322,56
1803,5.resid.27855,5,resid,430,10
1804,6.mlp.32861,6,mlp,434,11
1805,5.resid.30070,5,resid,308,14
1806,6.mlp.19747,6,mlp,419,8
1807,5.resid.19929,5,resid,375,19
1808,6.mlp.4288,6,mlp,351,5
1809,5.resid.13641,5,resid,381,26
1810,6.mlp.30406,6,mlp,408,5
1811,5.resid.26890,5,resid,358,31
1812,6.mlp.26185,6,mlp,392,17
1813,5.resid.26257,5,resid,414,0
1814,6.mlp.26790,6,mlp,417,17
1815,5.resid.21951,5,resid,498,8
1816,6.mlp.26502,6,mlp,302,24
1817,5.resid.32693,5,resid,381,8
1818,6.mlp.13592,6,mlp,541,0
1819,5.resid.27753,5,resid,290,27
1820,6.mlp.30913,6,mlp,274,23
1821,5.resid.4573,5,resid,181,21
1822,6.mlp.21688,6,mlp,422,7
1823,5.resid.1136,5,resid,436,54
1824,6.mlp.30286,6,mlp,371,44
1825,5.resid.4623,5,resid,203,20
1826,6.mlp.1647,6,mlp,461,51
1827,5.resid.33640,5,resid,290,61
1828,6.mlp.9940,6,mlp,480,43
1829,5.resid.21170,5,resid,325,5
1830,6.mlp.4496,6,mlp,358,18
1831,5.resid.21905,5,resid,411,10
1832,6.mlp.33746,6,mlp,373,0
1833,5.resid.22690,5,resid,293,19
1834,6.mlp.15444,6,mlp,285,7
1835,5.resid.25041,5,resid,269,11
1836,6.mlp.39126,6,mlp,518,37
1837,5.resid.15558,5,resid,241,2
1838,6.mlp.13829,6,mlp,615,10
1839,5.resid.17670,5,resid,326,0
1840,6.mlp.37501,6,mlp,412,26
1841,5.resid.17622,5,resid,458,26
1842,6.mlp.30478,6,mlp,621,1
1843,5.resid.33582,5,resid,312,10
1844,6.mlp.20482,6,mlp,504,0
1845,5.resid.40579,5,resid,282,4
1846,6.mlp.34096,6,mlp,274,19
1847,5.resid.9998,5,resid,500,0
1848,6.mlp.29842,6,mlp,330,53
1849,5.resid.37507,5,resid,160,5
1850,6.mlp.24658,6,mlp,624,0
1851,5.resid.34736,5,resid,588,0
1852,6.mlp.24910,6,mlp,285,5
1853,5.resid.24670,5,resid,621,6
1854,6.mlp.10497,6,mlp,312,10
1855,5.resid.25964,5,resid,369,6
1856,6.mlp.13839,6,mlp,292,26
1857,5.resid.9580,5,resid,297,31
1858,6.mlp.25090,6,mlp,772,0
1859,6.attn.40293,6,attn,317,1
1860,6.attn.3556,6,attn,292,0
1861,6.attn.33770,6,attn,382,0
1862,6.attn.27116,6,attn,722,17
1863,6.attn.4019,6,attn,324,1
1864,6.attn.3808,6,attn,311,0
1865,6.attn.1704,6,attn,372,0
1866,6.attn.7935,6,attn,278,1
1867,6.attn.26951,6,attn,353,1
1868,6.attn.39748,6,attn,412,0
1869,6.attn.38035,6,attn,385,0
1870,6.attn.25503,6,attn,293,1
1871,6.attn.12145,6,attn,325,1
1872,6.attn.20126,6,attn,329,0
1873,6.attn.17923,6,attn,294,0
1874,6.attn.3201,6,attn,473,0
1875,6.attn.18390,6,attn,242,0
1876,6.attn.34554,6,attn,365,0
1877,6.attn.34593,6,attn,229,0
1878,6.attn.26498,6,attn,301,0
1879,6.attn.16467,6,attn,381,0
1880,6.attn.36746,6,attn,288,0
1881,6.attn.29896,6,attn,519,0
1882,6.attn.8984,6,attn,301,1
1883,6.attn.34438,6,attn,288,0
1884,6.attn.19681,6,attn,399,1
1885,6.attn.6652,6,attn,207,21
1886,6.attn.33319,6,attn,266,2
1887,0.mlp.20539,0,mlp,7,190
1888,0.mlp.18452,0,mlp,25,191
1889,11.resid.25550,11,resid,508,8
1890,0.mlp.28737,0,mlp,57,192
1891,11.resid.8822,11,resid,498,3
1892,0.mlp.11740,0,mlp,19,10
1893,11.resid.31027,11,resid,512,3
1894,0.mlp.14371,0,mlp,26,194
1895,11.resid.13585,11,resid,719,1
1896,0.mlp.38643,0,mlp,14,15
1897,11.resid.22970,11,resid,814,20
1898,0.mlp.9618,0,mlp,29,18
1899,11.resid.28923,11,resid,400,9
1900,0.mlp.9375,0,mlp,23,34
1901,11.resid.33769,11,resid,395,3
1902,0.mlp.1722,0,mlp,21,195
1903,11.resid.19251,11,resid,371,4
1904,0.mlp.32521,0,mlp,27,196
1905,11.resid.4024,11,resid,411,4
1906,0.mlp.33344,0,mlp,13,197
1907,11.resid.23860,11,resid,308,3
1908,0.mlp.28710,0,mlp,26,10
1909,11.resid.38589,11,resid,673,3
1910,0.mlp.21970,0,mlp,57,47
1911,11.resid.9387,11,resid,583,3
1912,0.mlp.16502,0,mlp,78,53
1913,11.resid.14474,11,resid,554,3
1914,0.mlp.7113,0,mlp,24,198
1915,11.resid.40511,11,resid,380,7
1916,0.mlp.14912,0,mlp,20,199
1917,11.resid.30722,11,resid,616,3
1918,0.mlp.18232,0,mlp,36,200
1919,11.resid.34845,11,resid,526,3
1920,0.mlp.32843,0,mlp,22,201
1921,11.resid.27236,11,resid,509,3
1922,0.mlp.23688,0,mlp,39,202
1923,11.resid.8187,11,resid,543,3
1924,0.mlp.28005,0,mlp,15,203
1925,11.resid.40318,11,resid,638,3
1926,0.mlp.19944,0,mlp,16,204
1927,11.resid.8702,11,resid,557,3
1928,0.mlp.40156,0,mlp,91,34
1929,11.resid.4030,11,resid,644,22
1930,0.mlp.31513,0,mlp,10,205
1931,11.resid.29394,11,resid,670,3
1932,0.mlp.14551,0,mlp,6,206
1933,11.resid.30561,11,resid,425,3
1934,0.mlp.39035,0,mlp,8,207
1935,11.resid.20466,11,resid,695,16
1936,0.mlp.28510,0,mlp,11,208
1937,11.resid.9323,11,resid,438,3
1938,0.mlp.6283,0,mlp,44,209
1939,11.resid.35783,11,resid,328,7
1940,0.mlp.9328,0,mlp,56,11
1941,11.resid.12969,11,resid,481,18
1942,0.mlp.29383,0,mlp,8,210
1943,11.resid.36699,11,resid,635,3
1944,0.resid.427,0,resid,23,96
1945,11.mlp.9957,11,mlp,541,3
1946,0.resid.23137,0,resid,43,211
1947,11.mlp.16697,11,mlp,537,61
1948,0.resid.11519,0,resid,66,13
1949,11.mlp.24227,11,mlp,578,493
1950,0.resid.1875,0,resid,30,18
1951,11.mlp.30624,11,mlp,550,3
1952,0.resid.19474,0,resid,62,5
1953,11.mlp.29769,11,mlp,541,28
1954,0.resid.27129,0,resid,35,212
1955,11.mlp.5658,11,mlp,514,3
1956,0.resid.19735,0,resid,29,213
1957,11.mlp.411,11,mlp,673,44
1958,0.resid.21823,0,resid,66,31
1959,11.mlp.2607,11,mlp,472,3
1960,0.resid.2318,0,resid,109,5
1961,11.mlp.19319,11,mlp,716,38
1962,0.resid.32397,0,resid,27,2
1963,11.mlp.10947,11,mlp,420,3
1964,0.resid.40371,0,resid,23,5
1965,11.mlp.40228,11,mlp,530,20
1966,0.resid.37130,0,resid,29,26
1967,11.mlp.4008,11,mlp,309,3
1968,0.resid.6102,0,resid,52,8
1969,11.mlp.28516,11,mlp,230,21
1970,0.resid.8310,0,resid,69,4
1971,11.mlp.2759,11,mlp,371,3
1972,0.resid.11229,0,resid,30,38
1973,11.mlp.34825,11,mlp,426,3
1974,0.resid.14166,0,resid,35,22
1975,11.mlp.34302,11,mlp,360,3
1976,0.resid.30897,0,resid,23,39
1977,11.mlp.1250,11,mlp,365,724
1978,0.resid.12134,0,resid,26,27
1979,11.mlp.21181,11,mlp,570,3
1980,0.resid.27406,0,resid,82,50
1981,11.mlp.37741,11,mlp,428,34
1982,0.resid.39304,0,resid,60,19
1983,11.mlp.25560,11,mlp,497,32
1984,0.resid.20426,0,resid,21,214
1985,11.mlp.21934,11,mlp,532,18
1986,0.resid.29449,0,resid,19,215
1987,11.mlp.8836,11,mlp,542,17
1988,0.resid.35390,0,resid,69,2
1989,11.mlp.37102,11,mlp,313,3
1990,0.resid.3439,0,resid,24,17
1991,11.mlp.14491,11,mlp,351,3
1992,0.resid.23064,0,resid,46,21
1993,11.mlp.18950,11,mlp,330,18
1994,0.resid.20634,0,resid,22,6
1995,11.mlp.8050,11,mlp,772,17
1996,0.resid.21692,0,resid,143,27
1997,11.mlp.3512,11,mlp,394,8
1998,0.resid.12810,0,resid,39,23
1999,11.mlp.28410,11,mlp,465,3
2000,0.resid.30937,0,resid,17,216
2001,11.mlp.2554,11,mlp,505,224
2002,11.attn.1507,11,attn,315,3
2003,11.attn.13496,11,attn,627,9
2004,11.attn.32285,11,attn,636,9
2005,1.attn.34489,1,attn,79,5
2006,11.attn.3900,11,attn,416,1
2007,11.attn.40778,11,attn,402,1
2008,1.attn.17837,1,attn,144,14
2009,11.attn.31968,11,attn,442,23
2010,1.attn.18303,1,attn,58,26
2011,11.attn.29373,11,attn,408,9
2012,11.attn.38361,11,attn,313,3
2013,1.attn.28513,1,attn,66,44
2014,11.attn.21240,11,attn,917,3
2015,11.attn.27192,11,attn,200,3
2016,11.attn.29889,11,attn,354,3
2017,11.attn.20989,11,attn,276,3
2018,11.attn.9,11,attn,314,1
2019,1.attn.40513,1,attn,35,21
2020,11.attn.1,11,attn,316,3
2021,11.attn.6336,11,attn,653,9
2022,1.attn.20791,1,attn,87,13
2023,11.attn.1222,11,attn,857,9
2024,11.attn.31690,11,attn,328,1
2025,11.attn.22315,11,attn,415,3
2026,1.attn.28481,1,attn,55,7
2027,11.attn.38734,11,attn,572,12
2028,11.attn.8005,11,attn,713,51
2029,11.attn.23772,11,attn,859,3
2030,1.attn.19986,1,attn,155,20
2031,11.attn.511,11,attn,540,11
2032,11.attn.3938,11,attn,320,3
2033,11.attn.2645,11,attn,210,3
2034,11.attn.40602,11,attn,218,3
2035,11.attn.17107,11,attn,553,11
2036,11.attn.24366,11,attn,609,1
2037,11.attn.30933,11,attn,788,3
2038,1.mlp.32663,1,mlp,199,50
2039,10.resid.5058,10,resid,740,14
2040,1.mlp.12604,1,mlp,151,52
2041,10.resid.12244,10,resid,454,5
2042,1.mlp.25339,1,mlp,74,6
2043,10.resid.32421,10,resid,582,27
2044,1.mlp.39170,1,mlp,129,28
2045,10.resid.2826,10,resid,768,17
2046,1.mlp.6248,1,mlp,124,13
2047,10.resid.8782,10,resid,394,1
2048,1.mlp.14006,1,mlp,126,15
2049,10.resid.6198,10,resid,608,4
2050,1.mlp.27843,1,mlp,114,10
2051,10.resid.8116,10,resid,571,263
2052,1.mlp.33534,1,mlp,151,6
2053,10.resid.8287,10,resid,667,12
2054,1.mlp.7074,1,mlp,241,11
2055,10.resid.27164,10,resid,660,4
2056,1.mlp.9758,1,mlp,175,37
2057,10.resid.30872,10,resid,596,5
2058,1.mlp.23713,1,mlp,279,6
2059,10.resid.24367,10,resid,293,19
2060,1.mlp.9432,1,mlp,174,22
2061,10.resid.25033,10,resid,419,4
2062,1.mlp.33400,1,mlp,103,11
2063,10.resid.32973,10,resid,553,22
2064,1.mlp.35039,1,mlp,79,18
2065,10.resid.12706,10,resid,948,14
2066,1.mlp.16241,1,mlp,183,16
2067,10.resid.13202,10,resid,610,23
2068,1.mlp.28609,1,mlp,110,5
2069,10.resid.12333,10,resid,618,3
2070,1.mlp.11269,1,mlp,114,5
2071,10.resid.30443,10,resid,683,13
2072,1.mlp.40925,1,mlp,199,6
2073,10.resid.28688,10,resid,501,9
2074,1.mlp.28102,1,mlp,191,55
2075,10.resid.19452,10,resid,755,20
2076,1.mlp.3268,1,mlp,297,2
2077,10.resid.13793,10,resid,388,6
2078,1.mlp.28692,1,mlp,166,5
2079,10.resid.4853,10,resid,522,14
2080,1.mlp.8350,1,mlp,145,24
2081,10.resid.32708,10,resid,303,3
2082,1.mlp.20961,1,mlp,122,27
2083,10.resid.15401,10,resid,580,32
2084,1.mlp.25444,1,mlp,67,49
2085,10.resid.26318,10,resid,595,12
2086,1.mlp.40438,1,mlp,231,7
2087,10.resid.16208,10,resid,765,16
2088,1.mlp.30251,1,mlp,109,6
2089,10.resid.33487,10,resid,1037,16
2090,1.mlp.15024,1,mlp,301,25
2091,10.resid.16104,10,resid,362,755
2092,1.mlp.19127,1,mlp,254,54
2093,10.resid.19551,10,resid,622,11
2094,1.mlp.5252,1,mlp,140,4
2095,10.resid.4488,10,resid,449,4
2096,1.resid.26767,1,resid,95,19
2097,10.mlp.21245,10,mlp,247,4
2098,1.resid.13067,1,resid,123,6
2099,10.mlp.16197,10,mlp,367,13
2100,1.resid.9739,1,resid,80,218
2101,10.mlp.4832,10,mlp,584,26
2102,1.resid.29975,1,resid,59,22
2103,10.mlp.29228,10,mlp,396,20
2104,1.resid.4319,1,resid,83,35
2105,10.mlp.19006,10,mlp,549,12
2106,1.resid.25890,1,resid,70,15
2107,10.mlp.30663,10,mlp,528,14
2108,1.resid.2535,1,resid,113,8
2109,10.mlp.33197,10,mlp,575,10
2110,1.resid.5653,1,resid,136,39
2111,10.mlp.39394,10,mlp,811,14
2112,1.resid.32968,1,resid,75,31
2113,10.mlp.3244,10,mlp,716,28
2114,1.resid.38395,1,resid,99,78
2115,10.mlp.23385,10,mlp,458,16
2116,1.resid.26761,1,resid,22,5
2117,10.mlp.30885,10,mlp,332,29
2118,1.resid.34438,1,resid,26,12
2119,10.mlp.36441,10,mlp,600,22
2120,1.resid.40546,1,resid,47,6
2121,10.mlp.5010,10,mlp,805,2
2122,1.resid.40946,1,resid,57,4
2123,10.mlp.19510,10,mlp,428,6
2124,1.resid.7943,1,resid,173,24
2125,10.mlp.24963,10,mlp,572,17
2126,1.resid.11351,1,resid,114,10
2127,10.mlp.3904,10,mlp,367,36
2128,1.resid.8754,1,resid,78,24
2129,10.mlp.10972,10,mlp,365,30
2130,1.resid.1648,1,resid,69,30
2131,10.mlp.32418,10,mlp,355,16
2132,1.resid.28898,1,resid,193,7
2133,10.mlp.13522,10,mlp,655,12
2134,1.resid.23339,1,resid,90,38
2135,10.mlp.17755,10,mlp,384,12
2136,1.resid.38743,1,resid,57,5
2137,10.mlp.36659,10,mlp,669,11
2138,1.resid.5011,1,resid,153,5
2139,10.mlp.30263,10,mlp,614,11
2140,1.resid.116,1,resid,59,219
2141,10.mlp.4215,10,mlp,572,685
2142,1.resid.4992,1,resid,127,34
2143,10.mlp.573,10,mlp,420,9
2144,1.resid.23399,1,resid,138,7
2145,10.mlp.24840,10,mlp,509,8
2146,1.resid.20912,1,resid,171,24
2147,10.mlp.37747,10,mlp,459,356
2148,1.resid.31903,1,resid,83,19
2149,10.mlp.309,10,mlp,477,7
2150,1.resid.4511,1,resid,92,26
2151,10.mlp.36812,10,mlp,265,40
2152,2.attn.30077,2,attn,115,31
2153,10.attn.31480,10,attn,243,9
2154,2.attn.26162,2,attn,86,220
2155,10.attn.30069,10,attn,383,1
2156,2.attn.12054,2,attn,256,8
2157,10.attn.6471,10,attn,212,1
2158,10.attn.25228,10,attn,969,52
2159,2.attn.29026,2,attn,213,2
2160,10.attn.6237,10,attn,320,1
2161,10.attn.14058,10,attn,510,17
2162,2.attn.5030,2,attn,83,4
2163,10.attn.16784,10,attn,1006,28
2164,2.attn.11200,2,attn,117,221
2165,10.attn.1461,10,attn,348,1
2166,2.attn.30542,2,attn,182,20
2167,10.attn.21966,10,attn,1154,2
2168,2.attn.36766,2,attn,158,13
2169,10.attn.32073,10,attn,410,1
2170,2.attn.15353,2,attn,127,4
2171,10.attn.30324,10,attn,528,1
2172,2.attn.8000,2,attn,166,5
2173,10.attn.16339,10,attn,225,16
2174,10.attn.35910,10,attn,265,9
2175,2.attn.28581,2,attn,160,2
2176,10.attn.9609,10,attn,652,24
2177,2.attn.18690,2,attn,134,35
2178,10.attn.14537,10,attn,194,1
2179,2.attn.22508,2,attn,131,35
2180,10.attn.34438,10,attn,760,30
2181,10.attn.20495,10,attn,293,1
2182,2.attn.25471,2,attn,118,28
2183,2.attn.19200,2,attn,114,5
2184,10.attn.17137,10,attn,796,21
2185,2.attn.18918,2,attn,116,10
2186,10.attn.29674,10,attn,941,30
2187,2.attn.4789,2,attn,112,20
2188,10.attn.24002,10,attn,305,1
2189,2.attn.21339,2,attn,136,17
2190,10.attn.23258,10,attn,828,9
2191,10.attn.15854,10,attn,209,9
2192,2.attn.38077,2,attn,274,2
2193,10.attn.13896,10,attn,322,6
2194,2.attn.26031,2,attn,18,222
2195,10.attn.17945,10,attn,313,1
2196,2.attn.6903,2,attn,95,11
2197,10.attn.11910,10,attn,248,1
2198,10.attn.31380,10,attn,725,237
2199,2.mlp.23342,2,mlp,143,5
2200,9.resid.37063,9,resid,309,40
2201,2.mlp.30254,2,mlp,298,31
2202,9.resid.39115,9,resid,424,40
2203,2.mlp.1750,2,mlp,130,19
2204,9.resid.8108,9,resid,619,46
2205,2.mlp.32342,2,mlp,231,4
2206,9.resid.17260,9,resid,517,22
2207,2.mlp.13510,2,mlp,186,26
2208,9.resid.7373,9,resid,616,1
2209,2.mlp.33167,2,mlp,189,15
2210,9.resid.20419,9,resid,388,13
2211,2.mlp.33608,2,mlp,133,11
2212,9.resid.18027,9,resid,308,40
2213,2.mlp.3860,2,mlp,229,24
2214,9.resid.24382,9,resid,584,23
2215,2.mlp.5911,2,mlp,185,18
2216,9.resid.34888,9,resid,522,5
2217,2.mlp.33464,2,mlp,209,30
2218,9.resid.18340,9,resid,509,17
2219,2.mlp.25974,2,mlp,158,5
2220,9.resid.23119,9,resid,675,17
2221,2.mlp.10272,2,mlp,206,12
2222,9.resid.35718,9,resid,626,4
2223,2.mlp.36308,2,mlp,260,11
2224,9.resid.39080,9,resid,688,38
2225,2.mlp.4271,2,mlp,344,2
2226,9.resid.17129,9,resid,678,4
2227,2.mlp.10331,2,mlp,284,25
2228,9.resid.11781,9,resid,413,17
2229,2.mlp.16000,2,mlp,228,22
2230,9.resid.17596,9,resid,658,36
2231,2.mlp.23763,2,mlp,111,16
2232,9.resid.8481,9,resid,587,10
2233,2.mlp.4776,2,mlp,196,45
2234,9.resid.26298,9,resid,599,5
2235,2.mlp.22859,2,mlp,139,13
2236,9.resid.7995,9,resid,637,1
2237,2.mlp.3657,2,mlp,216,2
2238,9.resid.30708,9,resid,722,7
2239,2.mlp.39022,2,mlp,228,33
2240,9.resid.7106,9,resid,642,15
2241,2.mlp.16845,2,mlp,156,0
2242,9.resid.33023,9,resid,796,1
2243,2.mlp.5794,2,mlp,322,5
2244,9.resid.33653,9,resid,622,13
2245,2.mlp.30081,2,mlp,70,38
2246,9.resid.17605,9,resid,741,2
2247,2.mlp.4406,2,mlp,255,45
2248,9.resid.29881,9,resid,504,42
2249,2.mlp.3888,2,mlp,234,41
2250,9.resid.25703,9,resid,632,18
2251,2.mlp.25765,2,mlp,111,11
2252,9.resid.1841,9,resid,558,18
2253,2.mlp.38972,2,mlp,125,11
2254,9.resid.19759,9,resid,546,17
2255,2.mlp.19178,2,mlp,155,23
2256,9.resid.39885,9,resid,557,452
2257,2.resid.12974,2,resid,199,13
2258,9.mlp.24453,9,mlp,553,20
2259,2.resid.40361,2,resid,145,4
2260,9.mlp.7312,9,mlp,654,47
2261,2.resid.29981,2,resid,145,4
2262,9.mlp.2360,9,mlp,446,34
2263,2.resid.9306,2,resid,81,4
2264,9.mlp.7611,9,mlp,662,13
2265,2.resid.34402,2,resid,186,5
2266,9.mlp.19905,9,mlp,307,26
2267,2.resid.24624,2,resid,137,26
2268,9.mlp.12544,9,mlp,516,16
2269,2.resid.179,2,resid,141,28
2270,9.mlp.39623,9,mlp,446,315
2271,2.resid.38371,2,resid,213,7
2272,9.mlp.31704,9,mlp,528,4
2273,2.resid.18239,2,resid,129,4
2274,9.mlp.38200,9,mlp,461,31
2275,2.resid.33493,2,resid,101,15
2276,9.mlp.5321,9,mlp,395,46
2277,2.resid.27274,2,resid,214,23
2278,9.mlp.28906,9,mlp,479,354
2279,2.resid.25242,2,resid,200,18
2280,9.mlp.38805,9,mlp,456,35
2281,2.resid.14924,2,resid,134,32
2282,9.mlp.16208,9,mlp,586,20
2283,2.resid.15575,2,resid,106,25
2284,9.mlp.38247,9,mlp,525,14
2285,2.resid.32900,2,resid,234,6
2286,9.mlp.19392,9,mlp,275,26
2287,2.resid.24920,2,resid,228,7
2288,9.mlp.20727,9,mlp,527,16
2289,2.resid.33109,2,resid,172,4
2290,9.mlp.13808,9,mlp,665,23
2291,2.resid.26960,2,resid,114,5
2292,9.mlp.16334,9,mlp,514,64
2293,2.resid.33335,2,resid,131,29
2294,9.mlp.18225,9,mlp,578,6
2295,2.resid.9155,2,resid,210,14
2296,9.mlp.35924,9,mlp,760,1
2297,2.resid.29544,2,resid,265,5
2298,9.mlp.19667,9,mlp,580,4
2299,2.resid.15472,2,resid,80,49
2300,9.mlp.25026,9,mlp,498,4
2301,2.resid.20635,2,resid,196,61
2302,9.mlp.26894,9,mlp,378,23
2303,2.resid.38721,2,resid,161,60
2304,9.mlp.31829,9,mlp,616,310
2305,2.resid.12824,2,resid,127,7
2306,9.mlp.2752,9,mlp,464,22
2307,2.resid.10144,2,resid,93,4
2308,9.mlp.6752,9,mlp,577,11
2309,2.resid.12628,2,resid,125,4
2310,9.mlp.7402,9,mlp,449,118
2311,2.resid.4292,2,resid,140,4
2312,9.mlp.5942,9,mlp,701,17
2313,3.attn.30540,3,attn,367,2
2314,9.attn.27124,9,attn,287,12
2315,3.attn.4201,3,attn,217,2
2316,9.attn.22360,9,attn,821,19
2317,3.attn.40216,3,attn,120,6
2318,9.attn.27389,9,attn,443,17
2319,3.attn.12386,3,attn,176,17
2320,9.attn.30542,9,attn,279,9
2321,9.attn.38875,9,attn,270,13
2322,3.attn.33244,3,attn,174,7
2323,9.attn.26366,9,attn,256,30
2324,3.attn.20211,3,attn,146,2
2325,9.attn.6608,9,attn,328,9
2326,3.attn.1023,3,attn,199,21
2327,3.attn.24644,3,attn,183,2
2328,9.attn.22928,9,attn,917,8
2329,3.attn.39421,3,attn,181,2
2330,9.attn.19165,9,attn,548,9
2331,3.attn.27594,3,attn,116,39
2332,9.attn.7817,9,attn,647,9
2333,3.attn.10818,3,attn,193,2
2334,9.attn.25193,9,attn,205,40
2335,3.attn.38132,3,attn,129,5
2336,9.attn.38772,9,attn,270,67
2337,3.attn.25589,3,attn,206,2
2338,9.attn.531,9,attn,230,27
2339,3.attn.17429,3,attn,135,27
2340,9.attn.40283,9,attn,399,1
2341,3.attn.537,3,attn,206,14
2342,9.attn.23509,9,attn,452,1
2343,3.attn.22257,3,attn,148,2
2344,9.attn.25076,9,attn,270,1
2345,9.attn.38891,9,attn,302,1
2346,3.attn.23405,3,attn,150,18
2347,9.attn.2870,9,attn,299,1
2348,3.attn.28537,3,attn,218,5
2349,9.attn.16761,9,attn,680,27
2350,3.attn.24725,3,attn,316,14
2351,9.attn.34535,9,attn,529,28
2352,3.attn.27372,3,attn,217,2
2353,9.attn.12356,9,attn,271,9
2354,9.attn.31346,9,attn,677,9
2355,3.attn.18786,3,attn,311,2
2356,9.attn.1629,9,attn,715,7
2357,3.attn.21930,3,attn,172,2
2358,9.attn.30901,9,attn,552,28
2359,3.attn.20653,3,attn,120,2
2360,9.attn.35613,9,attn,410,9
2361,3.attn.9005,3,attn,218,14
2362,9.attn.11266,9,attn,319,77
2363,9.attn.8570,9,attn,229,3
2364,3.mlp.35622,3,mlp,148,46
2365,8.resid.24738,8,resid,556,9
2366,3.mlp.24042,3,mlp,313,23
2367,8.resid.40789,8,resid,523,5
2368,3.mlp.2902,3,mlp,399,11
2369,8.resid.33267,8,resid,574,1
2370,3.mlp.12359,3,mlp,231,24
2371,8.resid.30101,8,resid,460,66
2372,3.mlp.10448,3,mlp,157,7
2373,8.resid.25905,8,resid,528,9
2374,3.mlp.7490,3,mlp,227,15
2375,8.resid.30028,8,resid,288,4
2376,3.mlp.17063,3,mlp,178,11
2377,8.resid.16415,8,resid,482,19
2378,3.mlp.28374,3,mlp,211,5
2379,8.resid.32481,8,resid,477,8
2380,3.mlp.3480,3,mlp,370,22
2381,8.resid.30335,8,resid,412,55
2382,3.mlp.26393,3,mlp,183,25
2383,8.resid.37323,8,resid,512,19
2384,3.mlp.21897,3,mlp,210,5
2385,8.resid.24431,8,resid,515,26
2386,3.mlp.16988,3,mlp,366,22
2387,8.resid.40914,8,resid,480,10
2388,3.mlp.237,3,mlp,351,19
2389,8.resid.15293,8,resid,467,79
2390,3.mlp.18992,3,mlp,208,8
2391,8.resid.10325,8,resid,489,23
2392,3.mlp.26922,3,mlp,197,20
2393,8.resid.35499,8,resid,456,47
2394,3.mlp.34545,3,mlp,355,2
2395,8.resid.30376,8,resid,469,8
2396,3.mlp.18741,3,mlp,198,38
2397,8.resid.36658,8,resid,460,22
2398,3.mlp.25604,3,mlp,212,10
2399,8.resid.22323,8,resid,795,1
2400,3.mlp.19498,3,mlp,197,4
2401,8.resid.848,8,resid,353,20
2402,3.mlp.33945,3,mlp,209,5
2403,8.resid.14831,8,resid,488,10
2404,3.mlp.14191,3,mlp,365,39
2405,8.resid.28816,8,resid,565,6
2406,3.mlp.21539,3,mlp,178,12
2407,8.resid.27802,8,resid,612,11
2408,3.mlp.3656,3,mlp,232,10
2409,8.resid.7317,8,resid,587,20
2410,3.mlp.20600,3,mlp,242,4
2411,8.resid.25189,8,resid,534,6
2412,3.mlp.6399,3,mlp,145,20
2413,8.resid.6210,8,resid,607,16
2414,3.mlp.32560,3,mlp,241,5
2415,8.resid.34669,8,resid,654,28
2416,3.mlp.10091,3,mlp,378,19
2417,8.resid.6165,8,resid,370,4
2418,3.mlp.25748,3,mlp,194,13
2419,8.resid.40719,8,resid,515,7
2420,3.resid.23871,3,resid,185,5
2421,8.mlp.8933,8,mlp,384,18
2422,3.resid.30114,3,resid,197,31
2423,8.mlp.13319,8,mlp,371,41
2424,3.resid.20740,3,resid,238,10
2425,8.mlp.28474,8,mlp,424,5
2426,3.resid.19626,3,resid,139,47
2427,8.mlp.11234,8,mlp,525,28
2428,3.resid.6070,3,resid,168,5
2429,8.mlp.28739,8,mlp,245,12
2430,3.resid.6228,3,resid,302,30
2431,8.mlp.869,8,mlp,452,38
2432,3.resid.16223,3,resid,117,33
2433,8.mlp.22442,8,mlp,479,609
2434,3.resid.5083,3,resid,122,25
2435,8.mlp.14505,8,mlp,364,8
2436,3.resid.26373,3,resid,224,17
2437,8.mlp.7480,8,mlp,1221,2
2438,3.resid.3674,3,resid,217,11
2439,8.mlp.5776,8,mlp,467,16
2440,3.resid.21260,3,resid,204,23
2441,8.mlp.17681,8,mlp,500,8
2442,3.resid.22259,3,resid,142,22
2443,8.mlp.39388,8,mlp,410,36
2444,3.resid.18448,3,resid,175,4
2445,8.mlp.474,8,mlp,424,28
2446,3.resid.2061,3,resid,107,10
2447,8.mlp.14570,8,mlp,600,112
2448,3.resid.2508,3,resid,213,22
2449,8.mlp.38671,8,mlp,506,16
2450,3.resid.2448,3,resid,147,5
2451,8.mlp.20002,8,mlp,377,5
2452,3.resid.7624,3,resid,198,20
2453,8.mlp.38384,8,mlp,467,6
2454,3.resid.11147,3,resid,300,2
2455,8.mlp.28325,8,mlp,373,51
2456,3.resid.8815,3,resid,197,8
2457,8.mlp.32616,8,mlp,274,29
2458,3.resid.39024,3,resid,281,0
2459,8.mlp.5588,8,mlp,514,740
2460,3.resid.17806,3,resid,214,1
2461,8.mlp.17616,8,mlp,480,14
2462,3.resid.39276,3,resid,200,7
2463,8.mlp.38972,8,mlp,472,4
2464,3.resid.16802,3,resid,188,8
2465,8.mlp.33691,8,mlp,520,375
2466,3.resid.23396,3,resid,235,50
2467,8.mlp.33659,8,mlp,488,23
2468,3.resid.38417,3,resid,250,34
2469,8.mlp.17809,8,mlp,420,7
2470,3.resid.4619,3,resid,168,7
2471,8.mlp.18944,8,mlp,421,17
2472,3.resid.6528,3,resid,224,36
2473,8.mlp.21747,8,mlp,356,26
2474,3.resid.30005,3,resid,338,33
2475,8.mlp.4845,8,mlp,470,19
2476,3.resid.18167,3,resid,266,56
2477,8.mlp.30484,8,mlp,529,29
2478,4.attn.21760,4,attn,175,2
2479,8.attn.36185,8,attn,371,1
2480,4.attn.8545,4,attn,176,2
2481,8.attn.6362,8,attn,357,9
2482,4.attn.34684,4,attn,254,2
2483,8.attn.38035,8,attn,388,1
2484,4.attn.23202,4,attn,221,20
2485,8.attn.17478,8,attn,443,10
2486,4.attn.6994,4,attn,180,2
2487,4.attn.33064,4,attn,248,0
2488,8.attn.40550,8,attn,529,9
2489,4.attn.13248,4,attn,294,2
2490,8.attn.23859,8,attn,242,1
2491,4.attn.3435,4,attn,280,0
2492,8.attn.13580,8,attn,769,43
2493,4.attn.23430,4,attn,162,2
2494,8.attn.31088,8,attn,567,1
2495,4.attn.11897,4,attn,275,2
2496,8.attn.27864,8,attn,591,20
2497,4.attn.13391,4,attn,264,5
2498,8.attn.21335,8,attn,300,21
2499,4.attn.10951,4,attn,314,2
2500,8.attn.18910,8,attn,368,40
2501,4.attn.15293,4,attn,244,6
2502,8.attn.32366,8,attn,361,1
2503,4.attn.29699,4,attn,335,2
2504,8.attn.3315,8,attn,497,9
2505,4.attn.35271,4,attn,150,2
2506,8.attn.23327,8,attn,490,24
2507,4.attn.30927,4,attn,281,2
2508,8.attn.5094,8,attn,253,17
2509,4.attn.4255,4,attn,230,34
2510,8.attn.18811,8,attn,454,1
2511,4.attn.40618,4,attn,258,2
2512,8.attn.404,8,attn,520,1
2513,4.attn.34327,4,attn,215,15
2514,8.attn.33406,8,attn,289,19
2515,4.attn.37548,4,attn,222,28
2516,4.attn.16716,4,attn,250,2
2517,8.attn.14580,8,attn,403,38
2518,4.attn.7988,4,attn,172,21
2519,8.attn.10018,8,attn,364,1
2520,4.attn.13991,4,attn,189,2
2521,8.attn.28276,8,attn,225,21
2522,4.attn.31918,4,attn,210,37
2523,8.attn.1713,8,attn,408,38
2524,4.attn.4857,4,attn,349,2
2525,8.attn.10372,8,attn,717,9
2526,4.attn.6054,4,attn,231,2
2527,8.attn.38734,8,attn,335,17
2528,4.attn.27411,4,attn,249,6
2529,8.attn.28746,8,attn,205,27
2530,4.attn.8760,4,attn,180,2
2531,8.attn.6553,8,attn,557,9
2532,4.mlp.5826,4,mlp,390,11
2533,7.resid.18158,7,resid,461,13
2534,4.mlp.34565,4,mlp,310,12
2535,7.resid.17246,7,resid,584,24
2536,4.mlp.726,4,mlp,272,28
2537,7.resid.3423,7,resid,510,9
2538,4.mlp.9141,4,mlp,448,0
2539,7.resid.35047,7,resid,487,4
2540,4.mlp.8776,4,mlp,259,12
2541,7.resid.21595,7,resid,559,45
2542,4.mlp.23970,4,mlp,290,50
2543,7.resid.5884,7,resid,319,7
2544,4.mlp.3360,4,mlp,347,4
2545,7.resid.21149,7,resid,442,15
2546,4.mlp.26665,4,mlp,217,17
2547,7.resid.40939,7,resid,323,29
2548,4.mlp.36155,4,mlp,389,0
2549,7.resid.23703,7,resid,312,4
2550,4.mlp.2264,4,mlp,274,11
2551,7.resid.29097,7,resid,556,20
2552,4.mlp.31700,4,mlp,213,16
2553,7.resid.11604,7,resid,499,22
2554,4.mlp.24473,4,mlp,217,18
2555,7.resid.19376,7,resid,508,8
2556,4.mlp.3342,4,mlp,323,0
2557,7.resid.32449,7,resid,831,25
2558,4.mlp.291,4,mlp,108,11
2559,7.resid.29286,7,resid,295,59
2560,4.mlp.33298,4,mlp,394,0
2561,7.resid.4887,7,resid,475,6
2562,4.mlp.18487,4,mlp,301,9
2563,7.resid.1894,7,resid,278,40
2564,4.mlp.21948,4,mlp,302,0
2565,7.resid.24321,7,resid,397,52
2566,4.mlp.28683,4,mlp,208,12
2567,7.resid.22184,7,resid,661,4
2568,4.mlp.27555,4,mlp,310,4
2569,7.resid.40634,7,resid,453,27
2570,4.mlp.21372,4,mlp,245,11
2571,7.resid.27039,7,resid,450,8
2572,4.mlp.23092,4,mlp,280,5
2573,7.resid.28030,7,resid,498,15
2574,4.mlp.18050,4,mlp,198,15
2575,7.resid.25412,7,resid,614,1
2576,4.mlp.18199,4,mlp,418,0
2577,7.resid.22605,7,resid,548,13
2578,4.mlp.28526,4,mlp,259,12
2579,7.resid.34790,7,resid,443,11
2580,4.mlp.32509,4,mlp,515,0
2581,7.resid.21390,7,resid,457,15
2582,4.mlp.5543,4,mlp,224,48
2583,7.resid.22682,7,resid,447,31
2584,4.mlp.13471,4,mlp,435,5
2585,7.resid.40072,7,resid,490,15
2586,4.mlp.38248,4,mlp,184,53
2587,7.resid.4543,7,resid,534,4
2588,4.mlp.27668,4,mlp,572,4
2589,7.resid.29486,7,resid,543,13
2590,4.resid.18665,4,resid,242,18
2591,7.mlp.9362,7,mlp,327,59
2592,4.resid.29170,4,resid,354,6
2593,7.mlp.32310,7,mlp,290,24
2594,4.resid.2929,4,resid,253,15
2595,7.mlp.7328,7,mlp,529,7
2596,4.resid.14166,4,resid,317,7
2597,7.mlp.33870,7,mlp,450,791
2598,4.resid.24700,4,resid,268,22
2599,7.mlp.12463,7,mlp,364,24
2600,4.resid.20559,4,resid,306,8
2601,7.mlp.5393,7,mlp,290,25
2602,4.resid.39178,4,resid,314,25
2603,7.mlp.38594,7,mlp,448,16
2604,4.resid.154,4,resid,275,32
2605,7.mlp.15221,7,mlp,470,10
2606,4.resid.21272,4,resid,208,33
2607,7.mlp.18322,7,mlp,390,4
2608,4.resid.30601,4,resid,264,29
2609,7.mlp.15466,7,mlp,365,11
2610,4.resid.10869,4,resid,246,7
2611,7.mlp.13834,7,mlp,307,30
2612,4.resid.5030,4,resid,285,7
2613,7.mlp.15696,7,mlp,345,24
2614,4.resid.5638,4,resid,349,13
2615,7.mlp.22196,7,mlp,445,19
2616,4.resid.35290,4,resid,175,12
2617,7.mlp.5777,7,mlp,409,26
2618,4.resid.26509,4,resid,243,10
2619,7.mlp.10208,7,mlp,339,28
2620,4.resid.11183,4,resid,274,25
2621,7.mlp.3234,7,mlp,273,8
2622,4.resid.32851,4,resid,406,5
2623,7.mlp.24812,7,mlp,341,4
2624,4.resid.34412,4,resid,360,13
2625,7.mlp.15839,7,mlp,375,4
2626,4.resid.18846,4,resid,242,11
2627,7.mlp.35017,7,mlp,345,25
2628,4.resid.35730,4,resid,337,19
2629,7.mlp.29994,7,mlp,587,4
2630,4.resid.29976,4,resid,260,7
2631,7.mlp.34843,7,mlp,323,6
2632,4.resid.34106,4,resid,409,0
2633,7.mlp.24431,7,mlp,614,41
2634,4.resid.40920,4,resid,243,10
2635,7.mlp.21243,7,mlp,638,47
2636,4.resid.21967,4,resid,199,30
2637,7.mlp.12509,7,mlp,518,14
2638,4.resid.1793,4,resid,346,33
2639,7.mlp.4626,7,mlp,322,32
2640,4.resid.22374,4,resid,402,17
2641,7.mlp.29434,7,mlp,459,616
2642,4.resid.40467,4,resid,191,54
2643,7.mlp.38546,7,mlp,442,12
2644,4.resid.5070,4,resid,117,1
2645,7.mlp.40752,7,mlp,550,44
2646,5.attn.9859,5,attn,304,0
2647,7.attn.650,7,attn,453,8
2648,5.attn.18896,5,attn,281,21
2649,7.attn.28364,7,attn,222,37
2650,5.attn.19127,5,attn,301,17
2651,7.attn.11883,7,attn,377,40
2652,7.attn.4277,7,attn,272,4
2653,5.attn.3149,5,attn,230,0
2654,7.attn.7530,7,attn,433,10
2655,5.attn.7261,5,attn,301,4
2656,7.attn.1733,7,attn,433,10
2657,5.attn.15548,5,attn,311,2
2658,7.attn.4087,7,attn,433,250
2659,7.attn.28578,7,attn,434,4
2660,5.attn.34776,5,attn,185,0
2661,7.attn.12279,7,attn,568,50
2662,5.attn.36616,5,attn,457,1
2663,7.attn.16059,7,attn,314,43
2664,5.attn.34851,5,attn,281,1
2665,7.attn.35209,7,attn,359,24
2666,5.attn.27339,5,attn,354,0
2667,7.attn.35706,7,attn,481,1
2668,5.attn.31575,5,attn,244,14
2669,7.attn.24339,7,attn,280,43
2670,5.attn.19645,5,attn,253,4
2671,5.attn.14759,5,attn,203,22
2672,7.attn.3388,7,attn,468,12
2673,5.attn.19468,5,attn,491,17
2674,7.attn.33513,7,attn,509,19
2675,5.attn.3823,5,attn,368,0
2676,7.attn.11531,7,attn,477,1
2677,7.attn.31282,7,attn,214,1
2678,5.attn.5522,5,attn,192,2
2679,7.attn.5436,7,attn,282,1
2680,5.attn.18544,5,attn,224,17
2681,7.attn.3431,7,attn,175,1
2682,7.attn.31288,7,attn,301,43
2683,5.attn.34537,5,attn,271,0
2684,7.attn.24770,7,attn,505,1
2685,5.attn.40279,5,attn,414,0
2686,7.attn.5010,7,attn,170,4
2687,5.attn.20260,5,attn,314,0
2688,5.attn.6949,5,attn,249,0
2689,7.attn.24038,7,attn,260,43
2690,5.mlp.11451,5,mlp,269,20
2691,6.resid.36748,6,resid,302,13
2692,5.mlp.20784,5,mlp,296,13
2693,6.resid.965,6,resid,437,16
2694,5.mlp.26897,5,mlp,364,23
2695,6.resid.217,6,resid,260,1
2696,5.mlp.32227,5,mlp,316,37
2697,6.resid.11865,6,resid,395,24
2698,5.mlp.1116,5,mlp,303,8
2699,6.resid.7335,6,resid,371,24
2700,5.mlp.2277,5,mlp,470,0
2701,6.resid.36676,6,resid,271,22
2702,5.mlp.2377,5,mlp,320,17
2703,6.resid.24001,6,resid,276,50
2704,5.mlp.24516,5,mlp,330,6
2705,6.resid.6555,6,resid,275,8
2706,5.mlp.15148,5,mlp,320,10
2707,6.resid.38555,6,resid,390,5
2708,5.mlp.15652,5,mlp,309,0
2709,6.resid.20019,6,resid,528,22
2710,5.mlp.40779,5,mlp,249,36
2711,6.resid.29508,6,resid,323,22
2712,5.mlp.6643,5,mlp,315,7
2713,6.resid.32361,6,resid,402,5
2714,5.mlp.32964,5,mlp,204,10
2715,6.resid.34033,6,resid,355,23
2716,5.mlp.1260,5,mlp,218,9
2717,6.resid.37198,6,resid,346,15
2718,5.mlp.29122,5,mlp,348,16
2719,6.resid.18253,6,resid,286,19
2720,5.mlp.25331,5,mlp,463,0
2721,6.resid.18776,6,resid,271,8
2722,5.mlp.28367,5,mlp,298,11
2723,6.resid.38795,6,resid,660,0
2724,5.mlp.14498,5,mlp,561,42
2725,6.resid.22062,6,resid,331,46
2726,5.mlp.9026,5,mlp,373,0
2727,6.resid.16399,6,resid,355,26
2728,5.mlp.22409,5,mlp,377,52
2729,6.resid.12360,6,resid,413,0
2730,5.mlp.40429,5,mlp,329,12
2731,6.resid.17863,6,resid,380,49
2732,5.mlp.3679,5,mlp,302,7
2733,6.resid.514,6,resid,407,23
2734,5.mlp.24674,5,mlp,438,0
2735,6.resid.11113,6,resid,359,19
2736,5.mlp.39713,5,mlp,240,18
2737,6.resid.10578,6,resid,244,0
2738,5.mlp.29301,5,mlp,370,0
2739,6.resid.37052,6,resid,283,10
2740,5.mlp.1270,5,mlp,491,2
2741,6.resid.40406,6,resid,394,2
2742,5.mlp.4968,5,mlp,423,0
2743,6.resid.20173,6,resid,508,24
2744,5.mlp.2365,5,mlp,394,0
2745,6.resid.13174,6,resid,492,14
2746,5.mlp.6632,5,mlp,398,0
2747,6.resid.1865,6,resid,266,19
2748,5.resid.21075,5,resid,397,15
2749,6.mlp.6186,6,mlp,523,0
2750,5.resid.3951,5,resid,209,32
2751,6.mlp.7653,6,mlp,268,36
2752,5.resid.19847,5,resid,324,33
2753,6.mlp.15019,6,mlp,450,0
2754,5.resid.13938,5,resid,401,0
2755,6.mlp.39102,6,mlp,367,0
2756,5.resid.12911,5,resid,332,19
2757,6.mlp.37427,6,mlp,446,0
2758,5.resid.22172,5,resid,441,14
2759,6.mlp.14150,6,mlp,169,14
2760,5.resid.39111,5,resid,320,0
2761,6.mlp.8630,6,mlp,330,12
2762,5.resid.40737,5,resid,396,10
2763,6.mlp.3415,6,mlp,393,8
2764,5.resid.31607,5,resid,270,14
2765,6.mlp.33079,6,mlp,480,0
2766,5.resid.8872,5,resid,255,12
2767,6.mlp.35611,6,mlp,386,0
2768,5.resid.7772,5,resid,347,26
2769,6.mlp.1701,6,mlp,319,24
2770,5.resid.27487,5,resid,313,13
2771,6.mlp.12847,6,mlp,367,39
2772,5.resid.37615,5,resid,274,15
2773,6.mlp.16750,6,mlp,502,15
2774,5.resid.1577,5,resid,295,42
2775,6.mlp.9277,6,mlp,359,31
2776,5.resid.3297,5,resid,338,0
2777,6.mlp.28987,6,mlp,422,0
2778,5.resid.15819,5,resid,454,0
2779,6.mlp.24301,6,mlp,202,30
2780,5.resid.4298,5,resid,233,7
2781,6.mlp.22088,6,mlp,453,14
2782,5.resid.26519,5,resid,327,11
2783,6.mlp.7291,6,mlp,324,13
2784,5.resid.18599,5,resid,309,7
2785,6.mlp.24069,6,mlp,530,14
2786,5.resid.29452,5,resid,487,10
2787,6.mlp.40351,6,mlp,417,28
2788,5.resid.34961,5,resid,340,0
2789,6.mlp.33977,6,mlp,364,49
2790,5.resid.14401,5,resid,345,51
2791,6.mlp.34437,6,mlp,489,0
2792,5.resid.32078,5,resid,244,16
2793,6.mlp.36056,6,mlp,377,14
2794,5.resid.33234,5,resid,358,7
2795,6.mlp.34404,6,mlp,276,6
2796,5.resid.8085,5,resid,368,22
2797,6.mlp.26531,6,mlp,355,31
2798,5.resid.13579,5,resid,319,9
2799,6.mlp.16061,6,mlp,250,4
2800,5.resid.5699,5,resid,397,8
2801,6.mlp.32488,6,mlp,371,19
2802,5.resid.5418,5,resid,292,49
2803,6.mlp.25210,6,mlp,660,11
2804,6.attn.38383,6,attn,361,8
2805,6.attn.1798,6,attn,369,0
2806,6.attn.425,6,attn,153,0
2807,6.attn.18242,6,attn,354,0
2808,6.attn.24967,6,attn,523,0
2809,6.attn.6923,6,attn,306,1
2810,6.attn.2256,6,attn,211,2
2811,6.attn.21613,6,attn,355,1
2812,6.attn.4867,6,attn,334,0
2813,6.attn.11430,6,attn,487,0
2814,6.attn.23640,6,attn,191,0
2815,6.attn.40640,6,attn,352,1
2816,6.attn.7884,6,attn,228,1
2817,6.attn.34663,6,attn,335,0
2818,6.attn.27471,6,attn,323,0
2819,6.attn.30716,6,attn,213,0
2820,6.attn.23874,6,attn,479,313
2821,6.attn.35411,6,attn,218,0
2822,6.attn.21472,6,attn,401,14
2823,6.attn.26531,6,attn,207,17
2824,6.attn.26976,6,attn,415,1
2825,6.attn.38024,6,attn,312,0
2826,6.attn.1467,6,attn,236,0
2827,6.attn.27092,6,attn,494,0
2828,6.attn.20840,6,attn,306,17
2829,6.attn.17371,6,attn,129,0
2830,6.attn.21548,6,attn,379,14
2831,11.resid.5848,11,resid,471,17
2832,0.mlp.15999,0,mlp,6,239
2833,11.resid.28167,11,resid,491,3
2834,0.mlp.9834,0,mlp,10,240
2835,11.resid.31549,11,resid,470,9
2836,0.mlp.307,0,mlp,23,11
2837,11.resid.20523,11,resid,768,3
2838,0.mlp.8301,0,mlp,11,241
2839,11.resid.8122,11,resid,779,12
2840,0.mlp.28070,0,mlp,12,242
2841,11.resid.25703,11,resid,255,26
2842,0.mlp.24291,0,mlp,28,243
2843,11.resid.16822,11,resid,570,24
2844,0.mlp.34055,0,mlp,25,44
2845,11.resid.8485,11,resid,539,14
2846,0.mlp.25174,0,mlp,13,244
2847,11.resid.25055,11,resid,594,3
2848,0.mlp.17982,0,mlp,27,34
2849,11.resid.31012,11,resid,599,25
2850,0.mlp.37079,0,mlp,35,13
2851,11.resid.22098,11,resid,218,3
2852,0.mlp.38046,0,mlp,14,9
2853,11.resid.37576,11,resid,486,3
2854,0.mlp.21430,0,mlp,11,245
2855,11.resid.6383,11,resid,420,10
2856,0.mlp.4818,0,mlp,24,246
2857,11.resid.12278,11,resid,397,3
2858,0.mlp.39827,0,mlp,44,2
2859,11.resid.1629,11,resid,777,3
2860,0.mlp.16214,0,mlp,11,42
2861,11.resid.15144,11,resid,550,3
2862,0.mlp.7864,0,mlp,19,248
2863,11.resid.10265,11,resid,766,41
2864,0.mlp.35086,0,mlp,78,2
2865,11.resid.21323,11,resid,303,3
2866,0.mlp.20501,0,mlp,19,249
2867,11.resid.35730,11,resid,349,3
2868,0.mlp.37051,0,mlp,7,251
2869,11.resid.6881,11,resid,272,3
2870,0.mlp.6225,0,mlp,35,0
2871,11.resid.40288,11,resid,611,11
2872,0.mlp.35631,0,mlp,20,252
2873,11.resid.29864,11,resid,504,14
2874,0.mlp.5233,0,mlp,18,253
2875,11.resid.12607,11,resid,459,3
2876,0.mlp.25788,0,mlp,50,6
2877,11.resid.9722,11,resid,476,29
2878,0.mlp.4772,0,mlp,25,254
2879,11.resid.60,11,resid,419,18
2880,0.mlp.23934,0,mlp,14,255
2881,11.resid.17248,11,resid,604,3
2882,0.mlp.5986,0,mlp,16,25
2883,11.resid.18948,11,resid,379,3
2884,0.mlp.1078,0,mlp,25,7
2885,11.resid.40546,11,resid,439,7
2886,0.resid.17246,0,resid,114,49
2887,11.mlp.37443,11,mlp,483,37
2888,0.resid.10775,0,resid,35,7
2889,11.mlp.11101,11,mlp,606,606
2890,0.resid.13745,0,resid,18,18
2891,11.mlp.37786,11,mlp,646,4
2892,0.resid.36878,0,resid,22,257
2893,11.mlp.38295,11,mlp,271,3
2894,0.resid.5454,0,resid,52,5
2895,11.mlp.19493,11,mlp,603,67
2896,0.resid.4630,0,resid,18,31
2897,11.mlp.32263,11,mlp,594,32
2898,0.resid.28560,0,resid,44,2
2899,11.mlp.2410,11,mlp,686,3
2900,0.resid.29117,0,resid,28,30
2901,11.mlp.3266,11,mlp,367,3
2902,0.resid.28095,0,resid,20,4
2903,11.mlp.6221,11,mlp,566,17
2904,0.resid.15051,0,resid,16,13
2905,11.mlp.34608,11,mlp,310,26
2906,0.resid.7847,0,resid,28,32
2907,11.mlp.30094,11,mlp,615,18
2908,0.resid.15933,0,resid,87,14
2909,11.mlp.16038,11,mlp,543,488
2910,0.resid.12585,0,resid,50,258
2911,11.mlp.6859,11,mlp,451,3
2912,0.resid.1918,0,resid,155,34
2913,11.mlp.2599,11,mlp,616,20
2914,0.resid.12470,0,resid,17,32
2915,11.mlp.11518,11,mlp,338,8
2916,0.resid.39738,0,resid,52,9
2917,11.mlp.15224,11,mlp,414,31
2918,0.resid.3842,0,resid,37,259
2919,11.mlp.1644,11,mlp,380,3
2920,0.resid.22914,0,resid,11,260
2921,11.mlp.6492,11,mlp,459,38
2922,0.resid.7305,0,resid,17,15
2923,11.mlp.38013,11,mlp,574,3
2924,0.resid.26415,0,resid,38,19
2925,11.mlp.39184,11,mlp,373,3
2926,0.resid.15817,0,resid,78,19
2927,11.mlp.5071,11,mlp,340,17
2928,0.resid.8006,0,resid,121,34
2929,11.mlp.28324,11,mlp,498,8
2930,0.resid.9935,0,resid,99,6
2931,11.mlp.4275,11,mlp,539,3
2932,0.resid.32992,0,resid,45,25
2933,11.mlp.16017,11,mlp,243,3
2934,0.resid.1596,0,resid,25,16
2935,11.mlp.8144,11,mlp,571,40
2936,0.resid.6451,0,resid,30,261
2937,11.mlp.14409,11,mlp,425,3
2938,0.resid.36718,0,resid,49,19
2939,11.mlp.17969,11,mlp,231,3
2940,0.resid.29129,0,resid,20,47
2941,11.mlp.2261,11,mlp,518,3
2942,0.resid.28664,0,resid,18,262
2943,11.mlp.9923,11,mlp,503,15
2944,1.attn.37873,1,attn,178,11
2945,11.attn.36001,11,attn,1291,2
2946,11.attn.29096,11,attn,97,1
2947,11.attn.30203,11,attn,615,9
2948,11.attn.22473,11,attn,505,16
2949,11.attn.40484,11,attn,169,3
2950,11.attn.3234,11,attn,492,123
2951,11.attn.7486,11,attn,1283,1
2952,1.attn.13728,1,attn,131,22
2953,11.attn.16416,11,attn,644,16
2954,11.attn.3126,11,attn,159,1
2955,11.attn.36297,11,attn,604,3
2956,1.attn.39924,1,attn,66,5
2957,11.attn.11673,11,attn,904,1
2958,1.attn.837,1,attn,65,2
2959,11.attn.14062,11,attn,1014,2
2960,1.attn.12956,1,attn,180,28
2961,11.attn.40205,11,attn,320,3
2962,11.attn.17506,11,attn,466,42
2963,11.attn.3318,11,attn,732,3
2964,11.attn.17732,11,attn,664,9
2965,1.attn.8428,1,attn,42,32
2966,11.attn.21627,11,attn,213,3
2967,11.attn.36625,11,attn,543,8
2968,11.attn.33195,11,attn,278,3
2969,11.attn.30508,11,attn,238,3
2970,11.attn.24790,11,attn,256,1
2971,11.attn.20374,11,attn,349,1
2972,1.attn.15709,1,attn,72,4
2973,11.attn.35622,11,attn,583,80
2974,11.attn.16140,11,attn,424,6
2975,11.attn.34231,11,attn,616,3
2976,11.attn.20012,11,attn,469,1
2977,11.attn.21057,11,attn,476,9
2978,11.attn.22637,11,attn,306,1
2979,1.mlp.35561,1,mlp,156,29
2980,10.resid.36817,10,resid,315,16
2981,1.mlp.27400,1,mlp,106,30
2982,10.resid.12454,10,resid,291,60
2983,1.mlp.1766,1,mlp,115,8
2984,10.resid.17955,10,resid,749,12
2985,1.mlp.10368,1,mlp,145,6
2986,10.resid.27528,10,resid,633,38
2987,1.mlp.29369,1,mlp,173,11
2988,10.resid.3404,10,resid,695,22
2989,1.mlp.68,1,mlp,184,4
2990,10.resid.28967,10,resid,785,531
2991,1.mlp.13616,1,mlp,132,10
2992,10.resid.8109,10,resid,443,271
2993,1.mlp.30874,1,mlp,179,17
2994,10.resid.23134,10,resid,302,19
2995,1.mlp.27354,1,mlp,119,25
2996,10.resid.37343,10,resid,374,4
2997,1.mlp.23292,1,mlp,92,6
2998,10.resid.17843,10,resid,753,5
2999,1.mlp.20983,1,mlp,210,44
3000,10.resid.35438,10,resid,586,38
3001,1.mlp.16611,1,mlp,89,44
3002,10.resid.242,10,resid,515,2
3003,1.mlp.17959,1,mlp,198,18
3004,10.resid.10706,10,resid,393,40
3005,1.mlp.36519,1,mlp,70,12
3006,10.resid.26297,10,resid,373,7
3007,1.mlp.28943,1,mlp,172,36
3008,10.resid.6573,10,resid,568,29
3009,1.mlp.21454,1,mlp,154,5
3010,10.resid.16754,10,resid,733,5
3011,1.mlp.2989,1,mlp,188,5
3012,10.resid.7389,10,resid,735,1
3013,1.mlp.4472,1,mlp,75,7
3014,10.resid.18901,10,resid,673,1
3015,1.mlp.24884,1,mlp,88,45
3016,10.resid.19756,10,resid,408,19
3017,1.mlp.29711,1,mlp,218,25
3018,10.resid.28726,10,resid,638,13
3019,1.mlp.37109,1,mlp,83,19
3020,10.resid.20262,10,resid,614,23
3021,1.mlp.23304,1,mlp,111,20
3022,10.resid.7845,10,resid,409,16
3023,1.mlp.35511,1,mlp,233,22
3024,10.resid.2452,10,resid,513,23
3025,1.mlp.16391,1,mlp,116,5
3026,10.resid.14129,10,resid,270,52
3027,1.mlp.4070,1,mlp,233,34
3028,10.resid.39180,10,resid,501,30
3029,1.mlp.34772,1,mlp,125,28
3030,10.resid.4014,10,resid,577,3
3031,1.mlp.36512,1,mlp,106,48
3032,10.resid.34657,10,resid,643,6
3033,1.mlp.9498,1,mlp,97,11
3034,10.resid.16128,10,resid,452,17
3035,1.mlp.8164,1,mlp,175,61
3036,10.resid.36393,10,resid,745,25
3037,1.resid.10900,1,resid,112,6
3038,10.mlp.25507,10,mlp,497,29
3039,1.resid.19666,1,resid,94,10
3040,10.mlp.33396,10,mlp,656,18
3041,1.resid.3636,1,resid,65,16
3042,10.mlp.7083,10,mlp,421,29
3043,1.resid.23514,1,resid,128,19
3044,10.mlp.26128,10,mlp,446,12
3045,1.resid.33347,1,resid,92,37
3046,10.mlp.39535,10,mlp,724,5
3047,1.resid.37469,1,resid,84,15
3048,10.mlp.11615,10,mlp,356,6
3049,1.resid.23740,1,resid,96,5
3050,10.mlp.19525,10,mlp,642,278
3051,1.resid.27082,1,resid,99,39
3052,10.mlp.5613,10,mlp,417,17
3053,1.resid.7723,1,resid,85,8
3054,10.mlp.34809,10,mlp,291,3
3055,1.resid.36397,1,resid,50,12
3056,10.mlp.37996,10,mlp,338,29
3057,1.resid.30993,1,resid,180,2
3058,10.mlp.26199,10,mlp,632,1
3059,1.resid.32926,1,resid,136,6
3060,10.mlp.17325,10,mlp,648,5
3061,1.resid.9963,1,resid,94,5
3062,10.mlp.11068,10,mlp,717,73
3063,1.resid.39272,1,resid,129,54
3064,10.mlp.27528,10,mlp,449,647
3065,1.resid.16522,1,resid,27,264
3066,10.mlp.18985,10,mlp,328,376
3067,1.resid.1099,1,resid,108,29
3068,10.mlp.16693,10,mlp,704,12
3069,1.resid.29196,1,resid,130,8
3070,10.mlp.36154,10,mlp,432,6
3071,1.resid.20910,1,resid,65,15
3072,10.mlp.31941,10,mlp,512,28
3073,1.resid.39486,1,resid,56,15
3074,10.mlp.34113,10,mlp,616,4
3075,1.resid.25267,1,resid,133,69
3076,10.mlp.18110,10,mlp,567,650
3077,1.resid.25478,1,resid,93,17
3078,10.mlp.23701,10,mlp,556,355
3079,1.resid.32600,1,resid,63,10
3080,10.mlp.299,10,mlp,445,29
3081,1.resid.22163,1,resid,95,73
3082,10.mlp.33528,10,mlp,549,19
3083,1.resid.39175,1,resid,63,25
3084,10.mlp.36798,10,mlp,782,17
3085,1.resid.3592,1,resid,143,20
3086,10.mlp.25764,10,mlp,529,3
3087,1.resid.14378,1,resid,87,17
3088,10.mlp.29809,10,mlp,566,771
3089,1.resid.32079,1,resid,130,7
3090,10.mlp.4833,10,mlp,420,3
3091,1.resid.30391,1,resid,111,51
3092,10.mlp.9109,10,mlp,552,11
3093,10.attn.3299,10,attn,403,1
3094,2.attn.2993,2,attn,215,2
3095,2.attn.23603,2,attn,130,23
3096,10.attn.30910,10,attn,991,8
3097,2.attn.21750,2,attn,133,6
3098,10.attn.7358,10,attn,630,8
3099,2.attn.16634,2,attn,134,4
3100,10.attn.36809,10,attn,539,8
3101,2.attn.36565,2,attn,214,2
3102,10.attn.15768,10,attn,255,9
3103,2.attn.38643,2,attn,61,266
3104,10.attn.295,10,attn,825,9
3105,10.attn.20796,10,attn,197,3
3106,2.attn.1249,2,attn,70,267
3107,10.attn.39088,10,attn,388,1
3108,10.attn.27734,10,attn,377,1
3109,2.attn.18801,2,attn,84,27
3110,10.attn.1714,10,attn,235,21
3111,2.attn.19771,2,attn,473,2
3112,10.attn.11364,10,attn,694,21
3113,2.attn.34126,2,attn,176,14
3114,10.attn.32255,10,attn,325,1
3115,2.attn.14727,2,attn,170,2
3116,10.attn.18814,10,attn,891,2
3117,2.attn.30777,2,attn,128,16
3118,10.attn.15350,10,attn,1064,20
3119,2.attn.2709,2,attn,182,10
3120,10.attn.6192,10,attn,854,2
3121,2.attn.36905,2,attn,95,20
3122,10.attn.30770,10,attn,474,21
3123,2.attn.38760,2,attn,143,13
3124,10.attn.32193,10,attn,238,68
3125,10.attn.21477,10,attn,321,3
3126,2.attn.12980,2,attn,183,4
3127,10.attn.5264,10,attn,483,13
3128,10.attn.2594,10,attn,249,1
3129,2.attn.911,2,attn,53,269
3130,10.attn.8901,10,attn,317,6
3131,2.attn.27411,2,attn,178,29
3132,10.attn.24730,10,attn,589,9
3133,10.attn.38067,10,attn,246,29
3134,2.attn.17102,2,attn,183,5
3135,10.attn.33695,10,attn,396,9
3136,2.attn.4239,2,attn,140,2
3137,10.attn.32241,10,attn,477,1
3138,2.attn.35811,2,attn,91,5
3139,10.attn.10243,10,attn,844,53
3140,2.mlp.9618,2,mlp,210,19
3141,10.attn.31771,10,attn,844,21
3142,2.mlp.4636,2,mlp,283,30
3143,9.resid.27585,9,resid,584,5
3144,2.mlp.38831,2,mlp,150,44
3145,9.resid.18031,9,resid,521,2
3146,2.mlp.4722,2,mlp,170,15
3147,9.resid.40252,9,resid,536,10
3148,2.mlp.6458,2,mlp,193,51
3149,9.resid.22625,9,resid,725,18
3150,2.mlp.13069,2,mlp,319,2
3151,9.resid.33063,9,resid,651,4
3152,2.mlp.948,2,mlp,234,11
3153,9.resid.11600,9,resid,556,12
3154,2.mlp.24421,2,mlp,237,12
3155,9.resid.37786,9,resid,427,89
3156,2.mlp.35337,2,mlp,222,35
3157,9.resid.15443,9,resid,610,54
3158,2.mlp.31102,2,mlp,231,5
3159,9.resid.13326,9,resid,531,11
3160,2.mlp.30287,2,mlp,164,33
3161,9.resid.25697,9,resid,495,26
3162,2.mlp.33738,2,mlp,155,11
3163,9.resid.26858,9,resid,583,30
3164,2.mlp.32798,2,mlp,166,5
3165,9.resid.575,9,resid,532,45
3166,2.mlp.32017,2,mlp,136,58
3167,9.resid.18214,9,resid,583,36
3168,2.mlp.1440,2,mlp,269,4
3169,9.resid.33488,9,resid,646,16
3170,2.mlp.8448,2,mlp,124,25
3171,9.resid.19988,9,resid,404,40
3172,2.mlp.23049,2,mlp,183,12
3173,9.resid.11834,9,resid,574,1
3174,2.mlp.26823,2,mlp,242,6
3175,9.resid.37027,9,resid,512,42
3176,2.mlp.6564,2,mlp,197,45
3177,9.resid.15524,9,resid,527,6
3178,2.mlp.30122,2,mlp,141,15
3179,9.resid.40406,9,resid,630,1
3180,2.mlp.37022,2,mlp,362,4
3181,9.resid.34898,9,resid,636,23
3182,2.mlp.10487,2,mlp,142,27
3183,9.resid.32658,9,resid,650,13
3184,2.mlp.27017,2,mlp,229,20
3185,9.resid.28021,9,resid,646,1
3186,2.mlp.10736,2,mlp,166,14
3187,9.resid.19070,9,resid,403,22
3188,2.mlp.18595,2,mlp,136,7
3189,9.resid.11845,9,resid,583,14
3190,2.mlp.10730,2,mlp,102,35
3191,9.resid.9936,9,resid,534,52
3192,2.mlp.17153,2,mlp,178,2
3193,9.resid.26833,9,resid,210,32
3194,2.mlp.3144,2,mlp,190,8
3195,9.resid.29803,9,resid,511,32
3196,2.mlp.35750,2,mlp,378,4
3197,9.resid.26670,9,resid,519,23
3198,2.resid.18148,2,resid,116,7
3199,9.mlp.9144,9,mlp,463,14
3200,2.resid.5332,2,resid,198,10
3201,9.mlp.13336,9,mlp,625,10
3202,2.resid.8158,2,resid,77,5
3203,9.mlp.34216,9,mlp,454,23
3204,2.resid.744,2,resid,219,49
3205,9.mlp.26833,9,mlp,439,7
3206,2.resid.2139,2,resid,47,7
3207,9.mlp.504,9,mlp,337,31
3208,2.resid.29868,2,resid,184,15
3209,9.mlp.39737,9,mlp,518,58
3210,2.resid.32866,2,resid,292,2
3211,9.mlp.17499,9,mlp,636,579
3212,2.resid.18757,2,resid,337,34
3213,9.mlp.27172,9,mlp,599,28
3214,2.resid.2330,2,resid,176,10
3215,9.mlp.12048,9,mlp,715,11
3216,2.resid.15727,2,resid,206,5
3217,9.mlp.40344,9,mlp,335,22
3218,2.resid.31378,2,resid,119,5
3219,9.mlp.26872,9,mlp,505,4
3220,2.resid.4319,2,resid,137,16
3221,9.mlp.7789,9,mlp,637,39
3222,2.resid.15714,2,resid,243,10
3223,9.mlp.26300,9,mlp,490,22
3224,2.resid.37832,2,resid,167,15
3225,9.mlp.13723,9,mlp,385,16
3226,2.resid.3491,2,resid,203,7
3227,9.mlp.10650,9,mlp,552,12
3228,2.resid.28655,2,resid,208,36
3229,9.mlp.33422,9,mlp,512,21
3230,2.resid.21823,2,resid,179,47
3231,9.mlp.37684,9,mlp,540,18
3232,2.resid.8818,2,resid,252,30
3233,9.mlp.23870,9,mlp,424,6
3234,2.resid.39563,2,resid,206,11
3235,9.mlp.18918,9,mlp,384,30
3236,2.resid.1697,2,resid,103,24
3237,9.mlp.486,9,mlp,588,26
3238,2.resid.36960,2,resid,175,7
3239,9.mlp.9034,9,mlp,458,8
3240,2.resid.21889,2,resid,151,18
3241,9.mlp.22518,9,mlp,537,18
3242,2.resid.17475,2,resid,221,4
3243,9.mlp.23761,9,mlp,527,13
3244,2.resid.11060,2,resid,183,4
3245,9.mlp.22268,9,mlp,671,27
3246,2.resid.17790,2,resid,150,5
3247,9.mlp.1612,9,mlp,435,17
3248,2.resid.28743,2,resid,110,15
3249,9.mlp.24835,9,mlp,420,12
3250,2.resid.25995,2,resid,144,18
3251,9.mlp.8676,9,mlp,423,15
3252,2.resid.26583,2,resid,147,5
3253,9.mlp.3038,9,mlp,542,8
3254,3.attn.12225,3,attn,121,4
3255,9.attn.8981,9,attn,291,1
3256,3.attn.10120,3,attn,193,2
3257,9.attn.3440,9,attn,331,9
3258,3.attn.6987,3,attn,189,5
3259,9.attn.6711,9,attn,443,7
3260,3.attn.12560,3,attn,377,8
3261,9.attn.32465,9,attn,439,32
3262,3.attn.15673,3,attn,198,2
3263,9.attn.34787,9,attn,467,21
3264,3.attn.40357,3,attn,257,2
3265,9.attn.14523,9,attn,774,6
3266,9.attn.33359,9,attn,551,1
3267,3.attn.10734,3,attn,167,2
3268,9.attn.38089,9,attn,411,7
3269,3.attn.31840,3,attn,265,5
3270,9.attn.11700,9,attn,252,23
3271,3.attn.9312,3,attn,161,19
3272,3.attn.2785,3,attn,134,272
3273,9.attn.37739,9,attn,542,21
3274,3.attn.1858,3,attn,148,20
3275,9.attn.21168,9,attn,810,17
3276,3.attn.39326,3,attn,179,2
3277,9.attn.1421,9,attn,515,40
3278,3.attn.33863,3,attn,187,53
3279,9.attn.34980,9,attn,266,21
3280,3.attn.5076,3,attn,194,2
3281,9.attn.15931,9,attn,521,9
3282,3.attn.27496,3,attn,182,2
3283,9.attn.21705,9,attn,553,9
3284,3.attn.37782,3,attn,325,2
3285,9.attn.22192,9,attn,941,19
3286,3.attn.713,3,attn,195,30
3287,9.attn.2299,9,attn,424,1
3288,3.attn.27480,3,attn,237,35
3289,9.attn.7570,9,attn,753,46
3290,3.attn.3998,3,attn,217,28
3291,9.attn.31530,9,attn,241,4
3292,3.attn.30262,3,attn,185,2
3293,9.attn.35439,9,attn,423,30
3294,3.attn.16862,3,attn,263,2
3295,9.attn.35186,9,attn,670,9
3296,3.attn.16111,3,attn,159,2
3297,9.attn.39808,9,attn,695,8
3298,3.attn.26974,3,attn,359,2
3299,9.attn.21292,9,attn,551,9
3300,3.attn.29752,3,attn,116,12
3301,9.attn.20937,9,attn,391,21
3302,3.attn.9070,3,attn,156,16
3303,9.attn.27875,9,attn,557,40
3304,3.attn.18582,3,attn,200,2
3305,9.attn.33463,9,attn,666,9
3306,3.attn.37630,3,attn,198,24
3307,9.attn.70,9,attn,558,1
3308,3.attn.26753,3,attn,432,2
3309,9.attn.15903,9,attn,366,7
3310,3.mlp.4494,3,mlp,258,8
3311,8.resid.7331,8,resid,570,18
3312,3.mlp.30136,3,mlp,164,23
3313,8.resid.39262,8,resid,574,25
3314,3.mlp.23303,3,mlp,205,15
3315,8.resid.28006,8,resid,421,6
3316,3.mlp.2196,3,mlp,333,2
3317,8.resid.39963,8,resid,578,8
3318,3.mlp.38486,3,mlp,143,4
3319,8.resid.18681,8,resid,436,27
3320,3.mlp.17051,3,mlp,225,15
3321,8.resid.20306,8,resid,495,5
3322,3.mlp.32146,3,mlp,239,32
3323,8.resid.30284,8,resid,386,7
3324,3.mlp.11246,3,mlp,222,13
3325,8.resid.2707,8,resid,359,40
3326,3.mlp.20172,3,mlp,148,5
3327,8.resid.10837,8,resid,677,4
3328,3.mlp.26930,3,mlp,188,24
3329,8.resid.18581,8,resid,594,22
3330,3.mlp.4711,3,mlp,244,50
3331,8.resid.35435,8,resid,444,8
3332,3.mlp.7405,3,mlp,183,7
3333,8.resid.31624,8,resid,488,2
3334,3.mlp.19382,3,mlp,197,15
3335,8.resid.1902,8,resid,587,13
3336,3.mlp.16845,3,mlp,196,0
3337,8.resid.10389,8,resid,673,5
3338,3.mlp.36089,3,mlp,156,17
3339,8.resid.13419,8,resid,333,59
3340,3.mlp.19661,3,mlp,184,34
3341,8.resid.32569,8,resid,307,16
3342,3.mlp.40302,3,mlp,186,24
3343,8.resid.34307,8,resid,569,67
3344,3.mlp.9627,3,mlp,252,4
3345,8.resid.29742,8,resid,400,26
3346,3.mlp.7529,3,mlp,277,11
3347,8.resid.3701,8,resid,648,50
3348,3.mlp.582,3,mlp,245,12
3349,8.resid.37975,8,resid,406,229
3350,3.mlp.24213,3,mlp,250,17
3351,8.resid.40209,8,resid,740,1
3352,3.mlp.679,3,mlp,225,7
3353,8.resid.4749,8,resid,406,39
3354,3.mlp.20126,3,mlp,181,4
3355,8.resid.35056,8,resid,541,25
3356,3.mlp.8241,3,mlp,309,15
3357,8.resid.22662,8,resid,407,6
3358,3.mlp.23820,3,mlp,254,8
3359,8.resid.26181,8,resid,347,27
3360,3.mlp.26311,3,mlp,266,5
3361,8.resid.11256,8,resid,501,39
3362,3.mlp.16045,3,mlp,255,17
3363,8.resid.38980,8,resid,578,1
3364,3.mlp.33681,3,mlp,141,6
3365,8.resid.17232,8,resid,573,32
3366,3.resid.26238,3,resid,142,9
3367,8.mlp.11561,8,mlp,500,37
3368,3.resid.7759,3,resid,167,32
3369,8.mlp.4250,8,mlp,505,6
3370,3.resid.25845,3,resid,259,41
3371,8.mlp.22445,8,mlp,471,7
3372,3.resid.36060,3,resid,197,2
3373,8.mlp.2688,8,mlp,455,38
3374,3.resid.7796,3,resid,162,6
3375,8.mlp.2861,8,mlp,478,6
3376,3.resid.28282,3,resid,175,35
3377,8.mlp.7072,8,mlp,519,5
3378,3.resid.3933,3,resid,194,7
3379,8.mlp.23967,8,mlp,568,8
3380,3.resid.35622,3,resid,208,34
3381,8.mlp.5219,8,mlp,399,7
3382,3.resid.7703,3,resid,141,41
3383,8.mlp.12592,8,mlp,446,4
3384,3.resid.38501,3,resid,183,33
3385,8.mlp.17761,8,mlp,498,103
3386,3.resid.28486,3,resid,180,14
3387,8.mlp.35458,8,mlp,392,15
3388,3.resid.9707,3,resid,221,24
3389,8.mlp.9822,8,mlp,546,238
3390,3.resid.30283,3,resid,283,17
3391,8.mlp.36359,8,mlp,454,29
3392,3.resid.38700,3,resid,255,5
3393,8.mlp.24206,8,mlp,345,747
3394,3.resid.17632,3,resid,197,31
3395,8.mlp.28319,8,mlp,592,38
3396,3.resid.13269,3,resid,205,12
3397,8.mlp.28381,8,mlp,420,64
3398,3.resid.5452,3,resid,194,8
3399,8.mlp.891,8,mlp,376,7
3400,3.resid.33146,3,resid,195,5
3401,8.mlp.35503,8,mlp,489,8
3402,3.resid.3890,3,resid,241,47
3403,8.mlp.18846,8,mlp,491,693
3404,3.resid.5105,3,resid,229,13
3405,8.mlp.40216,8,mlp,298,4
3406,3.resid.34145,3,resid,187,5
3407,8.mlp.2011,8,mlp,477,18
3408,3.resid.1617,3,resid,196,4
3409,8.mlp.16555,8,mlp,587,23
3410,3.resid.22548,3,resid,169,24
3411,8.mlp.6245,8,mlp,429,51
3412,3.resid.38462,3,resid,102,15
3413,8.mlp.28165,8,mlp,378,57
3414,3.resid.4553,3,resid,352,13
3415,8.mlp.9173,8,mlp,538,8
3416,3.resid.12263,3,resid,221,51
3417,8.mlp.2806,8,mlp,380,8
3418,3.resid.34131,3,resid,119,5
3419,8.mlp.2043,8,mlp,374,25
3420,3.resid.13982,3,resid,315,5
3421,8.mlp.4808,8,mlp,453,780
3422,3.resid.20510,3,resid,143,25
3423,8.mlp.37720,8,mlp,442,16
3424,4.attn.26450,4,attn,296,0
3425,8.attn.22353,8,attn,602,1
3426,4.attn.36353,4,attn,208,2
3427,8.attn.40394,8,attn,347,1
3428,4.attn.12750,4,attn,253,52
3429,8.attn.31556,8,attn,352,4
3430,4.attn.28138,4,attn,150,2
3431,8.attn.14888,8,attn,296,1
3432,4.attn.36340,4,attn,173,2
3433,4.attn.314,4,attn,286,2
3434,8.attn.23371,8,attn,538,9
3435,4.attn.27595,4,attn,239,17
3436,4.attn.8077,4,attn,229,22
3437,4.attn.33522,4,attn,216,11
3438,8.attn.33988,8,attn,386,4
3439,4.attn.26007,4,attn,354,6
3440,8.attn.23861,8,attn,544,9
3441,4.attn.34296,4,attn,140,2
3442,8.attn.21754,8,attn,434,21
3443,4.attn.2359,4,attn,217,5
3444,4.attn.8375,4,attn,243,2
3445,8.attn.24071,8,attn,602,19
3446,4.attn.28162,4,attn,219,2
3447,4.attn.8024,4,attn,192,2
3448,8.attn.34114,8,attn,689,17
3449,4.attn.37288,4,attn,277,28
3450,8.attn.38041,8,attn,368,16
3451,4.attn.36767,4,attn,182,28
3452,8.attn.21688,8,attn,327,1
3453,4.attn.15743,4,attn,266,2
3454,8.attn.6533,8,attn,557,43
3455,4.attn.33605,4,attn,267,2
3456,8.attn.38071,8,attn,743,1
3457,4.attn.31271,4,attn,303,2
3458,4.attn.16237,4,attn,207,2
3459,8.attn.6512,8,attn,274,12
3460,4.attn.39254,4,attn,170,2
3461,4.attn.17472,4,attn,231,10
3462,8.attn.19280,8,attn,504,24
3463,4.attn.15762,4,attn,278,2
3464,8.attn.33458,8,attn,422,6
3465,4.attn.13800,4,attn,215,12
3466,8.attn.27691,8,attn,293,1
3467,4.attn.3170,4,attn,222,21
3468,8.attn.32170,8,attn,468,24
3469,4.attn.31135,4,attn,205,2
3470,8.attn.17736,8,attn,293,1
3471,4.attn.31641,4,attn,139,2
3472,4.mlp.13443,4,mlp,249,17
3473,7.resid.1693,7,resid,309,6
3474,4.mlp.17402,4,mlp,563,0
3475,7.resid.301,7,resid,896,5
3476,4.mlp.30495,4,mlp,355,19
3477,7.resid.4391,7,resid,436,15
3478,4.mlp.7710,4,mlp,198,4
3479,7.resid.1092,7,resid,702,8
3480,4.mlp.1234,4,mlp,391,0
3481,7.resid.5604,7,resid,628,50
3482,4.mlp.31697,4,mlp,217,46
3483,7.resid.15037,7,resid,445,12
3484,4.mlp.2843,4,mlp,304,17
3485,7.resid.16193,7,resid,453,29
3486,4.mlp.33779,4,mlp,247,16
3487,7.resid.2813,7,resid,367,43
3488,4.mlp.21686,4,mlp,185,11
3489,7.resid.31432,7,resid,551,0
3490,4.mlp.210,4,mlp,296,16
3491,7.resid.18610,7,resid,328,6
3492,4.mlp.15148,4,mlp,278,41
3493,7.resid.10641,7,resid,170,19
3494,4.mlp.2484,4,mlp,278,5
3495,7.resid.25289,7,resid,565,44
3496,4.mlp.15199,4,mlp,237,8
3497,7.resid.14687,7,resid,248,4
3498,4.mlp.13039,4,mlp,284,25
3499,7.resid.31171,7,resid,497,32
3500,4.mlp.6131,4,mlp,250,20
3501,7.resid.32451,7,resid,437,26
3502,4.mlp.12802,4,mlp,310,13
3503,7.resid.10757,7,resid,709,1
3504,4.mlp.22718,4,mlp,279,6
3505,7.resid.34824,7,resid,611,4
3506,4.mlp.17181,4,mlp,235,39
3507,7.resid.13805,7,resid,487,18
3508,4.mlp.9882,4,mlp,238,10
3509,7.resid.10111,7,resid,412,18
3510,4.mlp.29380,4,mlp,194,7
3511,7.resid.3493,7,resid,381,19
3512,4.mlp.40934,4,mlp,517,8
3513,7.resid.21259,7,resid,574,14
3514,4.mlp.12853,4,mlp,328,7
3515,7.resid.33919,7,resid,455,17
3516,4.mlp.26896,4,mlp,321,22
3517,7.resid.22644,7,resid,470,32
3518,4.mlp.11261,4,mlp,357,15
3519,7.resid.34552,7,resid,384,50
3520,4.mlp.19545,4,mlp,373,13
3521,7.resid.10218,7,resid,621,48
3522,4.mlp.32428,4,mlp,238,12
3523,7.resid.18789,7,resid,375,15
3524,4.mlp.1704,4,mlp,338,0
3525,7.resid.21419,7,resid,597,17
3526,4.mlp.24603,4,mlp,257,5
3527,7.resid.12986,7,resid,325,10
3528,4.resid.32426,4,resid,334,27
3529,7.resid.31892,7,resid,510,17
3530,4.resid.32773,4,resid,198,8
3531,7.mlp.15105,7,mlp,359,35
3532,4.resid.11724,4,resid,298,36
3533,7.mlp.40047,7,mlp,338,20
3534,4.resid.30102,4,resid,170,5
3535,7.mlp.8115,7,mlp,334,36
3536,4.resid.22542,4,resid,247,28
3537,7.mlp.22626,7,mlp,398,20
3538,4.resid.22786,4,resid,212,13
3539,7.mlp.10927,7,mlp,550,4
3540,4.resid.23820,4,resid,244,31
3541,7.mlp.25262,7,mlp,356,4
3542,4.resid.15536,4,resid,247,19
3543,7.mlp.2640,7,mlp,433,6
3544,4.resid.16361,4,resid,239,6
3545,7.mlp.14284,7,mlp,383,20
3546,4.resid.6910,4,resid,246,45
3547,7.mlp.14560,7,mlp,569,19
3548,4.resid.23464,4,resid,217,5
3549,7.mlp.1008,7,mlp,553,14
3550,4.resid.18573,4,resid,316,11
3551,7.mlp.25027,7,mlp,167,14
3552,4.resid.5755,4,resid,313,10
3553,7.mlp.12454,7,mlp,363,8
3554,4.resid.16287,4,resid,294,21
3555,7.mlp.3425,7,mlp,241,36
3556,4.resid.13939,4,resid,292,33
3557,7.mlp.36334,7,mlp,305,23
3558,4.resid.11005,4,resid,278,8
3559,7.mlp.17324,7,mlp,499,5
3560,4.resid.40890,4,resid,401,0
3561,7.mlp.1090,7,mlp,463,235
3562,4.resid.30049,4,resid,315,0
3563,7.mlp.25094,7,mlp,372,46
3564,4.resid.13957,4,resid,167,9
3565,7.mlp.17866,7,mlp,187,17
3566,4.resid.22565,4,resid,271,4
3567,7.mlp.6645,7,mlp,552,20
3568,4.resid.20040,4,resid,213,23
3569,7.mlp.4289,7,mlp,447,25
3570,4.resid.30524,4,resid,242,33
3571,7.mlp.13305,7,mlp,225,12
3572,4.resid.35357,4,resid,267,7
3573,7.mlp.29766,7,mlp,402,12
3574,4.resid.7539,4,resid,219,10
3575,7.mlp.12737,7,mlp,323,15
3576,4.resid.34923,4,resid,280,10
3577,7.mlp.1889,7,mlp,279,44
3578,4.resid.9948,4,resid,212,11
3579,7.mlp.5472,7,mlp,511,33
3580,4.resid.23082,4,resid,417,16
3581,7.mlp.20453,7,mlp,443,51
3582,4.resid.38894,4,resid,330,6
3583,7.mlp.5839,7,mlp,554,13
3584,4.resid.36692,4,resid,224,5
3585,7.mlp.23179,7,mlp,312,11
3586,5.attn.12861,5,attn,289,5
3587,7.attn.32200,7,attn,389,43
3588,5.attn.9575,5,attn,242,0
3589,7.attn.4812,7,attn,535,14
3590,5.attn.32493,5,attn,214,0
3591,7.attn.14953,7,attn,202,40
3592,5.attn.9272,5,attn,165,0
3593,7.attn.17249,7,attn,233,23
3594,5.attn.16681,5,attn,270,48
3595,7.attn.33157,7,attn,299,0
3596,5.attn.39219,5,attn,213,0
3597,7.attn.6600,7,attn,249,1
3598,5.attn.13744,5,attn,324,0
3599,7.attn.38311,7,attn,451,16
3600,5.attn.19237,5,attn,430,0
3601,7.attn.11567,7,attn,355,43
3602,5.attn.19540,5,attn,372,14
3603,7.attn.21542,7,attn,400,9
3604,5.attn.36341,5,attn,370,0
3605,5.attn.1087,5,attn,356,17
3606,7.attn.413,7,attn,388,9
3607,7.attn.11480,7,attn,289,1
3608,5.attn.16335,5,attn,358,17
3609,7.attn.23910,7,attn,479,17
3610,5.attn.8090,5,attn,232,0
3611,7.attn.3870,7,attn,387,0
3612,5.attn.13954,5,attn,226,0
3613,7.attn.36971,7,attn,438,0
3614,5.attn.11294,5,attn,191,0
3615,7.attn.9041,7,attn,605,10
3616,5.attn.9878,5,attn,494,0
3617,7.attn.17231,7,attn,168,21
3618,7.attn.23756,7,attn,225,9
3619,7.attn.21184,7,attn,479,0
3620,5.attn.25832,5,attn,321,0
3621,7.attn.10711,7,attn,327,0
3622,5.attn.13962,5,attn,189,1
3623,7.attn.16783,7,attn,383,1
3624,5.attn.13187,5,attn,194,0
3625,7.attn.40194,7,attn,497,0
3626,5.attn.37367,5,attn,416,0
3627,7.attn.26538,7,attn,522,36
3628,5.attn.19231,5,attn,324,0
3629,7.attn.10922,7,attn,445,0
3630,5.mlp.20488,5,mlp,228,8
3631,6.resid.7809,6,resid,566,7
3632,5.mlp.30653,5,mlp,309,12
3633,6.resid.25223,6,resid,437,22
3634,5.mlp.37672,5,mlp,396,13
3635,6.resid.37543,6,resid,459,31
3636,5.mlp.54,5,mlp,382,5
3637,6.resid.6518,6,resid,476,8
3638,5.mlp.21463,5,mlp,338,5
3639,6.resid.23540,6,resid,201,0
3640,5.mlp.14119,5,mlp,249,37
3641,6.resid.30144,6,resid,364,56
3642,5.mlp.34146,5,mlp,437,38
3643,6.resid.12874,6,resid,428,32
3644,5.mlp.14750,5,mlp,229,7
3645,6.resid.36079,6,resid,481,0
3646,5.mlp.38502,5,mlp,188,5
3647,6.resid.13747,6,resid,328,23
3648,5.mlp.39769,5,mlp,335,0
3649,6.resid.29337,6,resid,357,19
3650,5.mlp.7319,5,mlp,297,19
3651,6.resid.29020,6,resid,331,13
3652,5.mlp.13750,5,mlp,307,0
3653,6.resid.12865,6,resid,324,14
3654,5.mlp.413,5,mlp,231,6
3655,6.resid.20404,6,resid,394,8
3656,5.mlp.22123,5,mlp,354,7
3657,6.resid.22936,6,resid,410,12
3658,5.mlp.12646,5,mlp,445,18
3659,6.resid.35258,6,resid,393,4
3660,5.mlp.1792,5,mlp,246,23
3661,6.resid.36056,6,resid,480,0
3662,5.mlp.5529,5,mlp,231,39
3663,6.resid.6496,6,resid,341,27
3664,5.mlp.37198,5,mlp,446,5
3665,6.resid.26016,6,resid,419,43
3666,5.mlp.17723,5,mlp,303,0
3667,6.resid.19496,6,resid,308,25
3668,5.mlp.12607,5,mlp,229,0
3669,6.resid.8524,6,resid,558,12
3670,5.mlp.6517,5,mlp,539,0
3671,6.resid.9403,6,resid,495,6
3672,5.mlp.38758,5,mlp,289,10
3673,6.resid.20241,6,resid,384,0
3674,5.mlp.13222,5,mlp,90,18
3675,6.resid.2942,6,resid,437,0
3676,5.mlp.33865,5,mlp,236,36
3677,6.resid.7484,6,resid,393,11
3678,5.mlp.26320,5,mlp,382,6
3679,6.resid.29357,6,resid,526,18
3680,5.mlp.31716,5,mlp,265,52
3681,6.resid.37865,6,resid,438,53
3682,5.mlp.32621,5,mlp,324,20
3683,6.resid.20886,6,resid,417,0
3684,5.mlp.17599,5,mlp,413,0
3685,6.resid.9456,6,resid,466,11
3686,5.mlp.28422,5,mlp,364,4
3687,6.resid.2428,6,resid,549,32
3688,5.resid.19800,5,resid,322,6
3689,6.mlp.17212,6,mlp,567,0
3690,5.resid.4214,5,resid,581,0
3691,6.mlp.13333,6,mlp,406,33
3692,5.resid.22350,5,resid,370,12
3693,6.mlp.24975,6,mlp,325,4
3694,5.resid.37925,5,resid,402,23
3695,6.mlp.19608,6,mlp,337,14
3696,5.resid.1022,5,resid,335,2
3697,6.mlp.28906,6,mlp,371,7
3698,5.resid.15173,5,resid,305,14
3699,6.mlp.2131,6,mlp,445,0
3700,5.resid.6208,5,resid,293,58
3701,6.mlp.21608,6,mlp,307,4
3702,5.resid.11261,5,resid,305,30
3703,6.mlp.22642,6,mlp,274,6
3704,5.resid.26094,5,resid,399,0
3705,6.mlp.17344,6,mlp,393,0
3706,5.resid.14528,5,resid,233,1
3707,6.mlp.18854,6,mlp,289,22
3708,5.resid.33586,5,resid,294,25
3709,6.mlp.32579,6,mlp,328,17
3710,5.resid.19849,5,resid,287,24
3711,6.mlp.32261,6,mlp,285,12
3712,5.resid.15184,5,resid,496,0
3713,6.mlp.12198,6,mlp,394,4
3714,5.resid.34138,5,resid,437,8
3715,6.mlp.40828,6,mlp,363,14
3716,5.resid.35443,5,resid,372,0
3717,6.mlp.36039,6,mlp,208,42
3718,5.resid.38417,5,resid,293,26
3719,6.mlp.24893,6,mlp,397,49
3720,5.resid.40638,5,resid,235,10
3721,6.mlp.28485,6,mlp,366,22
3722,5.resid.18637,5,resid,349,0
3723,6.mlp.14100,6,mlp,362,56
3724,5.resid.23326,5,resid,291,26
3725,6.mlp.27236,6,mlp,387,5
3726,5.resid.21368,5,resid,336,0
3727,6.mlp.25497,6,mlp,414,8
3728,5.resid.22795,5,resid,391,0
3729,6.mlp.24408,6,mlp,259,25
3730,5.resid.10465,5,resid,493,0
3731,6.mlp.24852,6,mlp,225,11
3732,5.resid.31149,5,resid,328,11
3733,6.mlp.15496,6,mlp,463,33
3734,5.resid.6332,5,resid,271,19
3735,6.mlp.21415,6,mlp,267,5
3736,5.resid.31263,5,resid,455,1
3737,6.mlp.26338,6,mlp,422,43
3738,5.resid.15883,5,resid,311,0
3739,6.mlp.29732,6,mlp,276,28
3740,5.resid.30088,5,resid,358,11
3741,6.mlp.29696,6,mlp,270,4
3742,5.resid.32453,5,resid,312,19
3743,6.mlp.31423,6,mlp,570,0
3744,6.attn.26015,6,attn,278,0
3745,6.attn.26710,6,attn,229,1
3746,6.attn.12344,6,attn,178,1
3747,6.attn.29242,6,attn,363,0
3748,6.attn.39232,6,attn,283,1
3749,6.attn.40444,6,attn,352,9
3750,6.attn.20210,6,attn,193,2
3751,6.attn.12799,6,attn,259,1
3752,6.attn.19432,6,attn,351,1
3753,6.attn.11279,6,attn,422,0
3754,6.attn.31790,6,attn,267,0
3755,6.attn.8,6,attn,251,14
3756,6.attn.1184,6,attn,272,18
3757,6.attn.28053,6,attn,116,3
3758,6.attn.25611,6,attn,139,3
3759,6.attn.32100,6,attn,275,1
3760,6.attn.6443,6,attn,395,1
3761,6.attn.15730,6,attn,262,0
3762,6.attn.39724,6,attn,206,0
3763,6.attn.33004,6,attn,267,0
3764,6.attn.15083,6,attn,204,1
3765,6.attn.16305,6,attn,389,4
3766,6.attn.23340,6,attn,285,1
3767,6.attn.19555,6,attn,281,32
3768,6.attn.31448,6,attn,312,11
3769,6.attn.8257,6,attn,407,0
3770,6.attn.16960,6,attn,499,0
3771,0.mlp.1043,0,mlp,32,53
3772,0.mlp.20950,0,mlp,9,280
3773,11.resid.40838,11,resid,351,3
3774,0.mlp.37693,0,mlp,55,34
3775,11.resid.34384,11,resid,592,36
3776,0.mlp.34258,0,mlp,25,281
3777,11.resid.19502,11,resid,299,3
3778,0.mlp.959,0,mlp,7,282
3779,11.resid.34791,11,resid,838,2
3780,0.mlp.12647,0,mlp,34,283
3781,11.resid.9594,11,resid,717,8
3782,0.mlp.7226,0,mlp,15,284
3783,11.resid.36756,11,resid,339,13
3784,0.mlp.11909,0,mlp,46,42
3785,11.resid.21016,11,resid,491,3
3786,0.mlp.33931,0,mlp,25,285
3787,11.resid.3936,11,resid,684,33
3788,0.mlp.35822,0,mlp,11,286
3789,11.resid.326,11,resid,517,3
3790,0.mlp.20194,0,mlp,8,287
3791,11.resid.8003,11,resid,307,5
3792,0.mlp.34425,0,mlp,20,288
3793,11.resid.30441,11,resid,564,6
3794,0.mlp.16208,0,mlp,9,289
3795,11.resid.962,11,resid,524,3
3796,0.mlp.33229,0,mlp,31,290
3797,11.resid.35534,11,resid,691,3
3798,0.mlp.34669,0,mlp,90,5
3799,11.resid.8678,11,resid,567,3
3800,0.mlp.4821,0,mlp,25,22
3801,11.resid.13428,11,resid,576,3
3802,0.mlp.26864,0,mlp,6,291
3803,11.resid.27714,11,resid,648,3
3804,0.mlp.5196,0,mlp,8,292
3805,11.resid.7575,11,resid,285,7
3806,0.mlp.27605,0,mlp,8,293
3807,11.resid.22717,11,resid,435,16
3808,0.mlp.27979,0,mlp,33,22
3809,11.resid.12492,11,resid,688,3
3810,0.mlp.681,0,mlp,15,33
3811,11.resid.4888,11,resid,234,3
3812,0.mlp.12412,0,mlp,24,41
3813,11.resid.17714,11,resid,397,23
3814,0.mlp.9400,0,mlp,25,294
3815,11.resid.7111,11,resid,310,3
3816,0.mlp.4526,0,mlp,8,295
3817,11.resid.15522,11,resid,391,3
3818,0.mlp.40873,0,mlp,24,296
3819,11.resid.11020,11,resid,514,8
3820,0.mlp.31382,0,mlp,79,21
3821,11.resid.5047,11,resid,289,3
3822,0.mlp.30553,0,mlp,11,297
3823,11.resid.23147,11,resid,260,9
3824,0.mlp.8187,0,mlp,23,298
3825,11.resid.18587,11,resid,288,3
3826,0.mlp.11463,0,mlp,15,299
3827,11.resid.33267,11,resid,801,17
3828,0.resid.18765,0,resid,75,42
3829,11.mlp.1225,11,mlp,396,3
3830,0.resid.33760,0,resid,8,300
3831,11.mlp.14648,11,mlp,330,684
3832,0.resid.21319,0,resid,39,39
3833,11.mlp.38674,11,mlp,283,3
3834,0.resid.20314,0,resid,37,30
3835,11.mlp.6370,11,mlp,730,3
3836,0.resid.2461,0,resid,27,301
3837,11.mlp.36944,11,mlp,367,20
3838,0.resid.18294,0,resid,10,302
3839,11.mlp.6959,11,mlp,551,12
3840,0.resid.15147,0,resid,25,10
3841,11.mlp.31945,11,mlp,419,3
3842,0.resid.9841,0,resid,42,24
3843,11.mlp.36869,11,mlp,593,46
3844,0.resid.36161,0,resid,66,7
3845,11.mlp.6922,11,mlp,376,3
3846,0.resid.36574,0,resid,16,303
3847,11.mlp.2372,11,mlp,407,279
3848,0.resid.270,0,resid,21,6
3849,11.mlp.20292,11,mlp,330,3
3850,0.resid.18570,0,resid,33,304
3851,11.mlp.19544,11,mlp,245,3
3852,0.resid.25689,0,resid,27,305
3853,11.mlp.27205,11,mlp,376,10
3854,0.resid.2910,0,resid,10,306
3855,11.mlp.28054,11,mlp,550,571
3856,0.resid.2347,0,resid,154,19
3857,11.mlp.33114,11,mlp,580,3
3858,0.resid.13681,0,resid,40,2
3859,11.mlp.5609,11,mlp,284,3
3860,0.resid.31236,0,resid,25,56
3861,11.mlp.30415,11,mlp,394,27
3862,0.resid.16278,0,resid,34,5
3863,11.mlp.31072,11,mlp,357,29
3864,0.resid.26330,0,resid,25,11
3865,11.mlp.7495,11,mlp,533,3
3866,0.resid.7491,0,resid,34,307
3867,11.mlp.37919,11,mlp,707,14
3868,0.resid.8566,0,resid,130,34
3869,11.mlp.28367,11,mlp,306,3
3870,0.resid.31862,0,resid,46,6
3871,11.mlp.32305,11,mlp,500,7
3872,0.resid.37901,0,resid,19,308
3873,11.mlp.17156,11,mlp,376,3
3874,0.resid.11029,0,resid,86,11
3875,11.mlp.29381,11,mlp,507,3
3876,0.resid.10347,0,resid,101,4
3877,11.mlp.21136,11,mlp,661,23
3878,0.resid.19773,0,resid,18,6
3879,11.mlp.37849,11,mlp,599,3
3880,0.resid.11812,0,resid,137,17
3881,11.mlp.39759,11,mlp,510,51
3882,0.resid.34026,0,resid,78,34
3883,11.mlp.33563,11,mlp,419,3
3884,0.resid.39330,0,resid,47,25
3885,11.mlp.35410,11,mlp,563,28
3886,1.attn.24685,1,attn,93,7
3887,11.attn.3084,11,attn,198,7
3888,1.attn.16012,1,attn,119,6
3889,11.attn.15133,11,attn,314,3
3890,11.attn.21022,11,attn,421,1
3891,1.attn.649,1,attn,93,24
3892,11.attn.17627,11,attn,208,3
3893,11.attn.30099,11,attn,248,3
3894,11.attn.21382,11,attn,402,1
3895,11.attn.32290,11,attn,513,3
3896,11.attn.30586,11,attn,442,1
3897,11.attn.3366,11,attn,606,3
3898,11.attn.24028,11,attn,405,1
3899,1.attn.27315,1,attn,50,309
3900,11.attn.32488,11,attn,378,21
3901,11.attn.33061,11,attn,513,3
3902,1.attn.40817,1,attn,66,19
3903,11.attn.24685,11,attn,340,1
3904,1.attn.27154,1,attn,111,5
3905,11.attn.6710,11,attn,445,1
3906,11.attn.7879,11,attn,501,3
3907,11.attn.15279,11,attn,350,21
3908,11.attn.4039,11,attn,287,3
3909,11.attn.12898,11,attn,389,1
3910,11.attn.23067,11,attn,490,1
3911,11.attn.16685,11,attn,453,6
3912,11.attn.21917,11,attn,251,1
3913,11.attn.22843,11,attn,366,1
3914,11.attn.26260,11,attn,388,1
3915,11.attn.27088,11,attn,275,9
3916,1.attn.34198,1,attn,147,28
3917,11.attn.21483,11,attn,217,3
3918,11.attn.23743,11,attn,498,1
3919,1.attn.7573,1,attn,56,5
3920,11.attn.1034,11,attn,404,1
3921,1.mlp.422,1,mlp,104,15
3922,10.resid.27537,10,resid,673,12
3923,1.mlp.25868,1,mlp,94,7
3924,10.resid.1770,10,resid,542,1
3925,1.mlp.21597,1,mlp,145,5
3926,10.resid.22820,10,resid,389,29
3927,1.mlp.23758,1,mlp,109,5
3928,10.resid.15036,10,resid,452,38
3929,1.mlp.20028,1,mlp,71,17
3930,10.resid.29479,10,resid,512,417
3931,1.mlp.23601,1,mlp,147,15
3932,10.resid.9668,10,resid,692,1
3933,1.mlp.2790,1,mlp,80,4
3934,10.resid.10184,10,resid,722,38
3935,1.mlp.22357,1,mlp,175,25
3936,10.resid.11632,10,resid,603,3
3937,1.mlp.6982,1,mlp,72,5
3938,10.resid.3485,10,resid,728,1
3939,1.mlp.21315,1,mlp,108,25
3940,10.resid.25490,10,resid,698,22
3941,1.mlp.39226,1,mlp,124,5
3942,10.resid.28171,10,resid,514,28
3943,1.mlp.3317,1,mlp,90,5
3944,10.resid.36405,10,resid,361,10
3945,1.mlp.17829,1,mlp,214,25
3946,10.resid.16860,10,resid,576,20
3947,1.mlp.27666,1,mlp,92,10
3948,10.resid.10491,10,resid,605,6
3949,1.mlp.19092,1,mlp,227,34
3950,10.resid.40502,10,resid,757,21
3951,1.mlp.21188,1,mlp,261,5
3952,10.resid.24849,10,resid,522,6
3953,1.mlp.17032,1,mlp,106,61
3954,10.resid.5160,10,resid,600,41
3955,1.mlp.7349,1,mlp,145,14
3956,10.resid.25533,10,resid,472,9
3957,1.mlp.32604,1,mlp,136,42
3958,10.resid.23850,10,resid,815,3
3959,1.mlp.2963,1,mlp,89,45
3960,10.resid.33994,10,resid,788,14
3961,1.mlp.588,1,mlp,123,2
3962,10.resid.26664,10,resid,499,8
3963,1.mlp.19941,1,mlp,251,47
3964,10.resid.9348,10,resid,593,6
3965,1.mlp.438,1,mlp,177,14
3966,10.resid.839,10,resid,509,58
3967,1.mlp.28766,1,mlp,172,33
3968,10.resid.27563,10,resid,990,86
3969,1.mlp.17070,1,mlp,91,11
3970,10.resid.13333,10,resid,396,1
3971,1.mlp.13418,1,mlp,216,15
3972,10.resid.23442,10,resid,219,9
3973,1.mlp.11198,1,mlp,93,45
3974,10.resid.40364,10,resid,697,4
3975,1.mlp.18095,1,mlp,111,72
3976,10.resid.24175,10,resid,656,2
3977,1.resid.22381,1,resid,73,49
3978,10.resid.36026,10,resid,520,38
3979,1.resid.13551,1,resid,97,6
3980,10.mlp.40274,10,mlp,658,22
3981,1.resid.4533,1,resid,110,25
3982,10.mlp.32849,10,mlp,479,24
3983,1.resid.20090,1,resid,57,34
3984,10.mlp.7316,10,mlp,439,690
3985,1.resid.18041,1,resid,112,5
3986,10.mlp.11131,10,mlp,559,3
3987,1.resid.35271,1,resid,60,41
3988,10.mlp.23525,10,mlp,580,42
3989,1.resid.31085,1,resid,53,15
3990,10.mlp.34922,10,mlp,453,265
3991,1.resid.10288,1,resid,117,18
3992,10.mlp.38259,10,mlp,421,36
3993,1.resid.18072,1,resid,54,12
3994,10.mlp.39376,10,mlp,622,17
3995,1.resid.14844,1,resid,68,33
3996,10.mlp.34588,10,mlp,607,27
3997,1.resid.15968,1,resid,167,16
3998,10.mlp.25462,10,mlp,294,3
3999,1.resid.26931,1,resid,93,10
4000,10.mlp.5059,10,mlp,284,7
4001,1.resid.19694,1,resid,229,25
4002,10.mlp.5000,10,mlp,616,3
4003,1.resid.32159,1,resid,55,4
4004,10.mlp.16789,10,mlp,552,4
4005,1.resid.34977,1,resid,143,33
4006,10.mlp.38434,10,mlp,576,4
4007,1.resid.36525,1,resid,96,6
4008,10.mlp.37051,10,mlp,525,4
4009,1.resid.2867,1,resid,69,5
4010,10.mlp.37647,10,mlp,427,3
4011,1.resid.4406,1,resid,117,5
4012,10.mlp.18097,10,mlp,468,8
4013,1.resid.26305,1,resid,56,1
4014,10.mlp.5068,10,mlp,615,37
4015,1.resid.27724,1,resid,169,10
4016,10.mlp.38607,10,mlp,295,10
4017,1.resid.15176,1,resid,43,21
4018,10.mlp.21997,10,mlp,407,6
4019,1.resid.10696,1,resid,67,80
4020,10.mlp.24299,10,mlp,353,268
4021,1.resid.5471,1,resid,55,10
4022,10.mlp.13720,10,mlp,537,20
4023,1.resid.18788,1,resid,102,5
4024,10.mlp.23403,10,mlp,473,12
4025,1.resid.36652,1,resid,86,16
4026,10.mlp.9751,10,mlp,551,15
4027,1.resid.26198,1,resid,178,11
4028,10.mlp.27021,10,mlp,573,30
4029,1.resid.30212,1,resid,87,0
4030,10.mlp.24731,10,mlp,518,6
4031,1.resid.15261,1,resid,118,9
4032,10.mlp.1682,10,mlp,518,26
4033,1.resid.6584,1,resid,84,30
4034,10.mlp.27080,10,mlp,378,16
4035,10.attn.13758,10,attn,589,9
4036,2.attn.32852,2,attn,106,5
4037,10.attn.23985,10,attn,457,81
4038,10.attn.8523,10,attn,661,19
4039,2.attn.2518,2,attn,171,21
4040,10.attn.34111,10,attn,954,2
4041,10.attn.38751,10,attn,603,1
4042,10.attn.38563,10,attn,377,1
4043,2.attn.21293,2,attn,92,52
4044,10.attn.12730,10,attn,333,19
4045,10.attn.11330,10,attn,527,21
4046,2.attn.29959,2,attn,142,12
4047,10.attn.19205,10,attn,234,3
4048,2.attn.5611,2,attn,141,7
4049,10.attn.30312,10,attn,235,1
4050,10.attn.3953,10,attn,446,21
4051,2.attn.37256,2,attn,135,27
4052,10.attn.17381,10,attn,454,232
4053,2.attn.38344,2,attn,167,4
4054,10.attn.16070,10,attn,269,3
4055,2.attn.2689,2,attn,123,2
4056,10.attn.27853,10,attn,663,6
4057,2.attn.26969,2,attn,276,2
4058,10.attn.16271,10,attn,308,1
4059,2.attn.22674,2,attn,55,311
4060,10.attn.38472,10,attn,385,23
4061,2.attn.12290,2,attn,113,39
4062,10.attn.27934,10,attn,316,18
4063,2.attn.10251,2,attn,142,4
4064,10.attn.29010,10,attn,615,9
4065,2.attn.3921,2,attn,93,21
4066,10.attn.18828,10,attn,912,20
4067,2.attn.11536,2,attn,179,2
4068,10.attn.5811,10,attn,650,3
4069,2.attn.17966,2,attn,125,2
4070,10.attn.6771,10,attn,588,23
4071,10.attn.35886,10,attn,293,1
4072,2.attn.9167,2,attn,130,2
4073,10.attn.34645,10,attn,325,1
4074,2.attn.16005,2,attn,124,34
4075,10.attn.26472,10,attn,313,3
4076,2.attn.38848,2,attn,182,24
4077,10.attn.12081,10,attn,678,8
4078,10.attn.27744,10,attn,536,619
4079,2.mlp.38670,2,mlp,102,10
4080,10.attn.28202,10,attn,886,1
4081,2.mlp.15179,2,mlp,96,4
4082,9.resid.22501,9,resid,627,6
4083,2.mlp.30546,2,mlp,194,6
4084,9.resid.30382,9,resid,511,7
4085,2.mlp.21399,2,mlp,183,53
4086,9.resid.30334,9,resid,637,28
4087,2.mlp.2261,2,mlp,144,22
4088,9.resid.67,9,resid,547,29
4089,2.mlp.40349,2,mlp,233,5
4090,9.resid.33467,9,resid,631,22
4091,2.mlp.10615,2,mlp,282,62
4092,9.resid.27657,9,resid,721,20
4093,2.mlp.3277,2,mlp,165,8
4094,9.resid.13754,9,resid,470,48
4095,2.mlp.4441,2,mlp,228,5
4096,9.resid.14557,9,resid,442,13
4097,2.mlp.20771,2,mlp,126,22
4098,9.resid.32706,9,resid,546,16
4099,2.mlp.26053,2,mlp,171,41
4100,9.resid.15376,9,resid,469,37
4101,2.mlp.3015,2,mlp,145,2
4102,9.resid.2866,9,resid,526,19
4103,2.mlp.35507,2,mlp,134,13
4104,9.resid.34177,9,resid,542,2
4105,2.mlp.19586,2,mlp,232,25
4106,9.resid.7978,9,resid,688,0
4107,2.mlp.36540,2,mlp,292,2
4108,9.resid.21288,9,resid,460,12
4109,2.mlp.24185,2,mlp,112,49
4110,9.resid.37933,9,resid,483,8
4111,2.mlp.32296,2,mlp,137,8
4112,9.resid.9327,9,resid,380,8
4113,2.mlp.23149,2,mlp,306,14
4114,9.resid.2062,9,resid,646,6
4115,2.mlp.35053,2,mlp,169,41
4116,9.resid.31602,9,resid,710,66
4117,2.mlp.32556,2,mlp,149,10
4118,9.resid.30267,9,resid,552,43
4119,2.mlp.37287,2,mlp,161,7
4120,9.resid.24686,9,resid,449,768
4121,2.mlp.4251,2,mlp,214,6
4122,9.resid.15739,9,resid,455,7
4123,2.mlp.27528,2,mlp,147,7
4124,9.resid.33368,9,resid,612,26
4125,2.mlp.10761,2,mlp,234,2
4126,9.resid.35230,9,resid,585,27
4127,2.mlp.36494,2,mlp,203,18
4128,9.resid.9145,9,resid,455,6
4129,2.mlp.11732,2,mlp,219,5
4130,9.resid.11417,9,resid,663,14
4131,2.mlp.35695,2,mlp,200,4
4132,9.resid.9332,9,resid,576,5
4133,2.mlp.39995,2,mlp,168,24
4134,9.resid.39619,9,resid,588,11
4135,2.mlp.35133,2,mlp,141,8
4136,9.resid.8761,9,resid,638,30
4137,2.resid.12143,2,resid,85,4
4138,9.mlp.21504,9,mlp,619,494
4139,2.resid.10415,2,resid,164,39
4140,9.mlp.12695,9,mlp,744,5
4141,2.resid.29259,2,resid,106,20
4142,9.mlp.36872,9,mlp,470,30
4143,2.resid.22077,2,resid,224,5
4144,9.mlp.28058,9,mlp,455,32
4145,2.resid.6444,2,resid,148,7
4146,9.mlp.37206,9,mlp,380,7
4147,2.resid.7349,2,resid,186,14
4148,9.mlp.24426,9,mlp,638,7
4149,2.resid.32809,2,resid,168,5
4150,9.mlp.27970,9,mlp,393,276
4151,2.resid.14946,2,resid,107,22
4152,9.mlp.18697,9,mlp,404,759
4153,2.resid.28539,2,resid,176,4
4154,9.mlp.20312,9,mlp,311,7
4155,2.resid.32561,2,resid,135,6
4156,9.mlp.33549,9,mlp,498,27
4157,2.resid.33970,2,resid,122,6
4158,9.mlp.26252,9,mlp,576,41
4159,2.resid.34339,2,resid,139,5
4160,9.mlp.1674,9,mlp,203,14
4161,2.resid.15965,2,resid,73,8
4162,9.mlp.850,9,mlp,427,13
4163,2.resid.18905,2,resid,101,74
4164,9.mlp.24019,9,mlp,533,17
4165,2.resid.31565,2,resid,103,10
4166,9.mlp.40383,9,mlp,475,28
4167,2.resid.40246,2,resid,84,4
4168,9.mlp.5125,9,mlp,510,23
4169,2.resid.12892,2,resid,162,7
4170,9.mlp.3267,9,mlp,388,38
4171,2.resid.2200,2,resid,174,12
4172,9.mlp.1468,9,mlp,389,8
4173,2.resid.14749,2,resid,196,35
4174,9.mlp.11734,9,mlp,493,20
4175,2.resid.37505,2,resid,173,21
4176,9.mlp.36033,9,mlp,645,50
4177,2.resid.22066,2,resid,188,48
4178,9.mlp.12279,9,mlp,692,14
4179,2.resid.901,2,resid,105,41
4180,9.mlp.21695,9,mlp,462,16
4181,2.resid.38609,2,resid,203,32
4182,9.mlp.4459,9,mlp,392,16
4183,2.resid.13159,2,resid,172,6
4184,9.mlp.33426,9,mlp,624,29
4185,2.resid.11786,2,resid,103,22
4186,9.mlp.12523,9,mlp,553,8
4187,2.resid.18299,2,resid,93,6
4188,9.mlp.36317,9,mlp,360,12
4189,2.resid.40723,2,resid,114,25
4190,9.mlp.28133,9,mlp,689,47
4191,2.resid.17493,2,resid,142,4
4192,9.mlp.2380,9,mlp,526,10
4193,3.attn.28362,3,attn,231,2
4194,9.attn.32335,9,attn,542,21
4195,3.attn.40378,3,attn,148,18
4196,9.attn.26259,9,attn,301,9
4197,3.attn.29455,3,attn,251,13
4198,9.attn.32429,9,attn,321,29
4199,3.attn.24796,3,attn,155,17
4200,9.attn.15708,9,attn,548,9
4201,3.attn.33020,3,attn,188,2
4202,9.attn.22384,9,attn,626,9
4203,3.attn.18515,3,attn,268,2
4204,9.attn.19283,9,attn,253,3
4205,3.attn.4371,3,attn,321,2
4206,9.attn.35915,9,attn,244,13
4207,3.attn.32355,3,attn,141,14
4208,9.attn.11003,9,attn,116,3
4209,3.attn.27127,3,attn,235,24
4210,9.attn.14510,9,attn,428,9
4211,3.attn.17933,3,attn,201,5
4212,9.attn.418,9,attn,315,9
4213,3.attn.35304,3,attn,188,32
4214,9.attn.27749,9,attn,678,575
4215,3.attn.31852,3,attn,162,39
4216,9.attn.24553,9,attn,290,26
4217,3.attn.26549,3,attn,220,2
4218,9.attn.40012,9,attn,428,13
4219,3.attn.33305,3,attn,186,36
4220,9.attn.13554,9,attn,666,73
4221,3.attn.12516,3,attn,157,2
4222,9.attn.27077,9,attn,273,16
4223,3.attn.37629,3,attn,385,2
4224,9.attn.5627,9,attn,191,21
4225,3.attn.25084,3,attn,234,4
4226,9.attn.28659,9,attn,343,1
4227,3.attn.20903,3,attn,340,2
4228,9.attn.15018,9,attn,197,6
4229,3.attn.7021,3,attn,201,4
4230,9.attn.18609,9,attn,339,4
4231,3.attn.30674,3,attn,211,14
4232,9.attn.20456,9,attn,460,7
4233,3.attn.39570,3,attn,248,2
4234,9.attn.36968,9,attn,567,18
4235,3.attn.32191,3,attn,217,8
4236,9.attn.40262,9,attn,315,21
4237,3.attn.18566,3,attn,260,2
4238,9.attn.36148,9,attn,232,26
4239,3.attn.15414,3,attn,176,22
4240,9.attn.39877,9,attn,354,1
4241,3.attn.22336,3,attn,96,2
4242,9.attn.30451,9,attn,667,9
4243,3.attn.7798,3,attn,173,2
4244,9.attn.1504,9,attn,333,21
4245,3.attn.343,3,attn,105,39
4246,9.attn.17708,9,attn,745,9
4247,3.attn.20802,3,attn,162,2
4248,9.attn.24510,9,attn,650,1
4249,3.attn.15383,3,attn,158,10
4250,9.attn.11899,9,attn,268,1
4251,3.mlp.32827,3,mlp,127,11
4252,8.resid.31948,8,resid,492,10
4253,3.mlp.33337,3,mlp,373,15
4254,8.resid.8012,8,resid,269,32
4255,3.mlp.24963,3,mlp,167,13
4256,8.resid.2989,8,resid,356,39
4257,3.mlp.6459,3,mlp,268,17
4258,8.resid.2943,8,resid,458,53
4259,3.mlp.11141,3,mlp,302,31
4260,8.resid.9121,8,resid,442,19
4261,3.mlp.13240,3,mlp,204,2
4262,8.resid.15479,8,resid,690,38
4263,3.mlp.16606,3,mlp,265,4
4264,8.resid.22769,8,resid,297,13
4265,3.mlp.33690,3,mlp,225,5
4266,8.resid.33602,8,resid,455,52
4267,3.mlp.25339,3,mlp,190,39
4268,8.resid.11538,8,resid,364,612
4269,3.mlp.19066,3,mlp,189,12
4270,8.resid.30610,8,resid,583,37
4271,3.mlp.1316,3,mlp,227,80
4272,8.resid.7195,8,resid,391,22
4273,3.mlp.16748,3,mlp,218,10
4274,8.resid.18722,8,resid,769,1
4275,3.mlp.28798,3,mlp,314,11
4276,8.resid.20955,8,resid,495,1
4277,3.mlp.13246,3,mlp,267,2
4278,8.resid.28109,8,resid,498,17
4279,3.mlp.24969,3,mlp,234,18
4280,8.resid.2332,8,resid,402,9
4281,3.mlp.30436,3,mlp,257,46
4282,8.resid.10356,8,resid,553,13
4283,3.mlp.34487,3,mlp,197,27
4284,8.resid.23038,8,resid,147,20
4285,3.mlp.29828,3,mlp,194,5
4286,8.resid.39798,8,resid,444,7
4287,3.mlp.4381,3,mlp,219,14
4288,8.resid.306,8,resid,873,1
4289,3.mlp.38752,3,mlp,322,2
4290,8.resid.38789,8,resid,609,28
4291,3.mlp.32185,3,mlp,204,47
4292,8.resid.27466,8,resid,677,1
4293,3.mlp.37441,3,mlp,305,5
4294,8.resid.28710,8,resid,674,31
4295,3.mlp.34524,3,mlp,433,35
4296,8.resid.35938,8,resid,502,1
4297,3.mlp.20068,3,mlp,226,51
4298,8.resid.31262,8,resid,604,27
4299,3.mlp.31157,3,mlp,250,8
4300,8.resid.20141,8,resid,542,14
4301,3.mlp.14740,3,mlp,270,83
4302,8.resid.17752,8,resid,567,4
4303,3.mlp.37220,3,mlp,308,31
4304,8.resid.40031,8,resid,474,32
4305,3.mlp.23064,3,mlp,201,33
4306,8.resid.17970,8,resid,436,28
4307,3.resid.8003,3,resid,191,18
4308,8.mlp.1933,8,mlp,580,781
4309,3.resid.21378,3,resid,242,6
4310,8.mlp.34398,8,mlp,367,29
4311,3.resid.268,3,resid,183,23
4312,8.mlp.5041,8,mlp,524,23
4313,3.resid.37731,3,resid,225,26
4314,8.mlp.27575,8,mlp,403,17
4315,3.resid.33098,3,resid,226,17
4316,8.mlp.9675,8,mlp,512,12
4317,3.resid.107,3,resid,253,0
4318,8.mlp.18152,8,mlp,402,11
4319,3.resid.343,3,resid,277,2
4320,8.mlp.5713,8,mlp,635,8
4321,3.resid.31435,3,resid,176,16
4322,8.mlp.25928,8,mlp,481,26
4323,3.resid.13477,3,resid,329,18
4324,8.mlp.24835,8,mlp,417,19
4325,3.resid.31232,3,resid,300,6
4326,8.mlp.4964,8,mlp,676,8
4327,3.resid.8362,3,resid,248,19
4328,8.mlp.18809,8,mlp,304,21
4329,3.resid.26586,3,resid,285,16
4330,8.mlp.16100,8,mlp,606,20
4331,3.resid.9555,3,resid,304,4
4332,8.mlp.19703,8,mlp,306,10
4333,3.resid.24470,3,resid,224,27
4334,8.mlp.12450,8,mlp,380,33
4335,3.resid.39808,3,resid,184,13
4336,8.mlp.39761,8,mlp,513,225
4337,3.resid.31187,3,resid,159,32
4338,8.mlp.22303,8,mlp,415,14
4339,3.resid.12890,3,resid,261,8
4340,8.mlp.5176,8,mlp,236,26
4341,3.resid.17147,3,resid,253,8
4342,8.mlp.29780,8,mlp,534,36
4343,3.resid.6349,3,resid,177,27
4344,8.mlp.10460,8,mlp,447,7
4345,3.resid.24203,3,resid,149,5
4346,8.mlp.34993,8,mlp,524,405
4347,3.resid.28711,3,resid,232,16
4348,8.mlp.31678,8,mlp,336,16
4349,3.resid.23549,3,resid,302,11
4350,8.mlp.14367,8,mlp,540,4
4351,3.resid.23828,3,resid,174,60
4352,8.mlp.38793,8,mlp,372,4
4353,3.resid.27526,3,resid,166,18
4354,8.mlp.34156,8,mlp,359,19
4355,3.resid.20552,3,resid,335,4
4356,8.mlp.2347,8,mlp,325,10
4357,3.resid.36498,3,resid,211,8
4358,8.mlp.8486,8,mlp,401,13
4359,3.resid.20105,3,resid,322,29
4360,8.mlp.3540,8,mlp,317,77
4361,3.resid.10348,3,resid,196,4
4362,8.mlp.1408,8,mlp,490,15
4363,3.resid.2530,3,resid,155,16
4364,8.mlp.3108,8,mlp,416,6
4365,4.attn.21714,4,attn,114,2
4366,4.attn.40209,4,attn,170,2
4367,4.attn.20535,4,attn,229,2
4368,8.attn.9668,8,attn,409,1
4369,4.attn.10322,4,attn,345,19
4370,8.attn.27448,8,attn,471,1
4371,4.attn.16510,4,attn,161,2
4372,4.attn.3304,4,attn,282,13
4373,8.attn.35427,8,attn,411,1
4374,4.attn.37603,4,attn,242,5
4375,8.attn.18215,8,attn,326,7
4376,4.attn.816,4,attn,193,2
4377,8.attn.32353,8,attn,550,9
4378,4.attn.24323,4,attn,182,2
4379,8.attn.25639,8,attn,397,1
4380,4.attn.9539,4,attn,231,36
4381,4.attn.37391,4,attn,343,5
4382,8.attn.14368,8,attn,298,1
4383,4.attn.31338,4,attn,269,7
4384,8.attn.40464,8,attn,441,7
4385,4.attn.7632,4,attn,127,2
4386,4.attn.4737,4,attn,154,2
4387,4.attn.36775,4,attn,233,2
4388,8.attn.10827,8,attn,165,4
4389,4.attn.27305,4,attn,248,2
4390,8.attn.15090,8,attn,398,27
4391,4.attn.5394,4,attn,196,2
4392,4.attn.19096,4,attn,146,93
4393,8.attn.30603,8,attn,282,7
4394,4.attn.38496,4,attn,313,42
4395,8.attn.36290,8,attn,241,16
4396,4.attn.1581,4,attn,319,4
4397,8.attn.8653,8,attn,600,230
4398,4.attn.12276,4,attn,224,13
4399,8.attn.36760,8,attn,204,1
4400,4.attn.11949,4,attn,251,4
4401,8.attn.8385,8,attn,461,1
4402,4.attn.4103,4,attn,219,8
4403,4.attn.16464,4,attn,460,2
4404,8.attn.31764,8,attn,543,51
4405,4.attn.36281,4,attn,285,22
4406,8.attn.14699,8,attn,631,1
4407,4.attn.35142,4,attn,264,2
4408,8.attn.30489,8,attn,661,9
4409,4.attn.20681,4,attn,369,2
4410,4.attn.13528,4,attn,184,21
4411,4.mlp.27791,4,mlp,209,10
4412,7.resid.4835,7,resid,410,14
4413,4.mlp.29082,4,mlp,164,4
4414,7.resid.40287,7,resid,423,13
4415,4.mlp.36931,4,mlp,353,4
4416,7.resid.38298,7,resid,390,17
4417,4.mlp.22040,4,mlp,354,35
4418,7.resid.13895,7,resid,353,27
4419,4.mlp.2396,4,mlp,238,26
4420,7.resid.5350,7,resid,500,23
4421,4.mlp.11938,4,mlp,271,4
4422,7.resid.13232,7,resid,436,33
4423,4.mlp.7332,4,mlp,478,0
4424,7.resid.1126,7,resid,428,22
4425,4.mlp.8318,4,mlp,429,42
4426,7.resid.28115,7,resid,574,31
4427,4.mlp.11745,4,mlp,401,0
4428,7.resid.39608,7,resid,530,34
4429,4.mlp.7925,4,mlp,196,17
4430,7.resid.27027,7,resid,484,7
4431,4.mlp.34642,4,mlp,240,5
4432,7.resid.9350,7,resid,412,15
4433,4.mlp.5214,4,mlp,343,0
4434,7.resid.10273,7,resid,595,1
4435,4.mlp.30846,4,mlp,264,15
4436,7.resid.2309,7,resid,387,13
4437,4.mlp.622,4,mlp,503,0
4438,7.resid.20066,7,resid,458,17
4439,4.mlp.3752,4,mlp,176,38
4440,7.resid.22939,7,resid,393,6
4441,4.mlp.34732,4,mlp,472,0
4442,7.resid.23860,7,resid,557,18
4443,4.mlp.1699,4,mlp,254,7
4444,7.resid.17870,7,resid,484,22
4445,4.mlp.9065,4,mlp,270,12
4446,7.resid.10194,7,resid,444,5
4447,4.mlp.7461,4,mlp,270,8
4448,7.resid.12801,7,resid,604,1
4449,4.mlp.40899,4,mlp,341,5
4450,7.resid.16640,7,resid,357,38
4451,4.mlp.7275,4,mlp,256,42
4452,7.resid.13167,7,resid,429,24
4453,4.mlp.36922,4,mlp,274,39
4454,7.resid.28887,7,resid,471,16
4455,4.mlp.5102,4,mlp,323,0
4456,7.resid.16590,7,resid,685,6
4457,4.mlp.27829,4,mlp,238,13
4458,7.resid.37703,7,resid,322,44
4459,4.mlp.21980,4,mlp,416,13
4460,7.resid.12202,7,resid,601,1
4461,4.mlp.5449,4,mlp,260,15
4462,7.resid.16228,7,resid,444,59
4463,4.mlp.24204,4,mlp,193,32
4464,7.resid.26642,7,resid,334,7
4465,4.mlp.20054,4,mlp,190,30
4466,7.resid.12228,7,resid,575,13
4467,4.resid.17514,4,resid,284,14
4468,7.resid.26101,7,resid,355,23
4469,4.resid.8694,4,resid,227,18
4470,7.mlp.40233,7,mlp,397,12
4471,4.resid.19194,4,resid,327,0
4472,7.mlp.30721,7,mlp,485,15
4473,4.resid.16672,4,resid,358,19
4474,7.mlp.13853,7,mlp,410,18
4475,4.resid.21658,4,resid,216,6
4476,7.mlp.1656,7,mlp,475,51
4477,4.resid.23500,4,resid,230,41
4478,7.mlp.31018,7,mlp,388,23
4479,4.resid.6347,4,resid,277,22
4480,7.mlp.24551,7,mlp,340,26
4481,4.resid.24547,4,resid,249,27
4482,7.mlp.32662,7,mlp,258,11
4483,4.resid.37941,4,resid,266,33
4484,7.mlp.39987,7,mlp,432,30
4485,4.resid.25609,4,resid,240,15
4486,7.mlp.31962,7,mlp,546,5
4487,4.resid.9370,4,resid,204,16
4488,7.mlp.39033,7,mlp,575,23
4489,4.resid.10045,4,resid,410,11
4490,7.mlp.32702,7,mlp,133,17
4491,4.resid.23919,4,resid,235,33
4492,7.mlp.16577,7,mlp,533,14
4493,4.resid.19384,4,resid,315,5
4494,7.mlp.21974,7,mlp,426,9
4495,4.resid.38213,4,resid,345,6
4496,7.mlp.25221,7,mlp,260,18
4497,4.resid.23496,4,resid,300,4
4498,7.mlp.30562,7,mlp,263,25
4499,4.resid.23602,4,resid,173,8
4500,7.mlp.26687,7,mlp,377,21
4501,4.resid.39221,4,resid,251,18
4502,7.mlp.19263,7,mlp,450,26
4503,4.resid.23300,4,resid,201,5
4504,7.mlp.8956,7,mlp,362,10
4505,4.resid.10293,4,resid,295,47
4506,7.mlp.40929,7,mlp,525,19
4507,4.resid.2746,4,resid,372,44
4508,7.mlp.28326,7,mlp,483,14
4509,4.resid.14338,4,resid,322,35
4510,7.mlp.10675,7,mlp,454,6
4511,4.resid.10739,4,resid,207,2
4512,7.mlp.10959,7,mlp,593,8
4513,4.resid.8848,4,resid,284,24
4514,7.mlp.15936,7,mlp,347,5
4515,4.resid.19464,4,resid,203,5
4516,7.mlp.28807,7,mlp,328,15
4517,4.resid.40287,4,resid,206,15
4518,7.mlp.24614,7,mlp,412,6
4519,4.resid.28778,4,resid,350,41
4520,7.mlp.27820,7,mlp,273,23
4521,4.resid.22115,4,resid,260,4
4522,7.mlp.426,7,mlp,565,12
4523,4.resid.34791,4,resid,134,0
4524,7.mlp.12251,7,mlp,272,45
4525,5.attn.9657,5,attn,257,5
4526,7.attn.36498,7,attn,286,28
4527,5.attn.4382,5,attn,216,4
4528,7.attn.25233,7,attn,641,17
4529,5.attn.34164,5,attn,314,1
4530,7.attn.40795,7,attn,615,8
4531,5.attn.34661,5,attn,301,26
4532,7.attn.23004,7,attn,362,14
4533,5.attn.37109,5,attn,197,2
4534,7.attn.22314,7,attn,683,9
4535,5.attn.10033,5,attn,338,0
4536,7.attn.31860,7,attn,191,18
4537,5.attn.29103,5,attn,303,0
4538,7.attn.38662,7,attn,250,43
4539,5.attn.7528,5,attn,374,0
4540,7.attn.20344,7,attn,242,40
4541,5.attn.17756,5,attn,447,0
4542,7.attn.30765,7,attn,417,43
4543,7.attn.345,7,attn,457,9
4544,5.attn.8496,5,attn,177,2
4545,7.attn.13045,7,attn,153,0
4546,5.attn.40724,5,attn,216,4
4547,7.attn.3898,7,attn,177,21
4548,5.attn.18248,5,attn,222,46
4549,5.attn.15052,5,attn,471,0
4550,7.attn.30844,7,attn,498,2
4551,5.attn.3721,5,attn,152,0
4552,7.attn.20714,7,attn,483,9
4553,5.attn.9585,5,attn,317,0
4554,7.attn.32218,7,attn,419,24
4555,5.attn.18665,5,attn,227,24
4556,7.attn.32733,7,attn,354,17
4557,5.attn.16457,5,attn,227,0
4558,7.attn.9029,7,attn,93,21
4559,5.attn.31785,5,attn,138,30
4560,5.attn.27463,5,attn,247,0
4561,7.attn.31504,7,attn,389,24
4562,7.attn.6537,7,attn,332,12
4563,7.attn.9931,7,attn,318,0
4564,5.attn.27329,5,attn,411,0
4565,7.attn.22881,7,attn,337,43
4566,5.attn.39132,5,attn,645,2
4567,7.attn.39336,7,attn,149,3
4568,5.attn.36062,5,attn,465,0
4569,7.attn.27151,7,attn,303,1
4570,5.attn.17481,5,attn,280,8
4571,7.attn.14643,7,attn,376,13
4572,7.attn.40110,7,attn,228,40
4573,5.mlp.8095,5,mlp,225,8
4574,7.attn.34013,7,attn,310,43
4575,5.mlp.10412,5,mlp,437,0
4576,6.resid.17181,6,resid,448,16
4577,5.mlp.11495,5,mlp,236,13
4578,6.resid.10874,6,resid,452,0
4579,5.mlp.31658,5,mlp,292,11
4580,6.resid.14110,6,resid,381,5
4581,5.mlp.20998,5,mlp,353,0
4582,6.resid.3881,6,resid,573,27
4583,5.mlp.14035,5,mlp,226,6
4584,6.resid.16600,6,resid,418,51
4585,5.mlp.35348,5,mlp,285,5
4586,6.resid.25419,6,resid,418,17
4587,5.mlp.40519,5,mlp,359,36
4588,6.resid.18946,6,resid,429,15
4589,5.mlp.7014,5,mlp,284,45
4590,6.resid.35122,6,resid,562,0
4591,5.mlp.13298,5,mlp,541,10
4592,6.resid.40568,6,resid,449,33
4593,5.mlp.5545,5,mlp,274,5
4594,6.resid.9911,6,resid,314,8
4595,5.mlp.27449,5,mlp,251,36
4596,6.resid.23940,6,resid,509,4
4597,5.mlp.34302,5,mlp,277,5
4598,6.resid.12817,6,resid,349,0
4599,5.mlp.17967,5,mlp,268,8
4600,6.resid.19987,6,resid,353,11
4601,5.mlp.22614,5,mlp,292,7
4602,6.resid.21224,6,resid,416,10
4603,5.mlp.5802,5,mlp,222,12
4604,6.resid.26490,6,resid,479,20
4605,5.mlp.14072,5,mlp,239,37
4606,6.resid.30436,6,resid,465,32
4607,5.mlp.22834,5,mlp,301,32
4608,6.resid.27256,6,resid,420,7
4609,5.mlp.13288,5,mlp,147,18
4610,6.resid.16543,6,resid,346,6
4611,5.mlp.14573,5,mlp,479,0
4612,6.resid.7621,6,resid,424,0
4613,5.mlp.33006,5,mlp,511,22
4614,6.resid.40476,6,resid,350,0
4615,5.mlp.28849,5,mlp,414,0
4616,6.resid.10773,6,resid,276,15
4617,5.mlp.12746,5,mlp,341,13
4618,6.resid.39355,6,resid,337,18
4619,5.mlp.12901,5,mlp,304,19
4620,6.resid.21018,6,resid,477,10
4621,5.mlp.18392,5,mlp,472,0
4622,6.resid.37359,6,resid,396,27
4623,5.mlp.4394,5,mlp,484,0
4624,6.resid.3115,6,resid,316,14
4625,5.mlp.20831,5,mlp,220,15
4626,6.resid.9922,6,resid,320,1
4627,5.mlp.18377,5,mlp,265,13
4628,6.resid.7651,6,resid,366,41
4629,5.mlp.9660,5,mlp,350,13
4630,6.resid.19333,6,resid,379,5
4631,5.resid.37831,5,resid,332,49
4632,6.mlp.32336,6,mlp,371,6
4633,5.resid.7189,5,resid,358,6
4634,6.mlp.23548,6,mlp,249,9
4635,5.resid.27339,5,resid,277,9
4636,6.mlp.25275,6,mlp,506,0
4637,5.resid.38861,5,resid,293,5
4638,6.mlp.4742,6,mlp,219,11
4639,5.resid.30797,5,resid,307,20
4640,6.mlp.30870,6,mlp,424,73
4641,5.resid.35002,5,resid,539,24
4642,6.mlp.33631,6,mlp,360,5
4643,5.resid.1980,5,resid,274,0
4644,6.mlp.9696,6,mlp,407,17
4645,5.resid.38375,5,resid,282,6
4646,6.mlp.19577,6,mlp,374,8
4647,5.resid.15726,5,resid,283,11
4648,6.mlp.3350,6,mlp,473,42
4649,5.resid.28984,5,resid,251,5
4650,6.mlp.19332,6,mlp,498,0
4651,5.resid.22988,5,resid,235,10
4652,6.mlp.1591,6,mlp,260,11
4653,5.resid.9636,5,resid,284,13
4654,6.mlp.10883,6,mlp,265,6
4655,5.resid.34364,5,resid,327,15
4656,6.mlp.27415,6,mlp,660,0
4657,5.resid.36648,5,resid,242,10
4658,6.mlp.15505,6,mlp,393,0
4659,5.resid.8284,5,resid,310,7
4660,6.mlp.20047,6,mlp,249,77
4661,5.resid.28864,5,resid,289,8
4662,6.mlp.11054,6,mlp,329,19
4663,5.resid.20523,5,resid,286,65
4664,6.mlp.11721,6,mlp,452,0
4665,5.resid.3341,5,resid,317,10
4666,6.mlp.1366,6,mlp,391,0
4667,5.resid.22976,5,resid,348,15
4668,6.mlp.32264,6,mlp,220,12
4669,5.resid.12424,5,resid,407,28
4670,6.mlp.35526,6,mlp,435,13
4671,5.resid.35189,5,resid,252,5
4672,6.mlp.7003,6,mlp,562,0
4673,5.resid.31487,5,resid,429,16
4674,6.mlp.25593,6,mlp,493,17
4675,5.resid.29108,5,resid,292,0
4676,6.mlp.32749,6,mlp,502,0
4677,5.resid.12894,5,resid,480,31
4678,6.mlp.2165,6,mlp,201,10
4679,5.resid.32846,5,resid,413,0
4680,6.mlp.40007,6,mlp,622,0
4681,5.resid.1265,5,resid,413,0
4682,6.mlp.4502,6,mlp,493,39
4683,5.resid.8458,5,resid,495,4
4684,6.mlp.39766,6,mlp,462,0
4685,5.resid.40572,5,resid,274,4
4686,6.mlp.37476,6,mlp,484,0
4687,6.attn.36136,6,attn,309,0
4688,6.attn.32645,6,attn,236,20
4689,6.attn.17076,6,attn,314,14
4690,6.attn.11317,6,attn,481,0
4691,6.attn.20401,6,attn,367,20
4692,6.attn.5665,6,attn,305,1
4693,6.attn.18839,6,attn,212,0
4694,6.attn.4250,6,attn,232,37
4695,6.attn.39221,6,attn,421,5
4696,6.attn.36316,6,attn,451,0
4697,6.attn.27376,6,attn,367,1
4698,6.attn.28811,6,attn,350,36
4699,6.attn.9053,6,attn,281,0
4700,6.attn.26492,6,attn,206,45
4701,6.attn.36465,6,attn,233,0
4702,6.attn.21701,6,attn,192,36
4703,6.attn.12611,6,attn,382,23
4704,6.attn.39984,6,attn,327,17
4705,6.attn.10303,6,attn,469,0
4706,6.attn.21793,6,attn,316,0
4707,6.attn.253,6,attn,183,2
4708,6.attn.19690,6,attn,342,11
4709,6.attn.4814,6,attn,272,0
4710,11.resid.5097,11,resid,845,12
4711,0.mlp.38044,0,mlp,46,318
4712,11.resid.40417,11,resid,582,12
4713,0.mlp.29941,0,mlp,36,319
4714,11.resid.30378,11,resid,369,3
4715,0.mlp.16593,0,mlp,24,320
4716,11.resid.8328,11,resid,588,18
4717,0.mlp.11983,0,mlp,10,321
4718,11.resid.40719,11,resid,724,12
4719,0.mlp.21540,0,mlp,23,13
4720,11.resid.8767,11,resid,730,3
4721,0.mlp.11254,0,mlp,56,322
4722,11.resid.22484,11,resid,381,21
4723,0.mlp.13304,0,mlp,16,323
4724,11.resid.6710,11,resid,303,3
4725,0.mlp.29406,0,mlp,29,324
4726,11.resid.29334,11,resid,229,3
4727,0.mlp.25951,0,mlp,68,34
4728,11.resid.34404,11,resid,532,3
4729,0.mlp.12669,0,mlp,39,325
4730,11.resid.29942,11,resid,371,6
4731,0.mlp.16560,0,mlp,9,326
4732,11.resid.36758,11,resid,559,3
4733,0.mlp.12662,0,mlp,15,327
4734,11.resid.11925,11,resid,338,3
4735,0.mlp.38712,0,mlp,9,328
4736,11.resid.40098,11,resid,421,9
4737,0.mlp.37060,0,mlp,83,34
4738,11.resid.3626,11,resid,563,23
4739,0.mlp.6000,0,mlp,9,329
4740,11.resid.20907,11,resid,598,3
4741,0.mlp.19970,0,mlp,11,330
4742,11.resid.36336,11,resid,387,16
4743,0.mlp.5304,0,mlp,8,331
4744,11.resid.5488,11,resid,684,3
4745,0.mlp.38446,0,mlp,78,34
4746,11.resid.37028,11,resid,559,8
4747,0.mlp.826,0,mlp,26,332
4748,11.resid.30873,11,resid,608,13
4749,0.mlp.14893,0,mlp,25,35
4750,11.resid.33668,11,resid,655,56
4751,0.mlp.34068,0,mlp,13,333
4752,11.resid.17881,11,resid,641,13
4753,0.mlp.19572,0,mlp,9,334
4754,11.resid.10845,11,resid,605,3
4755,0.mlp.1624,0,mlp,113,335
4756,11.resid.26282,11,resid,417,29
4757,0.mlp.19340,0,mlp,13,3
4758,11.resid.32335,11,resid,614,3
4759,0.mlp.37128,0,mlp,52,34
4760,11.resid.19164,11,resid,381,20
4761,0.mlp.33696,0,mlp,13,10
4762,11.resid.16413,11,resid,704,4
4763,0.mlp.32316,0,mlp,36,11
4764,11.resid.3956,11,resid,448,2
4765,0.resid.3726,0,resid,43,7
4766,11.mlp.40466,11,mlp,331,40
4767,0.resid.15977,0,resid,22,11
4768,11.mlp.32999,11,mlp,320,24
4769,0.resid.1723,0,resid,172,24
4770,11.mlp.24731,11,mlp,244,3
4771,0.resid.20107,0,resid,22,26
4772,11.mlp.15446,11,mlp,560,19
4773,0.resid.11260,0,resid,24,25
4774,11.mlp.9637,11,mlp,414,756
4775,0.resid.5550,0,resid,33,336
4776,11.mlp.39885,11,mlp,445,608
4777,0.resid.35225,0,resid,69,71
4778,11.mlp.17574,11,mlp,551,4
4779,0.resid.117,0,resid,16,337
4780,11.mlp.13109,11,mlp,520,3
4781,0.resid.1043,0,resid,48,19
4782,11.mlp.7993,11,mlp,584,15
4783,0.resid.18423,0,resid,19,57
4784,11.mlp.30538,11,mlp,651,14
4785,0.resid.33711,0,resid,58,9
4786,11.mlp.17303,11,mlp,328,3
4787,0.resid.836,0,resid,27,338
4788,11.mlp.39065,11,mlp,394,10
4789,0.resid.5133,0,resid,27,32
4790,11.mlp.8475,11,mlp,273,3
4791,0.resid.8230,0,resid,10,339
4792,11.mlp.26949,11,mlp,392,3
4793,0.resid.18230,0,resid,17,66
4794,11.mlp.4455,11,mlp,348,3
4795,0.resid.1511,0,resid,65,34
4796,11.mlp.23505,11,mlp,291,3
4797,0.resid.9895,0,resid,32,36
4798,11.mlp.37557,11,mlp,643,3
4799,0.resid.30382,0,resid,19,34
4800,11.mlp.8055,11,mlp,494,13
4801,0.resid.4386,0,resid,120,7
4802,11.mlp.25240,11,mlp,460,12
4803,0.resid.8589,0,resid,33,5
4804,11.mlp.34379,11,mlp,355,21
4805,0.resid.33149,0,resid,153,34
4806,11.mlp.37874,11,mlp,522,0
4807,0.resid.1152,0,resid,49,48
4808,11.mlp.21783,11,mlp,302,3
4809,0.resid.27416,0,resid,17,340
4810,11.mlp.36622,11,mlp,559,22
4811,0.resid.27661,0,resid,14,341
4812,11.mlp.7639,11,mlp,451,3
4813,0.resid.23823,0,resid,33,11
4814,11.mlp.12820,11,mlp,738,17
4815,0.resid.29498,0,resid,59,34
4816,11.mlp.18818,11,mlp,524,39
4817,0.resid.12730,0,resid,41,29
4818,11.mlp.23389,11,mlp,577,12
4819,0.resid.16619,0,resid,73,20
4820,11.mlp.14043,11,mlp,452,540
4821,0.resid.36071,0,resid,169,42
4822,11.mlp.19693,11,mlp,631,3
4823,11.attn.2746,11,attn,337,1
4824,11.attn.12482,11,attn,565,1
4825,11.attn.33782,11,attn,1041,2
4826,11.attn.33930,11,attn,521,1
4827,11.attn.6311,11,attn,1010,2
4828,11.attn.27755,11,attn,236,3
4829,11.attn.8094,11,attn,312,3
4830,11.attn.5504,11,attn,251,1
4831,11.attn.32862,11,attn,758,27
4832,11.attn.37039,11,attn,615,1
4833,11.attn.34369,11,attn,336,4
4834,11.attn.9111,11,attn,530,1
4835,1.attn.9409,1,attn,59,5
4836,11.attn.28483,11,attn,1047,1
4837,11.attn.11003,11,attn,607,9
4838,1.attn.13590,1,attn,118,2
4839,11.attn.18031,11,attn,474,9
4840,11.attn.11375,11,attn,669,3
4841,1.attn.10289,1,attn,42,342
4842,11.attn.6019,11,attn,587,16
4843,11.attn.20991,11,attn,299,21
4844,11.attn.4931,11,attn,257,3
4845,11.attn.22508,11,attn,477,3
4846,11.attn.23028,11,attn,451,59
4847,11.attn.25336,11,attn,654,2
4848,11.attn.16497,11,attn,53,1
4849,1.attn.25516,1,attn,41,1
4850,11.attn.38511,11,attn,818,3
4851,1.attn.39315,1,attn,77,38
4852,11.attn.1493,11,attn,539,29
4853,11.attn.9220,11,attn,511,16
4854,1.mlp.864,1,mlp,217,34
4855,10.resid.20841,10,resid,663,3
4856,1.mlp.32098,1,mlp,162,31
4857,10.resid.12680,10,resid,907,12
4858,1.mlp.5039,1,mlp,407,6
4859,10.resid.23497,10,resid,526,25
4860,1.mlp.32090,1,mlp,168,12
4861,10.resid.22183,10,resid,405,75
4862,1.mlp.25522,1,mlp,134,56
4863,10.resid.10568,10,resid,644,18
4864,1.mlp.19165,1,mlp,186,2
4865,10.resid.13036,10,resid,632,3
4866,1.mlp.1676,1,mlp,119,52
4867,10.resid.23481,10,resid,380,3
4868,1.mlp.6384,1,mlp,189,25
4869,10.resid.27147,10,resid,440,17
4870,1.mlp.17624,1,mlp,228,4
4871,10.resid.37695,10,resid,760,23
4872,1.mlp.18122,1,mlp,106,26
4873,10.resid.40093,10,resid,758,1
4874,1.mlp.767,1,mlp,187,11
4875,10.resid.37799,10,resid,754,23
4876,1.mlp.7385,1,mlp,101,31
4877,10.resid.36357,10,resid,362,12
4878,1.mlp.16686,1,mlp,231,7
4879,10.resid.21614,10,resid,641,5
4880,1.mlp.26071,1,mlp,158,13
4881,10.resid.10797,10,resid,675,28
4882,1.mlp.21022,1,mlp,117,2
4883,10.resid.15390,10,resid,609,3
4884,1.mlp.39877,1,mlp,167,15
4885,10.resid.22035,10,resid,720,60
4886,1.mlp.6273,1,mlp,97,5
4887,10.resid.19110,10,resid,322,58
4888,1.mlp.35318,1,mlp,123,18
4889,10.resid.6508,10,resid,682,21
4890,1.mlp.2020,1,mlp,90,12
4891,10.resid.19616,10,resid,603,786
4892,1.mlp.32390,1,mlp,250,49
4893,10.resid.22534,10,resid,605,30
4894,1.mlp.36950,1,mlp,108,5
4895,10.resid.8194,10,resid,607,1
4896,1.mlp.34480,1,mlp,139,25
4897,10.resid.23965,10,resid,533,4
4898,1.mlp.6151,1,mlp,138,69
4899,10.resid.20442,10,resid,592,53
4900,1.mlp.15266,1,mlp,220,47
4901,10.resid.16908,10,resid,710,17
4902,1.mlp.15941,1,mlp,77,5
4903,10.resid.15501,10,resid,445,6
4904,1.mlp.25599,1,mlp,90,29
4905,10.resid.15564,10,resid,329,38
4906,1.mlp.2221,1,mlp,132,31
4907,10.resid.23602,10,resid,519,12
4908,1.mlp.3752,1,mlp,139,34
4909,10.resid.25196,10,resid,659,44
4910,1.resid.29795,1,resid,62,4
4911,10.resid.35676,10,resid,682,5
4912,1.resid.24687,1,resid,107,34
4913,10.mlp.2107,10,mlp,452,36
4914,1.resid.35995,1,resid,97,11
4915,10.mlp.27221,10,mlp,633,75
4916,1.resid.5028,1,resid,93,33
4917,10.mlp.2958,10,mlp,526,55
4918,1.resid.34464,1,resid,76,22
4919,10.mlp.8426,10,mlp,438,22
4920,1.resid.5799,1,resid,75,11
4921,10.mlp.17143,10,mlp,371,122
4922,1.resid.40892,1,resid,125,23
4923,10.mlp.27491,10,mlp,669,74
4924,1.resid.11450,1,resid,107,4
4925,10.mlp.9516,10,mlp,292,6
4926,1.resid.14617,1,resid,131,23
4927,10.mlp.10376,10,mlp,459,20
4928,1.resid.17403,1,resid,39,7
4929,10.mlp.7353,10,mlp,401,27
4930,1.resid.25692,1,resid,49,26
4931,10.mlp.1288,10,mlp,449,23
4932,1.resid.17607,1,resid,59,44
4933,10.mlp.32017,10,mlp,574,16
4934,1.resid.8354,1,resid,69,8
4935,10.mlp.36014,10,mlp,491,16
4936,1.resid.35629,1,resid,110,11
4937,10.mlp.14078,10,mlp,548,345
4938,1.resid.5076,1,resid,98,11
4939,10.mlp.5477,10,mlp,604,29
4940,1.resid.5013,1,resid,77,14
4941,10.mlp.31551,10,mlp,758,3
4942,1.resid.5439,1,resid,67,12
4943,10.mlp.27955,10,mlp,409,247
4944,1.resid.22760,1,resid,103,18
4945,10.mlp.39334,10,mlp,661,3
4946,1.resid.9000,1,resid,117,27
4947,10.mlp.13789,10,mlp,411,22
4948,1.resid.27030,1,resid,112,25
4949,10.mlp.7850,10,mlp,311,22
4950,1.resid.30849,1,resid,113,24
4951,10.mlp.27002,10,mlp,720,45
4952,1.resid.4615,1,resid,45,79
4953,10.mlp.17685,10,mlp,523,7
4954,1.resid.33071,1,resid,145,7
4955,10.mlp.40533,10,mlp,545,379
4956,1.resid.10705,1,resid,50,30
4957,10.mlp.23086,10,mlp,438,23
4958,1.resid.14753,1,resid,32,10
4959,10.mlp.36718,10,mlp,444,26
4960,1.resid.33027,1,resid,74,346
4961,10.mlp.24865,10,mlp,513,41
4962,1.resid.22202,1,resid,217,26
4963,10.mlp.30483,10,mlp,340,317
4964,1.resid.26182,1,resid,47,45
4965,10.mlp.30506,10,mlp,759,27
4966,1.resid.24816,1,resid,112,2
4967,10.mlp.28025,10,mlp,524,731
4968,2.attn.6976,2,attn,116,6
4969,10.attn.2901,10,attn,401,314
4970,2.attn.7991,2,attn,395,2
4971,10.attn.35759,10,attn,225,3
4972,10.attn.29291,10,attn,332,1
4973,2.attn.23178,2,attn,115,5
4974,10.attn.15886,10,attn,469,32
4975,2.attn.31188,2,attn,139,35
4976,10.attn.29997,10,attn,762,16
4977,2.attn.26125,2,attn,92,13
4978,10.attn.34641,10,attn,313,1
4979,2.attn.5764,2,attn,157,30
4980,10.attn.18394,10,attn,434,1
4981,2.attn.20834,2,attn,165,11
4982,10.attn.34067,10,attn,404,17
4983,10.attn.6609,10,attn,570,9
4984,2.attn.23791,2,attn,103,8
4985,10.attn.38927,10,attn,881,2
4986,10.attn.28212,10,attn,322,1
4987,2.attn.40761,2,attn,236,2
4988,10.attn.36181,10,attn,427,6
4989,2.attn.36780,2,attn,173,2
4990,10.attn.19612,10,attn,335,1
4991,2.attn.1342,2,attn,106,5
4992,10.attn.34890,10,attn,252,27
4993,2.attn.31095,2,attn,93,26
4994,10.attn.33835,10,attn,580,21
4995,2.attn.30487,2,attn,120,4
4996,2.attn.7049,2,attn,203,2
4997,10.attn.16198,10,attn,321,1
4998,2.attn.3746,2,attn,190,6
4999,10.attn.23676,10,attn,369,1
5000,2.attn.1643,2,attn,179,13
5001,10.attn.14758,10,attn,512,21
5002,10.attn.28893,10,attn,323,7
5003,10.attn.28379,10,attn,364,1
5004,2.attn.31810,2,attn,119,31
5005,10.attn.37083,10,attn,324,1
5006,2.attn.28500,2,attn,216,12
5007,10.attn.5929,10,attn,639,5
5008,10.attn.21565,10,attn,720,1
5009,2.attn.10365,2,attn,157,2
5010,10.attn.1505,10,attn,368,1
5011,2.attn.13091,2,attn,293,2
5012,10.attn.15548,10,attn,520,21
5013,2.attn.26294,2,attn,287,2
5014,10.attn.10418,10,attn,599,116
5015,10.attn.36117,10,attn,295,1
5016,2.mlp.22774,2,mlp,200,20
5017,10.attn.18378,10,attn,350,1
5018,2.mlp.28478,2,mlp,192,5
5019,9.resid.32974,9,resid,663,15
5020,2.mlp.20594,2,mlp,279,13
5021,9.resid.14794,9,resid,769,47
5022,2.mlp.35662,2,mlp,345,51
5023,9.resid.9739,9,resid,549,6
5024,2.mlp.29035,2,mlp,144,20
5025,9.resid.39368,9,resid,527,12
5026,2.mlp.23604,2,mlp,188,62
5027,9.resid.24750,9,resid,325,24
5028,2.mlp.7763,2,mlp,112,28
5029,9.resid.23924,9,resid,579,57
5030,2.mlp.40780,2,mlp,283,4
5031,9.resid.32465,9,resid,718,728
5032,2.mlp.24311,2,mlp,191,27
5033,9.resid.17554,9,resid,468,20
5034,2.mlp.3303,2,mlp,153,5
5035,9.resid.7066,9,resid,364,7
5036,2.mlp.10150,2,mlp,137,4
5037,9.resid.30313,9,resid,474,27
5038,2.mlp.38184,2,mlp,218,2
5039,9.resid.15811,9,resid,483,8
5040,2.mlp.32152,2,mlp,145,18
5041,9.resid.17147,9,resid,588,10
5042,2.mlp.29513,2,mlp,164,5
5043,9.resid.1953,9,resid,449,7
5044,2.mlp.34736,2,mlp,135,5
5045,9.resid.22052,9,resid,436,7
5046,2.mlp.29627,2,mlp,141,16
5047,9.resid.33878,9,resid,568,12
5048,2.mlp.3734,2,mlp,283,21
5049,9.resid.14108,9,resid,651,2
5050,2.mlp.12992,2,mlp,276,19
5051,9.resid.30491,9,resid,489,108
5052,2.mlp.2597,2,mlp,119,19
5053,9.resid.2766,9,resid,636,23
5054,2.mlp.3299,2,mlp,237,22
5055,9.resid.35546,9,resid,812,2
5056,2.mlp.24026,2,mlp,235,25
5057,9.resid.37369,9,resid,509,14
5058,2.mlp.13205,2,mlp,108,19
5059,9.resid.1558,9,resid,576,22
5060,2.mlp.38557,2,mlp,113,47
5061,9.resid.33060,9,resid,314,29
5062,2.mlp.29914,2,mlp,310,11
5063,9.resid.3635,9,resid,677,1
5064,2.mlp.28995,2,mlp,211,5
5065,9.resid.2772,9,resid,660,14
5066,2.mlp.6527,2,mlp,312,5
5067,9.resid.11107,9,resid,496,16
5068,2.mlp.3184,2,mlp,158,2
5069,9.resid.22181,9,resid,650,29
5070,2.mlp.496,2,mlp,163,7
5071,9.resid.5667,9,resid,734,8
5072,2.mlp.8061,2,mlp,163,4
5073,9.resid.22276,9,resid,659,1
5074,2.resid.34969,2,resid,207,30
5075,9.mlp.23116,9,mlp,467,18
5076,2.resid.32568,2,resid,74,6
5077,9.mlp.3836,9,mlp,520,8
5078,2.resid.26177,2,resid,108,11
5079,9.mlp.23811,9,mlp,436,4
5080,2.resid.33664,2,resid,114,18
5081,9.mlp.34578,9,mlp,719,14
5082,2.resid.14716,2,resid,173,15
5083,9.mlp.2358,9,mlp,378,88
5084,2.resid.7712,2,resid,178,7
5085,9.mlp.26308,9,mlp,442,18
5086,2.resid.16266,2,resid,204,69
5087,9.mlp.10213,9,mlp,542,28
5088,2.resid.36613,2,resid,142,7
5089,9.mlp.9180,9,mlp,332,1
5090,2.resid.28316,2,resid,233,15
5091,9.mlp.24416,9,mlp,544,12
5092,2.resid.20522,2,resid,91,4
5093,9.mlp.21241,9,mlp,384,4
5094,2.resid.36315,2,resid,227,41
5095,9.mlp.19669,9,mlp,401,8
5096,2.resid.8656,2,resid,93,6
5097,9.mlp.24879,9,mlp,550,7
5098,2.resid.6432,2,resid,123,4
5099,9.mlp.27174,9,mlp,404,12
5100,2.resid.1764,2,resid,183,15
5101,9.mlp.10610,9,mlp,562,14
5102,2.resid.21037,2,resid,178,7
5103,9.mlp.8134,9,mlp,266,38
5104,2.resid.20921,2,resid,87,12
5105,9.mlp.31169,9,mlp,773,2
5106,2.resid.16251,2,resid,78,15
5107,9.mlp.32455,9,mlp,476,12
5108,2.resid.32365,2,resid,135,5
5109,9.mlp.38206,9,mlp,726,5
5110,2.resid.32815,2,resid,82,23
5111,9.mlp.29705,9,mlp,359,6
5112,2.resid.31971,2,resid,230,39
5113,9.mlp.37378,9,mlp,465,19
5114,2.resid.13106,2,resid,143,12
5115,9.mlp.7802,9,mlp,448,744
5116,2.resid.687,2,resid,133,24
5117,9.mlp.31249,9,mlp,388,13
5118,2.resid.34887,2,resid,143,63
5119,9.mlp.9211,9,mlp,601,4
5120,2.resid.17136,2,resid,88,7
5121,9.mlp.36992,9,mlp,599,27
5122,2.resid.7019,2,resid,242,5
5123,9.mlp.28537,9,mlp,462,67
5124,2.resid.6404,2,resid,203,13
5125,9.mlp.9697,9,mlp,475,18
5126,2.resid.38091,2,resid,194,27
5127,9.mlp.28793,9,mlp,467,7
5128,2.resid.20831,2,resid,117,12
5129,9.mlp.9043,9,mlp,478,13
5130,3.attn.28984,3,attn,186,38
5131,9.mlp.6959,9,mlp,398,6
5132,3.attn.4350,3,attn,126,2
5133,9.attn.26282,9,attn,252,4
5134,3.attn.36304,3,attn,155,2
5135,9.attn.13544,9,attn,133,21
5136,3.attn.20517,3,attn,299,2
5137,9.attn.7697,9,attn,850,21
5138,3.attn.35945,3,attn,296,2
5139,9.attn.2814,9,attn,426,1
5140,3.attn.8644,3,attn,171,8
5141,9.attn.2896,9,attn,575,9
5142,3.attn.907,3,attn,240,2
5143,9.attn.26501,9,attn,311,1
5144,3.attn.36353,3,attn,142,23
5145,3.attn.37985,3,attn,352,8
5146,9.attn.7926,9,attn,339,9
5147,3.attn.6659,3,attn,395,2
5148,9.attn.20421,9,attn,501,9
5149,3.attn.3281,3,attn,171,10
5150,9.attn.24229,9,attn,211,5
5151,3.attn.10180,3,attn,138,20
5152,9.attn.36674,9,attn,564,9
5153,3.attn.29119,3,attn,325,2
5154,9.attn.36639,9,attn,506,1
5155,3.attn.14564,3,attn,135,348
5156,9.attn.9191,9,attn,381,9
5157,3.attn.6779,3,attn,347,2
5158,9.attn.13402,9,attn,259,1
5159,3.attn.23156,3,attn,117,19
5160,9.attn.30006,9,attn,212,21
5161,3.attn.906,3,attn,148,48
5162,9.attn.12489,9,attn,598,9
5163,3.attn.2379,3,attn,282,2
5164,9.attn.2892,9,attn,298,1
5165,3.attn.4241,3,attn,193,8
5166,9.attn.7864,9,attn,391,30
5167,3.attn.31055,3,attn,280,2
5168,9.attn.2148,9,attn,648,44
5169,3.attn.14940,3,attn,248,2
5170,9.attn.24482,9,attn,383,9
5171,3.attn.23557,3,attn,157,2
5172,9.attn.3778,9,attn,483,4
5173,3.attn.28651,3,attn,135,7
5174,9.attn.32787,9,attn,876,2
5175,3.attn.8684,3,attn,236,6
5176,9.attn.17257,9,attn,537,158
5177,3.attn.10921,3,attn,231,14
5178,9.attn.33201,9,attn,272,9
5179,3.attn.13063,3,attn,223,15
5180,9.attn.40028,9,attn,439,9
5181,9.attn.25095,9,attn,334,1
5182,3.attn.37017,3,attn,139,349
5183,9.attn.20398,9,attn,723,32
5184,3.attn.39182,3,attn,131,16
5185,9.attn.23277,9,attn,557,30
5186,3.mlp.8091,3,mlp,222,6
5187,8.resid.20694,8,resid,650,23
5188,3.mlp.15548,3,mlp,408,2
5189,8.resid.25348,8,resid,557,14
5190,3.mlp.16910,3,mlp,237,28
5191,8.resid.29658,8,resid,792,23
5192,3.mlp.30009,3,mlp,176,34
5193,8.resid.23461,8,resid,675,23
5194,3.mlp.1856,3,mlp,187,5
5195,8.resid.8653,8,resid,297,6
5196,3.mlp.32279,3,mlp,236,25
5197,8.resid.25919,8,resid,491,18
5198,3.mlp.14917,3,mlp,311,44
5199,8.resid.8036,8,resid,620,27
5200,3.mlp.35734,3,mlp,161,19
5201,8.resid.27999,8,resid,438,7
5202,3.mlp.16249,3,mlp,217,0
5203,8.resid.13727,8,resid,639,20
5204,3.mlp.23075,3,mlp,350,8
5205,8.resid.39305,8,resid,501,18
5206,3.mlp.20443,3,mlp,348,31
5207,8.resid.12160,8,resid,505,12
5208,3.mlp.23754,3,mlp,250,27
5209,8.resid.16108,8,resid,526,10
5210,3.mlp.10218,3,mlp,298,25
5211,8.resid.19322,8,resid,327,6
5212,3.mlp.10303,3,mlp,226,5
5213,8.resid.23885,8,resid,463,17
5214,3.mlp.10573,3,mlp,240,5
5215,8.resid.6186,8,resid,362,23
5216,3.mlp.33807,3,mlp,282,21
5217,8.resid.17168,8,resid,376,4
5218,3.mlp.22466,3,mlp,258,18
5219,8.resid.3899,8,resid,531,12
5220,3.mlp.10599,3,mlp,376,16
5221,8.resid.39146,8,resid,451,17
5222,3.mlp.22774,3,mlp,218,8
5223,8.resid.17351,8,resid,361,40
5224,3.mlp.11001,3,mlp,167,9
5225,8.resid.28074,8,resid,555,7
5226,3.mlp.23158,3,mlp,153,2
5227,8.resid.25402,8,resid,585,10
5228,3.mlp.37691,3,mlp,389,7
5229,8.resid.24293,8,resid,565,7
5230,3.mlp.36189,3,mlp,215,5
5231,8.resid.18127,8,resid,297,16
5232,3.mlp.19148,3,mlp,147,11
5233,8.resid.27130,8,resid,640,4
5234,3.mlp.13804,3,mlp,180,38
5235,8.resid.26979,8,resid,515,49
5236,3.mlp.34620,3,mlp,238,7
5237,8.resid.39110,8,resid,273,40
5238,3.mlp.9749,3,mlp,297,11
5239,8.resid.37887,8,resid,777,16
5240,3.mlp.31697,3,mlp,262,18
5241,8.resid.6961,8,resid,638,41
5242,3.resid.33753,3,resid,144,15
5243,8.mlp.28118,8,mlp,540,35
5244,3.resid.12175,3,resid,310,11
5245,8.mlp.15705,8,mlp,491,38
5246,3.resid.36199,3,resid,121,39
5247,8.mlp.32134,8,mlp,278,37
5248,3.resid.4587,3,resid,219,12
5249,8.mlp.5901,8,mlp,489,36
5250,3.resid.38373,3,resid,136,15
5251,8.mlp.11654,8,mlp,463,11
5252,3.resid.17551,3,resid,211,2
5253,8.mlp.25926,8,mlp,423,23
5254,3.resid.35214,3,resid,195,51
5255,8.mlp.35459,8,mlp,318,4
5256,3.resid.35415,3,resid,168,16
5257,8.mlp.23498,8,mlp,479,12
5258,3.resid.25131,3,resid,178,4
5259,8.mlp.13256,8,mlp,369,17
5260,3.resid.38792,3,resid,124,2
5261,8.mlp.35505,8,mlp,321,8
5262,3.resid.17423,3,resid,161,24
5263,8.mlp.38125,8,mlp,458,5
5264,3.resid.16212,3,resid,206,0
5265,8.mlp.26603,8,mlp,469,39
5266,3.resid.3581,3,resid,162,35
5267,8.mlp.14831,8,mlp,525,36
5268,3.resid.19,3,resid,285,2
5269,8.mlp.20967,8,mlp,505,27
5270,3.resid.5729,3,resid,235,5
5271,8.mlp.35467,8,mlp,485,14
5272,3.resid.10399,3,resid,126,52
5273,8.mlp.27249,8,mlp,411,50
5274,3.resid.35998,3,resid,253,5
5275,8.mlp.30913,8,mlp,315,27
5276,3.resid.12250,3,resid,278,14
5277,8.mlp.39707,8,mlp,390,6
5278,3.resid.12161,3,resid,300,49
5279,8.mlp.26040,8,mlp,403,0
5280,3.resid.28233,3,resid,188,6
5281,8.mlp.10602,8,mlp,434,12
5282,3.resid.8433,3,resid,313,42
5283,8.mlp.33689,8,mlp,388,37
5284,3.resid.19675,3,resid,172,11
5285,8.mlp.14049,8,mlp,464,11
5286,3.resid.5854,3,resid,172,5
5287,8.mlp.29647,8,mlp,408,51
5288,3.resid.5350,3,resid,321,5
5289,8.mlp.15708,8,mlp,318,41
5290,3.resid.5925,3,resid,204,5
5291,8.mlp.25655,8,mlp,444,25
5292,3.resid.24795,3,resid,218,18
5293,8.mlp.14774,8,mlp,391,12
5294,3.resid.1337,3,resid,357,6
5295,8.mlp.2996,8,mlp,272,73
5296,3.resid.21608,3,resid,190,51
5297,8.mlp.6363,8,mlp,282,1
5298,4.attn.12544,4,attn,251,14
5299,8.mlp.31501,8,mlp,579,419
5300,4.attn.7003,4,attn,282,45
5301,8.attn.13597,8,attn,375,4
5302,4.attn.23168,4,attn,136,2
5303,8.attn.4874,8,attn,414,7
5304,4.attn.17707,4,attn,224,19
5305,4.attn.27370,4,attn,213,24
5306,8.attn.21835,8,attn,243,13
5307,4.attn.15834,4,attn,179,14
5308,8.attn.29239,8,attn,501,1
5309,4.attn.36822,4,attn,192,2
5310,4.attn.40789,4,attn,90,92
5311,8.attn.29991,8,attn,429,9
5312,4.attn.12387,4,attn,194,1
5313,4.attn.11895,4,attn,198,2
5314,8.attn.20798,8,attn,338,33
5315,4.attn.7099,4,attn,214,15
5316,8.attn.18481,8,attn,276,9
5317,4.attn.2343,4,attn,224,2
5318,8.attn.4413,8,attn,382,14
5319,4.attn.6483,4,attn,119,4
5320,4.attn.31939,4,attn,233,7
5321,8.attn.16688,8,attn,685,0
5322,4.attn.35845,4,attn,234,24
5323,8.attn.35691,8,attn,639,17
5324,4.attn.38382,4,attn,266,2
5325,8.attn.16372,8,attn,359,1
5326,4.attn.31852,4,attn,308,11
5327,8.attn.18675,8,attn,262,1
5328,4.attn.20776,4,attn,155,2
5329,8.attn.28482,8,attn,567,9
5330,4.attn.14155,4,attn,321,2
5331,8.attn.37830,8,attn,425,22
5332,4.attn.30179,4,attn,255,2
5333,8.attn.30666,8,attn,355,48
5334,4.attn.26667,4,attn,220,2
5335,8.attn.15443,8,attn,301,4
5336,4.attn.8517,4,attn,209,2
5337,8.attn.33967,8,attn,143,9
5338,4.attn.34603,4,attn,176,34
5339,8.attn.31554,8,attn,251,1
5340,4.attn.5832,4,attn,263,25
5341,8.attn.29323,8,attn,446,24
5342,4.attn.27761,4,attn,186,7
5343,4.attn.15302,4,attn,223,12
5344,8.attn.18087,8,attn,268,1
5345,4.attn.35219,4,attn,255,14
5346,8.attn.16876,8,attn,259,17
5347,4.attn.15514,4,attn,160,2
5348,8.attn.29110,8,attn,372,23
5349,4.attn.14122,4,attn,193,2
5350,4.mlp.20758,4,mlp,304,8
5351,7.resid.11194,7,resid,272,4
5352,4.mlp.8648,4,mlp,197,28
5353,7.resid.39877,7,resid,564,22
5354,4.mlp.19785,4,mlp,447,0
5355,7.resid.30413,7,resid,429,24
5356,4.mlp.28517,4,mlp,187,27
5357,7.resid.11705,7,resid,424,8
5358,4.mlp.31698,4,mlp,227,15
5359,7.resid.21603,7,resid,472,10
5360,4.mlp.20219,4,mlp,412,0
5361,7.resid.36672,7,resid,511,14
5362,4.mlp.11388,4,mlp,451,31
5363,7.resid.4869,7,resid,282,19
5364,4.mlp.3307,4,mlp,187,19
5365,7.resid.14683,7,resid,489,48
5366,4.mlp.691,4,mlp,261,13
5367,7.resid.26348,7,resid,510,44
5368,4.mlp.1851,4,mlp,277,16
5369,7.resid.27541,7,resid,350,18
5370,4.mlp.12773,4,mlp,265,18
5371,7.resid.12016,7,resid,559,15
5372,4.mlp.5198,4,mlp,151,44
5373,7.resid.33527,7,resid,452,26
5374,4.mlp.4257,4,mlp,378,4
5375,7.resid.6442,7,resid,369,5
5376,4.mlp.24967,4,mlp,307,15
5377,7.resid.31212,7,resid,439,23
5378,4.mlp.21969,4,mlp,382,20
5379,7.resid.25654,7,resid,292,4
5380,4.mlp.3628,4,mlp,216,17
5381,7.resid.18798,7,resid,572,14
5382,4.mlp.40171,4,mlp,215,25
5383,7.resid.16444,7,resid,408,23
5384,4.mlp.30000,4,mlp,302,5
5385,7.resid.25645,7,resid,437,18
5386,4.mlp.15976,4,mlp,560,4
5387,7.resid.21980,7,resid,475,24
5388,4.mlp.17759,4,mlp,292,53
5389,7.resid.38964,7,resid,393,46
5390,4.mlp.27680,4,mlp,449,0
5391,7.resid.21451,7,resid,427,39
5392,4.mlp.12897,4,mlp,351,11
5393,7.resid.39916,7,resid,423,5
5394,4.mlp.37965,4,mlp,271,18
5395,7.resid.25121,7,resid,641,20
5396,4.mlp.21802,4,mlp,276,5
5397,7.resid.32376,7,resid,464,36
5398,4.mlp.37311,4,mlp,329,27
5399,7.resid.14251,7,resid,522,27
5400,4.mlp.35907,4,mlp,256,37
5401,7.resid.13517,7,resid,619,1
5402,4.mlp.25528,4,mlp,250,25
5403,7.resid.35977,7,resid,662,1
5404,4.mlp.4554,4,mlp,279,15
5405,7.resid.10074,7,resid,290,20
5406,4.resid.1647,4,resid,284,10
5407,7.resid.18962,7,resid,436,19
5408,4.resid.14071,4,resid,309,15
5409,7.mlp.16402,7,mlp,406,84
5410,4.resid.7535,4,resid,276,14
5411,7.mlp.16933,7,mlp,329,29
5412,4.resid.27659,4,resid,291,5
5413,7.mlp.39495,7,mlp,495,63
5414,4.resid.27291,4,resid,141,11
5415,7.mlp.25530,7,mlp,375,8
5416,4.resid.33895,4,resid,243,36
5417,7.mlp.14037,7,mlp,271,5
5418,4.resid.26794,4,resid,282,8
5419,7.mlp.26780,7,mlp,484,36
5420,4.resid.1184,4,resid,263,5
5421,7.mlp.24413,7,mlp,326,13
5422,4.resid.34008,4,resid,391,19
5423,7.mlp.5463,7,mlp,155,14
5424,4.resid.7912,4,resid,313,13
5425,7.mlp.9834,7,mlp,470,8
5426,4.resid.36311,4,resid,369,31
5427,7.mlp.13819,7,mlp,495,760
5428,4.resid.34333,4,resid,247,52
5429,7.mlp.39707,7,mlp,475,27
5430,4.resid.14880,4,resid,344,0
5431,7.mlp.29538,7,mlp,481,19
5432,4.resid.24517,4,resid,196,6
5433,7.mlp.26112,7,mlp,352,32
5434,4.resid.26536,4,resid,172,36
5435,7.mlp.25018,7,mlp,367,63
5436,4.resid.20680,4,resid,464,19
5437,7.mlp.15625,7,mlp,486,10
5438,4.resid.1869,4,resid,205,19
5439,7.mlp.19515,7,mlp,478,55
5440,4.resid.24460,4,resid,178,5
5441,7.mlp.28377,7,mlp,288,66
5442,4.resid.2205,4,resid,269,41
5443,7.mlp.25619,7,mlp,494,7
5444,4.resid.3869,4,resid,251,4
5445,7.mlp.9959,7,mlp,728,10
5446,4.resid.25347,4,resid,344,8
5447,7.mlp.13206,7,mlp,400,7
5448,4.resid.28789,4,resid,383,23
5449,7.mlp.15702,7,mlp,366,5
5450,4.resid.31471,4,resid,331,6
5451,7.mlp.38223,7,mlp,409,8
5452,4.resid.37667,4,resid,429,10
5453,7.mlp.16040,7,mlp,417,2
5454,4.resid.11027,4,resid,398,57
5455,7.mlp.36988,7,mlp,222,38
5456,4.resid.9111,4,resid,179,1
5457,7.mlp.26659,7,mlp,520,1
5458,4.resid.20231,4,resid,239,46
5459,7.mlp.12786,7,mlp,451,24
5460,4.resid.13764,4,resid,409,4
5461,7.mlp.4715,7,mlp,359,23
5462,4.resid.24578,4,resid,186,5
5463,7.mlp.30825,7,mlp,284,5
5464,5.attn.3146,5,attn,179,2
5465,7.attn.36057,7,attn,511,0
5466,5.attn.29151,5,attn,337,0
5467,7.attn.7853,7,attn,380,1
5468,5.attn.25273,5,attn,205,3
5469,7.attn.39863,7,attn,548,1
5470,5.attn.28259,5,attn,105,20
5471,7.attn.33084,7,attn,512,0
5472,5.attn.16593,5,attn,186,1
5473,7.attn.17962,7,attn,315,43
5474,5.attn.33988,5,attn,315,0
5475,7.attn.40722,7,attn,365,44
5476,5.attn.39463,5,attn,245,20
5477,7.attn.26697,7,attn,159,21
5478,5.attn.18661,5,attn,359,0
5479,7.attn.16599,7,attn,558,0
5480,5.attn.34353,5,attn,402,0
5481,7.attn.3265,7,attn,210,0
5482,5.attn.12816,5,attn,396,8
5483,7.attn.3894,7,attn,352,0
5484,7.attn.7485,7,attn,443,0
5485,5.attn.26739,5,attn,224,24
5486,7.attn.10545,7,attn,582,1
5487,5.attn.20903,5,attn,290,14
5488,7.attn.16178,7,attn,296,1
5489,5.attn.28063,5,attn,181,17
5490,7.attn.10604,7,attn,418,43
5491,5.attn.30065,5,attn,215,13
5492,5.attn.20468,5,attn,417,0
5493,7.attn.17893,7,attn,363,21
5494,5.attn.16703,5,attn,264,6
5495,7.attn.16531,7,attn,453,4
5496,5.attn.23868,5,attn,185,0
5497,5.attn.35392,5,attn,266,0
5498,7.attn.25432,7,attn,291,43
5499,5.attn.12084,5,attn,258,20
5500,7.attn.33880,7,attn,569,9
5501,5.attn.3712,5,attn,259,0
5502,7.attn.34526,7,attn,398,9
5503,5.attn.12932,5,attn,339,0
5504,7.attn.18497,7,attn,289,10
5505,7.attn.24176,7,attn,305,1
5506,5.attn.23174,5,attn,349,13
5507,7.attn.11375,7,attn,188,40
5508,5.attn.16448,5,attn,304,27
5509,7.attn.2861,7,attn,391,14
5510,5.mlp.3261,5,mlp,297,5
5511,7.attn.10473,7,attn,325,18
5512,5.mlp.12812,5,mlp,297,0
5513,6.resid.33336,6,resid,353,5
5514,5.mlp.12862,5,mlp,317,0
5515,6.resid.39521,6,resid,417,5
5516,5.mlp.13511,5,mlp,422,7
5517,6.resid.29182,6,resid,498,0
5518,5.mlp.19864,5,mlp,611,11
5519,6.resid.14476,6,resid,444,0
5520,5.mlp.20764,5,mlp,505,14
5521,6.resid.141,6,resid,484,0
5522,5.mlp.15049,5,mlp,222,37
5523,6.resid.17027,6,resid,399,10
5524,5.mlp.12823,5,mlp,447,0
5525,6.resid.5231,6,resid,409,28
5526,5.mlp.9966,5,mlp,242,33
5527,6.resid.36958,6,resid,450,8
5528,5.mlp.26491,5,mlp,365,18
5529,6.resid.22410,6,resid,382,20
5530,5.mlp.40450,5,mlp,203,10
5531,6.resid.38303,6,resid,419,38
5532,5.mlp.10168,5,mlp,325,0
5533,6.resid.1917,6,resid,401,16
5534,5.mlp.20213,5,mlp,524,6
5535,6.resid.3078,6,resid,389,18
5536,5.mlp.39927,5,mlp,309,5
5537,6.resid.29067,6,resid,396,47
5538,5.mlp.22191,5,mlp,355,13
5539,6.resid.4477,6,resid,465,16
5540,5.mlp.34102,5,mlp,286,19
5541,6.resid.9139,6,resid,358,0
5542,5.mlp.34339,5,mlp,396,1
5543,6.resid.31104,6,resid,425,10
5544,5.mlp.10805,5,mlp,402,0
5545,6.resid.14349,6,resid,342,0
5546,5.mlp.21258,5,mlp,215,25
5547,6.resid.15554,6,resid,361,61
5548,5.mlp.19262,5,mlp,313,25
5549,6.resid.39811,6,resid,411,46
5550,5.mlp.35992,5,mlp,363,8
5551,6.resid.26247,6,resid,612,20
5552,5.mlp.23242,5,mlp,497,0
5553,6.resid.35678,6,resid,378,5
5554,5.mlp.38092,5,mlp,382,0
5555,6.resid.20003,6,resid,242,10
5556,5.mlp.35180,5,mlp,180,5
5557,6.resid.9854,6,resid,390,16
5558,5.mlp.24965,5,mlp,271,27
5559,6.resid.29308,6,resid,431,10
5560,5.mlp.22904,5,mlp,392,2
5561,6.resid.13250,6,resid,385,48
5562,5.mlp.26326,5,mlp,376,30
5563,6.resid.24207,6,resid,296,20
5564,5.mlp.11433,5,mlp,286,6
5565,6.resid.10103,6,resid,300,23
5566,5.mlp.10953,5,mlp,335,30
5567,6.resid.40348,6,resid,416,35
5568,5.resid.34426,5,resid,267,16
5569,6.mlp.16874,6,mlp,485,0
5570,5.resid.25214,5,resid,248,36
5571,6.mlp.8858,6,mlp,427,6
5572,5.resid.8051,5,resid,298,0
5573,6.mlp.7612,6,mlp,482,12
5574,5.resid.35260,5,resid,301,13
5575,6.mlp.32827,6,mlp,559,17
5576,5.resid.3680,5,resid,377,4
5577,6.mlp.30690,6,mlp,413,18
5578,5.resid.22182,5,resid,348,14
5579,6.mlp.23672,6,mlp,347,12
5580,5.resid.22051,5,resid,285,15
5581,6.mlp.29028,6,mlp,390,26
5582,5.resid.16237,5,resid,384,30
5583,6.mlp.34527,6,mlp,342,25
5584,5.resid.23475,5,resid,388,21
5585,6.mlp.32833,6,mlp,205,8
5586,5.resid.24011,5,resid,358,22
5587,6.mlp.7946,6,mlp,440,50
5588,5.resid.6465,5,resid,391,0
5589,6.mlp.22360,6,mlp,352,45
5590,5.resid.22192,5,resid,335,25
5591,6.mlp.15217,6,mlp,467,16
5592,5.resid.33027,5,resid,330,16
5593,6.mlp.31812,6,mlp,567,20
5594,5.resid.32286,5,resid,367,0
5595,6.mlp.16694,6,mlp,366,0
5596,5.resid.27296,5,resid,300,18
5597,6.mlp.1140,6,mlp,418,5
5598,5.resid.39464,5,resid,306,14
5599,6.mlp.33644,6,mlp,272,30
5600,5.resid.29186,5,resid,396,39
5601,6.mlp.104,6,mlp,379,0
5602,5.resid.33009,5,resid,327,23
5603,6.mlp.16891,6,mlp,464,14
5604,5.resid.5581,5,resid,261,17
5605,6.mlp.852,6,mlp,441,43
5606,5.resid.9013,5,resid,288,30
5607,6.mlp.17061,6,mlp,307,5
5608,5.resid.27223,5,resid,341,16
5609,6.mlp.1836,6,mlp,473,21
5610,5.resid.19058,5,resid,453,0
5611,6.mlp.13259,6,mlp,205,35
5612,5.resid.35178,5,resid,375,29
5613,6.mlp.26031,6,mlp,315,28
5614,5.resid.8948,5,resid,366,8
5615,6.mlp.40427,6,mlp,254,31
5616,5.resid.853,5,resid,528,22
5617,6.mlp.38107,6,mlp,430,0
5618,5.resid.38169,5,resid,296,5
5619,6.mlp.23174,6,mlp,380,17
5620,5.resid.17662,5,resid,318,54
5621,6.mlp.22460,6,mlp,423,5
5622,5.resid.5362,5,resid,236,10
5623,6.mlp.16236,6,mlp,403,12
5624,6.attn.26583,6,attn,229,9
5625,6.attn.32036,6,attn,266,20
5626,6.attn.9039,6,attn,209,12
5627,6.attn.6889,6,attn,281,0
5628,6.attn.18249,6,attn,322,21
5629,6.attn.6598,6,attn,482,5
5630,6.attn.12323,6,attn,485,36
5631,6.attn.25810,6,attn,201,2
5632,6.attn.38069,6,attn,242,0
5633,6.attn.3527,6,attn,260,14
5634,6.attn.9424,6,attn,408,20
5635,6.attn.37366,6,attn,348,0
5636,6.attn.16699,6,attn,193,9
5637,6.attn.33753,6,attn,509,0
5638,6.attn.23452,6,attn,377,0
5639,6.attn.20116,6,attn,207,1
5640,6.attn.16022,6,attn,308,1
5641,6.attn.38441,6,attn,303,0
5642,6.attn.21197,6,attn,376,14
5643,6.attn.31592,6,attn,277,0
5644,6.attn.28913,6,attn,292,1
5645,6.attn.8550,6,attn,252,1
5646,6.attn.15112,6,attn,335,0
5647,6.attn.10605,6,attn,221,0
5648,6.attn.27260,6,attn,368,1
5649,6.attn.11934,6,attn,197,0
5650,0.mlp.1219,0,mlp,27,357
5651,0.mlp.3113,0,mlp,19,8
5652,11.resid.30373,11,resid,592,3
5653,0.mlp.26949,0,mlp,9,358
5654,11.resid.27380,11,resid,446,27
5655,0.mlp.8221,0,mlp,16,359
5656,11.resid.10373,11,resid,616,3
5657,0.mlp.25181,0,mlp,19,360
5658,11.resid.13086,11,resid,253,3
5659,0.mlp.33290,0,mlp,42,34
5660,11.resid.34045,11,resid,737,17
5661,0.mlp.1796,0,mlp,53,6
5662,11.resid.13472,11,resid,546,3
5663,0.mlp.26430,0,mlp,36,0
5664,11.resid.24479,11,resid,670,18
5665,0.mlp.10381,0,mlp,19,361
5666,11.resid.29305,11,resid,630,3
5667,0.mlp.27736,0,mlp,17,29
5668,11.resid.32701,11,resid,631,3
5669,0.mlp.4380,0,mlp,15,362
5670,11.resid.40663,11,resid,777,14
5671,0.mlp.10563,0,mlp,19,363
5672,11.resid.13145,11,resid,840,3
5673,0.mlp.17849,0,mlp,15,364
5674,11.resid.11513,11,resid,494,40
5675,0.mlp.13055,0,mlp,10,365
5676,11.resid.20240,11,resid,646,14
5677,0.mlp.26734,0,mlp,52,34
5678,11.resid.32965,11,resid,584,3
5679,0.mlp.3828,0,mlp,23,53
5680,11.resid.28561,11,resid,696,3
5681,0.mlp.11790,0,mlp,12,366
5682,11.resid.5677,11,resid,437,3
5683,0.mlp.31594,0,mlp,22,7
5684,11.resid.337,11,resid,483,3
5685,0.mlp.8083,0,mlp,8,367
5686,11.resid.33546,11,resid,546,3
5687,0.mlp.31023,0,mlp,14,24
5688,11.resid.10145,11,resid,472,87
5689,0.mlp.18367,0,mlp,50,4
5690,11.resid.18315,11,resid,267,3
5691,0.mlp.6938,0,mlp,10,368
5692,11.resid.20898,11,resid,421,18
5693,0.mlp.25911,0,mlp,27,4
5694,11.resid.25366,11,resid,423,3
5695,0.mlp.824,0,mlp,15,369
5696,11.resid.14333,11,resid,338,7
5697,0.mlp.32276,0,mlp,24,42
5698,11.resid.3455,11,resid,452,40
5699,0.mlp.4619,0,mlp,18,11
5700,11.resid.4273,11,resid,758,3
5701,0.mlp.10086,0,mlp,39,35
5702,11.resid.32804,11,resid,538,10
5703,0.mlp.17672,0,mlp,9,370
5704,11.resid.38029,11,resid,480,42
5705,0.mlp.27323,0,mlp,18,4
5706,11.resid.25614,11,resid,776,23
5707,0.resid.8502,0,resid,16,371
5708,11.resid.35168,11,resid,430,4
5709,0.resid.39596,0,resid,27,6
5710,11.mlp.38550,11,mlp,332,18
5711,0.resid.38022,0,resid,67,5
5712,11.mlp.22060,11,mlp,410,19
5713,0.resid.2689,0,resid,55,31
5714,11.mlp.28189,11,mlp,554,20
5715,0.resid.14146,0,resid,17,18
5716,11.mlp.747,11,mlp,666,3
5717,0.resid.14406,0,resid,116,12
5718,11.mlp.13421,11,mlp,650,3
5719,0.resid.6397,0,resid,27,12
5720,11.mlp.23721,11,mlp,551,15
5721,0.resid.8360,0,resid,70,6
5722,11.mlp.16298,11,mlp,627,11
5723,0.resid.14661,0,resid,82,56
5724,11.mlp.35167,11,mlp,731,3
5725,0.resid.4905,0,resid,50,13
5726,11.mlp.3311,11,mlp,765,28
5727,0.resid.12693,0,resid,15,52
5728,11.mlp.20508,11,mlp,399,3
5729,0.resid.35801,0,resid,52,13
5730,11.mlp.27850,11,mlp,333,7
5731,0.resid.36295,0,resid,30,372
5732,11.mlp.10775,11,mlp,578,45
5733,0.resid.9251,0,resid,56,34
5734,11.mlp.25456,11,mlp,610,4
5735,0.resid.11949,0,resid,17,7
5736,11.mlp.29858,11,mlp,528,3
5737,0.resid.28245,0,resid,136,33
5738,11.mlp.40276,11,mlp,305,3
5739,0.resid.24621,0,resid,25,46
5740,11.mlp.5961,11,mlp,327,3
5741,0.resid.70,0,resid,34,5
5742,11.mlp.7375,11,mlp,351,3
5743,0.resid.26547,0,resid,24,373
5744,11.mlp.25533,11,mlp,430,12
5745,0.resid.35276,0,resid,37,24
5746,11.mlp.15675,11,mlp,381,607
5747,0.resid.27712,0,resid,80,10
5748,11.mlp.587,11,mlp,710,3
5749,0.resid.17316,0,resid,39,9
5750,11.mlp.30282,11,mlp,617,21
5751,0.resid.17063,0,resid,153,34
5752,11.mlp.11704,11,mlp,664,13
5753,0.resid.24667,0,resid,92,17
5754,11.mlp.28722,11,mlp,261,7
5755,0.resid.21536,0,resid,32,20
5756,11.mlp.16006,11,mlp,360,3
5757,0.resid.29463,0,resid,20,15
5758,11.mlp.26213,11,mlp,612,42
5759,0.resid.224,0,resid,145,26
5760,11.mlp.17369,11,mlp,323,3
5761,0.resid.20835,0,resid,28,374
5762,11.mlp.34093,11,mlp,567,3
5763,11.mlp.7311,11,mlp,393,3
5764,11.attn.18973,11,attn,447,23
5765,11.attn.25308,11,attn,390,9
5766,11.attn.10647,11,attn,274,3
5767,11.attn.8759,11,attn,260,28
5768,11.attn.33608,11,attn,712,9
5769,11.attn.30154,11,attn,755,6
5770,11.attn.27617,11,attn,1017,9
5771,11.attn.12431,11,attn,367,81
5772,11.attn.30600,11,attn,306,1
5773,1.attn.39307,1,attn,124,23
5774,11.attn.38435,11,attn,584,655
5775,11.attn.6172,11,attn,623,73
5776,11.attn.11775,11,attn,856,21
5777,11.attn.1690,11,attn,596,16
5778,11.attn.17388,11,attn,259,9
5779,11.attn.7406,11,attn,371,19
5780,11.attn.37456,11,attn,708,9
5781,11.attn.6381,11,attn,310,3
5782,11.attn.23835,11,attn,366,1
5783,1.attn.19768,1,attn,35,34
5784,11.attn.21401,11,attn,748,1
5785,11.attn.21603,11,attn,1140,2
5786,1.attn.23243,1,attn,127,35
5787,11.attn.8811,11,attn,625,23
5788,1.attn.19390,1,attn,97,51
5789,11.attn.17068,11,attn,261,7
5790,1.attn.36796,1,attn,129,33
5791,11.attn.26048,11,attn,348,1
5792,1.attn.20384,1,attn,53,10
5793,11.attn.30926,11,attn,516,541
5794,1.attn.25434,1,attn,63,10
5795,11.attn.30308,11,attn,697,3
5796,1.mlp.17447,1,mlp,162,14
5797,10.resid.15566,10,resid,692,63
5798,1.mlp.21342,1,mlp,162,28
5799,10.resid.14610,10,resid,699,38
5800,1.mlp.426,1,mlp,109,11
5801,10.resid.15327,10,resid,554,15
5802,1.mlp.6558,1,mlp,170,18
5803,10.resid.36667,10,resid,871,1
5804,1.mlp.2153,1,mlp,131,22
5805,10.resid.1334,10,resid,608,29
5806,1.mlp.19314,1,mlp,113,37
5807,10.resid.21494,10,resid,381,3
5808,1.mlp.23609,1,mlp,96,6
5809,10.resid.36682,10,resid,510,6
5810,1.mlp.34765,1,mlp,133,25
5811,10.resid.25751,10,resid,345,3
5812,1.mlp.6415,1,mlp,174,21
5813,10.resid.21741,10,resid,596,28
5814,1.mlp.23337,1,mlp,162,10
5815,10.resid.40164,10,resid,685,4
5816,1.mlp.13937,1,mlp,181,10
5817,10.resid.12083,10,resid,564,26
5818,1.mlp.22442,1,mlp,106,30
5819,10.resid.560,10,resid,376,4
5820,1.mlp.33160,1,mlp,114,14
5821,10.resid.40520,10,resid,844,5
5822,1.mlp.19874,1,mlp,130,5
5823,10.resid.2538,10,resid,809,47
5824,1.mlp.24678,1,mlp,164,12
5825,10.resid.14982,10,resid,463,6
5826,1.mlp.2677,1,mlp,254,17
5827,10.resid.25378,10,resid,731,29
5828,1.mlp.10625,1,mlp,181,13
5829,10.resid.8281,10,resid,644,4
5830,1.mlp.14712,1,mlp,96,64
5831,10.resid.4163,10,resid,845,12
5832,1.mlp.32883,1,mlp,210,10
5833,10.resid.31256,10,resid,423,75
5834,1.mlp.17127,1,mlp,159,10
5835,10.resid.8016,10,resid,603,14
5836,1.mlp.29234,1,mlp,224,13
5837,10.resid.547,10,resid,447,1
5838,1.mlp.17227,1,mlp,85,0
5839,10.resid.26207,10,resid,697,11
5840,1.mlp.3909,1,mlp,142,13
5841,10.resid.30298,10,resid,378,9
5842,1.mlp.3446,1,mlp,232,54
5843,10.resid.20408,10,resid,722,22
5844,1.mlp.10760,1,mlp,110,53
5845,10.resid.19064,10,resid,741,23
5846,1.mlp.38883,1,mlp,118,0
5847,10.resid.4573,10,resid,581,7
5848,1.mlp.10486,1,mlp,104,5
5849,10.resid.21523,10,resid,619,23
5850,1.mlp.15153,1,mlp,90,5
5851,10.resid.22165,10,resid,749,1
5852,1.resid.29360,1,resid,57,7
5853,10.resid.16337,10,resid,878,2
5854,1.resid.11128,1,resid,45,2
5855,10.mlp.14874,10,mlp,751,115
5856,1.resid.25066,1,resid,127,33
5857,10.mlp.18713,10,mlp,481,496
5858,1.resid.23745,1,resid,51,6
5859,10.mlp.14925,10,mlp,443,13
5860,1.resid.26288,1,resid,146,20
5861,10.mlp.36208,10,mlp,601,16
5862,1.resid.32723,1,resid,107,24
5863,10.mlp.32186,10,mlp,604,8
5864,1.resid.14649,1,resid,113,13
5865,10.mlp.36809,10,mlp,696,28
5866,1.resid.38301,1,resid,107,30
5867,10.mlp.10573,10,mlp,221,7
5868,1.resid.35993,1,resid,72,23
5869,10.mlp.8398,10,mlp,271,4
5870,1.resid.22520,1,resid,63,4
5871,10.mlp.4923,10,mlp,345,28
5872,1.resid.31955,1,resid,72,27
5873,10.mlp.18334,10,mlp,323,38
5874,1.resid.11129,1,resid,73,30
5875,10.mlp.25544,10,mlp,406,23
5876,1.resid.6472,1,resid,43,4
5877,10.mlp.5867,10,mlp,781,3
5878,1.resid.9016,1,resid,68,6
5879,10.mlp.7747,10,mlp,509,19
5880,1.resid.15545,1,resid,109,53
5881,10.mlp.24237,10,mlp,556,3
5882,1.resid.28191,1,resid,154,31
5883,10.mlp.8951,10,mlp,384,38
5884,1.resid.125,1,resid,91,13
5885,10.mlp.10945,10,mlp,390,22
5886,1.resid.28442,1,resid,152,8
5887,10.mlp.3072,10,mlp,627,13
5888,1.resid.28053,1,resid,153,4
5889,10.mlp.1619,10,mlp,475,6
5890,1.resid.21389,1,resid,58,4
5891,10.mlp.25100,10,mlp,473,37
5892,1.resid.17902,1,resid,83,11
5893,10.mlp.21183,10,mlp,347,94
5894,1.resid.14622,1,resid,127,26
5895,10.mlp.25879,10,mlp,464,34
5896,1.resid.33259,1,resid,88,35
5897,10.mlp.11064,10,mlp,464,155
5898,1.resid.9266,1,resid,41,2
5899,10.mlp.11526,10,mlp,477,19
5900,1.resid.6702,1,resid,112,25
5901,10.mlp.30745,10,mlp,660,1
5902,1.resid.17316,1,resid,62,17
5903,10.mlp.34702,10,mlp,605,2
5904,1.resid.12005,1,resid,176,25
5905,10.mlp.4006,10,mlp,622,10
5906,1.resid.917,1,resid,78,2
5907,10.mlp.36235,10,mlp,616,6
5908,1.resid.5532,1,resid,43,6
5909,10.mlp.1172,10,mlp,476,10
5910,10.attn.29665,10,attn,268,9
5911,2.attn.32494,2,attn,166,28
5912,10.attn.23886,10,attn,726,20
5913,2.attn.8408,2,attn,159,2
5914,10.attn.4798,10,attn,252,7
5915,10.attn.3630,10,attn,347,1
5916,2.attn.37184,2,attn,80,2
5917,10.attn.16803,10,attn,341,22
5918,2.attn.16331,2,attn,99,5
5919,10.attn.27033,10,attn,512,114
5920,2.attn.38286,2,attn,137,6
5921,10.attn.23748,10,attn,646,21
5922,10.attn.17047,10,attn,549,1
5923,2.attn.29277,2,attn,230,2
5924,10.attn.40096,10,attn,485,24
5925,2.attn.33758,2,attn,111,15
5926,10.attn.9575,10,attn,582,22
5927,2.attn.14400,2,attn,184,22
5928,10.attn.19115,10,attn,404,1
5929,2.attn.24047,2,attn,111,35
5930,10.attn.7439,10,attn,280,1
5931,2.attn.24302,2,attn,94,18
5932,10.attn.36324,10,attn,286,6
5933,2.attn.25675,2,attn,120,15
5934,10.attn.27845,10,attn,305,9
5935,10.attn.13346,10,attn,248,40
5936,10.attn.18047,10,attn,511,6
5937,2.attn.16643,2,attn,158,5
5938,10.attn.31142,10,attn,231,3
5939,10.attn.14996,10,attn,510,25
5940,2.attn.35716,2,attn,182,35
5941,10.attn.38205,10,attn,237,40
5942,2.attn.22452,2,attn,140,0
5943,2.attn.21521,2,attn,117,2
5944,10.attn.14475,10,attn,295,81
5945,10.attn.27575,10,attn,190,21
5946,10.attn.25641,10,attn,866,1
5947,10.attn.10458,10,attn,498,5
5948,2.attn.29137,2,attn,84,42
5949,10.attn.4270,10,attn,282,19
5950,2.attn.28778,2,attn,155,30
5951,10.attn.11768,10,attn,819,29
5952,2.mlp.16899,2,mlp,199,11
5953,10.attn.1496,10,attn,492,9
5954,2.mlp.9586,2,mlp,203,5
5955,9.resid.7116,9,resid,699,17
5956,2.mlp.32544,2,mlp,259,2
5957,9.resid.39647,9,resid,592,69
5958,2.mlp.38677,2,mlp,110,11
5959,9.resid.12537,9,resid,624,5
5960,2.mlp.17282,2,mlp,209,26
5961,9.resid.13262,9,resid,636,7
5962,2.mlp.23058,2,mlp,211,24
5963,9.resid.16652,9,resid,529,1
5964,2.mlp.37486,2,mlp,154,35
5965,9.resid.5724,9,resid,395,56
5966,2.mlp.14274,2,mlp,258,2
5967,9.resid.34939,9,resid,377,497
5968,2.mlp.38678,2,mlp,112,9
5969,9.resid.28846,9,resid,555,1
5970,2.mlp.32377,2,mlp,335,2
5971,9.resid.35519,9,resid,478,532
5972,2.mlp.6504,2,mlp,183,13
5973,9.resid.19822,9,resid,878,5
5974,2.mlp.2039,2,mlp,97,2
5975,9.resid.14243,9,resid,892,1
5976,2.mlp.7478,2,mlp,183,17
5977,9.resid.2665,9,resid,573,12
5978,2.mlp.11388,2,mlp,141,27
5979,9.resid.6333,9,resid,607,18
5980,2.mlp.4433,2,mlp,177,9
5981,9.resid.16341,9,resid,322,4
5982,2.mlp.13737,2,mlp,313,39
5983,9.resid.7210,9,resid,664,17
5984,2.mlp.41,2,mlp,274,32
5985,9.resid.16465,9,resid,526,10
5986,2.mlp.37257,2,mlp,243,4
5987,9.resid.2072,9,resid,648,30
5988,2.mlp.14630,2,mlp,126,30
5989,9.resid.36662,9,resid,719,14
5990,2.mlp.33845,2,mlp,215,4
5991,9.resid.3030,9,resid,644,2
5992,2.mlp.14457,2,mlp,136,11
5993,9.resid.20996,9,resid,434,23
5994,2.mlp.14286,2,mlp,148,6
5995,9.resid.3490,9,resid,371,21
5996,2.mlp.10091,2,mlp,111,8
5997,9.resid.33013,9,resid,478,7
5998,2.mlp.8363,2,mlp,139,19
5999,9.resid.31723,9,resid,522,489
6000,2.mlp.22652,2,mlp,152,31
6001,9.resid.11506,9,resid,725,14
6002,2.mlp.11608,2,mlp,208,34
6003,9.resid.35009,9,resid,355,4
6004,2.mlp.36319,2,mlp,283,10
6005,9.resid.25849,9,resid,552,42
6006,2.mlp.3763,2,mlp,177,2
6007,9.resid.7799,9,resid,624,12
6008,2.mlp.11652,2,mlp,309,24
6009,9.resid.341,9,resid,487,6
6010,2.resid.36253,2,resid,157,6
6011,9.mlp.31412,9,mlp,439,21
6012,2.resid.14906,2,resid,249,7
6013,9.mlp.22342,9,mlp,531,20
6014,2.resid.18456,2,resid,197,17
6015,9.mlp.975,9,mlp,482,7
6016,2.resid.32443,2,resid,261,4
6017,9.mlp.16706,9,mlp,466,26
6018,2.resid.38509,2,resid,89,26
6019,9.mlp.24663,9,mlp,350,6
6020,2.resid.14118,2,resid,140,18
6021,9.mlp.24612,9,mlp,329,16
6022,2.resid.27132,2,resid,94,6
6023,9.mlp.34475,9,mlp,430,8
6024,2.resid.37399,2,resid,157,42
6025,9.mlp.29630,9,mlp,558,30
6026,2.resid.3430,2,resid,149,5
6027,9.mlp.7092,9,mlp,485,26
6028,2.resid.4163,2,resid,152,31
6029,9.mlp.33646,9,mlp,637,23
6030,2.resid.17278,2,resid,161,16
6031,9.mlp.2541,9,mlp,362,14
6032,2.resid.8070,2,resid,134,4
6033,9.mlp.4152,9,mlp,296,29
6034,2.resid.36802,2,resid,105,26
6035,9.mlp.22053,9,mlp,525,6
6036,2.resid.16736,2,resid,105,42
6037,9.mlp.35249,9,mlp,416,651
6038,2.resid.6512,2,resid,191,4
6039,9.mlp.21783,9,mlp,358,14
6040,2.resid.604,2,resid,174,5
6041,9.mlp.30530,9,mlp,268,40
6042,2.resid.38351,2,resid,197,15
6043,9.mlp.29806,9,mlp,442,39
6044,2.resid.17374,2,resid,122,7
6045,9.mlp.19075,9,mlp,721,652
6046,2.resid.10746,2,resid,226,19
6047,9.mlp.80,9,mlp,357,20
6048,2.resid.31814,2,resid,164,11
6049,9.mlp.32343,9,mlp,459,5
6050,2.resid.10477,2,resid,128,4
6051,9.mlp.32504,9,mlp,440,10
6052,2.resid.13958,2,resid,164,5
6053,9.mlp.17646,9,mlp,307,21
6054,2.resid.35081,2,resid,210,4
6055,9.mlp.39516,9,mlp,601,656
6056,2.resid.22649,2,resid,121,4
6057,9.mlp.19340,9,mlp,678,4
6058,2.resid.10019,2,resid,179,4
6059,9.mlp.12956,9,mlp,643,39
6060,2.resid.18815,2,resid,179,6
6061,9.mlp.15791,9,mlp,634,79
6062,2.resid.35629,2,resid,198,11
6063,9.mlp.4017,9,mlp,620,48
6064,2.resid.15480,2,resid,163,6
6065,9.mlp.5740,9,mlp,581,752
6066,3.attn.31456,3,attn,142,31
6067,9.mlp.807,9,mlp,555,51
6068,3.attn.32167,3,attn,117,2
6069,9.attn.19131,9,attn,286,1
6070,3.attn.23828,3,attn,363,2
6071,9.attn.8693,9,attn,525,9
6072,9.attn.32390,9,attn,432,23
6073,3.attn.14435,3,attn,132,5
6074,9.attn.21770,9,attn,684,9
6075,3.attn.12112,3,attn,181,8
6076,9.attn.15069,9,attn,1211,2
6077,3.attn.21610,3,attn,208,14
6078,9.attn.813,9,attn,488,45
6079,3.attn.34725,3,attn,180,35
6080,9.attn.6069,9,attn,767,21
6081,3.attn.22346,3,attn,138,6
6082,9.attn.2160,9,attn,490,13
6083,9.attn.20028,9,attn,235,21
6084,3.attn.35734,3,attn,202,2
6085,9.attn.4433,9,attn,432,1
6086,3.attn.9032,3,attn,381,2
6087,9.attn.35621,9,attn,347,1
6088,3.attn.36249,3,attn,248,12
6089,9.attn.17548,9,attn,330,22
6090,3.attn.6042,3,attn,265,2
6091,9.attn.22913,9,attn,254,1
6092,3.attn.9449,3,attn,215,2
6093,9.attn.27492,9,attn,651,8
6094,3.attn.1654,3,attn,199,2
6095,9.attn.26589,9,attn,197,3
6096,3.attn.1105,3,attn,194,39
6097,9.attn.14311,9,attn,464,9
6098,9.attn.7307,9,attn,847,1
6099,9.attn.16275,9,attn,800,11
6100,3.attn.10409,3,attn,129,7
6101,9.attn.30097,9,attn,1073,2
6102,3.attn.28943,3,attn,458,2
6103,9.attn.16993,9,attn,565,9
6104,3.attn.5447,3,attn,184,2
6105,9.attn.36266,9,attn,254,13
6106,3.attn.18441,3,attn,182,2
6107,9.attn.5163,9,attn,489,9
6108,3.attn.7563,3,attn,164,2
6109,9.attn.31220,9,attn,145,3
6110,3.attn.16787,3,attn,105,50
6111,9.attn.19155,9,attn,312,4
6112,9.attn.2117,9,attn,990,2
6113,3.attn.35363,3,attn,223,2
6114,3.attn.38462,3,attn,193,10
6115,9.attn.4481,9,attn,289,32
6116,3.attn.36420,3,attn,162,5
6117,9.attn.22861,9,attn,471,1
6118,3.mlp.35341,3,mlp,307,82
6119,8.resid.27885,8,resid,486,19
6120,3.mlp.8571,3,mlp,182,7
6121,8.resid.7196,8,resid,421,59
6122,3.mlp.2828,3,mlp,228,4
6123,8.resid.3532,8,resid,473,1
6124,3.mlp.39687,3,mlp,250,21
6125,8.resid.31739,8,resid,446,14
6126,3.mlp.20320,3,mlp,137,10
6127,8.resid.20209,8,resid,413,41
6128,3.mlp.8823,3,mlp,329,6
6129,8.resid.36822,8,resid,677,65
6130,3.mlp.31054,3,mlp,166,30
6131,8.resid.3176,8,resid,551,6
6132,3.mlp.26783,3,mlp,279,6
6133,8.resid.5608,8,resid,215,29
6134,3.mlp.32570,3,mlp,248,22
6135,8.resid.11722,8,resid,566,6
6136,3.mlp.12908,3,mlp,386,4
6137,8.resid.38332,8,resid,571,7
6138,3.mlp.5534,3,mlp,197,5
6139,8.resid.28553,8,resid,515,39
6140,3.mlp.24193,3,mlp,205,7
6141,8.resid.18843,8,resid,557,5
6142,3.mlp.7509,3,mlp,236,39
6143,8.resid.13429,8,resid,520,48
6144,3.mlp.16020,3,mlp,184,5
6145,8.resid.11078,8,resid,540,44
6146,3.mlp.6526,3,mlp,285,35
6147,8.resid.17932,8,resid,562,28
6148,3.mlp.1318,3,mlp,279,28
6149,8.resid.27315,8,resid,432,58
6150,3.mlp.7993,3,mlp,302,31
6151,8.resid.35280,8,resid,653,17
6152,3.mlp.13798,3,mlp,202,22
6153,8.resid.36750,8,resid,418,5
6154,3.mlp.33533,3,mlp,245,4
6155,8.resid.16274,8,resid,586,15
6156,3.mlp.22365,3,mlp,209,17
6157,8.resid.210,8,resid,573,7
6158,3.mlp.29112,3,mlp,262,24
6159,8.resid.33953,8,resid,411,10
6160,3.mlp.27857,3,mlp,488,5
6161,8.resid.35000,8,resid,514,32
6162,3.mlp.10634,3,mlp,165,48
6163,8.resid.35245,8,resid,747,8
6164,3.mlp.1495,3,mlp,218,16
6165,8.resid.24677,8,resid,521,19
6166,3.mlp.32628,3,mlp,206,22
6167,8.resid.931,8,resid,538,7
6168,3.mlp.1976,3,mlp,228,4
6169,8.resid.24673,8,resid,346,13
6170,3.mlp.14291,3,mlp,173,16
6171,8.resid.9122,8,resid,532,14
6172,3.mlp.13788,3,mlp,344,5
6173,8.resid.24846,8,resid,604,4
6174,3.resid.10200,3,resid,261,15
6175,8.mlp.27204,8,mlp,325,26
6176,3.resid.29296,3,resid,171,7
6177,8.mlp.10628,8,mlp,577,17
6178,3.resid.6156,3,resid,209,22
6179,8.mlp.38011,8,mlp,553,1
6180,3.resid.14181,3,resid,208,32
6181,8.mlp.34544,8,mlp,469,20
6182,3.resid.26207,3,resid,153,17
6183,8.mlp.11815,8,mlp,438,29
6184,3.resid.20760,3,resid,218,32
6185,8.mlp.21851,8,mlp,517,19
6186,3.resid.30904,3,resid,285,19
6187,8.mlp.262,8,mlp,358,8
6188,3.resid.36302,3,resid,271,58
6189,8.mlp.33125,8,mlp,539,150
6190,3.resid.6971,3,resid,316,6
6191,8.mlp.7718,8,mlp,469,22
6192,3.resid.21088,3,resid,166,4
6193,8.mlp.13494,8,mlp,425,6
6194,3.resid.35430,3,resid,236,17
6195,8.mlp.38309,8,mlp,429,730
6196,3.resid.16263,3,resid,191,15
6197,8.mlp.39406,8,mlp,557,38
6198,3.resid.10836,3,resid,152,4
6199,8.mlp.36484,8,mlp,374,46
6200,3.resid.13086,3,resid,220,5
6201,8.mlp.20845,8,mlp,461,0
6202,3.resid.17247,3,resid,221,36
6203,8.mlp.7097,8,mlp,433,12
6204,3.resid.20444,3,resid,283,4
6205,8.mlp.15937,8,mlp,472,41
6206,3.resid.35727,3,resid,193,9
6207,8.mlp.21573,8,mlp,452,11
6208,3.resid.19120,3,resid,231,13
6209,8.mlp.31580,8,mlp,610,48
6210,3.resid.16859,3,resid,142,26
6211,8.mlp.35626,8,mlp,398,4
6212,3.resid.12775,3,resid,211,8
6213,8.mlp.25198,8,mlp,686,421
6214,3.resid.33733,3,resid,242,17
6215,8.mlp.9497,8,mlp,413,6
6216,3.resid.73,3,resid,163,38
6217,8.mlp.40111,8,mlp,258,27
6218,3.resid.16585,3,resid,290,6
6219,8.mlp.934,8,mlp,413,7
6220,3.resid.30837,3,resid,230,15
6221,8.mlp.22781,8,mlp,535,14
6222,3.resid.22844,3,resid,208,20
6223,8.mlp.39538,8,mlp,365,84
6224,3.resid.13938,3,resid,173,41
6225,8.mlp.19291,8,mlp,331,11
6226,3.resid.37288,3,resid,141,28
6227,8.mlp.37421,8,mlp,467,26
6228,3.resid.39730,3,resid,338,10
6229,8.mlp.8127,8,mlp,462,495
6230,4.attn.8960,4,attn,199,2
6231,8.mlp.16077,8,mlp,510,7
6232,4.attn.40202,4,attn,229,2
6233,8.attn.3419,8,attn,604,9
6234,4.attn.39966,4,attn,230,2
6235,4.attn.18377,4,attn,301,12
6236,8.attn.33968,8,attn,407,90
6237,4.attn.17898,4,attn,236,6
6238,8.attn.21205,8,attn,319,1
6239,4.attn.40511,4,attn,281,33
6240,8.attn.10760,8,attn,287,1
6241,4.attn.7732,4,attn,152,2
6242,8.attn.3443,8,attn,203,9
6243,4.attn.5377,4,attn,238,36
6244,4.attn.3783,4,attn,175,2
6245,8.attn.19790,8,attn,232,1
6246,4.attn.9048,4,attn,171,21
6247,8.attn.4264,8,attn,287,18
6248,4.attn.900,4,attn,172,1
6249,8.attn.32822,8,attn,285,23
6250,4.attn.12815,4,attn,140,2
6251,4.attn.10745,4,attn,119,2
6252,4.attn.15623,4,attn,157,2
6253,8.attn.7365,8,attn,337,1
6254,8.attn.39265,8,attn,276,32
6255,4.attn.11990,4,attn,177,16
6256,8.attn.13386,8,attn,587,4
6257,4.attn.13822,4,attn,219,24
6258,8.attn.27796,8,attn,496,21
6259,4.attn.6955,4,attn,183,20
6260,8.attn.13941,8,attn,473,9
6261,4.attn.35225,4,attn,358,28
6262,8.attn.33239,8,attn,804,14
6263,4.attn.7739,4,attn,236,2
6264,4.attn.10619,4,attn,144,21
6265,4.attn.3184,4,attn,127,2
6266,8.attn.25798,8,attn,219,1
6267,4.attn.27991,4,attn,182,2
6268,8.attn.18039,8,attn,434,1
6269,4.attn.4942,4,attn,188,2
6270,8.attn.32990,8,attn,229,9
6271,4.attn.29260,4,attn,165,21
6272,4.attn.31919,4,attn,284,2
6273,8.attn.11860,8,attn,160,21
6274,4.attn.6632,4,attn,186,2
6275,8.attn.30017,8,attn,471,1
6276,4.attn.36442,4,attn,228,4
6277,4.attn.4010,4,attn,312,2
6278,8.attn.27650,8,attn,587,19
6279,4.mlp.4681,4,mlp,259,52
6280,7.resid.10498,7,resid,444,4
6281,4.mlp.20786,4,mlp,248,8
6282,7.resid.29172,7,resid,447,5
6283,4.mlp.3206,4,mlp,388,8
6284,7.resid.7739,7,resid,803,29
6285,4.mlp.18590,4,mlp,248,13
6286,7.resid.10306,7,resid,702,41
6287,4.mlp.1450,4,mlp,223,10
6288,7.resid.34140,7,resid,601,25
6289,4.mlp.33383,4,mlp,166,4
6290,7.resid.37740,7,resid,601,4
6291,4.mlp.38853,4,mlp,389,0
6292,7.resid.22761,7,resid,485,6
6293,4.mlp.34256,4,mlp,325,11
6294,7.resid.35450,7,resid,834,10
6295,4.mlp.13897,4,mlp,159,11
6296,7.resid.26427,7,resid,426,64
6297,4.mlp.31003,4,mlp,272,0
6298,7.resid.18909,7,resid,680,11
6299,4.mlp.31463,4,mlp,268,69
6300,7.resid.9113,7,resid,371,6
6301,4.mlp.24143,4,mlp,492,11
6302,7.resid.12649,7,resid,664,7
6303,4.mlp.19179,4,mlp,293,0
6304,7.resid.17364,7,resid,494,17
6305,4.mlp.29304,4,mlp,338,15
6306,7.resid.27532,7,resid,514,96
6307,4.mlp.38354,4,mlp,256,48
6308,7.resid.40172,7,resid,471,37
6309,4.mlp.32537,4,mlp,229,37
6310,7.resid.40187,7,resid,628,20
6311,4.mlp.39098,4,mlp,166,14
6312,7.resid.8267,7,resid,596,28
6313,4.mlp.36401,4,mlp,286,0
6314,7.resid.37795,7,resid,484,42
6315,4.mlp.37284,4,mlp,396,0
6316,7.resid.24861,7,resid,408,18
6317,4.mlp.11075,4,mlp,396,5
6318,7.resid.36761,7,resid,421,22
6319,4.mlp.11593,4,mlp,339,76
6320,7.resid.39312,7,resid,579,4
6321,4.mlp.35391,4,mlp,208,23
6322,7.resid.32134,7,resid,529,5
6323,4.mlp.145,4,mlp,186,7
6324,7.resid.38794,7,resid,706,39
6325,4.mlp.28221,4,mlp,388,32
6326,7.resid.8998,7,resid,333,5
6327,4.mlp.14098,4,mlp,230,57
6328,7.resid.7832,7,resid,544,15
6329,4.mlp.30874,4,mlp,315,20
6330,7.resid.37750,7,resid,450,15
6331,4.mlp.25441,4,mlp,364,44
6332,7.resid.3158,7,resid,655,8
6333,4.mlp.35142,4,mlp,327,0
6334,7.resid.39259,7,resid,333,70
6335,4.resid.8201,4,resid,256,23
6336,7.resid.34649,7,resid,559,22
6337,4.resid.27085,4,resid,367,53
6338,7.mlp.13224,7,mlp,469,18
6339,4.resid.39403,4,resid,233,4
6340,7.mlp.26297,7,mlp,342,38
6341,4.resid.16641,4,resid,296,20
6342,7.mlp.16641,7,mlp,338,32
6343,4.resid.3963,4,resid,296,4
6344,7.mlp.2799,7,mlp,480,14
6345,4.resid.28488,4,resid,171,17
6346,7.mlp.24091,7,mlp,370,19
6347,4.resid.18359,4,resid,229,36
6348,7.mlp.19259,7,mlp,321,53
6349,4.resid.20182,4,resid,206,44
6350,7.mlp.3430,7,mlp,389,49
6351,4.resid.23969,4,resid,219,78
6352,7.mlp.28183,7,mlp,602,5
6353,4.resid.11470,4,resid,314,0
6354,7.mlp.1497,7,mlp,273,30
6355,4.resid.7853,4,resid,335,25
6356,7.mlp.188,7,mlp,547,274
6357,4.resid.31682,4,resid,328,44
6358,7.mlp.12526,7,mlp,438,22
6359,4.resid.1121,4,resid,215,6
6360,7.mlp.35937,7,mlp,461,19
6361,4.resid.29644,4,resid,390,5
6362,7.mlp.39587,7,mlp,466,22
6363,4.resid.24841,4,resid,407,17
6364,7.mlp.23153,7,mlp,510,10
6365,4.resid.4542,4,resid,220,5
6366,7.mlp.35503,7,mlp,402,8
6367,4.resid.16202,4,resid,293,5
6368,7.mlp.39372,7,mlp,488,5
6369,4.resid.6815,4,resid,201,4
6370,7.mlp.40335,7,mlp,541,6
6371,4.resid.36386,4,resid,236,17
6372,7.mlp.33313,7,mlp,514,6
6373,4.resid.10810,4,resid,361,22
6374,7.mlp.17085,7,mlp,480,8
6375,4.resid.25803,4,resid,210,5
6376,7.mlp.8710,7,mlp,537,55
6377,4.resid.31516,4,resid,375,7
6378,7.mlp.35147,7,mlp,517,12
6379,4.resid.13163,4,resid,159,5
6380,7.mlp.27652,7,mlp,436,45
6381,4.resid.26669,4,resid,329,0
6382,7.mlp.29953,7,mlp,383,15
6383,4.resid.21213,4,resid,364,54
6384,7.mlp.37607,7,mlp,323,6
6385,4.resid.27271,4,resid,314,0
6386,7.mlp.33213,7,mlp,257,42
6387,4.resid.37737,4,resid,215,46
6388,7.mlp.21483,7,mlp,385,4
6389,4.resid.40250,4,resid,231,5
6390,7.mlp.15528,7,mlp,487,39
6391,4.resid.21816,4,resid,400,29
6392,7.mlp.37533,7,mlp,294,29
6393,5.attn.21401,5,attn,318,4
6394,5.attn.36085,5,attn,193,8
6395,7.attn.28577,7,attn,491,9
6396,5.attn.20282,5,attn,371,0
6397,7.attn.7094,7,attn,475,9
6398,5.attn.20091,5,attn,142,5
6399,5.attn.9399,5,attn,336,0
6400,7.attn.8709,7,attn,421,43
6401,5.attn.27988,5,attn,301,22
6402,7.attn.23372,7,attn,356,43
6403,5.attn.38920,5,attn,284,0
6404,7.attn.21817,7,attn,411,7
6405,7.attn.11344,7,attn,278,40
6406,5.attn.3821,5,attn,247,26
6407,5.attn.27606,5,attn,363,0
6408,7.attn.24107,7,attn,184,1
6409,5.attn.19012,5,attn,247,0
6410,7.attn.16735,7,attn,95,0
6411,5.attn.38669,5,attn,211,22
6412,7.attn.29920,7,attn,321,43
6413,5.attn.13568,5,attn,454,0
6414,7.attn.32113,7,attn,414,14
6415,5.attn.1864,5,attn,178,0
6416,7.attn.26418,7,attn,461,1
6417,5.attn.39610,5,attn,407,17
6418,7.attn.4037,7,attn,313,21
6419,5.attn.14934,5,attn,338,42
6420,5.attn.31145,5,attn,143,2
6421,7.attn.26629,7,attn,297,43
6422,5.attn.947,5,attn,188,0
6423,7.attn.24270,7,attn,505,0
6424,5.attn.40131,5,attn,234,20
6425,7.attn.40315,7,attn,122,21
6426,5.attn.30926,5,attn,397,14
6427,5.attn.1703,5,attn,181,27
6428,7.attn.28730,7,attn,264,1
6429,5.attn.22666,5,attn,241,2
6430,7.attn.40172,7,attn,373,0
6431,5.attn.20157,5,attn,318,18
6432,7.attn.39196,7,attn,334,46
6433,5.attn.19209,5,attn,506,0
6434,7.attn.29676,7,attn,183,19
6435,5.attn.15147,5,attn,619,2
6436,7.attn.27255,7,attn,227,9
6437,7.attn.15115,7,attn,381,43
6438,5.attn.10770,5,attn,376,0
6439,7.attn.34944,7,attn,321,20
6440,5.attn.4535,5,attn,190,5
6441,7.attn.22962,7,attn,313,1
6442,5.mlp.10803,5,mlp,344,0
6443,7.attn.18102,7,attn,266,37
6444,5.mlp.36866,5,mlp,265,12
6445,6.resid.3563,6,resid,469,31
6446,5.mlp.8401,5,mlp,339,34
6447,6.resid.40397,6,resid,378,5
6448,5.mlp.18506,5,mlp,395,12
6449,6.resid.30076,6,resid,382,21
6450,5.mlp.24101,5,mlp,258,30
6451,6.resid.2337,6,resid,358,13
6452,5.mlp.25250,5,mlp,420,0
6453,6.resid.26810,6,resid,495,35
6454,5.mlp.7868,5,mlp,420,11
6455,6.resid.27710,6,resid,316,2
6456,5.mlp.28456,5,mlp,332,8
6457,6.resid.4173,6,resid,419,9
6458,5.mlp.34068,5,mlp,324,11
6459,6.resid.40818,6,resid,448,0
6460,5.mlp.24097,5,mlp,232,10
6461,6.resid.22679,6,resid,339,4
6462,5.mlp.4763,5,mlp,473,31
6463,6.resid.22615,6,resid,361,52
6464,5.mlp.33505,5,mlp,270,36
6465,6.resid.13081,6,resid,630,25
6466,5.mlp.22785,5,mlp,217,20
6467,6.resid.37016,6,resid,333,15
6468,5.mlp.40889,5,mlp,277,0
6469,6.resid.32925,6,resid,456,11
6470,5.mlp.12243,5,mlp,400,0
6471,6.resid.6930,6,resid,436,13
6472,5.mlp.11680,5,mlp,416,15
6473,6.resid.21493,6,resid,408,18
6474,5.mlp.12739,5,mlp,259,6
6475,6.resid.8487,6,resid,351,5
6476,5.mlp.19343,5,mlp,301,10
6477,6.resid.35138,6,resid,661,4
6478,5.mlp.24598,5,mlp,581,0
6479,6.resid.16524,6,resid,412,9
6480,5.mlp.38890,5,mlp,340,16
6481,6.resid.31945,6,resid,434,13
6482,5.mlp.21669,5,mlp,281,19
6483,6.resid.17787,6,resid,343,46
6484,5.mlp.4946,5,mlp,373,8
6485,6.resid.26821,6,resid,430,6
6486,5.mlp.19330,5,mlp,550,0
6487,6.resid.20662,6,resid,433,7
6488,5.mlp.11089,5,mlp,290,7
6489,6.resid.22589,6,resid,352,21
6490,5.mlp.38698,5,mlp,288,10
6491,6.resid.29888,6,resid,412,15
6492,5.mlp.7707,5,mlp,290,45
6493,6.resid.15194,6,resid,385,4
6494,5.mlp.40657,5,mlp,699,14
6495,6.resid.2884,6,resid,327,27
6496,5.mlp.9142,5,mlp,483,0
6497,6.resid.23267,6,resid,562,25
6498,5.mlp.4034,5,mlp,436,0
6499,6.resid.4859,6,resid,299,6
6500,5.resid.35449,5,resid,275,15
6501,6.mlp.14046,6,mlp,463,0
6502,5.resid.26010,5,resid,316,5
6503,6.mlp.39483,6,mlp,293,4
6504,5.resid.28159,5,resid,332,26
6505,6.mlp.36664,6,mlp,535,0
6506,5.resid.1474,5,resid,475,0
6507,6.mlp.31905,6,mlp,340,10
6508,5.resid.19423,5,resid,347,6
6509,6.mlp.33288,6,mlp,389,0
6510,5.resid.27462,5,resid,385,0
6511,6.mlp.12485,6,mlp,324,17
6512,5.resid.33675,5,resid,303,9
6513,6.mlp.10849,6,mlp,452,0
6514,5.resid.35233,5,resid,465,7
6515,6.mlp.32666,6,mlp,535,0
6516,5.resid.32066,5,resid,247,45
6517,6.mlp.24596,6,mlp,545,0
6518,5.resid.4170,5,resid,274,46
6519,6.mlp.17024,6,mlp,265,56
6520,5.resid.40492,5,resid,252,6
6521,6.mlp.39292,6,mlp,431,8
6522,5.resid.29552,5,resid,266,8
6523,6.mlp.20545,6,mlp,398,19
6524,5.resid.35268,5,resid,285,4
6525,6.mlp.209,6,mlp,347,15
6526,5.resid.38694,5,resid,425,0
6527,6.mlp.6038,6,mlp,267,58
6528,5.resid.5710,5,resid,285,13
6529,6.mlp.40844,6,mlp,628,0
6530,5.resid.4015,5,resid,292,4
6531,6.mlp.22994,6,mlp,461,0
6532,5.resid.8054,5,resid,425,8
6533,6.mlp.15495,6,mlp,225,28
6534,5.resid.37249,5,resid,199,33
6535,6.mlp.17177,6,mlp,403,16
6536,5.resid.22825,5,resid,277,32
6537,6.mlp.9119,6,mlp,403,11
6538,5.resid.29364,5,resid,395,18
6539,6.mlp.29953,6,mlp,521,37
6540,5.resid.33881,5,resid,265,13
6541,6.mlp.10748,6,mlp,400,37
6542,5.resid.2572,5,resid,335,0
6543,6.mlp.6496,6,mlp,491,0
6544,5.resid.8064,5,resid,330,0
6545,6.mlp.7615,6,mlp,321,25
6546,5.resid.2027,5,resid,368,13
6547,6.mlp.21326,6,mlp,228,30
6548,5.resid.11342,5,resid,322,20
6549,6.mlp.14884,6,mlp,287,46
6550,5.resid.5326,5,resid,391,28
6551,6.mlp.15517,6,mlp,635,45
6552,5.resid.1724,5,resid,302,4
6553,6.mlp.29617,6,mlp,244,12
6554,5.resid.26127,5,resid,394,0
6555,6.mlp.3958,6,mlp,260,7
6556,6.attn.214,6,attn,293,0
6557,6.mlp.32819,6,mlp,499,0
6558,6.attn.12861,6,attn,288,17
6559,6.attn.10113,6,attn,322,1
6560,6.attn.13705,6,attn,338,1
6561,6.attn.4579,6,attn,423,0
6562,6.attn.14641,6,attn,504,0
6563,6.attn.23034,6,attn,414,574
6564,6.attn.19323,6,attn,351,1
6565,6.attn.12285,6,attn,480,1
6566,6.attn.8988,6,attn,215,1
6567,6.attn.17168,6,attn,486,17
6568,6.attn.6872,6,attn,248,6
6569,6.attn.37034,6,attn,369,0
6570,6.attn.3199,6,attn,432,1
6571,6.attn.1796,6,attn,370,0
6572,6.attn.1230,6,attn,320,0
6573,6.attn.12063,6,attn,335,0
6574,6.attn.17453,6,attn,381,11
6575,6.attn.12909,6,attn,189,1
6576,6.attn.10222,6,attn,409,0
6577,6.attn.40071,6,attn,213,1
6578,6.attn.1562,6,attn,275,17
6579,6.attn.34030,6,attn,141,14
6580,6.attn.27256,6,attn,645,17
6581,6.attn.21310,6,attn,496,0
6582,6.attn.13074,6,attn,215,21
6583,11.resid.22325,11,resid,1279,2
6584,0.mlp.23227,0,mlp,13,383
6585,11.resid.1040,11,resid,598,38
6586,0.mlp.30191,0,mlp,17,384
6587,11.resid.303,11,resid,500,42
6588,0.mlp.11128,0,mlp,20,385
6589,11.resid.12728,11,resid,424,3
6590,0.mlp.35387,0,mlp,9,386
6591,11.resid.3010,11,resid,428,40
6592,0.mlp.8603,0,mlp,20,32
6593,11.resid.34746,11,resid,555,14
6594,0.mlp.30498,0,mlp,71,2
6595,11.resid.13451,11,resid,539,3
6596,0.mlp.3680,0,mlp,74,2
6597,11.resid.11361,11,resid,624,25
6598,0.mlp.18787,0,mlp,20,387
6599,11.resid.6334,11,resid,395,13
6600,0.mlp.22965,0,mlp,28,388
6601,11.resid.32946,11,resid,267,3
6602,0.mlp.33703,0,mlp,21,389
6603,11.resid.12011,11,resid,442,3
6604,0.mlp.9037,0,mlp,11,390
6605,11.resid.33293,11,resid,603,3
6606,0.mlp.19001,0,mlp,19,391
6607,11.resid.24874,11,resid,254,3
6608,0.mlp.36863,0,mlp,10,392
6609,11.resid.9050,11,resid,226,3
6610,0.mlp.2422,0,mlp,21,5
6611,11.resid.25729,11,resid,424,3
6612,0.mlp.3905,0,mlp,11,393
6613,11.resid.984,11,resid,545,42
6614,0.mlp.20609,0,mlp,6,394
6615,11.resid.38903,11,resid,439,49
6616,0.mlp.27404,0,mlp,11,395
6617,11.resid.29015,11,resid,524,12
6618,0.mlp.25904,0,mlp,11,396
6619,11.resid.22928,11,resid,398,26
6620,0.mlp.34089,0,mlp,13,397
6621,11.resid.21497,11,resid,461,3
6622,0.mlp.3011,0,mlp,11,398
6623,11.resid.3827,11,resid,436,18
6624,0.mlp.36466,0,mlp,17,399
6625,11.resid.3824,11,resid,251,3
6626,0.mlp.32703,0,mlp,16,46
6627,11.resid.34166,11,resid,528,44
6628,0.mlp.16567,0,mlp,19,400
6629,11.resid.34761,11,resid,528,35
6630,0.mlp.2723,0,mlp,10,401
6631,11.resid.13385,11,resid,715,18
6632,0.mlp.28888,0,mlp,23,402
6633,11.resid.27021,11,resid,362,3
6634,0.mlp.31978,0,mlp,6,403
6635,11.resid.35290,11,resid,443,3
6636,0.mlp.18451,0,mlp,96,35
6637,11.resid.11442,11,resid,382,3
6638,0.resid.20159,0,resid,36,22
6639,11.resid.9200,11,resid,243,3
6640,0.resid.3921,0,resid,100,12
6641,11.mlp.31503,11,mlp,465,11
6642,0.resid.4239,0,resid,61,7
6643,11.mlp.37543,11,mlp,510,46
6644,0.resid.38913,0,resid,18,4
6645,11.mlp.2995,11,mlp,714,3
6646,0.resid.36310,0,resid,84,42
6647,11.mlp.39491,11,mlp,362,14
6648,0.resid.25088,0,resid,87,4
6649,11.mlp.25102,11,mlp,325,3
6650,0.resid.21293,0,resid,36,10
6651,11.mlp.6222,11,mlp,564,38
6652,0.resid.4632,0,resid,23,24
6653,11.mlp.39805,11,mlp,369,3
6654,0.resid.18377,0,resid,80,49
6655,11.mlp.31807,11,mlp,252,3
6656,0.resid.6977,0,resid,28,5
6657,11.mlp.12848,11,mlp,485,3
6658,0.resid.25980,0,resid,64,48
6659,11.mlp.181,11,mlp,390,9
6660,0.resid.22480,0,resid,33,404
6661,11.mlp.32883,11,mlp,266,3
6662,0.resid.40036,0,resid,11,6
6663,11.mlp.16093,11,mlp,572,23
6664,0.resid.24601,0,resid,63,5
6665,11.mlp.11568,11,mlp,467,3
6666,0.resid.32142,0,resid,24,8
6667,11.mlp.34390,11,mlp,416,27
6668,0.resid.26044,0,resid,10,406
6669,11.mlp.10665,11,mlp,513,19
6670,0.resid.30799,0,resid,96,10
6671,11.mlp.13468,11,mlp,373,40
6672,0.resid.26181,0,resid,51,4
6673,11.mlp.408,11,mlp,368,236
6674,0.resid.38917,0,resid,25,7
6675,11.mlp.10585,11,mlp,352,3
6676,0.resid.40321,0,resid,30,17
6677,11.mlp.30743,11,mlp,497,54
6678,0.resid.37408,0,resid,78,4
6679,11.mlp.33730,11,mlp,661,17
6680,0.resid.25535,0,resid,32,8
6681,11.mlp.22523,11,mlp,330,3
6682,0.resid.2862,0,resid,127,6
6683,11.mlp.3588,11,mlp,441,1
6684,0.resid.26693,0,resid,33,407
6685,11.mlp.37333,11,mlp,352,3
6686,0.resid.8251,0,resid,57,56
6687,11.mlp.40060,11,mlp,347,21
6688,0.resid.7693,0,resid,27,55
6689,11.mlp.23129,11,mlp,558,13
6690,0.resid.38600,0,resid,22,408
6691,11.mlp.5738,11,mlp,456,13
6692,0.resid.10299,0,resid,21,5
6693,11.mlp.7604,11,mlp,400,12
6694,11.mlp.30045,11,mlp,272,16
6695,1.attn.31587,1,attn,71,25
6696,11.attn.6134,11,attn,494,47
6697,1.attn.38574,1,attn,84,24
6698,11.attn.18788,11,attn,142,21
6699,11.attn.40146,11,attn,681,10
6700,11.attn.20345,11,attn,524,9
6701,11.attn.22830,11,attn,305,3
6702,1.attn.4549,1,attn,154,7
6703,11.attn.25915,11,attn,377,3
6704,11.attn.2510,11,attn,620,3
6705,11.attn.15696,11,attn,663,20
6706,11.attn.29563,11,attn,576,11
6707,1.attn.29136,1,attn,26,0
6708,11.attn.27714,11,attn,306,3
6709,11.attn.16258,11,attn,169,3
6710,11.attn.15251,11,attn,840,3
6711,11.attn.27904,11,attn,371,16
6712,1.attn.23660,1,attn,78,33
6713,11.attn.27747,11,attn,311,1
6714,1.attn.12839,1,attn,158,14
6715,11.attn.29893,11,attn,1002,20
6716,11.attn.26394,11,attn,248,3
6717,1.attn.3314,1,attn,58,409
6718,11.attn.17637,11,attn,548,1
6719,11.attn.868,11,attn,300,1
6720,1.attn.21980,1,attn,66,8
6721,11.attn.33980,11,attn,622,1
6722,11.attn.2406,11,attn,421,3
6723,1.attn.8182,1,attn,68,25
6724,11.attn.14554,11,attn,386,75
6725,1.attn.16210,1,attn,131,20
6726,11.attn.16298,11,attn,1083,68
6727,11.attn.35308,11,attn,183,21
6728,11.attn.31177,11,attn,398,1
6729,11.attn.21898,11,attn,502,3
6730,11.attn.35361,11,attn,182,3
6731,11.attn.18983,11,attn,376,1
6732,1.attn.15618,1,attn,61,37
6733,11.attn.30093,11,attn,528,20
6734,1.mlp.23230,1,mlp,240,15
6735,10.resid.31231,10,resid,618,10
6736,1.mlp.271,1,mlp,181,13
6737,10.resid.15842,10,resid,405,7
6738,1.mlp.25847,1,mlp,90,13
6739,10.resid.23987,10,resid,626,12
6740,1.mlp.30756,1,mlp,132,8
6741,10.resid.142,10,resid,447,26
6742,1.mlp.36979,1,mlp,279,18
6743,10.resid.2969,10,resid,875,17
6744,1.mlp.34664,1,mlp,97,11
6745,10.resid.4503,10,resid,401,40
6746,1.mlp.35047,1,mlp,104,15
6747,10.resid.6231,10,resid,304,20
6748,1.mlp.21637,1,mlp,141,36
6749,10.resid.621,10,resid,784,20
6750,1.mlp.2877,1,mlp,74,25
6751,10.resid.9147,10,resid,507,4
6752,1.mlp.37640,1,mlp,96,42
6753,10.resid.31351,10,resid,620,12
6754,1.mlp.30660,1,mlp,209,4
6755,10.resid.29519,10,resid,718,18
6756,1.mlp.1435,1,mlp,82,5
6757,10.resid.16402,10,resid,275,3
6758,1.mlp.15846,1,mlp,138,39
6759,10.resid.31707,10,resid,611,28
6760,1.mlp.10152,1,mlp,101,82
6761,10.resid.24391,10,resid,564,10
6762,1.mlp.31476,1,mlp,106,11
6763,10.resid.20721,10,resid,377,3
6764,1.mlp.16358,1,mlp,101,35
6765,10.resid.11481,10,resid,370,87
6766,1.mlp.4614,1,mlp,125,31
6767,10.resid.18922,10,resid,549,17
6768,1.mlp.7430,1,mlp,164,13
6769,10.resid.463,10,resid,486,0
6770,1.mlp.25106,1,mlp,114,44
6771,10.resid.21485,10,resid,556,26
6772,1.mlp.16609,1,mlp,88,7
6773,10.resid.2638,10,resid,546,15
6774,1.mlp.20225,1,mlp,162,11
6775,10.resid.25816,10,resid,348,18
6776,1.mlp.5455,1,mlp,210,42
6777,10.resid.8021,10,resid,616,21
6778,1.mlp.6349,1,mlp,109,27
6779,10.resid.12446,10,resid,807,41
6780,1.mlp.22821,1,mlp,143,49
6781,10.resid.18917,10,resid,397,24
6782,1.mlp.35529,1,mlp,148,2
6783,10.resid.18460,10,resid,289,3
6784,1.mlp.27041,1,mlp,122,15
6785,10.resid.12840,10,resid,612,787
6786,1.mlp.14003,1,mlp,105,4
6787,10.resid.3811,10,resid,815,8
6788,1.mlp.27145,1,mlp,151,5
6789,10.resid.14014,10,resid,455,12
6790,1.resid.13568,1,resid,112,10
6791,10.resid.40373,10,resid,513,11
6792,1.resid.20475,1,resid,178,5
6793,10.mlp.33547,10,mlp,500,33
6794,1.resid.33611,1,resid,99,4
6795,10.mlp.38788,10,mlp,615,16
6796,1.resid.20172,1,resid,104,39
6797,10.mlp.16853,10,mlp,601,177
6798,1.resid.6403,1,resid,185,4
6799,10.mlp.570,10,mlp,265,3
6800,1.resid.30914,1,resid,45,7
6801,10.mlp.27212,10,mlp,585,29
6802,1.resid.25287,1,resid,60,4
6803,10.mlp.8281,10,mlp,307,3
6804,1.resid.3222,1,resid,86,6
6805,10.mlp.21091,10,mlp,734,40
6806,1.resid.28407,1,resid,54,22
6807,10.mlp.26366,10,mlp,819,29
6808,1.resid.13218,1,resid,133,13
6809,10.mlp.27182,10,mlp,430,3
6810,1.resid.6137,1,resid,159,6
6811,10.mlp.18232,10,mlp,476,26
6812,1.resid.941,1,resid,38,15
6813,10.mlp.37968,10,mlp,409,2
6814,1.resid.33769,1,resid,75,8
6815,10.mlp.779,10,mlp,354,60
6816,1.resid.28237,1,resid,125,9
6817,10.mlp.4593,10,mlp,413,19
6818,1.resid.37588,1,resid,73,5
6819,10.mlp.11226,10,mlp,565,35
6820,1.resid.11869,1,resid,97,5
6821,10.mlp.33618,10,mlp,578,8
6822,1.resid.11365,1,resid,63,4
6823,10.mlp.18490,10,mlp,458,21
6824,1.resid.14334,1,resid,68,25
6825,10.mlp.31926,10,mlp,558,14
6826,1.resid.287,1,resid,107,5
6827,10.mlp.14404,10,mlp,507,13
6828,1.resid.39196,1,resid,66,25
6829,10.mlp.2814,10,mlp,594,20
6830,1.resid.36459,1,resid,101,12
6831,10.mlp.11063,10,mlp,354,29
6832,1.resid.34322,1,resid,31,412
6833,10.mlp.3158,10,mlp,348,18
6834,1.resid.31222,1,resid,132,7
6835,10.mlp.32089,10,mlp,344,4
6836,1.resid.17333,1,resid,131,6
6837,10.mlp.4771,10,mlp,325,23
6838,1.resid.5051,1,resid,113,5
6839,10.mlp.8873,10,mlp,347,18
6840,1.resid.19432,1,resid,38,12
6841,10.mlp.34541,10,mlp,597,28
6842,1.resid.1530,1,resid,145,5
6843,10.mlp.20244,10,mlp,704,8
6844,1.resid.7707,1,resid,52,28
6845,10.mlp.16592,10,mlp,661,18
6846,1.resid.35008,1,resid,26,413
6847,10.mlp.18782,10,mlp,427,10
6848,10.attn.2823,10,attn,340,9
6849,2.attn.10434,2,attn,124,4
6850,10.attn.20665,10,attn,615,22
6851,10.attn.21322,10,attn,387,21
6852,10.attn.38860,10,attn,335,16
6853,2.attn.33915,2,attn,193,2
6854,10.attn.33561,10,attn,360,6
6855,10.attn.8004,10,attn,780,68
6856,2.attn.33365,2,attn,254,2
6857,10.attn.29716,10,attn,294,6
6858,2.attn.11852,2,attn,127,10
6859,10.attn.34458,10,attn,435,1
6860,2.attn.23322,2,attn,114,49
6861,10.attn.22547,10,attn,542,20
6862,10.attn.2981,10,attn,341,3
6863,2.attn.4987,2,attn,99,18
6864,10.attn.223,10,attn,317,1
6865,10.attn.20049,10,attn,1369,1
6866,2.attn.24322,2,attn,80,13
6867,10.attn.2148,10,attn,362,1
6868,2.attn.25072,2,attn,127,13
6869,10.attn.26339,10,attn,797,9
6870,2.attn.9168,2,attn,109,24
6871,10.attn.23753,10,attn,569,8
6872,10.attn.37798,10,attn,235,3
6873,2.attn.25181,2,attn,189,19
6874,10.attn.30845,10,attn,570,9
6875,2.attn.28916,2,attn,171,5
6876,10.attn.11580,10,attn,607,21
6877,2.attn.2984,2,attn,114,18
6878,10.attn.2019,10,attn,356,87
6879,2.attn.5085,2,attn,107,31
6880,10.attn.14976,10,attn,420,13
6881,10.attn.20825,10,attn,279,6
6882,10.attn.9969,10,attn,837,0
6883,10.attn.10872,10,attn,488,4
6884,2.attn.36285,2,attn,121,2
6885,10.attn.8043,10,attn,1015,1
6886,2.attn.1238,2,attn,135,33
6887,10.attn.5927,10,attn,456,16
6888,10.attn.33973,10,attn,708,9
6889,2.attn.34021,2,attn,124,2
6890,10.attn.16846,10,attn,1165,2
6891,2.attn.21876,2,attn,196,2
6892,10.attn.25103,10,attn,626,30
6893,2.mlp.36057,2,mlp,134,35
6894,10.attn.30220,10,attn,702,1
6895,2.mlp.6540,2,mlp,164,24
6896,9.resid.28465,9,resid,645,1
6897,2.mlp.3928,2,mlp,211,5
6898,9.resid.29865,9,resid,374,6
6899,2.mlp.36663,2,mlp,126,31
6900,9.resid.1339,9,resid,647,1
6901,2.mlp.24552,2,mlp,172,4
6902,9.resid.18663,9,resid,582,20
6903,2.mlp.30848,2,mlp,171,12
6904,9.resid.40367,9,resid,625,1
6905,2.mlp.33964,2,mlp,251,5
6906,9.resid.40073,9,resid,415,4
6907,2.mlp.36689,2,mlp,155,47
6908,9.resid.1756,9,resid,647,36
6909,2.mlp.15581,2,mlp,186,37
6910,9.resid.35841,9,resid,269,13
6911,2.mlp.17827,2,mlp,336,64
6912,9.resid.30573,9,resid,743,1
6913,2.mlp.6114,2,mlp,119,9
6914,9.resid.8422,9,resid,651,17
6915,2.mlp.14523,2,mlp,179,22
6916,9.resid.5494,9,resid,422,37
6917,2.mlp.34742,2,mlp,250,11
6918,9.resid.7640,9,resid,245,38
6919,2.mlp.16013,2,mlp,240,22
6920,9.resid.7184,9,resid,431,11
6921,2.mlp.26002,2,mlp,237,7
6922,9.resid.23778,9,resid,356,312
6923,2.mlp.5882,2,mlp,149,47
6924,9.resid.40415,9,resid,436,77
6925,2.mlp.381,2,mlp,298,10
6926,9.resid.38926,9,resid,270,16
6927,2.mlp.21486,2,mlp,193,7
6928,9.resid.37613,9,resid,356,10
6929,2.mlp.31850,2,mlp,168,10
6930,9.resid.19303,9,resid,492,23
6931,2.mlp.36899,2,mlp,156,4
6932,9.resid.9852,9,resid,338,40
6933,2.mlp.5884,2,mlp,230,49
6934,9.resid.224,9,resid,322,6
6935,2.mlp.16878,2,mlp,132,16
6936,9.resid.39204,9,resid,604,10
6937,2.mlp.36713,2,mlp,171,10
6938,9.resid.9360,9,resid,651,37
6939,2.mlp.39186,2,mlp,176,66
6940,9.resid.35985,9,resid,704,10
6941,2.mlp.17739,2,mlp,166,10
6942,9.resid.28077,9,resid,631,6
6943,2.mlp.28949,2,mlp,160,5
6944,9.resid.353,9,resid,589,1
6945,2.mlp.12145,2,mlp,230,2
6946,9.resid.32203,9,resid,679,4
6947,2.mlp.27995,2,mlp,176,7
6948,9.resid.39411,9,resid,638,15
6949,2.mlp.20359,2,mlp,251,10
6950,9.resid.29291,9,resid,538,25
6951,2.resid.24664,2,resid,202,51
6952,9.mlp.20985,9,mlp,292,46
6953,2.resid.3709,2,resid,164,63
6954,9.mlp.1295,9,mlp,485,4
6955,2.resid.27392,2,resid,148,24
6956,9.mlp.28448,9,mlp,496,10
6957,2.resid.32239,2,resid,63,4
6958,9.mlp.14873,9,mlp,443,778
6959,2.resid.24317,2,resid,175,34
6960,9.mlp.12007,9,mlp,545,4
6961,2.resid.29625,2,resid,246,14
6962,9.mlp.3507,9,mlp,423,4
6963,2.resid.38067,2,resid,202,5
6964,9.mlp.8353,9,mlp,534,29
6965,2.resid.30426,2,resid,112,17
6966,9.mlp.10513,9,mlp,530,27
6967,2.resid.21132,2,resid,200,19
6968,9.mlp.40042,9,mlp,369,13
6969,2.resid.4037,2,resid,204,26
6970,9.mlp.33593,9,mlp,336,7
6971,2.resid.4809,2,resid,118,7
6972,9.mlp.27468,9,mlp,450,28
6973,2.resid.11844,2,resid,158,15
6974,9.mlp.35576,9,mlp,465,7
6975,2.resid.22755,2,resid,200,13
6976,9.mlp.7980,9,mlp,490,12
6977,2.resid.6582,2,resid,224,25
6978,9.mlp.29168,9,mlp,508,10
6979,2.resid.32171,2,resid,169,9
6980,9.mlp.13098,9,mlp,445,26
6981,2.resid.16087,2,resid,91,25
6982,9.mlp.5103,9,mlp,430,4
6983,2.resid.40672,2,resid,142,4
6984,9.mlp.23544,9,mlp,633,17
6985,2.resid.40619,2,resid,169,5
6986,9.mlp.21946,9,mlp,353,21
6987,2.resid.39263,2,resid,57,15
6988,9.mlp.4040,9,mlp,428,31
6989,2.resid.25213,2,resid,163,36
6990,9.mlp.3890,9,mlp,362,73
6991,2.resid.541,2,resid,125,5
6992,9.mlp.36887,9,mlp,557,20
6993,2.resid.23796,2,resid,160,5
6994,9.mlp.5833,9,mlp,355,29
6995,2.resid.32107,2,resid,247,11
6996,9.mlp.35689,9,mlp,406,4
6997,2.resid.29140,2,resid,101,5
6998,9.mlp.7551,9,mlp,621,15
6999,2.resid.36365,2,resid,65,11
7000,9.mlp.6451,9,mlp,855,26
7001,2.resid.7673,2,resid,92,22
7002,9.mlp.28919,9,mlp,522,27
7003,2.resid.30038,2,resid,199,30
7004,9.mlp.3149,9,mlp,488,8
7005,2.resid.40113,2,resid,142,5
7006,9.mlp.2498,9,mlp,724,22
7007,3.attn.16329,3,attn,156,29
7008,9.mlp.21432,9,mlp,491,343
7009,3.attn.40113,3,attn,179,2
7010,9.attn.12487,9,attn,517,1
7011,3.attn.11039,3,attn,147,13
7012,9.attn.12331,9,attn,665,9
7013,9.attn.31746,9,attn,529,7
7014,3.attn.17119,3,attn,199,2
7015,9.attn.31342,9,attn,280,1
7016,3.attn.32534,3,attn,225,2
7017,9.attn.1264,9,attn,372,70
7018,3.attn.22658,3,attn,204,2
7019,9.attn.26793,9,attn,643,9
7020,3.attn.32169,3,attn,140,19
7021,9.attn.28912,9,attn,193,3
7022,3.attn.35645,3,attn,213,2
7023,9.attn.10695,9,attn,293,1
7024,3.attn.13573,3,attn,357,2
7025,9.attn.4231,9,attn,213,1
7026,3.attn.6934,3,attn,180,2
7027,9.attn.13822,9,attn,401,9
7028,3.attn.12672,3,attn,218,41
7029,9.attn.18880,9,attn,388,20
7030,3.attn.12750,3,attn,153,15
7031,9.attn.6708,9,attn,228,21
7032,3.attn.11385,3,attn,312,8
7033,9.attn.25486,9,attn,262,9
7034,3.attn.9496,3,attn,157,2
7035,9.attn.29690,9,attn,310,13
7036,3.attn.39730,3,attn,198,2
7037,9.attn.719,9,attn,625,9
7038,3.attn.38168,3,attn,162,2
7039,9.attn.16671,9,attn,754,9
7040,3.attn.25252,3,attn,142,2
7041,9.attn.35869,9,attn,573,10
7042,3.attn.13314,3,attn,175,2
7043,9.attn.28319,9,attn,321,1
7044,3.attn.13343,3,attn,152,2
7045,9.attn.5438,9,attn,320,9
7046,3.attn.23664,3,attn,284,2
7047,9.attn.9152,9,attn,429,23
7048,3.attn.5560,3,attn,148,17
7049,9.attn.14133,9,attn,476,1
7050,3.attn.27188,3,attn,185,2
7051,9.attn.19880,9,attn,282,1
7052,9.attn.16245,9,attn,638,83
7053,3.attn.28709,3,attn,279,2
7054,9.attn.18780,9,attn,315,1
7055,3.attn.17813,3,attn,233,2
7056,9.attn.27817,9,attn,269,1
7057,3.attn.17673,3,attn,145,7
7058,9.attn.20415,9,attn,455,9
7059,3.attn.34834,3,attn,167,2
7060,9.attn.7712,9,attn,399,1
7061,3.mlp.24156,3,mlp,269,4
7062,9.attn.10067,9,attn,634,1
7063,3.mlp.6136,3,mlp,83,21
7064,8.resid.25752,8,resid,512,19
7065,3.mlp.29656,3,mlp,263,20
7066,8.resid.18626,8,resid,563,8
7067,3.mlp.31216,3,mlp,422,4
7068,8.resid.22469,8,resid,643,4
7069,3.mlp.32128,3,mlp,202,7
7070,8.resid.15368,8,resid,391,17
7071,3.mlp.5510,3,mlp,393,19
7072,8.resid.3204,8,resid,370,22
7073,3.mlp.25432,3,mlp,160,83
7074,8.resid.8024,8,resid,482,42
7075,3.mlp.12272,3,mlp,173,5
7076,8.resid.35075,8,resid,687,1
7077,3.mlp.37318,3,mlp,220,16
7078,8.resid.27300,8,resid,370,10
7079,3.mlp.40612,3,mlp,206,33
7080,8.resid.1116,8,resid,492,4
7081,3.mlp.7569,3,mlp,179,42
7082,8.resid.21998,8,resid,828,2
7083,3.mlp.11530,3,mlp,207,22
7084,8.resid.22220,8,resid,704,19
7085,3.mlp.2437,3,mlp,575,2
7086,8.resid.7337,8,resid,678,22
7087,3.mlp.16261,3,mlp,256,19
7088,8.resid.33693,8,resid,468,12
7089,3.mlp.33428,3,mlp,339,10
7090,8.resid.6944,8,resid,357,18
7091,3.mlp.13336,3,mlp,150,6
7092,8.resid.14741,8,resid,487,14
7093,3.mlp.113,3,mlp,313,2
7094,8.resid.39722,8,resid,519,37
7095,3.mlp.23498,3,mlp,168,16
7096,8.resid.3555,8,resid,206,9
7097,3.mlp.15096,3,mlp,237,5
7098,8.resid.29499,8,resid,510,36
7099,3.mlp.39578,3,mlp,212,26
7100,8.resid.14152,8,resid,501,11
7101,3.mlp.35225,3,mlp,320,5
7102,8.resid.4206,8,resid,233,68
7103,3.mlp.17270,3,mlp,314,13
7104,8.resid.25731,8,resid,509,1
7105,3.mlp.17535,3,mlp,130,38
7106,8.resid.21192,8,resid,444,22
7107,3.mlp.16427,3,mlp,254,11
7108,8.resid.40072,8,resid,440,0
7109,3.mlp.30113,3,mlp,332,8
7110,8.resid.24367,8,resid,590,14
7111,3.mlp.7557,3,mlp,210,14
7112,8.resid.2478,8,resid,281,1
7113,3.mlp.37430,3,mlp,186,21
7114,8.resid.40238,8,resid,360,10
7115,3.mlp.13957,3,mlp,241,10
7116,8.resid.15228,8,resid,457,8
7117,3.mlp.16131,3,mlp,189,33
7118,8.resid.4417,8,resid,661,74
7119,3.resid.14280,3,resid,206,12
7120,8.resid.15112,8,resid,439,26
7121,3.resid.28540,3,resid,251,16
7122,8.mlp.4108,8,mlp,613,41
7123,3.resid.32481,3,resid,211,4
7124,8.mlp.33959,8,mlp,548,26
7125,3.resid.25455,3,resid,264,33
7126,8.mlp.1399,8,mlp,502,13
7127,3.resid.19017,3,resid,279,2
7128,8.mlp.25422,8,mlp,362,6
7129,3.resid.9677,3,resid,134,7
7130,8.mlp.28263,8,mlp,680,7
7131,3.resid.27588,3,resid,130,47
7132,8.mlp.29733,8,mlp,415,23
7133,3.resid.27759,3,resid,243,4
7134,8.mlp.18836,8,mlp,479,25
7135,3.resid.22065,3,resid,175,10
7136,8.mlp.11026,8,mlp,517,25
7137,3.resid.23476,3,resid,248,9
7138,8.mlp.28944,8,mlp,490,39
7139,3.resid.19587,3,resid,175,41
7140,8.mlp.9351,8,mlp,779,106
7141,3.resid.22491,3,resid,173,37
7142,8.mlp.9299,8,mlp,673,13
7143,3.resid.10921,3,resid,226,15
7144,8.mlp.326,8,mlp,469,12
7145,3.resid.22706,3,resid,172,14
7146,8.mlp.8675,8,mlp,501,8
7147,3.resid.31311,3,resid,183,37
7148,8.mlp.6900,8,mlp,453,37
7149,3.resid.17300,3,resid,319,35
7150,8.mlp.17303,8,mlp,459,5
7151,3.resid.9315,3,resid,202,8
7152,8.mlp.2782,8,mlp,466,1
7153,3.resid.38516,3,resid,120,23
7154,8.mlp.14536,8,mlp,532,725
7155,3.resid.39589,3,resid,179,15
7156,8.mlp.15858,8,mlp,389,46
7157,3.resid.34257,3,resid,193,11
7158,8.mlp.36277,8,mlp,435,6
7159,3.resid.6703,3,resid,259,8
7160,8.mlp.22842,8,mlp,515,18
7161,3.resid.16993,3,resid,264,13
7162,8.mlp.16303,8,mlp,456,4
7163,3.resid.37053,3,resid,150,20
7164,8.mlp.27792,8,mlp,413,46
7165,3.resid.30976,3,resid,82,54
7166,8.mlp.10715,8,mlp,464,4
7167,3.resid.668,3,resid,174,2
7168,8.mlp.23958,8,mlp,392,14
7169,3.resid.19297,3,resid,165,19
7170,8.mlp.25395,8,mlp,543,653
7171,3.resid.3247,3,resid,320,80
7172,8.mlp.10303,8,mlp,343,27
7173,3.resid.11496,3,resid,189,7
7174,8.mlp.16451,8,mlp,528,31
7175,4.attn.24046,4,attn,194,22
7176,8.mlp.39275,8,mlp,582,11
7177,4.attn.35051,4,attn,316,10
7178,8.attn.18274,8,attn,603,9
7179,4.attn.36024,4,attn,275,8
7180,8.attn.566,8,attn,491,28
7181,4.attn.22883,4,attn,201,35
7182,8.attn.39566,8,attn,988,2
7183,4.attn.5744,4,attn,113,2
7184,4.attn.13042,4,attn,155,2
7185,8.attn.11089,8,attn,428,1
7186,4.attn.25331,4,attn,154,24
7187,8.attn.11843,8,attn,344,1
7188,4.attn.19778,4,attn,207,8
7189,8.attn.7800,8,attn,336,9
7190,4.attn.22021,4,attn,149,2
7191,4.attn.34358,4,attn,227,5
7192,8.attn.31825,8,attn,813,25
7193,4.attn.40957,4,attn,185,2
7194,4.attn.26572,4,attn,135,2
7195,4.attn.12704,4,attn,231,2
7196,8.attn.11721,8,attn,260,9
7197,4.attn.9777,4,attn,289,12
7198,8.attn.16443,8,attn,524,1
7199,4.attn.33604,4,attn,283,16
7200,8.attn.12156,8,attn,463,78
7201,4.attn.24655,4,attn,324,15
7202,8.attn.24619,8,attn,237,21
7203,4.attn.21727,4,attn,284,11
7204,8.attn.19196,8,attn,449,37
7205,4.attn.14990,4,attn,142,2
7206,8.attn.16018,8,attn,173,9
7207,4.attn.2229,4,attn,376,15
7208,8.attn.20544,8,attn,434,1
7209,4.attn.16906,4,attn,292,0
7210,8.attn.25718,8,attn,314,23
7211,4.attn.7222,4,attn,269,12
7212,8.attn.14654,8,attn,662,1
7213,4.attn.36303,4,attn,231,36
7214,4.attn.19397,4,attn,318,35
7215,8.attn.3870,8,attn,260,40
7216,4.attn.7524,4,attn,203,2
7217,4.attn.29304,4,attn,220,41
7218,8.attn.11583,8,attn,460,14
7219,4.attn.24133,4,attn,228,2
7220,8.attn.20862,8,attn,409,1
7221,4.attn.21408,4,attn,254,46
7222,8.attn.7985,8,attn,463,1
7223,4.attn.13985,4,attn,177,24
7224,8.attn.37751,8,attn,556,32
7225,4.attn.30416,4,attn,255,2
7226,4.mlp.37998,4,mlp,292,15
7227,7.resid.31894,7,resid,421,6
7228,4.mlp.39212,4,mlp,299,7
7229,7.resid.16273,7,resid,410,8
7230,4.mlp.7859,4,mlp,306,0
7231,7.resid.34428,7,resid,434,54
7232,4.mlp.7165,4,mlp,354,18
7233,7.resid.31756,7,resid,275,52
7234,4.mlp.32078,4,mlp,359,5
7235,7.resid.11450,7,resid,484,7
7236,4.mlp.5409,4,mlp,353,0
7237,7.resid.29770,7,resid,550,23
7238,4.mlp.37629,4,mlp,315,13
7239,7.resid.31508,7,resid,520,31
7240,4.mlp.36568,4,mlp,373,0
7241,7.resid.37534,7,resid,337,12
7242,4.mlp.21059,4,mlp,576,0
7243,7.resid.27473,7,resid,485,7
7244,4.mlp.25033,4,mlp,288,13
7245,7.resid.30251,7,resid,658,2
7246,4.mlp.9417,4,mlp,327,0
7247,7.resid.15516,7,resid,428,27
7248,4.mlp.38488,4,mlp,569,0
7249,7.resid.7506,7,resid,494,13
7250,4.mlp.23622,4,mlp,387,23
7251,7.resid.31916,7,resid,521,24
7252,4.mlp.7761,4,mlp,375,0
7253,7.resid.21413,7,resid,487,33
7254,4.mlp.199,4,mlp,497,0
7255,7.resid.27663,7,resid,574,15
7256,4.mlp.25655,4,mlp,233,25
7257,7.resid.25280,7,resid,486,11
7258,4.mlp.7748,4,mlp,436,4
7259,7.resid.12008,7,resid,250,42
7260,4.mlp.19092,4,mlp,176,18
7261,7.resid.22708,7,resid,472,36
7262,4.mlp.7717,4,mlp,372,17
7263,7.resid.4550,7,resid,642,25
7264,4.mlp.7358,4,mlp,479,11
7265,7.resid.30700,7,resid,314,16
7266,4.mlp.19333,4,mlp,313,18
7267,7.resid.27526,7,resid,349,27
7268,4.mlp.14004,4,mlp,418,2
7269,7.resid.5698,7,resid,548,10
7270,4.mlp.56,4,mlp,208,4
7271,7.resid.18949,7,resid,317,11
7272,4.mlp.8666,4,mlp,99,8
7273,7.resid.14989,7,resid,541,24
7274,4.mlp.2094,4,mlp,356,11
7275,7.resid.24589,7,resid,376,18
7276,4.mlp.28216,4,mlp,425,0
7277,7.resid.23740,7,resid,404,8
7278,4.mlp.20433,4,mlp,348,32
7279,7.resid.5733,7,resid,387,22
7280,4.mlp.30672,4,mlp,402,0
7281,7.resid.32054,7,resid,504,5
7282,4.resid.23085,4,resid,201,31
7283,7.resid.4899,7,resid,554,33
7284,4.resid.12702,4,resid,293,0
7285,7.mlp.26120,7,mlp,417,55
7286,4.resid.16953,4,resid,273,51
7287,7.mlp.12288,7,mlp,366,28
7288,4.resid.16480,4,resid,248,10
7289,7.mlp.6306,7,mlp,356,4
7290,4.resid.8404,4,resid,166,35
7291,7.mlp.16452,7,mlp,584,13
7292,4.resid.18566,4,resid,313,13
7293,7.mlp.16009,7,mlp,288,19
7294,4.resid.15246,4,resid,239,19
7295,7.mlp.3167,7,mlp,464,8
7296,4.resid.3626,4,resid,282,0
7297,7.mlp.4556,7,mlp,381,7
7298,4.resid.24389,4,resid,183,48
7299,7.mlp.2621,7,mlp,366,25
7300,4.resid.32872,4,resid,266,6
7301,7.mlp.16270,7,mlp,392,4
7302,4.resid.23295,4,resid,339,18
7303,7.mlp.29796,7,mlp,382,4
7304,4.resid.31938,4,resid,397,0
7305,7.mlp.22428,7,mlp,267,5
7306,4.resid.40108,4,resid,274,21
7307,7.mlp.19094,7,mlp,500,17
7308,4.resid.31569,4,resid,250,8
7309,7.mlp.13273,7,mlp,412,4
7310,4.resid.31095,4,resid,169,19
7311,7.mlp.39765,7,mlp,403,5
7312,4.resid.21183,4,resid,281,0
7313,7.mlp.38842,7,mlp,559,31
7314,4.resid.32281,4,resid,388,0
7315,7.mlp.35541,7,mlp,386,4
7316,4.resid.23632,4,resid,291,16
7317,7.mlp.17684,7,mlp,421,11
7318,4.resid.2226,4,resid,374,47
7319,7.mlp.18003,7,mlp,314,4
7320,4.resid.19420,4,resid,345,0
7321,7.mlp.28652,7,mlp,400,22
7322,4.resid.12043,4,resid,331,5
7323,7.mlp.17893,7,mlp,362,4
7324,4.resid.17473,4,resid,353,51
7325,7.mlp.19648,7,mlp,363,30
7326,4.resid.5891,4,resid,304,5
7327,7.mlp.38300,7,mlp,366,7
7328,4.resid.20822,4,resid,511,17
7329,7.mlp.22396,7,mlp,500,26
7330,4.resid.13823,4,resid,264,36
7331,7.mlp.38111,7,mlp,400,23
7332,4.resid.31049,4,resid,400,0
7333,7.mlp.29710,7,mlp,559,12
7334,4.resid.33157,4,resid,334,0
7335,7.mlp.9519,7,mlp,426,10
7336,4.resid.32509,4,resid,215,10
7337,7.mlp.17554,7,mlp,489,43
7338,4.resid.32008,4,resid,369,4
7339,7.mlp.16148,7,mlp,410,6
7340,5.attn.27589,5,attn,366,0
7341,7.attn.33075,7,attn,369,20
7342,5.attn.9077,5,attn,184,0
7343,7.attn.16255,7,attn,361,43
7344,5.attn.23050,5,attn,249,0
7345,7.attn.36542,7,attn,503,498
7346,7.attn.7287,7,attn,436,6
7347,7.attn.15279,7,attn,294,43
7348,5.attn.35480,5,attn,310,0
7349,7.attn.17162,7,attn,564,14
7350,5.attn.10465,5,attn,346,0
7351,7.attn.18105,7,attn,260,43
7352,7.attn.15736,7,attn,621,0
7353,5.attn.34532,5,attn,245,0
7354,7.attn.30720,7,attn,306,0
7355,5.attn.39,5,attn,177,0
7356,7.attn.30904,7,attn,424,1
7357,5.attn.1442,5,attn,209,21
7358,7.attn.19658,7,attn,586,17
7359,5.attn.21321,5,attn,182,0
7360,7.attn.15187,7,attn,415,1
7361,5.attn.32976,5,attn,179,2
7362,7.attn.2672,7,attn,371,1
7363,5.attn.5578,5,attn,175,2
7364,5.attn.7779,5,attn,241,7
7365,7.attn.17054,7,attn,675,17
7366,5.attn.6690,5,attn,356,1
7367,7.attn.35935,7,attn,443,1
7368,5.attn.14947,5,attn,313,0
7369,7.attn.18966,7,attn,402,1
7370,5.attn.4921,5,attn,321,0
7371,7.attn.15127,7,attn,281,51
7372,5.attn.11118,5,attn,326,5
7373,7.attn.29006,7,attn,657,1
7374,5.attn.38380,5,attn,220,2
7375,7.attn.4862,7,attn,142,40
7376,5.attn.25526,5,attn,281,24
7377,7.attn.12626,7,attn,284,23
7378,5.attn.5630,5,attn,275,13
7379,7.attn.16277,7,attn,311,1
7380,7.attn.25722,7,attn,430,43
7381,5.attn.5862,5,attn,181,0
7382,7.attn.15921,7,attn,323,9
7383,5.attn.13390,5,attn,355,0
7384,7.attn.21865,7,attn,371,4
7385,5.attn.39432,5,attn,362,22
7386,7.attn.35632,7,attn,362,29
7387,5.attn.4221,5,attn,356,0
7388,5.mlp.19095,5,mlp,261,29
7389,7.attn.10250,7,attn,495,0
7390,5.mlp.40182,5,mlp,455,0
7391,6.resid.151,6,resid,354,7
7392,5.mlp.30418,5,mlp,340,0
7393,6.resid.1640,6,resid,386,4
7394,5.mlp.9556,5,mlp,408,0
7395,6.resid.21992,6,resid,511,50
7396,5.mlp.29295,5,mlp,365,18
7397,6.resid.22017,6,resid,600,8
7398,5.mlp.12076,5,mlp,232,27
7399,6.resid.26762,6,resid,449,36
7400,5.mlp.22750,5,mlp,343,41
7401,6.resid.22318,6,resid,362,24
7402,5.mlp.4074,5,mlp,281,35
7403,6.resid.3773,6,resid,431,5
7404,5.mlp.6334,5,mlp,475,0
7405,6.resid.6604,6,resid,402,41
7406,5.mlp.37554,5,mlp,337,0
7407,6.resid.2422,6,resid,383,18
7408,5.mlp.32064,5,mlp,483,29
7409,6.resid.19235,6,resid,424,10
7410,5.mlp.18547,5,mlp,292,0
7411,6.resid.29872,6,resid,280,6
7412,5.mlp.3748,5,mlp,426,8
7413,6.resid.39295,6,resid,358,22
7414,5.mlp.1957,5,mlp,274,22
7415,6.resid.17677,6,resid,366,22
7416,5.mlp.17996,5,mlp,506,41
7417,6.resid.2792,6,resid,495,20
7418,5.mlp.31640,5,mlp,302,11
7419,6.resid.12357,6,resid,575,34
7420,5.mlp.30904,5,mlp,304,0
7421,6.resid.31364,6,resid,372,30
7422,5.mlp.23957,5,mlp,406,7
7423,6.resid.10992,6,resid,411,13
7424,5.mlp.12921,5,mlp,575,5
7425,6.resid.10650,6,resid,458,0
7426,5.mlp.12867,5,mlp,527,0
7427,6.resid.7458,6,resid,386,4
7428,5.mlp.29564,5,mlp,483,8
7429,6.resid.34603,6,resid,433,0
7430,5.mlp.29255,5,mlp,249,7
7431,6.resid.38574,6,resid,327,47
7432,5.mlp.16529,5,mlp,428,38
7433,6.resid.31129,6,resid,387,33
7434,5.mlp.4661,5,mlp,248,4
7435,6.resid.28224,6,resid,520,12
7436,5.mlp.22457,5,mlp,283,13
7437,6.resid.5555,6,resid,373,19
7438,5.mlp.29907,5,mlp,496,18
7439,6.resid.8427,6,resid,435,12
7440,5.mlp.22577,5,mlp,430,0
7441,6.resid.19134,6,resid,412,18
7442,5.mlp.16140,5,mlp,392,32
7443,6.resid.13489,6,resid,379,12
7444,5.mlp.36311,5,mlp,363,0
7445,6.resid.11423,6,resid,338,13
7446,5.resid.33409,5,resid,457,23
7447,6.mlp.15498,6,mlp,250,15
7448,5.resid.28884,5,resid,399,5
7449,6.mlp.1953,6,mlp,477,33
7450,5.resid.11544,5,resid,255,57
7451,6.mlp.12184,6,mlp,380,12
7452,5.resid.15392,5,resid,347,23
7453,6.mlp.23332,6,mlp,315,6
7454,5.resid.580,5,resid,475,11
7455,6.mlp.9703,6,mlp,475,0
7456,5.resid.36693,5,resid,356,14
7457,6.mlp.30588,6,mlp,1038,2
7458,5.resid.34233,5,resid,475,0
7459,6.mlp.19859,6,mlp,289,33
7460,5.resid.38268,5,resid,305,30
7461,6.mlp.10957,6,mlp,235,7
7462,5.resid.21126,5,resid,380,15
7463,6.mlp.12845,6,mlp,537,14
7464,5.resid.36106,5,resid,362,27
7465,6.mlp.35663,6,mlp,524,0
7466,5.resid.37724,5,resid,244,23
7467,6.mlp.29897,6,mlp,599,0
7468,5.resid.18203,5,resid,429,19
7469,6.mlp.12612,6,mlp,397,13
7470,5.resid.2708,5,resid,362,12
7471,6.mlp.15156,6,mlp,383,0
7472,5.resid.13861,5,resid,199,11
7473,6.mlp.18168,6,mlp,448,0
7474,5.resid.27527,5,resid,205,7
7475,6.mlp.27448,6,mlp,256,5
7476,5.resid.29669,5,resid,299,26
7477,6.mlp.25028,6,mlp,511,0
7478,5.resid.5444,5,resid,359,0
7479,6.mlp.14308,6,mlp,457,8
7480,5.resid.4902,5,resid,373,0
7481,6.mlp.27720,6,mlp,387,37
7482,5.resid.32758,5,resid,263,4
7483,6.mlp.4389,6,mlp,576,0
7484,5.resid.10199,5,resid,510,0
7485,6.mlp.39371,6,mlp,376,24
7486,5.resid.850,5,resid,347,0
7487,6.mlp.28603,6,mlp,466,15
7488,5.resid.32941,5,resid,341,19
7489,6.mlp.595,6,mlp,364,4
7490,5.resid.29014,5,resid,367,36
7491,6.mlp.20578,6,mlp,157,14
7492,5.resid.2565,5,resid,382,12
7493,6.mlp.26061,6,mlp,637,0
7494,5.resid.33053,5,resid,233,7
7495,6.mlp.8536,6,mlp,627,6
7496,5.resid.10880,5,resid,265,10
7497,6.mlp.6343,6,mlp,282,48
7498,5.resid.28819,5,resid,361,52
7499,6.mlp.11660,6,mlp,534,8
7500,5.resid.6737,5,resid,445,22
7501,6.mlp.4638,6,mlp,349,8
7502,6.attn.8240,6,attn,196,17
7503,6.mlp.32811,6,mlp,294,45
7504,6.attn.11432,6,attn,422,1
7505,6.attn.5748,6,attn,343,48
7506,6.attn.23235,6,attn,449,0
7507,6.attn.23398,6,attn,494,14
7508,6.attn.11582,6,attn,202,0
7509,6.attn.38037,6,attn,342,0
7510,6.attn.27108,6,attn,304,0
7511,6.attn.37266,6,attn,308,1
7512,6.attn.16846,6,attn,390,1
7513,6.attn.14099,6,attn,468,0
7514,6.attn.22623,6,attn,143,2
7515,6.attn.3466,6,attn,226,1
7516,6.attn.8521,6,attn,219,1
7517,6.attn.24714,6,attn,407,0
7518,6.attn.38418,6,attn,274,0
7519,6.attn.4602,6,attn,409,0
7520,6.attn.40621,6,attn,364,1
7521,6.attn.10048,6,attn,400,1
7522,6.attn.31360,6,attn,342,16
7523,6.attn.32540,6,attn,229,1
7524,6.attn.13851,6,attn,487,0
7525,6.attn.35754,6,attn,433,26
7526,6.attn.12355,6,attn,326,0
7527,6.attn.16977,6,attn,199,28
7528,6.attn.24785,6,attn,209,0
7529,6.attn.34169,6,attn,243,16
7530,6.attn.26912,6,attn,222,0
7531,0.mlp.35724,0,mlp,19,422
7532,0.mlp.27329,0,mlp,10,46
7533,11.resid.7008,11,resid,636,27
7534,0.mlp.40867,0,mlp,51,34
7535,11.resid.18628,11,resid,440,8
7536,0.mlp.8483,0,mlp,18,19
7537,11.resid.14865,11,resid,250,19
7538,0.mlp.20419,0,mlp,36,423
7539,11.resid.1193,11,resid,353,3
7540,0.mlp.18150,0,mlp,39,22
7541,11.resid.34359,11,resid,519,23
7542,0.mlp.7965,0,mlp,14,424
7543,11.resid.10765,11,resid,623,17
7544,0.mlp.27189,0,mlp,7,425
7545,11.resid.27940,11,resid,459,3
7546,0.mlp.33214,0,mlp,39,2
7547,11.resid.22837,11,resid,306,19
7548,0.mlp.33790,0,mlp,9,426
7549,11.resid.14348,11,resid,249,3
7550,0.mlp.10205,0,mlp,12,427
7551,11.resid.29119,11,resid,638,38
7552,0.mlp.27961,0,mlp,12,4
7553,11.resid.32771,11,resid,440,11
7554,0.mlp.8279,0,mlp,62,4
7555,11.resid.24654,11,resid,414,17
7556,0.mlp.17701,0,mlp,12,429
7557,11.resid.40380,11,resid,218,3
7558,0.mlp.32630,0,mlp,22,430
7559,11.resid.20830,11,resid,768,0
7560,0.mlp.5171,0,mlp,10,431
7561,11.resid.6484,11,resid,487,3
7562,0.mlp.7337,0,mlp,7,432
7563,11.resid.37386,11,resid,214,3
7564,0.mlp.37714,0,mlp,27,433
7565,11.resid.19616,11,resid,630,3
7566,0.mlp.32284,0,mlp,19,71
7567,11.resid.20067,11,resid,662,3
7568,0.mlp.8786,0,mlp,10,434
7569,11.resid.39553,11,resid,508,1
7570,0.mlp.8142,0,mlp,24,435
7571,11.resid.6102,11,resid,453,3
7572,0.mlp.1316,0,mlp,53,436
7573,11.resid.36301,11,resid,532,3
7574,0.mlp.14147,0,mlp,15,437
7575,11.resid.40096,11,resid,447,21
7576,0.mlp.4877,0,mlp,33,438
7577,11.resid.39103,11,resid,370,6
7578,0.mlp.3842,0,mlp,25,439
7579,11.resid.2586,11,resid,400,3
7580,0.mlp.3034,0,mlp,11,440
7581,11.resid.35762,11,resid,582,14
7582,0.mlp.22742,0,mlp,72,34
7583,11.resid.11112,11,resid,422,3
7584,0.mlp.7413,0,mlp,13,32
7585,11.resid.38825,11,resid,514,16
7586,0.mlp.19146,0,mlp,18,441
7587,11.resid.31488,11,resid,349,3
7588,0.mlp.2269,0,mlp,5,442
7589,11.resid.1667,11,resid,361,3
7590,0.resid.26125,0,resid,43,39
7591,11.mlp.9913,11,mlp,836,1
7592,0.resid.25822,0,resid,48,4
7593,11.mlp.39066,11,mlp,544,29
7594,0.resid.6622,0,resid,27,14
7595,11.mlp.2397,11,mlp,563,3
7596,0.resid.14785,0,resid,26,31
7597,11.mlp.26282,11,mlp,399,16
7598,0.resid.13310,0,resid,61,21
7599,11.mlp.10508,11,mlp,353,3
7600,0.resid.11738,0,resid,77,4
7601,11.mlp.14027,11,mlp,574,16
7602,0.resid.31517,0,resid,31,37
7603,11.mlp.12092,11,mlp,444,12
7604,0.resid.6505,0,resid,25,12
7605,11.mlp.10819,11,mlp,351,13
7606,0.resid.23016,0,resid,23,23
7607,11.mlp.19334,11,mlp,247,3
7608,0.resid.29966,0,resid,16,444
7609,11.mlp.39113,11,mlp,326,3
7610,0.resid.1119,0,resid,35,0
7611,11.mlp.4384,11,mlp,330,3
7612,0.resid.6699,0,resid,27,445
7613,11.mlp.17337,11,mlp,250,3
7614,0.resid.4178,0,resid,22,18
7615,11.mlp.260,11,mlp,422,18
7616,0.resid.40160,0,resid,10,74
7617,11.mlp.21943,11,mlp,392,3
7618,0.resid.20544,0,resid,136,62
7619,11.mlp.4405,11,mlp,444,3
7620,0.resid.6819,0,resid,29,1
7621,11.mlp.37580,11,mlp,321,3
7622,0.resid.26869,0,resid,220,2
7623,11.mlp.33333,11,mlp,753,227
7624,0.resid.31301,0,resid,25,32
7625,11.mlp.39610,11,mlp,314,3
7626,0.resid.39163,0,resid,38,6
7627,11.mlp.15124,11,mlp,465,23
7628,0.resid.40182,0,resid,54,6
7629,11.mlp.26429,11,mlp,322,3
7630,0.resid.12650,0,resid,60,2
7631,11.mlp.38091,11,mlp,564,20
7632,0.resid.22943,0,resid,84,34
7633,11.mlp.12563,11,mlp,571,4
7634,0.resid.29665,0,resid,37,446
7635,11.mlp.5009,11,mlp,596,17
7636,0.resid.35320,0,resid,35,447
7637,11.mlp.34675,11,mlp,478,3
7638,0.resid.1744,0,resid,102,39
7639,11.mlp.29146,11,mlp,329,3
7640,0.resid.6609,0,resid,116,2
7641,11.mlp.15821,11,mlp,386,8
7642,0.resid.17997,0,resid,88,14
7643,11.mlp.11295,11,mlp,422,6
7644,0.resid.29358,0,resid,22,8
7645,11.mlp.16482,11,mlp,410,28
7646,11.attn.9241,11,attn,495,3
7647,11.attn.27443,11,attn,1050,1
7648,1.attn.7256,1,attn,62,12
7649,11.attn.24717,11,attn,441,9
7650,11.attn.20723,11,attn,599,11
7651,11.attn.18582,11,attn,363,16
7652,11.attn.2400,11,attn,301,1
7653,11.attn.27718,11,attn,567,6
7654,11.attn.34895,11,attn,315,3
7655,11.attn.25068,11,attn,670,9
7656,11.attn.13030,11,attn,581,19
7657,11.attn.19627,11,attn,170,3
7658,11.attn.26385,11,attn,693,9
7659,11.attn.29586,11,attn,435,3
7660,1.attn.24367,1,attn,68,8
7661,11.attn.10015,11,attn,147,3
7662,11.attn.16279,11,attn,575,9
7663,1.attn.20855,1,attn,90,9
7664,11.attn.17052,11,attn,135,3
7665,1.attn.18861,1,attn,106,14
7666,11.attn.18425,11,attn,316,1
7667,11.attn.10133,11,attn,360,1
7668,11.attn.5399,11,attn,282,3
7669,11.attn.27337,11,attn,839,3
7670,11.attn.31786,11,attn,660,12
7671,11.attn.7252,11,attn,472,9
7672,1.attn.2217,1,attn,93,15
7673,11.attn.35052,11,attn,812,16
7674,11.attn.20311,11,attn,133,7
7675,11.attn.7016,11,attn,502,1
7676,1.attn.17708,1,attn,60,22
7677,11.attn.7319,11,attn,450,20
7678,11.attn.1179,11,attn,380,160
7679,1.mlp.36895,1,mlp,91,15
7680,10.resid.29235,10,resid,452,8
7681,1.mlp.4355,1,mlp,86,47
7682,10.resid.15285,10,resid,690,32
7683,1.mlp.27504,1,mlp,105,74
7684,10.resid.11335,10,resid,621,7
7685,1.mlp.10848,1,mlp,63,448
7686,10.resid.3214,10,resid,524,17
7687,1.mlp.858,1,mlp,91,11
7688,10.resid.31442,10,resid,379,10
7689,1.mlp.38837,1,mlp,103,26
7690,10.resid.22306,10,resid,509,3
7691,1.mlp.7679,1,mlp,258,49
7692,10.resid.28400,10,resid,709,25
7693,1.mlp.1565,1,mlp,246,52
7694,10.resid.40723,10,resid,608,26
7695,1.mlp.16823,1,mlp,181,11
7696,10.resid.6843,10,resid,614,45
7697,1.mlp.16507,1,mlp,177,11
7698,10.resid.39739,10,resid,560,12
7699,1.mlp.26679,1,mlp,66,4
7700,10.resid.23333,10,resid,258,4
7701,1.mlp.1703,1,mlp,119,30
7702,10.resid.16338,10,resid,626,16
7703,1.mlp.23013,1,mlp,236,5
7704,10.resid.25884,10,resid,748,13
7705,1.mlp.28675,1,mlp,201,25
7706,10.resid.40900,10,resid,650,3
7707,1.mlp.28619,1,mlp,94,12
7708,10.resid.18242,10,resid,610,7
7709,1.mlp.9253,1,mlp,151,7
7710,10.resid.37104,10,resid,630,26
7711,1.mlp.21322,1,mlp,108,31
7712,10.resid.37849,10,resid,615,1
7713,1.mlp.26308,1,mlp,89,25
7714,10.resid.7292,10,resid,602,15
7715,1.mlp.6365,1,mlp,117,25
7716,10.resid.29892,10,resid,371,785
7717,1.mlp.15346,1,mlp,170,6
7718,10.resid.23146,10,resid,292,27
7719,1.mlp.38457,1,mlp,232,44
7720,10.resid.38306,10,resid,470,3
7721,1.mlp.14500,1,mlp,163,76
7722,10.resid.3240,10,resid,483,767
7723,1.mlp.10157,1,mlp,155,7
7724,10.resid.5693,10,resid,826,40
7725,1.mlp.28554,1,mlp,93,22
7726,10.resid.19387,10,resid,344,46
7727,1.mlp.19063,1,mlp,138,36
7728,10.resid.12562,10,resid,623,48
7729,1.mlp.1779,1,mlp,180,4
7730,10.resid.39165,10,resid,669,9
7731,1.mlp.28440,1,mlp,57,39
7732,10.resid.30825,10,resid,420,18
7733,1.mlp.17915,1,mlp,137,8
7734,10.resid.3744,10,resid,552,23
7735,1.resid.31886,1,resid,115,4
7736,10.mlp.8720,10,mlp,507,8
7737,1.resid.29324,1,resid,143,18
7738,10.mlp.20700,10,mlp,415,3
7739,1.resid.38792,1,resid,185,34
7740,10.mlp.38154,10,mlp,628,21
7741,1.resid.20458,1,resid,46,47
7742,10.mlp.16861,10,mlp,465,4
7743,1.resid.29578,1,resid,109,62
7744,10.mlp.18768,10,mlp,522,12
7745,1.resid.20219,1,resid,53,13
7746,10.mlp.26066,10,mlp,654,15
7747,1.resid.9633,1,resid,99,53
7748,10.mlp.17726,10,mlp,503,1
7749,1.resid.32126,1,resid,73,14
7750,10.mlp.5340,10,mlp,481,14
7751,1.resid.8095,1,resid,76,16
7752,10.mlp.29750,10,mlp,381,42
7753,1.resid.40640,1,resid,80,32
7754,10.mlp.16102,10,mlp,334,27
7755,1.resid.24282,1,resid,120,30
7756,10.mlp.23169,10,mlp,592,21
7757,1.resid.8888,1,resid,130,7
7758,10.mlp.33794,10,mlp,632,13
7759,1.resid.16680,1,resid,154,37
7760,10.mlp.2064,10,mlp,514,5
7761,1.resid.451,1,resid,125,22
7762,10.mlp.16863,10,mlp,447,159
7763,1.resid.3175,1,resid,48,449
7764,10.mlp.23216,10,mlp,365,16
7765,1.resid.38836,1,resid,74,450
7766,10.mlp.36147,10,mlp,249,7
7767,1.resid.40714,1,resid,87,7
7768,10.mlp.3141,10,mlp,389,7
7769,1.resid.18145,1,resid,151,7
7770,10.mlp.30090,10,mlp,418,17
7771,1.resid.36345,1,resid,182,10
7772,10.mlp.16827,10,mlp,360,411
7773,1.resid.2986,1,resid,43,16
7774,10.mlp.11519,10,mlp,487,7
7775,1.resid.33580,1,resid,103,47
7776,10.mlp.6800,10,mlp,628,772
7777,1.resid.34090,1,resid,80,47
7778,10.mlp.28052,10,mlp,443,381
7779,1.resid.40905,1,resid,95,30
7780,10.mlp.10566,10,mlp,425,48
7781,1.resid.9292,1,resid,120,47
7782,10.mlp.774,10,mlp,363,37
7783,1.resid.22946,1,resid,153,10
7784,10.mlp.40539,10,mlp,387,21
7785,1.resid.1043,1,resid,74,15
7786,10.mlp.9622,10,mlp,528,7
7787,1.resid.33212,1,resid,121,13
7788,10.mlp.33165,10,mlp,619,347
7789,1.resid.31163,1,resid,93,60
7790,10.mlp.32572,10,mlp,618,98
7791,1.resid.12243,1,resid,134,4
7792,10.mlp.9528,10,mlp,510,4
7793,10.attn.30908,10,attn,686,22
7794,10.attn.19668,10,attn,566,6
7795,2.attn.6837,2,attn,103,49
7796,10.attn.25178,10,attn,377,1
7797,10.attn.24673,10,attn,422,9
7798,2.attn.30938,2,attn,104,29
7799,10.attn.1880,10,attn,269,31
7800,2.attn.37565,2,attn,114,2
7801,10.attn.25143,10,attn,340,81
7802,10.attn.25728,10,attn,213,1
7803,2.attn.11443,2,attn,128,16
7804,10.attn.34094,10,attn,527,1
7805,2.attn.8230,2,attn,174,15
7806,2.attn.6464,2,attn,203,4
7807,10.attn.14044,10,attn,711,24
7808,2.attn.9193,2,attn,257,2
7809,10.attn.2689,10,attn,606,40
7810,10.attn.4851,10,attn,487,1
7811,2.attn.25624,2,attn,97,2
7812,10.attn.39928,10,attn,480,9
7813,2.attn.10202,2,attn,48,14
7814,10.attn.18220,10,attn,323,3
7815,2.attn.20239,2,attn,73,4
7816,10.attn.28019,10,attn,297,1
7817,10.attn.21131,10,attn,484,9
7818,2.attn.8035,2,attn,141,19
7819,10.attn.38274,10,attn,1200,2
7820,2.attn.9281,2,attn,153,2
7821,10.attn.6974,10,attn,549,1
7822,10.attn.27185,10,attn,424,1
7823,10.attn.38252,10,attn,901,28
7824,2.attn.21112,2,attn,96,49
7825,10.attn.34581,10,attn,302,9
7826,10.attn.36670,10,attn,1177,2
7827,10.attn.24880,10,attn,374,1
7828,10.attn.11697,10,attn,191,8
7829,2.attn.11778,2,attn,86,451
7830,10.attn.11705,10,attn,261,40
7831,2.attn.16369,2,attn,124,2
7832,10.attn.12619,10,attn,506,16
7833,10.attn.35915,10,attn,587,17
7834,2.mlp.12645,2,mlp,126,36
7835,9.resid.19171,9,resid,487,12
7836,2.mlp.8404,2,mlp,189,55
7837,9.resid.8932,9,resid,423,4
7838,2.mlp.23215,2,mlp,164,48
7839,9.resid.11677,9,resid,500,16
7840,2.mlp.6475,2,mlp,187,71
7841,9.resid.4044,9,resid,575,33
7842,2.mlp.12568,2,mlp,88,11
7843,9.resid.14838,9,resid,592,4
7844,2.mlp.18801,2,mlp,175,23
7845,9.resid.3907,9,resid,409,5
7846,2.mlp.26556,2,mlp,173,5
7847,9.resid.36448,9,resid,274,10
7848,2.mlp.16205,2,mlp,116,28
7849,9.resid.20784,9,resid,558,38
7850,2.mlp.4180,2,mlp,108,15
7851,9.resid.37380,9,resid,651,17
7852,2.mlp.31812,2,mlp,145,11
7853,9.resid.2723,9,resid,710,20
7854,2.mlp.15458,2,mlp,267,5
7855,9.resid.29864,9,resid,478,8
7856,2.mlp.4269,2,mlp,239,5
7857,9.resid.21835,9,resid,528,16
7858,2.mlp.20286,2,mlp,170,13
7859,9.resid.24834,9,resid,662,38
7860,2.mlp.4757,2,mlp,207,25
7861,9.resid.2753,9,resid,699,11
7862,2.mlp.29720,2,mlp,154,11
7863,9.resid.1482,9,resid,732,8
7864,2.mlp.25220,2,mlp,112,47
7865,9.resid.32343,9,resid,674,12
7866,2.mlp.32232,2,mlp,280,11
7867,9.resid.17183,9,resid,549,22
7868,2.mlp.11500,2,mlp,188,5
7869,9.resid.6464,9,resid,500,58
7870,2.mlp.23158,2,mlp,179,13
7871,9.resid.33670,9,resid,580,12
7872,2.mlp.28246,2,mlp,154,48
7873,9.resid.17768,9,resid,430,19
7874,2.mlp.40773,2,mlp,107,4
7875,9.resid.13945,9,resid,305,6
7876,2.mlp.19313,2,mlp,347,2
7877,9.resid.9093,9,resid,642,10
7878,2.mlp.33001,2,mlp,256,4
7879,9.resid.16961,9,resid,735,28
7880,2.mlp.28806,2,mlp,155,6
7881,9.resid.30928,9,resid,676,69
7882,2.mlp.33431,2,mlp,203,22
7883,9.resid.26693,9,resid,482,410
7884,2.mlp.39387,2,mlp,160,9
7885,9.resid.5371,9,resid,666,19
7886,2.mlp.35302,2,mlp,119,7
7887,9.resid.10542,9,resid,303,12
7888,2.mlp.21288,2,mlp,148,0
7889,9.resid.40100,9,resid,443,13
7890,2.resid.26715,2,resid,125,7
7891,9.mlp.7518,9,mlp,401,18
7892,2.resid.36684,2,resid,156,15
7893,9.mlp.14984,9,mlp,684,2
7894,2.resid.14986,2,resid,202,14
7895,9.mlp.8127,9,mlp,700,67
7896,2.resid.5570,2,resid,100,15
7897,9.mlp.13444,9,mlp,529,13
7898,2.resid.39302,2,resid,108,26
7899,9.mlp.29531,9,mlp,509,7
7900,2.resid.26986,2,resid,107,33
7901,9.mlp.4907,9,mlp,547,537
7902,2.resid.40710,2,resid,137,11
7903,9.mlp.10936,9,mlp,466,24
7904,2.resid.32546,2,resid,236,5
7905,9.mlp.15286,9,mlp,704,8
7906,2.resid.24298,2,resid,114,19
7907,9.mlp.32082,9,mlp,444,4
7908,2.resid.40211,2,resid,181,26
7909,9.mlp.6845,9,mlp,637,20
7910,2.resid.2121,2,resid,169,53
7911,9.mlp.4188,9,mlp,556,19
7912,2.resid.13672,2,resid,141,31
7913,9.mlp.29797,9,mlp,328,226
7914,2.resid.6002,2,resid,102,5
7915,9.mlp.12259,9,mlp,365,27
7916,2.resid.31658,2,resid,197,35
7917,9.mlp.21701,9,mlp,657,14
7918,2.resid.17718,2,resid,116,5
7919,9.mlp.38374,9,mlp,497,28
7920,2.resid.13191,2,resid,246,11
7921,9.mlp.16423,9,mlp,461,578
7922,2.resid.25185,2,resid,245,2
7923,9.mlp.36310,9,mlp,515,6
7924,2.resid.22009,2,resid,269,13
7925,9.mlp.10663,9,mlp,412,10
7926,2.resid.38759,2,resid,237,23
7927,9.mlp.13390,9,mlp,480,36
7928,2.resid.15897,2,resid,229,11
7929,9.mlp.20314,9,mlp,428,35
7930,2.resid.10267,2,resid,130,6
7931,9.mlp.23883,9,mlp,595,13
7932,2.resid.27234,2,resid,199,7
7933,9.mlp.28333,9,mlp,594,56
7934,2.resid.20343,2,resid,189,50
7935,9.mlp.6562,9,mlp,221,11
7936,2.resid.10808,2,resid,101,33
7937,9.mlp.30615,9,mlp,471,19
7938,2.resid.30879,2,resid,210,53
7939,9.mlp.2590,9,mlp,634,111
7940,2.resid.14616,2,resid,181,64
7941,9.mlp.18523,9,mlp,456,26
7942,2.resid.3746,2,resid,146,6
7943,9.mlp.9044,9,mlp,515,26
7944,2.resid.27397,2,resid,203,19
7945,9.mlp.13014,9,mlp,174,6
7946,2.resid.22654,2,resid,185,5
7947,9.mlp.38283,9,mlp,544,4
7948,3.attn.23537,3,attn,129,5
7949,9.attn.40793,9,attn,380,1
7950,3.attn.38120,3,attn,197,2
7951,9.attn.8419,9,attn,240,9
7952,3.attn.40870,3,attn,192,2
7953,9.attn.18398,9,attn,628,16
7954,3.attn.31075,3,attn,133,1
7955,9.attn.1396,9,attn,726,743
7956,3.attn.32859,3,attn,170,2
7957,9.attn.17445,9,attn,575,1
7958,3.attn.1187,3,attn,222,2
7959,9.attn.6977,9,attn,510,9
7960,3.attn.23159,3,attn,156,4
7961,9.attn.10998,9,attn,456,6
7962,9.attn.9574,9,attn,582,1
7963,3.attn.18614,3,attn,216,7
7964,9.attn.7479,9,attn,425,1
7965,3.attn.5505,3,attn,150,2
7966,9.attn.8863,9,attn,652,1
7967,3.attn.29009,3,attn,161,2
7968,9.attn.9845,9,attn,330,21
7969,3.attn.28134,3,attn,128,2
7970,9.attn.5917,9,attn,229,40
7971,3.attn.35723,3,attn,215,4
7972,9.attn.40844,9,attn,759,20
7973,3.attn.24436,3,attn,197,2
7974,9.attn.830,9,attn,215,1
7975,3.attn.11307,3,attn,101,7
7976,9.attn.36345,9,attn,721,7
7977,3.attn.20195,3,attn,160,52
7978,9.attn.20584,9,attn,349,1
7979,3.attn.28619,3,attn,205,19
7980,9.attn.14825,9,attn,376,499
7981,3.attn.27058,3,attn,169,8
7982,9.attn.2281,9,attn,249,21
7983,3.attn.20322,3,attn,421,2
7984,9.attn.33027,9,attn,385,54
7985,9.attn.10501,9,attn,262,16
7986,3.attn.6315,3,attn,163,13
7987,9.attn.20814,9,attn,511,9
7988,3.attn.35619,3,attn,156,51
7989,9.attn.11054,9,attn,414,29
7990,3.attn.3485,3,attn,210,20
7991,9.attn.23885,9,attn,798,23
7992,3.attn.14558,3,attn,169,2
7993,9.attn.5988,9,attn,362,1
7994,3.attn.38855,3,attn,190,28
7995,9.attn.23341,9,attn,270,13
7996,9.attn.38522,9,attn,369,6
7997,3.attn.15174,3,attn,186,13
7998,9.attn.14211,9,attn,612,10
7999,3.attn.16155,3,attn,215,28
8000,9.attn.7089,9,attn,374,90
8001,3.mlp.7370,3,mlp,166,12
8002,8.resid.20814,8,resid,704,20
8003,3.mlp.19943,3,mlp,326,5
8004,8.resid.31289,8,resid,370,10
8005,3.mlp.19749,3,mlp,300,9
8006,8.resid.9217,8,resid,852,22
8007,3.mlp.8842,3,mlp,185,33
8008,8.resid.24566,8,resid,484,7
8009,3.mlp.37012,3,mlp,91,11
8010,8.resid.1629,8,resid,508,37
8011,3.mlp.40250,3,mlp,221,5
8012,8.resid.22299,8,resid,489,29
8013,3.mlp.40607,3,mlp,388,6
8014,8.resid.2828,8,resid,533,13
8015,3.mlp.28614,3,mlp,319,2
8016,8.resid.25421,8,resid,423,12
8017,3.mlp.12298,3,mlp,94,17
8018,8.resid.28610,8,resid,579,14
8019,3.mlp.7429,3,mlp,414,8
8020,8.resid.12523,8,resid,656,44
8021,3.mlp.12320,3,mlp,214,12
8022,8.resid.24177,8,resid,406,17
8023,3.mlp.33022,3,mlp,205,20
8024,8.resid.27272,8,resid,482,1
8025,3.mlp.2466,3,mlp,252,22
8026,8.resid.36798,8,resid,423,12
8027,3.mlp.39233,3,mlp,216,16
8028,8.resid.9867,8,resid,700,17
8029,3.mlp.4390,3,mlp,222,19
8030,8.resid.15025,8,resid,456,16
8031,3.mlp.21474,3,mlp,307,41
8032,8.resid.4671,8,resid,501,17
8033,3.mlp.18078,3,mlp,258,6
8034,8.resid.36179,8,resid,567,31
8035,3.mlp.28141,3,mlp,211,22
8036,8.resid.20166,8,resid,490,31
8037,3.mlp.14602,3,mlp,216,4
8038,8.resid.12006,8,resid,660,32
8039,3.mlp.29584,3,mlp,179,16
8040,8.resid.25266,8,resid,469,4
8041,3.mlp.35468,3,mlp,458,39
8042,8.resid.10352,8,resid,563,28
8043,3.mlp.12523,3,mlp,106,11
8044,8.resid.10549,8,resid,480,25
8045,3.mlp.31901,3,mlp,226,17
8046,8.resid.16949,8,resid,436,6
8047,3.mlp.40932,3,mlp,238,15
8048,8.resid.10567,8,resid,439,16
8049,3.mlp.37216,3,mlp,166,5
8050,8.resid.32826,8,resid,559,26
8051,3.mlp.16655,3,mlp,179,5
8052,8.resid.1049,8,resid,855,26
8053,3.mlp.3031,3,mlp,316,35
8054,8.resid.17898,8,resid,510,0
8055,3.mlp.30235,3,mlp,248,2
8056,8.resid.11962,8,resid,518,37
8057,3.mlp.6825,3,mlp,417,2
8058,8.resid.28940,8,resid,498,4
8059,3.resid.21209,3,resid,79,453
8060,8.mlp.18691,8,mlp,406,4
8061,3.resid.29399,3,resid,341,10
8062,8.mlp.32344,8,mlp,493,17
8063,3.resid.31723,3,resid,324,16
8064,8.mlp.17420,8,mlp,256,14
8065,3.resid.33913,3,resid,141,2
8066,8.mlp.4399,8,mlp,539,35
8067,3.resid.12353,3,resid,330,2
8068,8.mlp.32114,8,mlp,368,13
8069,3.resid.6316,3,resid,225,5
8070,8.mlp.32428,8,mlp,298,24
8071,3.resid.2585,3,resid,155,30
8072,8.mlp.34623,8,mlp,513,161
8073,3.resid.19668,3,resid,156,17
8074,8.mlp.34801,8,mlp,325,29
8075,3.resid.20599,3,resid,247,24
8076,8.mlp.29761,8,mlp,470,37
8077,3.resid.14869,3,resid,213,34
8078,8.mlp.32630,8,mlp,580,8
8079,3.resid.13527,3,resid,281,15
8080,8.mlp.40122,8,mlp,735,17
8081,3.resid.4428,3,resid,148,16
8082,8.mlp.38909,8,mlp,449,51
8083,3.resid.12459,3,resid,173,23
8084,8.mlp.26755,8,mlp,565,16
8085,3.resid.23010,3,resid,111,50
8086,8.mlp.6288,8,mlp,525,119
8087,3.resid.19974,3,resid,272,41
8088,8.mlp.8820,8,mlp,721,14
8089,3.resid.22221,3,resid,109,18
8090,8.mlp.38133,8,mlp,545,34
8091,3.resid.8026,3,resid,138,5
8092,8.mlp.25373,8,mlp,419,26
8093,3.resid.15652,3,resid,205,2
8094,8.mlp.17736,8,mlp,421,27
8095,3.resid.15454,3,resid,188,15
8096,8.mlp.8758,8,mlp,745,99
8097,3.resid.5021,3,resid,329,5
8098,8.mlp.420,8,mlp,392,8
8099,3.resid.10808,3,resid,194,7
8100,8.mlp.27654,8,mlp,591,20
8101,3.resid.7490,3,resid,204,35
8102,8.mlp.12076,8,mlp,409,8
8103,3.resid.33987,3,resid,202,4
8104,8.mlp.22734,8,mlp,316,31
8105,3.resid.26556,3,resid,114,18
8106,8.mlp.16780,8,mlp,552,83
8107,3.resid.22104,3,resid,152,27
8108,8.mlp.18812,8,mlp,528,19
8109,3.resid.15980,3,resid,228,32
8110,8.mlp.12364,8,mlp,406,6
8111,3.resid.37439,3,resid,242,5
8112,8.mlp.35600,8,mlp,426,69
8113,3.resid.38202,3,resid,157,7
8114,8.mlp.33061,8,mlp,501,54
8115,4.attn.21531,4,attn,303,2
8116,4.attn.33434,4,attn,271,83
8117,8.attn.31423,8,attn,390,20
8118,4.attn.21706,4,attn,256,8
8119,8.attn.22197,8,attn,366,17
8120,4.attn.3512,4,attn,227,2
8121,8.attn.7940,8,attn,368,1
8122,8.attn.1922,8,attn,362,6
8123,4.attn.26678,4,attn,266,2
8124,8.attn.26131,8,attn,363,52
8125,4.attn.36365,4,attn,211,15
8126,4.attn.16095,4,attn,125,2
8127,8.attn.941,8,attn,497,351
8128,4.attn.25254,4,attn,265,2
8129,8.attn.27937,8,attn,274,9
8130,4.attn.8598,4,attn,173,10
8131,4.attn.19257,4,attn,237,2
8132,8.attn.12485,8,attn,322,1
8133,4.attn.17585,4,attn,244,42
8134,8.attn.2499,8,attn,339,9
8135,4.attn.29606,4,attn,232,12
8136,8.attn.7251,8,attn,370,24
8137,4.attn.26543,4,attn,143,4
8138,8.attn.36853,8,attn,415,21
8139,4.attn.12304,4,attn,304,17
8140,8.attn.23195,8,attn,422,19
8141,4.attn.33084,4,attn,277,5
8142,8.attn.5075,8,attn,432,1
8143,4.attn.20673,4,attn,182,2
8144,8.attn.28587,8,attn,281,1
8145,4.attn.14637,4,attn,94,454
8146,8.attn.23585,8,attn,431,1
8147,4.attn.32928,4,attn,211,71
8148,4.attn.36382,4,attn,227,44
8149,8.attn.33633,8,attn,353,23
8150,4.attn.22825,4,attn,163,31
8151,8.attn.36273,8,attn,299,14
8152,4.attn.3079,4,attn,356,36
8153,8.attn.5779,8,attn,449,9
8154,4.attn.6299,4,attn,160,2
8155,8.attn.21571,8,attn,458,86
8156,4.attn.14907,4,attn,179,4
8157,8.attn.25587,8,attn,489,1
8158,4.attn.32825,4,attn,253,0
8159,8.attn.27500,8,attn,395,1
8160,4.attn.2534,4,attn,131,2
8161,8.attn.26692,8,attn,585,20
8162,4.attn.33587,4,attn,244,2
8163,8.attn.15564,8,attn,422,1
8164,4.attn.10064,4,attn,140,22
8165,8.attn.13575,8,attn,255,1
8166,4.attn.16089,4,attn,216,17
8167,8.attn.20511,8,attn,191,1
8168,4.mlp.39144,4,mlp,250,38
8169,7.resid.25518,7,resid,562,4
8170,4.mlp.3784,4,mlp,258,6
8171,7.resid.11417,7,resid,597,13
8172,4.mlp.19818,4,mlp,237,28
8173,7.resid.6740,7,resid,625,1
8174,4.mlp.11150,4,mlp,229,4
8175,7.resid.39965,7,resid,386,13
8176,4.mlp.32882,4,mlp,389,5
8177,7.resid.33052,7,resid,479,17
8178,4.mlp.287,4,mlp,180,55
8179,7.resid.1595,7,resid,499,33
8180,4.mlp.14724,4,mlp,523,2
8181,7.resid.14037,7,resid,300,34
8182,4.mlp.40868,4,mlp,281,57
8183,7.resid.5034,7,resid,379,41
8184,4.mlp.13618,4,mlp,219,59
8185,7.resid.33336,7,resid,409,10
8186,4.mlp.22836,4,mlp,342,0
8187,7.resid.22441,7,resid,494,5
8188,4.mlp.8100,4,mlp,477,11
8189,7.resid.25604,7,resid,385,4
8190,4.mlp.37862,4,mlp,374,17
8191,7.resid.17956,7,resid,484,0
8192,4.mlp.8725,4,mlp,332,0
8193,7.resid.36296,7,resid,328,21
8194,4.mlp.9145,4,mlp,441,2
8195,7.resid.39384,7,resid,510,78
8196,4.mlp.39761,4,mlp,258,26
8197,7.resid.17171,7,resid,452,4
8198,4.mlp.8161,4,mlp,366,4
8199,7.resid.18500,7,resid,473,42
8200,4.mlp.19201,4,mlp,369,11
8201,7.resid.28625,7,resid,365,7
8202,4.mlp.5728,4,mlp,379,0
8203,7.resid.4718,7,resid,497,13
8204,4.mlp.6880,4,mlp,415,0
8205,7.resid.15004,7,resid,439,5
8206,4.mlp.7222,4,mlp,375,24
8207,7.resid.23093,7,resid,398,1
8208,4.mlp.29590,4,mlp,269,56
8209,7.resid.27559,7,resid,618,0
8210,4.mlp.4180,4,mlp,464,18
8211,7.resid.33303,7,resid,419,5
8212,4.mlp.5359,4,mlp,174,30
8213,7.resid.16843,7,resid,322,8
8214,4.mlp.1707,4,mlp,453,47
8215,7.resid.25126,7,resid,385,1
8216,4.mlp.16733,4,mlp,439,24
8217,7.resid.2672,7,resid,522,0
8218,4.mlp.37653,4,mlp,228,8
8219,7.resid.27328,7,resid,517,28
8220,4.mlp.11206,4,mlp,192,8
8221,7.resid.33127,7,resid,398,11
8222,4.mlp.36501,4,mlp,209,22
8223,7.resid.21001,7,resid,422,7
8224,4.resid.30215,4,resid,247,6
8225,7.mlp.3540,7,mlp,540,7
8226,4.resid.16345,4,resid,241,14
8227,7.mlp.37341,7,mlp,484,33
8228,4.resid.33122,4,resid,266,19
8229,7.mlp.31048,7,mlp,330,18
8230,4.resid.9179,4,resid,279,20
8231,7.mlp.8985,7,mlp,395,350
8232,4.resid.8716,4,resid,246,13
8233,7.mlp.7869,7,mlp,375,16
8234,4.resid.14771,4,resid,217,16
8235,7.mlp.12862,7,mlp,415,4
8236,4.resid.1343,4,resid,388,30
8237,7.mlp.15318,7,mlp,436,38
8238,4.resid.24706,4,resid,155,27
8239,7.mlp.16969,7,mlp,332,36
8240,4.resid.35374,4,resid,278,4
8241,7.mlp.34565,7,mlp,230,32
8242,4.resid.21475,4,resid,119,1
8243,7.mlp.2734,7,mlp,343,20
8244,4.resid.237,4,resid,254,5
8245,7.mlp.3324,7,mlp,355,15
8246,4.resid.29871,4,resid,232,6
8247,7.mlp.1641,7,mlp,341,15
8248,4.resid.3833,4,resid,244,12
8249,7.mlp.20835,7,mlp,331,11
8250,4.resid.13472,4,resid,370,0
8251,7.mlp.32481,7,mlp,427,26
8252,4.resid.21520,4,resid,195,1
8253,7.mlp.28739,7,mlp,418,85
8254,4.resid.34710,4,resid,232,6
8255,7.mlp.30989,7,mlp,267,30
8256,4.resid.33564,4,resid,309,10
8257,7.mlp.25483,7,mlp,292,23
8258,4.resid.22234,4,resid,174,4
8259,7.mlp.24213,7,mlp,535,24
8260,4.resid.12391,4,resid,228,13
8261,7.mlp.4933,7,mlp,456,8
8262,4.resid.10233,4,resid,176,25
8263,7.mlp.35857,7,mlp,446,78
8264,4.resid.38917,4,resid,203,22
8265,7.mlp.5758,7,mlp,558,42
8266,4.resid.40363,4,resid,345,38
8267,7.mlp.24366,7,mlp,494,12
8268,4.resid.9697,4,resid,418,4
8269,7.mlp.16179,7,mlp,480,23
8270,4.resid.33228,4,resid,219,80
8271,7.mlp.7644,7,mlp,310,44
8272,4.resid.34192,4,resid,305,11
8273,7.mlp.14785,7,mlp,387,7
8274,4.resid.4366,4,resid,326,34
8275,7.mlp.24625,7,mlp,405,22
8276,4.resid.30230,4,resid,311,6
8277,7.mlp.19391,7,mlp,585,21
8278,4.resid.5319,4,resid,241,8
8279,7.mlp.463,7,mlp,493,753
8280,5.attn.19883,5,attn,411,0
8281,7.attn.3402,7,attn,299,43
8282,5.attn.2304,5,attn,380,0
8283,7.attn.6266,7,attn,631,0
8284,5.attn.33475,5,attn,453,0
8285,7.attn.29512,7,attn,349,43
8286,7.attn.26696,7,attn,439,95
8287,5.attn.39954,5,attn,446,0
8288,7.attn.284,7,attn,391,47
8289,5.attn.32000,5,attn,383,0
8290,7.attn.13963,7,attn,109,40
8291,5.attn.10854,5,attn,239,13
8292,7.attn.8028,7,attn,224,37
8293,5.attn.29656,5,attn,308,8
8294,7.attn.8605,7,attn,187,21
8295,7.attn.10264,7,attn,506,17
8296,5.attn.10168,5,attn,183,0
8297,7.attn.38874,7,attn,388,43
8298,5.attn.36336,5,attn,229,0
8299,7.attn.14337,7,attn,301,9
8300,7.attn.10555,7,attn,323,1
8301,5.attn.7572,5,attn,156,0
8302,7.attn.17947,7,attn,411,14
8303,5.attn.34524,5,attn,394,0
8304,7.attn.21971,7,attn,333,43
8305,5.attn.22648,5,attn,141,0
8306,5.attn.3925,5,attn,226,0
8307,7.attn.17087,7,attn,251,14
8308,5.attn.39295,5,attn,261,0
8309,7.attn.30109,7,attn,252,1
8310,5.attn.13883,5,attn,381,8
8311,7.attn.6636,7,attn,286,1
8312,5.attn.36333,5,attn,274,1
8313,7.attn.2675,7,attn,556,13
8314,5.attn.21418,5,attn,239,22
8315,7.attn.32580,7,attn,376,43
8316,7.attn.22541,7,attn,279,0
8317,5.attn.24196,5,attn,112,0
8318,5.attn.37127,5,attn,239,0
8319,7.attn.39354,7,attn,408,9
8320,5.attn.22457,5,attn,504,0
8321,7.attn.8121,7,attn,185,1
8322,5.mlp.15206,5,mlp,217,6
8323,6.resid.17093,6,resid,502,0
8324,5.mlp.35804,5,mlp,272,39
8325,6.resid.35303,6,resid,361,9
8326,5.mlp.4872,5,mlp,209,42
8327,6.resid.900,6,resid,366,5
8328,5.mlp.6955,5,mlp,332,16
8329,6.resid.13961,6,resid,390,4
8330,5.mlp.14670,5,mlp,264,0
8331,6.resid.19384,6,resid,333,7
8332,5.mlp.38349,5,mlp,347,15
8333,6.resid.5363,6,resid,441,15
8334,5.mlp.25674,5,mlp,395,18
8335,6.resid.10810,6,resid,390,17
8336,5.mlp.14009,5,mlp,371,0
8337,6.resid.5100,6,resid,288,4
8338,5.mlp.11733,5,mlp,262,6
8339,6.resid.37041,6,resid,498,19
8340,5.mlp.29029,5,mlp,447,0
8341,6.resid.1292,6,resid,399,4
8342,5.mlp.6023,5,mlp,433,0
8343,6.resid.20805,6,resid,307,23
8344,5.mlp.16713,5,mlp,409,0
8345,6.resid.29946,6,resid,426,7
8346,5.mlp.11369,5,mlp,484,5
8347,6.resid.24731,6,resid,371,78
8348,5.mlp.895,5,mlp,275,38
8349,6.resid.9279,6,resid,376,37
8350,5.mlp.4436,5,mlp,278,11
8351,6.resid.29953,6,resid,379,16
8352,5.mlp.39206,5,mlp,294,26
8353,6.resid.3618,6,resid,361,17
8354,5.mlp.25960,5,mlp,504,28
8355,6.resid.30505,6,resid,365,4
8356,5.mlp.26700,5,mlp,512,17
8357,6.resid.25308,6,resid,425,0
8358,5.mlp.28489,5,mlp,320,0
8359,6.resid.11250,6,resid,324,27
8360,5.mlp.33080,5,mlp,552,22
8361,6.resid.19152,6,resid,615,14
8362,5.mlp.34187,5,mlp,280,11
8363,6.resid.5300,6,resid,446,12
8364,5.mlp.7157,5,mlp,344,13
8365,6.resid.22380,6,resid,396,8
8366,5.mlp.33640,5,mlp,521,0
8367,6.resid.26712,6,resid,692,1
8368,5.mlp.10547,5,mlp,191,6
8369,6.resid.15912,6,resid,554,11
8370,5.mlp.30684,5,mlp,474,12
8371,6.resid.21971,6,resid,350,4
8372,5.mlp.12212,5,mlp,573,5
8373,6.resid.37674,6,resid,276,10
8374,5.mlp.23071,5,mlp,350,4
8375,6.resid.15702,6,resid,401,30
8376,5.mlp.13483,5,mlp,343,6
8377,6.resid.36318,6,resid,346,35
8378,5.resid.16194,5,resid,234,22
8379,6.mlp.4204,6,mlp,255,32
8380,5.resid.37488,5,resid,322,5
8381,6.mlp.25307,6,mlp,281,8
8382,5.resid.14443,5,resid,247,20
8383,6.mlp.18366,6,mlp,541,0
8384,5.resid.35873,5,resid,289,4
8385,6.mlp.16530,6,mlp,323,36
8386,5.resid.38068,5,resid,284,4
8387,6.mlp.9623,6,mlp,447,8
8388,5.resid.16140,5,resid,337,7
8389,6.mlp.11974,6,mlp,249,33
8390,5.resid.1844,5,resid,383,0
8391,6.mlp.37936,6,mlp,311,8
8392,5.resid.40724,5,resid,224,18
8393,6.mlp.36512,6,mlp,388,14
8394,5.resid.705,5,resid,376,0
8395,6.mlp.1257,6,mlp,286,25
8396,5.resid.6860,5,resid,406,0
8397,6.mlp.26919,6,mlp,321,4
8398,5.resid.28387,5,resid,224,7
8399,6.mlp.33053,6,mlp,383,0
8400,5.resid.18460,5,resid,277,28
8401,6.mlp.35648,6,mlp,264,12
8402,5.resid.6505,5,resid,318,13
8403,6.mlp.31539,6,mlp,456,5
8404,5.resid.22604,5,resid,477,0
8405,6.mlp.10539,6,mlp,396,0
8406,5.resid.3769,5,resid,450,33
8407,6.mlp.37510,6,mlp,301,16
8408,5.resid.33552,5,resid,304,7
8409,6.mlp.8265,6,mlp,281,29
8410,5.resid.3672,5,resid,338,13
8411,6.mlp.40318,6,mlp,352,30
8412,5.resid.26035,5,resid,350,33
8413,6.mlp.8077,6,mlp,265,48
8414,5.resid.3067,5,resid,456,7
8415,6.mlp.6001,6,mlp,449,46
8416,5.resid.40116,5,resid,275,6
8417,6.mlp.8229,6,mlp,268,12
8418,5.resid.10280,5,resid,262,16
8419,6.mlp.2087,6,mlp,502,5
8420,5.resid.31680,5,resid,405,35
8421,6.mlp.12660,6,mlp,552,35
8422,5.resid.26523,5,resid,429,11
8423,6.mlp.18850,6,mlp,346,46
8424,5.resid.5995,5,resid,221,13
8425,6.mlp.2870,6,mlp,437,22
8426,5.resid.36862,5,resid,339,22
8427,6.mlp.29050,6,mlp,371,13
8428,5.resid.31282,5,resid,413,26
8429,6.mlp.32338,6,mlp,304,4
8430,5.resid.40703,5,resid,357,7
8431,6.mlp.35071,6,mlp,357,27
8432,5.resid.36185,5,resid,308,20
8433,6.mlp.21451,6,mlp,408,34
8434,5.resid.36858,5,resid,375,0
8435,6.mlp.21401,6,mlp,349,22
8436,6.attn.6984,6,attn,264,1
8437,6.attn.33637,6,attn,483,14
8438,6.attn.25919,6,attn,155,1
8439,6.attn.20531,6,attn,173,3
8440,6.attn.36711,6,attn,396,20
8441,6.attn.16472,6,attn,329,1
8442,6.attn.36512,6,attn,244,0
8443,6.attn.36833,6,attn,363,0
8444,6.attn.19187,6,attn,397,5
8445,6.attn.6622,6,attn,326,0
8446,6.attn.34498,6,attn,232,0
8447,6.attn.28036,6,attn,174,1
8448,6.attn.39016,6,attn,353,0
8449,6.attn.23662,6,attn,368,17
8450,6.attn.37733,6,attn,427,0
8451,6.attn.25058,6,attn,518,17
8452,6.attn.15118,6,attn,367,36
8453,6.attn.35397,6,attn,405,0
8454,6.attn.21693,6,attn,208,1
8455,6.attn.16984,6,attn,271,1
8456,6.attn.27146,6,attn,325,1
8457,6.attn.38107,6,attn,293,14
8458,6.attn.25964,6,attn,249,2
8459,6.attn.1556,6,attn,333,1
8460,6.attn.18701,6,attn,332,21
8461,6.attn.38971,6,attn,229,1
8462,6.attn.23488,6,attn,367,14
8463,11.resid.11848,11,resid,559,8
8464,0.mlp.36356,0,mlp,30,9
8465,11.resid.30283,11,resid,384,27
8466,0.mlp.23193,0,mlp,31,457
8467,11.resid.3513,11,resid,565,3
8468,0.mlp.35195,0,mlp,21,458
8469,11.resid.40292,11,resid,715,3
8470,0.mlp.2,0,mlp,20,459
8471,11.resid.13547,11,resid,340,14
8472,0.mlp.5000,0,mlp,12,460
8473,11.resid.8143,11,resid,378,3
8474,0.mlp.27584,0,mlp,20,22
8475,11.resid.9401,11,resid,448,7
8476,0.mlp.24726,0,mlp,16,31
8477,11.resid.18584,11,resid,572,45
8478,0.mlp.7964,0,mlp,21,461
8479,11.resid.29973,11,resid,803,14
8480,0.mlp.27907,0,mlp,29,34
8481,11.resid.24075,11,resid,719,3
8482,0.mlp.11637,0,mlp,15,462
8483,11.resid.12468,11,resid,242,3
8484,0.mlp.7357,0,mlp,22,463
8485,11.resid.10549,11,resid,574,29
8486,0.mlp.1788,0,mlp,26,52
8487,11.resid.40608,11,resid,519,3
8488,0.mlp.23592,0,mlp,23,18
8489,11.resid.11333,11,resid,408,3
8490,0.mlp.16182,0,mlp,13,464
8491,11.resid.24826,11,resid,489,3
8492,0.mlp.251,0,mlp,14,465
8493,11.resid.3395,11,resid,525,23
8494,0.mlp.34052,0,mlp,5,466
8495,11.resid.14311,11,resid,797,19
8496,0.mlp.9455,0,mlp,16,4
8497,11.resid.24566,11,resid,426,7
8498,0.mlp.19192,0,mlp,22,467
8499,11.resid.13433,11,resid,632,6
8500,0.mlp.8621,0,mlp,19,468
8501,11.resid.17958,11,resid,281,3
8502,0.mlp.18331,0,mlp,42,469
8503,11.resid.16052,11,resid,717,3
8504,0.mlp.5994,0,mlp,21,470
8505,11.resid.9865,11,resid,445,3
8506,0.mlp.1030,0,mlp,7,471
8507,11.resid.37335,11,resid,575,46
8508,0.mlp.21040,0,mlp,48,472
8509,11.resid.28140,11,resid,612,14
8510,0.mlp.11343,0,mlp,23,29
8511,11.resid.5021,11,resid,556,3
8512,0.mlp.13516,0,mlp,25,473
8513,11.resid.14880,11,resid,748,3
8514,0.mlp.29144,0,mlp,38,474
8515,11.resid.13026,11,resid,407,29
8516,0.mlp.40655,0,mlp,11,475
8517,11.resid.37750,11,resid,223,3
8518,0.mlp.12823,0,mlp,7,476
8519,11.resid.36128,11,resid,565,3
8520,0.resid.8895,0,resid,29,24
8521,11.mlp.34552,11,mlp,429,3
8522,0.resid.15211,0,resid,43,7
8523,11.mlp.466,11,mlp,472,3
8524,0.resid.8392,0,resid,151,24
8525,11.mlp.22278,11,mlp,349,3
8526,0.resid.20015,0,resid,66,18
8527,11.mlp.24503,11,mlp,344,7
8528,0.resid.36168,0,resid,29,33
8529,11.mlp.19238,11,mlp,706,8
8530,0.resid.5127,0,resid,24,0
8531,11.mlp.9630,11,mlp,551,11
8532,0.resid.12074,0,resid,29,5
8533,11.mlp.18905,11,mlp,482,3
8534,0.resid.38675,0,resid,17,477
8535,11.mlp.3807,11,mlp,438,18
8536,0.resid.21030,0,resid,50,5
8537,11.mlp.28769,11,mlp,553,18
8538,0.resid.32187,0,resid,117,8
8539,11.mlp.7027,11,mlp,369,3
8540,0.resid.35011,0,resid,39,6
8541,11.mlp.28654,11,mlp,587,18
8542,0.resid.5120,0,resid,59,15
8543,11.mlp.26964,11,mlp,611,3
8544,0.resid.36150,0,resid,11,5
8545,11.mlp.26534,11,mlp,351,16
8546,0.resid.28447,0,resid,21,6
8547,11.mlp.35174,11,mlp,524,46
8548,0.resid.17352,0,resid,28,479
8549,11.mlp.21834,11,mlp,221,17
8550,0.resid.25846,0,resid,123,38
8551,11.mlp.20904,11,mlp,472,3
8552,0.resid.33292,0,resid,23,24
8553,11.mlp.34318,11,mlp,234,3
8554,0.resid.30957,0,resid,19,480
8555,11.mlp.35295,11,mlp,666,40
8556,0.resid.1264,0,resid,16,481
8557,11.mlp.2383,11,mlp,428,3
8558,0.resid.27990,0,resid,13,482
8559,11.mlp.38696,11,mlp,450,3
8560,0.resid.30757,0,resid,18,13
8561,11.mlp.36045,11,mlp,750,14
8562,0.resid.4060,0,resid,16,483
8563,11.mlp.24211,11,mlp,536,13
8564,0.resid.12668,0,resid,21,484
8565,11.mlp.36112,11,mlp,635,38
8566,0.resid.31500,0,resid,21,485
8567,11.mlp.1596,11,mlp,616,3
8568,0.resid.10328,0,resid,120,27
8569,11.mlp.26834,11,mlp,297,3
8570,0.resid.3187,0,resid,29,15
8571,11.mlp.30567,11,mlp,303,3
8572,0.resid.33618,0,resid,6,486
8573,11.mlp.22722,11,mlp,607,765
8574,0.resid.33814,0,resid,20,487
8575,11.mlp.4750,11,mlp,543,3
8576,11.attn.12618,11,attn,377,1
8577,1.attn.40006,1,attn,61,24
8578,11.attn.20200,11,attn,373,3
8579,1.attn.13436,1,attn,112,6
8580,11.attn.32910,11,attn,293,1
8581,1.attn.34422,1,attn,65,4
8582,11.attn.32630,11,attn,256,3
8583,11.attn.36023,11,attn,197,9
8584,11.attn.11559,11,attn,416,1
8585,11.attn.19144,11,attn,254,3
8586,1.attn.20652,1,attn,143,11
8587,11.attn.5162,11,attn,266,1
8588,11.attn.36714,11,attn,704,3
8589,11.attn.39967,11,attn,863,9
8590,1.attn.33266,1,attn,48,42
8591,11.attn.36572,11,attn,385,23
8592,11.attn.30364,11,attn,367,21
8593,11.attn.33618,11,attn,321,6
8594,11.attn.13967,11,attn,665,9
8595,11.attn.27766,11,attn,813,3
8596,11.attn.20484,11,attn,328,1
8597,11.attn.5842,11,attn,325,40
8598,11.attn.19950,11,attn,420,9
8599,1.attn.37386,1,attn,132,36
8600,11.attn.22077,11,attn,513,9
8601,11.attn.2940,11,attn,347,3
8602,11.attn.34354,11,attn,553,16
8603,11.attn.13375,11,attn,623,3
8604,1.attn.23931,1,attn,69,28
8605,11.attn.11996,11,attn,424,64
8606,11.attn.34394,11,attn,390,1
8607,1.attn.30449,1,attn,128,8
8608,11.attn.34099,11,attn,383,1
8609,11.attn.11906,11,attn,284,3
8610,11.attn.15593,11,attn,295,3
8611,1.mlp.13499,1,mlp,96,79
8612,10.resid.1753,10,resid,639,15
8613,1.mlp.37928,1,mlp,270,25
8614,10.resid.3707,10,resid,609,8
8615,1.mlp.10912,1,mlp,103,24
8616,10.resid.23683,10,resid,287,7
8617,1.mlp.26631,1,mlp,224,4
8618,10.resid.29592,10,resid,412,19
8619,1.mlp.32344,1,mlp,92,9
8620,10.resid.26830,10,resid,767,51
8621,1.mlp.39036,1,mlp,146,6
8622,10.resid.39351,10,resid,618,1
8623,1.mlp.22130,1,mlp,82,51
8624,10.resid.34709,10,resid,375,27
8625,1.mlp.23126,1,mlp,92,4
8626,10.resid.10423,10,resid,478,8
8627,1.mlp.20608,1,mlp,86,12
8628,10.resid.12208,10,resid,615,21
8629,1.mlp.28030,1,mlp,150,4
8630,10.resid.39458,10,resid,662,26
8631,1.mlp.38812,1,mlp,206,14
8632,10.resid.40583,10,resid,757,17
8633,1.mlp.21751,1,mlp,276,14
8634,10.resid.34222,10,resid,591,1
8635,1.mlp.22623,1,mlp,113,63
8636,10.resid.5080,10,resid,819,1
8637,1.mlp.3631,1,mlp,188,29
8638,10.resid.28162,10,resid,441,6
8639,1.mlp.20285,1,mlp,132,26
8640,10.resid.8458,10,resid,520,16
8641,1.mlp.17805,1,mlp,70,37
8642,10.resid.4613,10,resid,926,28
8643,1.mlp.9693,1,mlp,185,5
8644,10.resid.17005,10,resid,660,45
8645,1.mlp.24308,1,mlp,171,13
8646,10.resid.39884,10,resid,581,68
8647,1.mlp.24137,1,mlp,78,26
8648,10.resid.14859,10,resid,664,8
8649,1.mlp.18579,1,mlp,128,6
8650,10.resid.18516,10,resid,436,29
8651,1.mlp.12084,1,mlp,140,12
8652,10.resid.26187,10,resid,630,10
8653,1.mlp.14238,1,mlp,146,5
8654,10.resid.38311,10,resid,431,80
8655,1.mlp.7102,1,mlp,192,4
8656,10.resid.39507,10,resid,610,12
8657,1.mlp.12601,1,mlp,136,16
8658,10.resid.30575,10,resid,405,14
8659,1.mlp.25126,1,mlp,141,4
8660,10.resid.14686,10,resid,879,40
8661,1.mlp.12740,1,mlp,117,16
8662,10.resid.38573,10,resid,731,33
8663,1.mlp.25286,1,mlp,116,25
8664,10.resid.32657,10,resid,688,8
8665,1.mlp.10857,1,mlp,97,11
8666,10.resid.18797,10,resid,712,45
8667,1.resid.40959,1,resid,130,10
8668,10.mlp.34200,10,mlp,715,16
8669,1.resid.39639,1,resid,121,27
8670,10.mlp.30299,10,mlp,361,3
8671,1.resid.17027,1,resid,223,17
8672,10.mlp.38201,10,mlp,597,6
8673,1.resid.3779,1,resid,187,7
8674,10.mlp.17919,10,mlp,670,741
8675,1.resid.28753,1,resid,62,59
8676,10.mlp.33407,10,mlp,501,57
8677,1.resid.28364,1,resid,135,23
8678,10.mlp.11417,10,mlp,540,29
8679,1.resid.14253,1,resid,165,5
8680,10.mlp.12647,10,mlp,344,3
8681,1.resid.27715,1,resid,82,6
8682,10.mlp.16753,10,mlp,372,16
8683,1.resid.30367,1,resid,58,11
8684,10.mlp.4091,10,mlp,666,3
8685,1.resid.9185,1,resid,162,13
8686,10.mlp.6617,10,mlp,409,3
8687,1.resid.30981,1,resid,62,39
8688,10.mlp.7028,10,mlp,339,16
8689,1.resid.12323,1,resid,92,13
8690,10.mlp.5089,10,mlp,387,13
8691,1.resid.31084,1,resid,159,25
8692,10.mlp.10362,10,mlp,436,28
8693,1.resid.19685,1,resid,18,41
8694,10.mlp.10699,10,mlp,360,105
8695,1.resid.39222,1,resid,115,9
8696,10.mlp.20326,10,mlp,553,27
8697,1.resid.28698,1,resid,117,25
8698,10.mlp.19841,10,mlp,392,75
8699,1.resid.15725,1,resid,82,47
8700,10.mlp.30686,10,mlp,351,6
8701,1.resid.36683,1,resid,91,5
8702,10.mlp.419,10,mlp,609,17
8703,1.resid.24190,1,resid,70,11
8704,10.mlp.11854,10,mlp,397,67
8705,1.resid.11122,1,resid,126,31
8706,10.mlp.29794,10,mlp,279,3
8707,1.resid.27255,1,resid,31,50
8708,10.mlp.34108,10,mlp,646,0
8709,1.resid.22765,1,resid,88,22
8710,10.mlp.17749,10,mlp,535,8
8711,1.resid.7630,1,resid,99,27
8712,10.mlp.21361,10,mlp,538,22
8713,1.resid.35442,1,resid,91,12
8714,10.mlp.2447,10,mlp,642,10
8715,1.resid.1722,1,resid,134,5
8716,10.mlp.22471,10,mlp,556,19
8717,1.resid.1851,1,resid,114,15
8718,10.mlp.26978,10,mlp,536,53
8719,1.resid.10564,1,resid,72,9
8720,10.mlp.5829,10,mlp,466,734
8721,1.resid.23771,1,resid,67,15
8722,10.mlp.5987,10,mlp,441,10
8723,10.mlp.27388,10,mlp,231,6
8724,2.attn.21063,2,attn,256,2
8725,10.attn.25246,10,attn,473,4
8726,10.attn.28352,10,attn,872,1
8727,2.attn.16321,2,attn,151,5
8728,2.attn.14210,2,attn,162,2
8729,10.attn.27725,10,attn,965,1
8730,2.attn.5712,2,attn,100,41
8731,10.attn.9144,10,attn,453,44
8732,10.attn.26851,10,attn,283,38
8733,2.attn.28364,2,attn,222,5
8734,10.attn.40350,10,attn,1049,1
8735,2.attn.39045,2,attn,214,5
8736,10.attn.38664,10,attn,574,9
8737,2.attn.18822,2,attn,91,52
8738,10.attn.38380,10,attn,554,9
8739,2.attn.32033,2,attn,105,26
8740,10.attn.17456,10,attn,316,1
8741,2.attn.17508,2,attn,64,19
8742,2.attn.26492,2,attn,188,2
8743,10.attn.5654,10,attn,626,9
8744,10.attn.19104,10,attn,325,3
8745,2.attn.20259,2,attn,98,27
8746,10.attn.14015,10,attn,509,1
8747,2.attn.37127,2,attn,98,8
8748,10.attn.32975,10,attn,842,27
8749,2.attn.632,2,attn,116,16
8750,10.attn.14145,10,attn,191,1
8751,2.attn.5265,2,attn,126,2
8752,10.attn.14188,10,attn,302,1
8753,10.attn.4120,10,attn,278,9
8754,2.attn.20962,2,attn,149,29
8755,10.attn.24596,10,attn,440,1
8756,10.attn.29079,10,attn,258,1
8757,2.attn.9453,2,attn,152,4
8758,10.attn.32090,10,attn,223,9
8759,2.attn.11927,2,attn,322,2
8760,10.attn.39376,10,attn,404,16
8761,2.attn.19587,2,attn,115,10
8762,10.attn.34249,10,attn,147,3
8763,2.attn.25484,2,attn,116,30
8764,10.attn.18317,10,attn,279,9
8765,2.attn.35501,2,attn,165,2
8766,10.attn.34089,10,attn,200,40
8767,2.attn.10098,2,attn,115,2
8768,10.attn.7206,10,attn,796,416
8769,10.attn.26192,10,attn,200,1
8770,10.attn.8780,10,attn,281,3
8771,2.mlp.33844,2,mlp,235,25
8772,9.resid.40186,9,resid,598,26
8773,2.mlp.14362,2,mlp,212,6
8774,9.resid.12271,9,resid,758,28
8775,2.mlp.1233,2,mlp,100,63
8776,9.resid.10798,9,resid,818,31
8777,2.mlp.33441,2,mlp,209,7
8778,9.resid.19989,9,resid,416,12
8779,2.mlp.899,2,mlp,205,2
8780,9.resid.38255,9,resid,686,9
8781,2.mlp.12249,2,mlp,206,4
8782,9.resid.17442,9,resid,573,38
8783,2.mlp.11357,2,mlp,115,35
8784,9.resid.691,9,resid,857,1
8785,2.mlp.13300,2,mlp,228,8
8786,9.resid.11398,9,resid,439,12
8787,2.mlp.33674,2,mlp,228,19
8788,9.resid.33351,9,resid,747,14
8789,2.mlp.31338,2,mlp,220,4
8790,9.resid.17530,9,resid,421,10
8791,2.mlp.34509,2,mlp,113,27
8792,9.resid.15172,9,resid,540,16
8793,2.mlp.15655,2,mlp,220,69
8794,9.resid.26764,9,resid,593,1
8795,2.mlp.33718,2,mlp,127,26
8796,9.resid.29479,9,resid,397,29
8797,2.mlp.31147,2,mlp,249,18
8798,9.resid.32528,9,resid,514,51
8799,2.mlp.1173,2,mlp,140,16
8800,9.resid.13768,9,resid,532,20
8801,2.mlp.40766,2,mlp,126,31
8802,9.resid.29953,9,resid,412,26
8803,2.mlp.2570,2,mlp,271,18
8804,9.resid.38315,9,resid,395,9
8805,2.mlp.171,2,mlp,155,28
8806,9.resid.16089,9,resid,636,0
8807,2.mlp.36638,2,mlp,117,59
8808,9.resid.33123,9,resid,539,49
8809,2.mlp.33868,2,mlp,284,10
8810,9.resid.33048,9,resid,550,18
8811,2.mlp.34789,2,mlp,216,24
8812,9.resid.3953,9,resid,630,18
8813,2.mlp.27925,2,mlp,221,5
8814,9.resid.23472,9,resid,557,4
8815,2.mlp.32193,2,mlp,177,15
8816,9.resid.26597,9,resid,628,37
8817,2.mlp.26365,2,mlp,168,24
8818,9.resid.13808,9,resid,255,4
8819,2.mlp.37861,2,mlp,325,28
8820,9.resid.8706,9,resid,340,101
8821,2.mlp.18546,2,mlp,259,31
8822,9.resid.36119,9,resid,611,16
8823,2.mlp.1664,2,mlp,326,15
8824,9.resid.3578,9,resid,606,6
8825,2.mlp.8649,2,mlp,268,11
8826,9.resid.392,9,resid,788,1
8827,2.resid.33546,2,resid,126,44
8828,9.mlp.30610,9,mlp,378,8
8829,2.resid.3389,2,resid,166,4
8830,9.mlp.20620,9,mlp,317,19
8831,2.resid.15019,2,resid,112,4
8832,9.mlp.17435,9,mlp,495,39
8833,2.resid.27783,2,resid,89,52
8834,9.mlp.17984,9,mlp,508,26
8835,2.resid.33322,2,resid,72,26
8836,9.mlp.5397,9,mlp,403,7
8837,2.resid.32993,2,resid,101,24
8838,9.mlp.26730,9,mlp,311,17
8839,2.resid.1358,2,resid,100,12
8840,9.mlp.17733,9,mlp,593,28
8841,2.resid.17383,2,resid,249,2
8842,9.mlp.33236,9,mlp,690,18
8843,2.resid.28986,2,resid,89,5
8844,9.mlp.34613,9,mlp,459,5
8845,2.resid.10630,2,resid,182,6
8846,9.mlp.3158,9,mlp,405,29
8847,2.resid.32159,2,resid,106,15
8848,9.mlp.5693,9,mlp,438,8
8849,2.resid.11545,2,resid,107,25
8850,9.mlp.31365,9,mlp,542,21
8851,2.resid.5818,2,resid,145,22
8852,9.mlp.7826,9,mlp,374,35
8853,2.resid.33645,2,resid,95,6
8854,9.mlp.32126,9,mlp,506,29
8855,2.resid.10208,2,resid,219,5
8856,9.mlp.4490,9,mlp,512,12
8857,2.resid.29234,2,resid,196,4
8858,9.mlp.15397,9,mlp,745,47
8859,2.resid.23742,2,resid,199,27
8860,9.mlp.24987,9,mlp,554,28
8861,2.resid.30122,2,resid,84,65
8862,9.mlp.28981,9,mlp,471,16
8863,2.resid.33782,2,resid,177,5
8864,9.mlp.982,9,mlp,427,8
8865,2.resid.32526,2,resid,241,34
8866,9.mlp.28938,9,mlp,528,36
8867,2.resid.32655,2,resid,172,5
8868,9.mlp.27176,9,mlp,235,29
8869,2.resid.38209,2,resid,171,11
8870,9.mlp.37938,9,mlp,515,5
8871,2.resid.37158,2,resid,108,10
8872,9.mlp.21834,9,mlp,654,4
8873,2.resid.8378,2,resid,153,2
8874,9.mlp.27768,9,mlp,685,20
8875,2.resid.24305,2,resid,179,47
8876,9.mlp.57,9,mlp,452,15
8877,2.resid.10947,2,resid,147,23
8878,9.mlp.26691,9,mlp,560,1
8879,2.resid.24538,2,resid,99,61
8880,9.mlp.13529,9,mlp,470,22
8881,2.resid.26314,2,resid,111,46
8882,9.mlp.1964,9,mlp,363,18
8883,2.resid.25819,2,resid,262,11
8884,9.mlp.29847,9,mlp,446,8
8885,3.attn.33343,3,attn,155,2
8886,9.attn.27908,9,attn,435,21
8887,9.attn.18894,9,attn,403,22
8888,3.attn.6802,3,attn,120,13
8889,9.attn.2410,9,attn,445,24
8890,3.attn.10415,3,attn,196,13
8891,9.attn.33342,9,attn,591,1
8892,3.attn.39282,3,attn,271,4
8893,9.attn.39892,9,attn,789,51
8894,3.attn.13454,3,attn,136,15
8895,9.attn.2883,9,attn,343,6
8896,3.attn.12611,3,attn,306,35
8897,9.attn.34402,9,attn,403,1
8898,3.attn.8045,3,attn,199,13
8899,9.attn.21759,9,attn,667,9
8900,3.attn.24918,3,attn,195,2
8901,9.attn.38862,9,attn,201,20
8902,3.attn.20198,3,attn,202,18
8903,9.attn.17494,9,attn,696,8
8904,3.attn.38956,3,attn,326,2
8905,9.attn.36596,9,attn,443,9
8906,3.attn.33760,3,attn,434,2
8907,9.attn.26285,9,attn,617,9
8908,9.attn.32992,9,attn,517,1
8909,3.attn.36659,3,attn,131,2
8910,9.attn.28140,9,attn,253,1
8911,3.attn.13811,3,attn,194,18
8912,9.attn.23959,9,attn,837,2
8913,3.attn.37307,3,attn,117,2
8914,9.attn.6859,9,attn,624,22
8915,3.attn.7975,3,attn,179,2
8916,9.attn.1600,9,attn,778,1
8917,3.attn.37824,3,attn,127,10
8918,9.attn.23010,9,attn,576,23
8919,3.attn.32549,3,attn,107,2
8920,9.attn.35741,9,attn,279,1
8921,3.attn.29637,3,attn,113,12
8922,9.attn.12747,9,attn,550,22
8923,3.attn.20801,3,attn,179,2
8924,9.attn.38941,9,attn,404,4
8925,3.attn.14556,3,attn,152,14
8926,9.attn.39791,9,attn,996,14
8927,3.attn.24588,3,attn,118,6
8928,9.attn.5182,9,attn,743,614
8929,3.attn.21855,3,attn,219,2
8930,9.attn.29289,9,attn,726,4
8931,3.attn.5162,3,attn,197,2
8932,9.attn.1092,9,attn,551,9
8933,3.attn.7033,3,attn,159,24
8934,9.attn.2608,9,attn,261,21
8935,3.attn.35384,3,attn,235,2
8936,9.attn.10165,9,attn,305,1
8937,3.attn.39291,3,attn,140,13
8938,9.attn.19727,9,attn,476,49
8939,3.mlp.4470,3,mlp,283,53
8940,8.resid.17432,8,resid,607,5
8941,3.mlp.18042,3,mlp,286,36
8942,8.resid.13546,8,resid,591,39
8943,3.mlp.35612,3,mlp,134,10
8944,8.resid.11854,8,resid,574,23
8945,3.mlp.27278,3,mlp,205,30
8946,8.resid.9175,8,resid,554,12
8947,3.mlp.7521,3,mlp,264,19
8948,8.resid.32964,8,resid,467,12
8949,3.mlp.21228,3,mlp,180,13
8950,8.resid.39312,8,resid,542,32
8951,3.mlp.20258,3,mlp,258,10
8952,8.resid.4468,8,resid,458,10
8953,3.mlp.30176,3,mlp,265,13
8954,8.resid.29738,8,resid,689,12
8955,3.mlp.3771,3,mlp,222,16
8956,8.resid.3356,8,resid,608,8
8957,3.mlp.23447,3,mlp,364,23
8958,8.resid.16385,8,resid,564,4
8959,3.mlp.30578,3,mlp,265,7
8960,8.resid.17332,8,resid,513,23
8961,3.mlp.7681,3,mlp,225,44
8962,8.resid.34951,8,resid,508,12
8963,3.mlp.4329,3,mlp,248,4
8964,8.resid.37432,8,resid,277,40
8965,3.mlp.5803,3,mlp,382,6
8966,8.resid.26330,8,resid,417,689
8967,3.mlp.25553,3,mlp,208,65
8968,8.resid.14230,8,resid,682,31
8969,3.mlp.14760,3,mlp,269,19
8970,8.resid.22204,8,resid,744,17
8971,3.mlp.33332,3,mlp,180,33
8972,8.resid.20406,8,resid,649,39
8973,3.mlp.40007,3,mlp,271,4
8974,8.resid.20184,8,resid,435,10
8975,3.mlp.11753,3,mlp,206,27
8976,8.resid.14434,8,resid,427,27
8977,3.mlp.28921,3,mlp,220,5
8978,8.resid.27904,8,resid,623,2
8979,3.mlp.6118,3,mlp,353,56
8980,8.resid.22306,8,resid,668,1
8981,3.mlp.13349,3,mlp,187,7
8982,8.resid.32756,8,resid,491,16
8983,3.mlp.32833,3,mlp,180,4
8984,8.resid.6406,8,resid,568,19
8985,3.mlp.34032,3,mlp,196,50
8986,8.resid.16026,8,resid,467,25
8987,3.mlp.26540,3,mlp,197,45
8988,8.resid.29618,8,resid,571,32
8989,3.mlp.13508,3,mlp,322,20
8990,8.resid.6924,8,resid,517,8
8991,3.mlp.18228,3,mlp,297,35
8992,8.resid.2813,8,resid,503,6
8993,3.mlp.20871,3,mlp,154,31
8994,8.resid.14397,8,resid,683,12
8995,3.mlp.2150,3,mlp,390,7
8996,8.resid.14497,8,resid,534,46
8997,3.resid.31690,3,resid,154,29
8998,8.mlp.21,8,mlp,459,12
8999,3.resid.24347,3,resid,250,7
9000,8.mlp.21277,8,mlp,484,13
9001,3.resid.31549,3,resid,128,49
9002,8.mlp.24452,8,mlp,492,7
9003,3.resid.38461,3,resid,215,35
9004,8.mlp.22398,8,mlp,408,5
9005,3.resid.6226,3,resid,285,17
9006,8.mlp.2847,8,mlp,520,14
9007,3.resid.40625,3,resid,218,52
9008,8.mlp.20741,8,mlp,448,31
9009,3.resid.13512,3,resid,115,25
9010,8.mlp.2675,8,mlp,500,18
9011,3.resid.9634,3,resid,297,11
9012,8.mlp.3133,8,mlp,531,4
9013,3.resid.29610,3,resid,289,24
9014,8.mlp.16982,8,mlp,362,14
9015,3.resid.36740,3,resid,322,2
9016,8.mlp.23250,8,mlp,498,34
9017,3.resid.8719,3,resid,149,25
9018,8.mlp.23832,8,mlp,510,19
9019,3.resid.33238,3,resid,309,19
9020,8.mlp.39711,8,mlp,551,11
9021,3.resid.22227,3,resid,112,15
9022,8.mlp.36,8,mlp,491,32
9023,3.resid.27935,3,resid,261,25
9024,8.mlp.19347,8,mlp,736,42
9025,3.resid.911,3,resid,144,4
9026,8.mlp.5715,8,mlp,362,13
9027,3.resid.10769,3,resid,352,41
9028,8.mlp.16444,8,mlp,337,4
9029,3.resid.12430,3,resid,175,54
9030,8.mlp.1464,8,mlp,351,24
9031,3.resid.6159,3,resid,175,19
9032,8.mlp.35928,8,mlp,415,6
9033,3.resid.17061,3,resid,159,7
9034,8.mlp.8554,8,mlp,580,14
9035,3.resid.25143,3,resid,170,5
9036,8.mlp.15660,8,mlp,477,18
9037,3.resid.36984,3,resid,170,10
9038,8.mlp.30721,8,mlp,489,8
9039,3.resid.25291,3,resid,187,19
9040,8.mlp.10114,8,mlp,512,71
9041,3.resid.4300,3,resid,268,11
9042,8.mlp.5296,8,mlp,404,12
9043,3.resid.8668,3,resid,262,5
9044,8.mlp.10683,8,mlp,611,32
9045,3.resid.40399,3,resid,255,4
9046,8.mlp.16695,8,mlp,429,29
9047,3.resid.24283,3,resid,112,12
9048,8.mlp.21339,8,mlp,513,45
9049,3.resid.6422,3,resid,289,24
9050,8.mlp.36731,8,mlp,500,4
9051,3.resid.23002,3,resid,180,24
9052,8.mlp.35103,8,mlp,414,12
9053,4.attn.5226,4,attn,301,28
9054,8.attn.7066,8,attn,255,40
9055,8.attn.33644,8,attn,779,44
9056,4.attn.21166,4,attn,250,38
9057,4.attn.24385,4,attn,257,2
9058,4.attn.32510,4,attn,141,22
9059,4.attn.121,4,attn,184,37
9060,8.attn.3363,8,attn,389,9
9061,4.attn.35610,4,attn,299,2
9062,8.attn.15921,8,attn,384,26
9063,4.attn.25868,4,attn,194,2
9064,8.attn.23696,8,attn,289,1
9065,4.attn.12445,4,attn,383,2
9066,8.attn.13115,8,attn,432,38
9067,4.attn.34413,4,attn,204,17
9068,8.attn.19164,8,attn,199,32
9069,4.attn.8398,4,attn,225,2
9070,4.attn.38378,4,attn,268,0
9071,8.attn.10051,8,attn,441,1
9072,4.attn.256,4,attn,283,16
9073,8.attn.18523,8,attn,465,1
9074,4.attn.6548,4,attn,359,2
9075,8.attn.12006,8,attn,513,1
9076,4.attn.22570,4,attn,282,38
9077,8.attn.5404,8,attn,339,1
9078,4.attn.13801,4,attn,236,10
9079,8.attn.7754,8,attn,388,1
9080,4.attn.532,4,attn,242,11
9081,8.attn.28760,8,attn,361,1
9082,4.attn.8764,4,attn,308,15
9083,4.attn.16313,4,attn,200,2
9084,4.attn.19272,4,attn,463,2
9085,8.attn.22988,8,attn,500,1
9086,4.attn.18309,4,attn,168,2
9087,4.attn.16476,4,attn,120,2
9088,8.attn.13512,8,attn,299,9
9089,4.attn.18677,4,attn,175,4
9090,8.attn.32215,8,attn,292,32
9091,4.attn.18536,4,attn,129,2
9092,8.attn.18322,8,attn,696,8
9093,4.attn.4663,4,attn,192,2
9094,8.attn.28179,8,attn,600,657
9095,4.attn.38755,4,attn,221,30
9096,4.attn.5921,4,attn,356,2
9097,8.attn.12971,8,attn,238,23
9098,4.attn.26573,4,attn,213,2
9099,8.attn.27755,8,attn,430,188
9100,4.attn.26352,4,attn,279,4
9101,8.attn.21230,8,attn,500,722
9102,4.mlp.30926,4,mlp,259,16
9103,7.resid.3321,7,resid,345,10
9104,4.mlp.21838,4,mlp,187,19
9105,7.resid.31156,7,resid,407,6
9106,4.mlp.17881,4,mlp,221,5
9107,7.resid.14896,7,resid,513,76
9108,4.mlp.10000,4,mlp,245,11
9109,7.resid.24898,7,resid,474,4
9110,4.mlp.10359,4,mlp,266,12
9111,7.resid.23187,7,resid,640,12
9112,4.mlp.22181,4,mlp,259,25
9113,7.resid.39292,7,resid,445,2
9114,4.mlp.32660,4,mlp,345,35
9115,7.resid.33747,7,resid,328,49
9116,4.mlp.954,4,mlp,243,4
9117,7.resid.39801,7,resid,426,30
9118,4.mlp.5080,4,mlp,269,23
9119,7.resid.1361,7,resid,532,15
9120,4.mlp.251,4,mlp,252,10
9121,7.resid.29239,7,resid,553,20
9122,4.mlp.33302,4,mlp,469,0
9123,7.resid.24989,7,resid,426,25
9124,4.mlp.21648,4,mlp,254,41
9125,7.resid.13772,7,resid,406,22
9126,4.mlp.16633,4,mlp,375,0
9127,7.resid.5191,7,resid,531,13
9128,4.mlp.8232,4,mlp,255,5
9129,7.resid.8269,7,resid,557,20
9130,4.mlp.22227,4,mlp,509,0
9131,7.resid.8593,7,resid,483,5
9132,4.mlp.32669,4,mlp,301,14
9133,7.resid.17602,7,resid,471,13
9134,4.mlp.19196,4,mlp,186,7
9135,7.resid.12540,7,resid,401,7
9136,4.mlp.31968,4,mlp,399,23
9137,7.resid.13066,7,resid,610,32
9138,4.mlp.12679,4,mlp,226,17
9139,7.resid.7631,7,resid,479,6
9140,4.mlp.38667,4,mlp,431,20
9141,7.resid.24067,7,resid,419,39
9142,4.mlp.31535,4,mlp,199,49
9143,7.resid.9842,7,resid,369,14
9144,4.mlp.1974,4,mlp,415,13
9145,7.resid.33002,7,resid,644,16
9146,4.mlp.13005,4,mlp,179,18
9147,7.resid.3892,7,resid,525,44
9148,4.mlp.20727,4,mlp,506,0
9149,7.resid.32732,7,resid,351,4
9150,4.mlp.10946,4,mlp,436,20
9151,7.resid.14083,7,resid,725,44
9152,4.mlp.25312,4,mlp,141,7
9153,7.resid.14709,7,resid,380,11
9154,4.mlp.14702,4,mlp,289,23
9155,7.resid.4918,7,resid,478,4
9156,4.mlp.27487,4,mlp,375,5
9157,7.resid.30866,7,resid,266,20
9158,4.resid.12834,4,resid,410,65
9159,7.mlp.12942,7,mlp,369,33
9160,4.resid.21887,4,resid,201,20
9161,7.mlp.29114,7,mlp,401,28
9162,4.resid.28209,4,resid,285,11
9163,7.mlp.20571,7,mlp,236,9
9164,4.resid.25342,4,resid,432,11
9165,7.mlp.32334,7,mlp,430,15
9166,4.resid.25136,4,resid,214,1
9167,7.mlp.3489,7,mlp,404,33
9168,4.resid.26120,4,resid,323,0
9169,7.mlp.13484,7,mlp,432,13
9170,4.resid.13380,4,resid,318,4
9171,7.mlp.29690,7,mlp,337,25
9172,4.resid.23270,4,resid,217,9
9173,7.mlp.26436,7,mlp,361,7
9174,4.resid.22093,4,resid,248,14
9175,7.mlp.15333,7,mlp,466,91
9176,4.resid.1774,4,resid,311,5
9177,7.mlp.9842,7,mlp,529,18
9178,4.resid.3904,4,resid,372,0
9179,7.mlp.3157,7,mlp,346,12
9180,4.resid.20158,4,resid,246,5
9181,7.mlp.4138,7,mlp,504,49
9182,4.resid.15423,4,resid,202,16
9183,7.mlp.38271,7,mlp,509,737
9184,4.resid.36726,4,resid,202,5
9185,7.mlp.9827,7,mlp,494,41
9186,4.resid.11558,4,resid,156,4
9187,7.mlp.8516,7,mlp,505,55
9188,4.resid.28942,4,resid,367,15
9189,7.mlp.33101,7,mlp,526,10
9190,4.resid.21992,4,resid,314,17
9191,7.mlp.40021,7,mlp,366,21
9192,4.resid.34925,4,resid,212,37
9193,7.mlp.36797,7,mlp,396,8
9194,4.resid.27458,4,resid,289,22
9195,7.mlp.15898,7,mlp,335,8
9196,4.resid.3917,4,resid,357,0
9197,7.mlp.23815,7,mlp,539,19
9198,4.resid.35959,4,resid,409,0
9199,7.mlp.382,7,mlp,296,33
9200,4.resid.5094,4,resid,172,11
9201,7.mlp.14718,7,mlp,421,4
9202,4.resid.34678,4,resid,309,0
9203,7.mlp.34152,7,mlp,418,22
9204,4.resid.37051,4,resid,191,32
9205,7.mlp.32793,7,mlp,433,17
9206,4.resid.29152,4,resid,199,12
9207,7.mlp.9709,7,mlp,408,36
9208,4.resid.4222,4,resid,208,5
9209,7.mlp.37962,7,mlp,660,10
9210,4.resid.6801,4,resid,225,5
9211,7.mlp.2686,7,mlp,394,18
9212,4.resid.25556,4,resid,336,27
9213,7.mlp.25359,7,mlp,460,6
9214,7.mlp.37635,7,mlp,656,14
9215,5.attn.18914,5,attn,542,0
9216,7.attn.22952,7,attn,752,42
9217,7.attn.21230,7,attn,341,9
9218,5.attn.35897,5,attn,318,0
9219,7.attn.14040,7,attn,415,1
9220,5.attn.20579,5,attn,173,70
9221,7.attn.25894,7,attn,404,9
9222,7.attn.22812,7,attn,481,9
9223,7.attn.1797,7,attn,400,14
9224,5.attn.26880,5,attn,208,0
9225,7.attn.4004,7,attn,228,30
9226,5.attn.13339,5,attn,549,0
9227,7.attn.11056,7,attn,353,21
9228,5.attn.27380,5,attn,277,0
9229,7.attn.29584,7,attn,640,28
9230,5.attn.35112,5,attn,332,0
9231,5.attn.36208,5,attn,380,5
9232,7.attn.31893,7,attn,181,0
9233,5.attn.18318,5,attn,269,17
9234,7.attn.32657,7,attn,405,770
9235,5.attn.31402,5,attn,477,0
9236,7.attn.15511,7,attn,402,17
9237,5.attn.1063,5,attn,190,1
9238,7.attn.928,7,attn,470,10
9239,5.attn.3682,5,attn,242,0
9240,7.attn.9147,7,attn,299,1
9241,5.attn.40831,5,attn,167,2
9242,7.attn.23186,7,attn,418,1
9243,5.attn.19718,5,attn,175,1
9244,7.attn.23503,7,attn,426,0
9245,5.attn.10539,5,attn,270,0
9246,7.attn.9661,7,attn,176,37
9247,5.attn.34694,5,attn,313,21
9248,7.attn.32391,7,attn,381,43
9249,5.attn.33638,5,attn,261,28
9250,7.attn.35463,7,attn,550,20
9251,5.attn.16953,5,attn,359,0
9252,7.attn.14346,7,attn,547,20
9253,5.attn.10470,5,attn,172,20
9254,5.attn.20537,5,attn,460,0
9255,7.attn.16544,7,attn,488,7
9256,5.attn.3271,5,attn,122,46
9257,7.attn.27195,7,attn,236,43
9258,5.attn.40015,5,attn,230,17
9259,7.attn.29799,7,attn,411,1
9260,5.attn.12382,5,attn,339,12
9261,7.attn.20607,7,attn,344,11
9262,5.attn.8824,5,attn,291,8
9263,7.attn.16563,7,attn,452,414
9264,5.attn.2135,5,attn,130,60
9265,7.attn.32135,7,attn,431,0
9266,5.mlp.26586,5,mlp,363,0
9267,6.resid.12596,6,resid,457,12
9268,5.mlp.20804,5,mlp,363,0
9269,6.resid.16324,6,resid,303,10
9270,5.mlp.9538,5,mlp,345,0
9271,6.resid.33943,6,resid,414,5
9272,5.mlp.18104,5,mlp,257,23
9273,6.resid.39593,6,resid,348,24
9274,5.mlp.26581,5,mlp,413,20
9275,6.resid.27535,6,resid,651,41
9276,5.mlp.15947,5,mlp,266,15
9277,6.resid.29937,6,resid,379,16
9278,5.mlp.19688,5,mlp,515,0
9279,6.resid.27592,6,resid,315,31
9280,5.mlp.19199,5,mlp,559,0
9281,6.resid.29761,6,resid,342,10
9282,5.mlp.27884,5,mlp,246,4
9283,6.resid.4005,6,resid,585,1
9284,5.mlp.16093,5,mlp,230,42
9285,6.resid.9515,6,resid,450,39
9286,5.mlp.32723,5,mlp,320,20
9287,6.resid.13787,6,resid,361,22
9288,5.mlp.10059,5,mlp,323,18
9289,6.resid.36142,6,resid,449,42
9290,5.mlp.10396,5,mlp,215,66
9291,6.resid.16945,6,resid,356,27
9292,5.mlp.28039,5,mlp,282,8
9293,6.resid.23431,6,resid,277,32
9294,5.mlp.2983,5,mlp,404,0
9295,6.resid.32719,6,resid,626,28
9296,5.mlp.18347,5,mlp,427,0
9297,6.resid.5694,6,resid,321,8
9298,5.mlp.8444,5,mlp,514,0
9299,6.resid.20651,6,resid,543,0
9300,5.mlp.24495,5,mlp,553,0
9301,6.resid.18789,6,resid,337,37
9302,5.mlp.31155,5,mlp,382,0
9303,6.resid.3638,6,resid,528,0
9304,5.mlp.40847,5,mlp,413,11
9305,6.resid.29849,6,resid,372,10
9306,5.mlp.13230,5,mlp,362,22
9307,6.resid.2850,6,resid,311,33
9308,5.mlp.3530,5,mlp,375,7
9309,6.resid.932,6,resid,570,4
9310,5.mlp.29998,5,mlp,372,5
9311,6.resid.2729,6,resid,320,5
9312,5.mlp.31933,5,mlp,301,27
9313,6.resid.25219,6,resid,374,37
9314,5.mlp.37362,5,mlp,446,0
9315,6.resid.5808,6,resid,522,5
9316,5.mlp.12384,5,mlp,300,24
9317,6.resid.36268,6,resid,501,46
9318,5.mlp.24075,5,mlp,339,5
9319,6.resid.709,6,resid,484,0
9320,5.mlp.20114,5,mlp,455,0
9321,6.resid.18843,6,resid,467,6
9322,5.resid.9880,5,resid,294,15
9323,6.mlp.11673,6,mlp,802,30
9324,5.resid.3516,5,resid,337,20
9325,6.mlp.21436,6,mlp,289,4
9326,5.resid.25970,5,resid,350,10
9327,6.mlp.16830,6,mlp,269,6
9328,5.resid.18028,5,resid,399,8
9329,6.mlp.5459,6,mlp,365,13
9330,5.resid.1539,5,resid,274,22
9331,6.mlp.19079,6,mlp,496,43
9332,5.resid.9424,5,resid,298,10
9333,6.mlp.32369,6,mlp,599,28
9334,5.resid.37186,5,resid,331,37
9335,6.mlp.38351,6,mlp,284,38
9336,5.resid.16437,5,resid,501,2
9337,6.mlp.20946,6,mlp,381,0
9338,5.resid.4919,5,resid,481,12
9339,6.mlp.24024,6,mlp,212,6
9340,5.resid.11588,5,resid,433,12
9341,6.mlp.34109,6,mlp,353,22
9342,5.resid.29221,5,resid,365,12
9343,6.mlp.40358,6,mlp,487,0
9344,5.resid.1961,5,resid,381,0
9345,6.mlp.13442,6,mlp,688,28
9346,5.resid.35676,5,resid,265,36
9347,6.mlp.19182,6,mlp,284,35
9348,5.resid.2990,5,resid,378,5
9349,6.mlp.16030,6,mlp,386,7
9350,5.resid.3557,5,resid,535,11
9351,6.mlp.24236,6,mlp,340,8
9352,5.resid.3621,5,resid,517,21
9353,6.mlp.15860,6,mlp,385,7
9354,5.resid.11812,5,resid,268,39
9355,6.mlp.31176,6,mlp,299,12
9356,5.resid.1911,5,resid,301,13
9357,6.mlp.40121,6,mlp,556,0
9358,5.resid.26507,5,resid,349,16
9359,6.mlp.3092,6,mlp,365,15
9360,5.resid.12815,5,resid,332,8
9361,6.mlp.25923,6,mlp,347,18
9362,5.resid.21568,5,resid,429,47
9363,6.mlp.38354,6,mlp,531,28
9364,5.resid.27390,5,resid,332,26
9365,6.mlp.26669,6,mlp,487,739
9366,5.resid.21958,5,resid,361,33
9367,6.mlp.39815,6,mlp,367,0
9368,5.resid.33392,5,resid,323,13
9369,6.mlp.30854,6,mlp,278,5
9370,5.resid.11664,5,resid,415,4
9371,6.mlp.12722,6,mlp,220,28
9372,5.resid.938,5,resid,267,0
9373,6.mlp.11986,6,mlp,355,5
9374,5.resid.19042,5,resid,393,0
9375,6.mlp.25008,6,mlp,374,14
9376,5.resid.23043,5,resid,312,5
9377,6.mlp.29022,6,mlp,267,17
9378,5.resid.8273,5,resid,328,0
9379,6.mlp.40862,6,mlp,333,7
9380,6.attn.30020,6,attn,290,1
9381,6.attn.9708,6,attn,379,0
9382,6.attn.3222,6,attn,242,0
9383,6.attn.4785,6,attn,221,0
9384,6.attn.39810,6,attn,279,0
9385,6.attn.38867,6,attn,303,14
9386,6.attn.20967,6,attn,479,0
9387,6.attn.33428,6,attn,183,0
9388,6.attn.35466,6,attn,368,0
9389,6.attn.12730,6,attn,400,1
9390,6.attn.922,6,attn,266,13
9391,6.attn.13717,6,attn,376,0
9392,6.attn.38311,6,attn,345,47
9393,6.attn.18872,6,attn,417,14
9394,6.attn.15180,6,attn,349,1
9395,6.attn.22748,6,attn,408,0
9396,6.attn.35518,6,attn,497,0
9397,6.attn.20544,6,attn,456,20
9398,6.attn.17258,6,attn,202,0
9399,6.attn.32865,6,attn,241,0
9400,6.attn.19280,6,attn,441,12
9401,6.attn.10869,6,attn,403,0
9402,6.attn.4226,6,attn,351,0
9403,6.attn.28931,6,attn,325,1
9404,6.attn.24610,6,attn,406,0
9405,6.attn.37890,6,attn,243,1
9406,0.mlp.24179,0,mlp,21,504
9407,0.mlp.252,0,mlp,64,34
9408,11.resid.1320,11,resid,501,11
9409,0.mlp.13693,0,mlp,11,29
9410,11.resid.21387,11,resid,493,12
9411,0.mlp.38130,0,mlp,13,505
9412,11.resid.162,11,resid,323,1
9413,0.mlp.15818,0,mlp,40,506
9414,11.resid.40266,11,resid,448,3
9415,0.mlp.1803,0,mlp,22,507
9416,11.resid.36909,11,resid,511,3
9417,0.mlp.32270,0,mlp,15,2
9418,11.resid.33726,11,resid,311,3
9419,0.mlp.7173,0,mlp,32,508
9420,11.resid.17896,11,resid,275,48
9421,0.mlp.6838,0,mlp,10,509
9422,11.resid.36393,11,resid,385,3
9423,0.mlp.14375,0,mlp,21,19
9424,11.resid.30952,11,resid,508,3
9425,0.mlp.31575,0,mlp,76,44
9426,11.resid.37859,11,resid,347,9
9427,0.mlp.13435,0,mlp,5,510
9428,11.resid.3688,11,resid,485,4
9429,0.mlp.972,0,mlp,17,511
9430,11.resid.17441,11,resid,413,3
9431,0.mlp.19419,0,mlp,16,5
9432,11.resid.37807,11,resid,362,3
9433,0.mlp.18469,0,mlp,18,512
9434,11.resid.11552,11,resid,425,16
9435,0.mlp.33261,0,mlp,18,513
9436,11.resid.38184,11,resid,244,3
9437,0.mlp.6834,0,mlp,9,514
9438,11.resid.7366,11,resid,339,4
9439,0.mlp.40617,0,mlp,67,19
9440,11.resid.13294,11,resid,616,11
9441,0.mlp.15317,0,mlp,21,9
9442,11.resid.7771,11,resid,449,4
9443,0.mlp.14603,0,mlp,80,44
9444,11.resid.7049,11,resid,291,9
9445,0.mlp.24278,0,mlp,46,55
9446,11.resid.21495,11,resid,244,3
9447,0.mlp.5576,0,mlp,13,515
9448,11.resid.1312,11,resid,621,41
9449,0.mlp.10996,0,mlp,44,516
9450,11.resid.20108,11,resid,467,18
9451,0.mlp.9261,0,mlp,53,22
9452,11.resid.37348,11,resid,520,26
9453,0.mlp.28306,0,mlp,24,517
9454,11.resid.32704,11,resid,596,3
9455,0.mlp.33745,0,mlp,12,24
9456,11.resid.5899,11,resid,524,3
9457,0.mlp.22096,0,mlp,27,518
9458,11.resid.4254,11,resid,712,8
9459,0.mlp.2494,0,mlp,18,519
9460,11.resid.12445,11,resid,185,3
9461,0.mlp.29422,0,mlp,61,520
9462,11.resid.39974,11,resid,647,28
9463,0.mlp.13048,0,mlp,37,521
9464,11.resid.27917,11,resid,315,3
9465,0.resid.15668,0,resid,18,20
9466,11.mlp.15835,11,mlp,587,415
9467,0.resid.40847,0,resid,36,522
9468,11.mlp.6609,11,mlp,324,3
9469,0.resid.28950,0,resid,27,31
9470,11.mlp.25209,11,mlp,398,3
9471,0.resid.15723,0,resid,15,35
9472,11.mlp.2893,11,mlp,339,29
9473,0.resid.29248,0,resid,35,1
9474,11.mlp.33919,11,mlp,509,17
9475,0.resid.24212,0,resid,30,49
9476,11.mlp.3200,11,mlp,214,16
9477,0.resid.31966,0,resid,77,16
9478,11.mlp.29635,11,mlp,489,44
9479,0.resid.12578,0,resid,52,63
9480,11.mlp.26483,11,mlp,482,3
9481,0.resid.8060,0,resid,55,30
9482,11.mlp.2963,11,mlp,557,12
9483,0.resid.9981,0,resid,42,10
9484,11.mlp.23625,11,mlp,570,60
9485,0.resid.36451,0,resid,11,523
9486,11.mlp.32712,11,mlp,433,3
9487,0.resid.40331,0,resid,57,11
9488,11.mlp.15893,11,mlp,347,16
9489,0.resid.14763,0,resid,69,524
9490,11.mlp.16199,11,mlp,587,3
9491,0.resid.28160,0,resid,27,38
9492,11.mlp.7437,11,mlp,584,8
9493,0.resid.12426,0,resid,17,526
9494,11.mlp.12740,11,mlp,643,8
9495,0.resid.12629,0,resid,30,527
9496,11.mlp.2298,11,mlp,449,3
9497,0.resid.35621,0,resid,56,6
9498,11.mlp.38306,11,mlp,639,8
9499,0.resid.37830,0,resid,122,39
9500,11.mlp.36265,11,mlp,368,14
9501,0.resid.6824,0,resid,17,0
9502,11.mlp.5580,11,mlp,525,35
9503,0.resid.9398,0,resid,44,26
9504,11.mlp.22476,11,mlp,655,3
9505,0.resid.30827,0,resid,19,7
9506,11.mlp.5370,11,mlp,239,8
9507,0.resid.18235,0,resid,95,16
9508,11.mlp.4958,11,mlp,526,48
9509,0.resid.23605,0,resid,24,24
9510,11.mlp.1632,11,mlp,520,3
9511,0.resid.36589,0,resid,12,0
9512,11.mlp.18500,11,mlp,543,26
9513,0.resid.23227,0,resid,29,3
9514,11.mlp.24140,11,mlp,236,3
9515,0.resid.40472,0,resid,92,15
9516,11.mlp.9014,11,mlp,636,344
9517,0.resid.36134,0,resid,11,528
9518,11.mlp.12818,11,mlp,580,3
9519,0.resid.30015,0,resid,21,16
9520,11.mlp.32905,11,mlp,441,8
9521,1.attn.17561,1,attn,71,10
9522,11.attn.13101,11,attn,65,1
9523,1.attn.26771,1,attn,78,2
9524,11.attn.37723,11,attn,250,26
9525,11.attn.7270,11,attn,327,1
9526,1.attn.10722,1,attn,82,42
9527,11.attn.17833,11,attn,312,21
9528,11.attn.30849,11,attn,687,68
9529,1.attn.26830,1,attn,51,529
9530,11.attn.360,11,attn,287,1
9531,11.attn.23290,11,attn,604,1
9532,1.attn.15965,1,attn,48,18
9533,11.attn.37274,11,attn,362,3
9534,11.attn.31041,11,attn,423,27
9535,1.attn.23540,1,attn,77,530
9536,11.attn.536,11,attn,322,4
9537,11.attn.33086,11,attn,278,3
9538,11.attn.27811,11,attn,481,26
9539,11.attn.23102,11,attn,513,3
9540,1.attn.36159,1,attn,83,9
9541,11.attn.16111,11,attn,569,16
9542,11.attn.9777,11,attn,474,1
9543,11.attn.32130,11,attn,264,3
9544,11.attn.21754,11,attn,798,16
9545,11.attn.26313,11,attn,704,12
9546,1.attn.14271,1,attn,43,47
9547,11.attn.31644,11,attn,2151,1
9548,11.attn.30177,11,attn,230,1
9549,11.attn.27682,11,attn,730,3
9550,11.attn.34869,11,attn,279,9
9551,11.attn.26196,11,attn,626,9
9552,11.attn.3636,11,attn,240,3
9553,11.attn.291,11,attn,898,8
9554,11.attn.2005,11,attn,400,1
9555,11.attn.19933,11,attn,404,3
9556,1.attn.29339,1,attn,55,15
9557,11.attn.37014,11,attn,783,3
9558,1.mlp.18178,1,mlp,177,48
9559,10.resid.40232,10,resid,515,3
9560,1.mlp.8035,1,mlp,192,4
9561,10.resid.5213,10,resid,579,18
9562,1.mlp.34352,1,mlp,147,48
9563,10.resid.25789,10,resid,336,94
9564,1.mlp.10645,1,mlp,106,10
9565,10.resid.6313,10,resid,773,11
9566,1.mlp.9698,1,mlp,132,14
9567,10.resid.4751,10,resid,571,10
9568,1.mlp.7506,1,mlp,136,24
9569,10.resid.6898,10,resid,954,34
9570,1.mlp.21441,1,mlp,197,39
9571,10.resid.3129,10,resid,676,32
9572,1.mlp.17120,1,mlp,122,45
9573,10.resid.31581,10,resid,743,3
9574,1.mlp.38098,1,mlp,124,15
9575,10.resid.4363,10,resid,756,20
9576,1.mlp.23742,1,mlp,104,31
9577,10.resid.37679,10,resid,716,14
9578,1.mlp.38311,1,mlp,127,4
9579,10.resid.35352,10,resid,225,13
9580,1.mlp.4882,1,mlp,218,14
9581,10.resid.38322,10,resid,764,14
9582,1.mlp.28109,1,mlp,147,13
9583,10.resid.30950,10,resid,388,7
9584,1.mlp.25192,1,mlp,113,12
9585,10.resid.12797,10,resid,775,1
9586,1.mlp.11780,1,mlp,119,2
9587,10.resid.10348,10,resid,611,1
9588,1.mlp.8968,1,mlp,99,13
9589,10.resid.3269,10,resid,837,14
9590,1.mlp.6194,1,mlp,91,9
9591,10.resid.3983,10,resid,540,12
9592,1.mlp.9853,1,mlp,70,15
9593,10.resid.32791,10,resid,831,44
9594,1.mlp.19956,1,mlp,89,72
9595,10.resid.15497,10,resid,710,16
9596,1.mlp.26171,1,mlp,93,20
9597,10.resid.22269,10,resid,256,22
9598,1.mlp.26959,1,mlp,190,46
9599,10.resid.9400,10,resid,391,12
9600,1.mlp.35881,1,mlp,147,16
9601,10.resid.5651,10,resid,417,17
9602,1.mlp.33007,1,mlp,159,26
9603,10.resid.8060,10,resid,703,8
9604,1.mlp.34767,1,mlp,93,6
9605,10.resid.39784,10,resid,610,13
9606,1.mlp.17413,1,mlp,126,7
9607,10.resid.38873,10,resid,930,1
9608,1.mlp.30671,1,mlp,119,36
9609,10.resid.8575,10,resid,340,57
9610,1.mlp.35042,1,mlp,165,4
9611,10.resid.18713,10,resid,366,19
9612,1.mlp.4049,1,mlp,132,35
9613,10.resid.6251,10,resid,390,9
9614,1.resid.19828,1,resid,74,39
9615,10.mlp.17360,10,mlp,591,17
9616,1.resid.11954,1,resid,72,22
9617,10.mlp.5152,10,mlp,563,17
9618,1.resid.12618,1,resid,63,13
9619,10.mlp.38934,10,mlp,653,5
9620,1.resid.37165,1,resid,147,7
9621,10.mlp.27277,10,mlp,413,2
9622,1.resid.36838,1,resid,136,7
9623,10.mlp.2382,10,mlp,362,18
9624,1.resid.32812,1,resid,121,39
9625,10.mlp.35353,10,mlp,617,20
9626,1.resid.19090,1,resid,148,72
9627,10.mlp.28855,10,mlp,628,29
9628,1.resid.951,1,resid,85,7
9629,10.mlp.3219,10,mlp,359,38
9630,1.resid.5431,1,resid,159,6
9631,10.mlp.25236,10,mlp,439,26
9632,1.resid.31921,1,resid,233,22
9633,10.mlp.33293,10,mlp,545,13
9634,1.resid.31705,1,resid,96,32
9635,10.mlp.34351,10,mlp,510,23
9636,1.resid.39129,1,resid,100,4
9637,10.mlp.37105,10,mlp,317,27
9638,1.resid.27408,1,resid,134,5
9639,10.mlp.26069,10,mlp,446,4
9640,1.resid.37817,1,resid,179,34
9641,10.mlp.14197,10,mlp,254,7
9642,1.resid.27052,1,resid,84,72
9643,10.mlp.8448,10,mlp,474,5
9644,1.resid.22465,1,resid,63,11
9645,10.mlp.37274,10,mlp,248,29
9646,1.resid.21594,1,resid,126,33
9647,10.mlp.33967,10,mlp,452,22
9648,1.resid.23607,1,resid,98,11
9649,10.mlp.29115,10,mlp,583,27
9650,1.resid.10484,1,resid,53,31
9651,10.mlp.24907,10,mlp,726,3
9652,1.resid.33535,1,resid,97,25
9653,10.mlp.21748,10,mlp,376,36
9654,1.resid.30441,1,resid,157,8
9655,10.mlp.12138,10,mlp,630,29
9656,1.resid.15960,1,resid,137,18
9657,10.mlp.30385,10,mlp,402,21
9658,1.resid.39401,1,resid,90,7
9659,10.mlp.36644,10,mlp,419,23
9660,1.resid.35396,1,resid,79,24
9661,10.mlp.20155,10,mlp,448,773
9662,1.resid.17191,1,resid,82,33
9663,10.mlp.21330,10,mlp,341,490
9664,1.resid.34933,1,resid,95,13
9665,10.mlp.8150,10,mlp,273,3
9666,1.resid.23994,1,resid,133,7
9667,10.mlp.23269,10,mlp,626,37
9668,1.resid.6849,1,resid,160,13
9669,10.mlp.24467,10,mlp,512,418
9670,10.mlp.22007,10,mlp,464,22
9671,2.attn.33479,2,attn,182,17
9672,10.attn.11160,10,attn,833,10
9673,2.attn.24941,2,attn,181,23
9674,10.attn.37438,10,attn,460,81
9675,2.attn.17512,2,attn,191,4
9676,10.attn.26063,10,attn,608,20
9677,10.attn.11974,10,attn,379,1
9678,2.attn.22342,2,attn,194,24
9679,10.attn.40306,10,attn,455,1
9680,2.attn.38672,2,attn,121,20
9681,10.attn.17677,10,attn,495,16
9682,2.attn.32497,2,attn,156,18
9683,10.attn.14191,10,attn,452,14
9684,10.attn.31949,10,attn,707,67
9685,10.attn.17779,10,attn,808,17
9686,2.attn.27803,2,attn,172,19
9687,10.attn.33452,10,attn,173,1
9688,2.attn.1581,2,attn,289,2
9689,10.attn.28797,10,attn,1385,2
9690,10.attn.18838,10,attn,415,1
9691,2.attn.30117,2,attn,107,15
9692,10.attn.14815,10,attn,368,16
9693,10.attn.38182,10,attn,271,8
9694,10.attn.34849,10,attn,455,9
9695,2.attn.9355,2,attn,66,533
9696,10.attn.34156,10,attn,813,2
9697,2.attn.38110,2,attn,188,48
9698,10.attn.15989,10,attn,505,1
9699,2.attn.37594,2,attn,148,4
9700,10.attn.21883,10,attn,802,62
9701,2.attn.23197,2,attn,54,7
9702,10.attn.38736,10,attn,520,23
9703,10.attn.7249,10,attn,502,102
9704,2.attn.22322,2,attn,168,26
9705,10.attn.17783,10,attn,725,10
9706,10.attn.24680,10,attn,305,9
9707,2.attn.11088,2,attn,189,2
9708,10.attn.16093,10,attn,346,3
9709,2.attn.18464,2,attn,314,2
9710,10.attn.14177,10,attn,644,9
9711,2.attn.15038,2,attn,163,4
9712,10.attn.37451,10,attn,802,32
9713,10.attn.33202,10,attn,434,1
9714,10.attn.24254,10,attn,701,29
9715,2.attn.3894,2,attn,103,27
9716,2.mlp.8553,2,mlp,123,6
9717,9.resid.17485,9,resid,545,10
9718,2.mlp.88,2,mlp,141,15
9719,9.resid.864,9,resid,545,12
9720,2.mlp.9455,2,mlp,246,16
9721,9.resid.11911,9,resid,617,4
9722,2.mlp.24635,2,mlp,158,11
9723,9.resid.15652,9,resid,675,46
9724,2.mlp.30055,2,mlp,124,16
9725,9.resid.27920,9,resid,883,2
9726,2.mlp.35676,2,mlp,263,13
9727,9.resid.508,9,resid,505,20
9728,2.mlp.13583,2,mlp,218,10
9729,9.resid.21493,9,resid,572,12
9730,2.mlp.18677,2,mlp,177,24
9731,9.resid.869,9,resid,548,20
9732,2.mlp.31672,2,mlp,171,33
9733,9.resid.20214,9,resid,567,24
9734,2.mlp.10876,2,mlp,189,4
9735,9.resid.5462,9,resid,463,40
9736,2.mlp.26270,2,mlp,120,12
9737,9.resid.18220,9,resid,317,42
9738,2.mlp.15277,2,mlp,207,11
9739,9.resid.28882,9,resid,608,1
9740,2.mlp.14695,2,mlp,108,7
9741,9.resid.40926,9,resid,621,42
9742,2.mlp.19601,2,mlp,226,13
9743,9.resid.24757,9,resid,272,9
9744,2.mlp.8840,2,mlp,140,7
9745,9.resid.10420,9,resid,661,22
9746,2.mlp.10387,2,mlp,134,25
9747,9.resid.15109,9,resid,710,25
9748,2.mlp.40101,2,mlp,184,32
9749,9.resid.18659,9,resid,516,46
9750,2.mlp.12273,2,mlp,222,5
9751,9.resid.36167,9,resid,889,1
9752,2.mlp.6261,2,mlp,227,23
9753,9.resid.29599,9,resid,730,32
9754,2.mlp.21449,2,mlp,168,7
9755,9.resid.35591,9,resid,573,539
9756,2.mlp.17760,2,mlp,190,8
9757,9.resid.6142,9,resid,639,57
9758,2.mlp.17391,2,mlp,197,4
9759,9.resid.36949,9,resid,599,6
9760,2.mlp.33274,2,mlp,247,5
9761,9.resid.25580,9,resid,648,0
9762,2.mlp.11162,2,mlp,248,25
9763,9.resid.1423,9,resid,572,5
9764,2.mlp.32756,2,mlp,268,23
9765,9.resid.5321,9,resid,370,29
9766,2.mlp.19817,2,mlp,255,4
9767,9.resid.26154,9,resid,305,8
9768,2.mlp.40781,2,mlp,197,5
9769,9.resid.30759,9,resid,390,23
9770,2.mlp.11004,2,mlp,124,30
9771,9.resid.8310,9,resid,828,1
9772,2.resid.36666,2,resid,205,30
9773,9.resid.20344,9,resid,701,14
9774,2.resid.2520,2,resid,249,14
9775,9.mlp.24259,9,mlp,519,7
9776,2.resid.17168,2,resid,116,5
9777,9.mlp.15011,9,mlp,517,4
9778,2.resid.5208,2,resid,197,6
9779,9.mlp.37818,9,mlp,370,26
9780,2.resid.33264,2,resid,165,4
9781,9.mlp.11462,9,mlp,685,29
9782,2.resid.994,2,resid,108,31
9783,9.mlp.22509,9,mlp,364,8
9784,2.resid.33342,2,resid,187,5
9785,9.mlp.31384,9,mlp,562,525
9786,2.resid.24955,2,resid,104,16
9787,9.mlp.40171,9,mlp,437,733
9788,2.resid.3544,2,resid,197,30
9789,9.mlp.2775,9,mlp,615,19
9790,2.resid.8322,2,resid,83,5
9791,9.mlp.35799,9,mlp,576,117
9792,2.resid.17466,2,resid,188,60
9793,9.mlp.18256,9,mlp,501,16
9794,2.resid.6216,2,resid,325,10
9795,9.mlp.28926,9,mlp,614,27
9796,2.resid.40322,2,resid,178,11
9797,9.mlp.9726,9,mlp,439,17
9798,2.resid.34091,2,resid,78,535
9799,9.mlp.28913,9,mlp,361,19
9800,2.resid.32689,2,resid,76,25
9801,9.mlp.18226,9,mlp,438,54
9802,2.resid.12155,2,resid,137,51
9803,9.mlp.19134,9,mlp,422,2
9804,2.resid.6378,2,resid,124,11
9805,9.mlp.17903,9,mlp,522,61
9806,2.resid.9130,2,resid,125,11
9807,9.mlp.15399,9,mlp,420,55
9808,2.resid.1548,2,resid,139,12
9809,9.mlp.35482,9,mlp,555,17
9810,2.resid.28664,2,resid,182,8
9811,9.mlp.27325,9,mlp,546,750
9812,2.resid.18843,2,resid,82,35
9813,9.mlp.32393,9,mlp,503,23
9814,2.resid.14708,2,resid,181,5
9815,9.mlp.26524,9,mlp,510,6
9816,2.resid.14452,2,resid,65,7
9817,9.mlp.9101,9,mlp,569,5
9818,2.resid.2479,2,resid,169,7
9819,9.mlp.13168,9,mlp,584,233
9820,2.resid.40003,2,resid,150,11
9821,9.mlp.2163,9,mlp,457,23
9822,2.resid.16477,2,resid,180,71
9823,9.mlp.24214,9,mlp,483,12
9824,2.resid.10249,2,resid,245,2
9825,9.mlp.28931,9,mlp,458,542
9826,2.resid.23176,2,resid,161,6
9827,9.mlp.5724,9,mlp,425,4
9828,2.resid.26305,2,resid,132,26
9829,9.mlp.17826,9,mlp,502,19
9830,3.attn.26172,3,attn,212,2
9831,9.attn.17486,9,attn,704,9
9832,3.attn.33334,3,attn,91,536
9833,9.attn.22483,9,attn,320,4
9834,3.attn.15922,3,attn,138,9
9835,9.attn.3057,9,attn,147,21
9836,9.attn.38080,9,attn,337,90
9837,3.attn.15155,3,attn,98,10
9838,9.attn.5086,9,attn,155,40
9839,9.attn.10539,9,attn,781,4
9840,3.attn.21454,3,attn,203,4
9841,9.attn.12940,9,attn,564,1
9842,3.attn.36793,3,attn,195,13
9843,9.attn.35204,9,attn,755,21
9844,3.attn.36320,3,attn,256,19
9845,9.attn.26368,9,attn,216,19
9846,3.attn.22938,3,attn,233,2
9847,9.attn.3682,9,attn,306,24
9848,9.attn.10484,9,attn,415,9
9849,3.attn.9767,3,attn,215,4
9850,9.attn.37945,9,attn,268,1
9851,3.attn.9669,3,attn,159,2
9852,9.attn.22281,9,attn,218,36
9853,3.attn.6835,3,attn,168,44
9854,9.attn.35179,9,attn,281,1
9855,3.attn.30543,3,attn,201,2
9856,9.attn.22125,9,attn,540,2
9857,3.attn.10352,3,attn,124,13
9858,9.attn.32915,9,attn,338,9
9859,3.attn.22231,3,attn,186,2
9860,9.attn.26574,9,attn,283,1
9861,3.attn.22937,3,attn,189,33
9862,9.attn.23454,9,attn,436,14
9863,3.attn.18347,3,attn,223,56
9864,9.attn.31377,9,attn,239,1
9865,3.attn.9465,3,attn,181,2
9866,9.attn.35901,9,attn,302,23
9867,3.attn.39587,3,attn,519,2
9868,9.attn.21688,9,attn,486,6
9869,3.attn.568,3,attn,373,2
9870,9.attn.15012,9,attn,1006,2
9871,3.attn.31106,3,attn,289,2
9872,9.attn.35067,9,attn,382,13
9873,3.attn.32800,3,attn,346,2
9874,9.attn.37879,9,attn,723,1
9875,3.attn.35598,3,attn,201,19
9876,9.attn.40549,9,attn,265,1
9877,3.attn.7670,3,attn,217,42
9878,9.attn.27535,9,attn,510,1
9879,3.attn.17626,3,attn,261,2
9880,9.attn.40463,9,attn,367,10
9881,3.attn.21388,3,attn,159,2
9882,9.attn.2266,9,attn,517,9
9883,3.mlp.18864,3,mlp,142,15
9884,8.resid.6463,8,resid,643,1
9885,3.mlp.32773,3,mlp,316,20
9886,8.resid.31798,8,resid,620,8
9887,3.mlp.414,3,mlp,206,16
9888,8.resid.9569,8,resid,601,37
9889,3.mlp.7971,3,mlp,424,8
9890,8.resid.26419,8,resid,648,28
9891,3.mlp.15230,3,mlp,350,15
9892,8.resid.77,8,resid,506,10
9893,3.mlp.3705,3,mlp,239,14
9894,8.resid.16868,8,resid,564,5
9895,3.mlp.33509,3,mlp,202,18
9896,8.resid.7160,8,resid,516,2
9897,3.mlp.36797,3,mlp,174,6
9898,8.resid.34678,8,resid,487,7
9899,3.mlp.5629,3,mlp,224,60
9900,8.resid.8757,8,resid,345,4
9901,3.mlp.13106,3,mlp,263,2
9902,8.resid.19032,8,resid,540,3
9903,3.mlp.14971,3,mlp,181,10
9904,8.resid.8884,8,resid,502,16
9905,3.mlp.11309,3,mlp,278,2
9906,8.resid.5714,8,resid,902,14
9907,3.mlp.3865,3,mlp,278,22
9908,8.resid.4068,8,resid,345,52
9909,3.mlp.9525,3,mlp,203,19
9910,8.resid.8145,8,resid,433,7
9911,3.mlp.8101,3,mlp,241,52
9912,8.resid.23477,8,resid,452,56
9913,3.mlp.4176,3,mlp,256,7
9914,8.resid.30543,8,resid,484,12
9915,3.mlp.25951,3,mlp,284,15
9916,8.resid.36480,8,resid,646,15
9917,3.mlp.7119,3,mlp,275,4
9918,8.resid.22461,8,resid,460,37
9919,3.mlp.4478,3,mlp,274,35
9920,8.resid.31646,8,resid,437,7
9921,3.mlp.37227,3,mlp,214,31
9922,8.resid.2289,8,resid,570,36
9923,3.mlp.24243,3,mlp,243,11
9924,8.resid.33332,8,resid,555,26
9925,3.mlp.35220,3,mlp,226,5
9926,8.resid.4888,8,resid,688,1
9927,3.mlp.37470,3,mlp,186,50
9928,8.resid.40583,8,resid,643,7
9929,3.mlp.7229,3,mlp,216,4
9930,8.resid.27685,8,resid,479,13
9931,3.mlp.2139,3,mlp,166,13
9932,8.resid.11632,8,resid,472,31
9933,3.mlp.20778,3,mlp,290,6
9934,8.resid.3283,8,resid,636,36
9935,3.mlp.788,3,mlp,267,17
9936,8.resid.37060,8,resid,350,12
9937,3.mlp.27224,3,mlp,238,18
9938,8.resid.7329,8,resid,382,38
9939,3.mlp.5848,3,mlp,155,33
9940,8.resid.38650,8,resid,467,16
9941,3.resid.1251,3,resid,268,26
9942,8.mlp.39674,8,mlp,526,61
9943,3.resid.163,3,resid,287,27
9944,8.mlp.32132,8,mlp,347,9
9945,3.resid.6076,3,resid,130,18
9946,8.mlp.19058,8,mlp,302,20
9947,3.resid.23601,3,resid,178,5
9948,8.mlp.15614,8,mlp,437,32
9949,3.resid.17999,3,resid,211,10
9950,8.mlp.18398,8,mlp,491,19
9951,3.resid.36127,3,resid,229,10
9952,8.mlp.15361,8,mlp,330,4
9953,3.resid.25088,3,resid,295,25
9954,8.mlp.33110,8,mlp,512,4
9955,3.resid.11285,3,resid,143,5
9956,8.mlp.26958,8,mlp,443,5
9957,3.resid.29667,3,resid,333,13
9958,8.mlp.21782,8,mlp,573,7
9959,3.resid.19715,3,resid,116,5
9960,8.mlp.30123,8,mlp,328,10
9961,3.resid.13200,3,resid,189,12
9962,8.mlp.15196,8,mlp,429,14
9963,3.resid.40243,3,resid,279,50
9964,8.mlp.10950,8,mlp,244,42
9965,3.resid.38284,3,resid,372,39
9966,8.mlp.29763,8,mlp,537,5
9967,3.resid.39551,3,resid,162,13
9968,8.mlp.39643,8,mlp,731,27
9969,3.resid.12219,3,resid,140,2
9970,8.mlp.22660,8,mlp,439,26
9971,3.resid.38956,3,resid,165,47
9972,8.mlp.19551,8,mlp,561,45
9973,3.resid.24790,3,resid,167,56
9974,8.mlp.9520,8,mlp,454,28
9975,3.resid.17580,3,resid,165,25
9976,8.mlp.23075,8,mlp,536,21
9977,3.resid.19402,3,resid,301,17
9978,8.mlp.257,8,mlp,404,27
9979,3.resid.7665,3,resid,303,2
9980,8.mlp.15078,8,mlp,387,10
9981,3.resid.26166,3,resid,125,11
9982,8.mlp.35792,8,mlp,426,7
9983,3.resid.31242,3,resid,217,18
9984,8.mlp.18464,8,mlp,294,7
9985,3.resid.8035,3,resid,271,15
9986,8.mlp.40550,8,mlp,337,3
9987,3.resid.33227,3,resid,249,5
9988,8.mlp.384,8,mlp,716,37
9989,3.resid.25570,3,resid,175,9
9990,8.mlp.908,8,mlp,453,761
9991,3.resid.25533,3,resid,124,25
9992,8.mlp.2133,8,mlp,446,8
9993,3.resid.18522,3,resid,170,4
9994,8.mlp.26085,8,mlp,396,769
9995,3.resid.7241,3,resid,143,5
9996,8.mlp.34089,8,mlp,526,5
9997,4.attn.19878,4,attn,291,31
9998,8.attn.25075,8,attn,513,9
9999,4.attn.9350,4,attn,238,52
10000,8.attn.37075,8,attn,607,9
10001,4.attn.2072,4,attn,134,2
10002,4.attn.31224,4,attn,276,2
10003,4.attn.7158,4,attn,214,4
10004,8.attn.20525,8,attn,498,1
10005,4.attn.91,4,attn,246,15
10006,8.attn.33413,8,attn,103,40
10007,4.attn.8358,4,attn,261,18
10008,4.attn.27094,4,attn,284,0
10009,8.attn.17973,8,attn,550,21
10010,4.attn.5119,4,attn,222,28
10011,4.attn.40345,4,attn,143,7
10012,8.attn.23794,8,attn,421,10
10013,4.attn.30128,4,attn,170,13
10014,8.attn.6635,8,attn,310,9
10015,4.attn.29913,4,attn,165,24
10016,4.attn.17881,4,attn,253,2
10017,8.attn.19501,8,attn,277,1
10018,4.attn.7775,4,attn,253,10
10019,4.attn.20872,4,attn,225,2
10020,8.attn.37290,8,attn,414,9
10021,4.attn.32238,4,attn,180,2
10022,4.attn.5348,4,attn,225,2
10023,8.attn.24495,8,attn,280,68
10024,4.attn.23914,4,attn,275,2
10025,8.attn.14934,8,attn,326,39
10026,4.attn.19076,4,attn,356,13
10027,8.attn.28611,8,attn,565,16
10028,4.attn.13140,4,attn,464,2
10029,8.attn.32756,8,attn,292,9
10030,4.attn.6120,4,attn,173,2
10031,8.attn.29167,8,attn,315,26
10032,4.attn.39928,4,attn,256,2
10033,8.attn.19241,8,attn,303,7
10034,4.attn.3220,4,attn,194,2
10035,8.attn.37097,8,attn,358,9
10036,4.attn.22644,4,attn,267,2
10037,4.attn.20221,4,attn,237,2
10038,8.attn.36331,8,attn,763,19
10039,4.attn.21064,4,attn,274,42
10040,4.attn.34941,4,attn,275,7
10041,4.mlp.15033,4,mlp,244,13
10042,8.attn.8926,8,attn,411,21
10043,4.mlp.15343,4,mlp,207,8
10044,7.resid.11964,7,resid,538,18
10045,4.mlp.2380,4,mlp,335,11
10046,7.resid.4766,7,resid,397,27
10047,4.mlp.40291,4,mlp,406,17
10048,7.resid.18264,7,resid,485,8
10049,4.mlp.7213,4,mlp,219,15
10050,7.resid.16620,7,resid,393,34
10051,4.mlp.27958,4,mlp,336,0
10052,7.resid.4492,7,resid,423,33
10053,4.mlp.7682,4,mlp,178,48
10054,7.resid.33573,7,resid,544,12
10055,4.mlp.27747,4,mlp,343,10
10056,7.resid.37007,7,resid,418,33
10057,4.mlp.13075,4,mlp,225,11
10058,7.resid.22372,7,resid,179,10
10059,4.mlp.19629,4,mlp,438,0
10060,7.resid.8949,7,resid,505,24
10061,4.mlp.36011,4,mlp,340,7
10062,7.resid.31246,7,resid,464,8
10063,4.mlp.22542,4,mlp,303,24
10064,7.resid.35514,7,resid,525,50
10065,4.mlp.20314,4,mlp,205,47
10066,7.resid.2008,7,resid,438,4
10067,4.mlp.30053,4,mlp,202,15
10068,7.resid.14865,7,resid,497,23
10069,4.mlp.16492,4,mlp,221,6
10070,7.resid.5897,7,resid,428,4
10071,4.mlp.38506,4,mlp,243,18
10072,7.resid.12656,7,resid,684,22
10073,4.mlp.1758,4,mlp,308,17
10074,7.resid.34948,7,resid,477,42
10075,4.mlp.40144,4,mlp,291,7
10076,7.resid.22607,7,resid,475,42
10077,4.mlp.20000,4,mlp,144,11
10078,7.resid.15209,7,resid,447,70
10079,4.mlp.12317,4,mlp,173,11
10080,7.resid.33472,7,resid,427,37
10081,4.mlp.36822,4,mlp,312,4
10082,7.resid.7169,7,resid,636,5
10083,4.mlp.1590,4,mlp,194,12
10084,7.resid.7733,7,resid,419,22
10085,4.mlp.31179,4,mlp,282,11
10086,7.resid.40681,7,resid,571,15
10087,4.mlp.35267,4,mlp,250,7
10088,7.resid.5582,7,resid,622,14
10089,4.mlp.11265,4,mlp,459,48
10090,7.resid.40083,7,resid,501,32
10091,4.mlp.27411,4,mlp,293,16
10092,7.resid.26312,7,resid,364,13
10093,4.mlp.29746,4,mlp,283,0
10094,7.resid.80,7,resid,375,46
10095,4.mlp.28159,4,mlp,203,14
10096,7.resid.29830,7,resid,479,61
10097,4.mlp.12536,4,mlp,517,11
10098,7.resid.6360,7,resid,331,5
10099,4.resid.5041,4,resid,231,9
10100,7.mlp.9373,7,mlp,571,39
10101,4.resid.13093,4,resid,302,5
10102,7.mlp.33676,7,mlp,340,8
10103,4.resid.19933,4,resid,273,11
10104,7.mlp.40254,7,mlp,512,7
10105,4.resid.18802,4,resid,286,4
10106,7.mlp.18783,7,mlp,475,43
10107,4.resid.6272,4,resid,183,10
10108,7.mlp.30132,7,mlp,443,11
10109,4.resid.5740,4,resid,242,0
10110,7.mlp.22800,7,mlp,205,4
10111,4.resid.13152,4,resid,256,4
10112,7.mlp.6677,7,mlp,508,11
10113,4.resid.20069,4,resid,344,0
10114,7.mlp.9787,7,mlp,257,5
10115,4.resid.15338,4,resid,251,50
10116,7.mlp.33401,7,mlp,554,29
10117,4.resid.7874,4,resid,321,27
10118,7.mlp.32656,7,mlp,393,23
10119,4.resid.26938,4,resid,263,25
10120,7.mlp.36250,7,mlp,480,36
10121,4.resid.6419,4,resid,249,12
10122,7.mlp.12504,7,mlp,416,6
10123,4.resid.20143,4,resid,244,33
10124,7.mlp.22474,7,mlp,1134,2
10125,4.resid.7183,4,resid,345,17
10126,7.mlp.22786,7,mlp,329,6
10127,4.resid.20526,4,resid,388,0
10128,7.mlp.26936,7,mlp,348,23
10129,4.resid.8765,4,resid,269,13
10130,7.mlp.33244,7,mlp,461,5
10131,4.resid.22457,4,resid,339,7
10132,7.mlp.38061,7,mlp,720,63
10133,4.resid.19996,4,resid,260,29
10134,7.mlp.13359,7,mlp,406,17
10135,4.resid.40444,4,resid,224,5
10136,7.mlp.30748,7,mlp,408,22
10137,4.resid.22103,4,resid,276,36
10138,7.mlp.12122,7,mlp,496,0
10139,4.resid.28039,4,resid,240,30
10140,7.mlp.18375,7,mlp,488,11
10141,4.resid.37281,4,resid,282,15
10142,7.mlp.1786,7,mlp,415,12
10143,4.resid.13835,4,resid,239,7
10144,7.mlp.14978,7,mlp,497,6
10145,4.resid.17668,4,resid,311,15
10146,7.mlp.26460,7,mlp,277,10
10147,4.resid.15176,4,resid,249,5
10148,7.mlp.21884,7,mlp,437,23
10149,4.resid.512,4,resid,306,4
10150,7.mlp.20275,7,mlp,351,32
10151,4.resid.11235,4,resid,158,6
10152,7.mlp.33003,7,mlp,527,55
10153,4.resid.5121,4,resid,270,0
10154,7.mlp.28911,7,mlp,715,17
10155,5.attn.12197,5,attn,205,24
10156,7.mlp.1026,7,mlp,434,70
10157,5.attn.34325,5,attn,506,14
10158,7.attn.23772,7,attn,348,1
10159,5.attn.4270,5,attn,356,0
10160,7.attn.26937,7,attn,339,43
10161,7.attn.8399,7,attn,393,43
10162,5.attn.8983,5,attn,257,1
10163,7.attn.30573,7,attn,283,43
10164,5.attn.33795,5,attn,396,13
10165,7.attn.32927,7,attn,255,0
10166,5.attn.8418,5,attn,236,14
10167,7.attn.36956,7,attn,601,2
10168,5.attn.7483,5,attn,322,20
10169,7.attn.8593,7,attn,409,1
10170,5.attn.6071,5,attn,210,8
10171,7.attn.5450,7,attn,304,1
10172,5.attn.20463,5,attn,307,0
10173,7.attn.7715,7,attn,454,9
10174,5.attn.40053,5,attn,258,0
10175,7.attn.26807,7,attn,284,43
10176,7.attn.16051,7,attn,611,9
10177,5.attn.19909,5,attn,224,0
10178,7.attn.19038,7,attn,293,43
10179,5.attn.30537,5,attn,288,17
10180,7.attn.38821,7,attn,264,40
10181,5.attn.21407,5,attn,253,4
10182,7.attn.27383,7,attn,500,1
10183,7.attn.22898,7,attn,394,47
10184,5.attn.30256,5,attn,308,6
10185,7.attn.14242,7,attn,210,19
10186,5.attn.3499,5,attn,404,0
10187,7.attn.27679,7,attn,406,48
10188,5.attn.17708,5,attn,337,2
10189,7.attn.10125,7,attn,175,21
10190,7.attn.5922,7,attn,305,1
10191,7.attn.36433,7,attn,535,20
10192,5.attn.20920,5,attn,289,1
10193,7.attn.21132,7,attn,318,43
10194,5.attn.36859,5,attn,162,20
10195,7.attn.24124,7,attn,240,21
10196,5.attn.28849,5,attn,168,0
10197,7.attn.20964,7,attn,233,1
10198,7.attn.25165,7,attn,186,21
10199,5.mlp.26459,5,mlp,232,6
10200,6.resid.37776,6,resid,311,6
10201,5.mlp.21528,5,mlp,477,0
10202,6.resid.24281,6,resid,477,7
10203,5.mlp.22820,5,mlp,416,8
10204,6.resid.37855,6,resid,342,5
10205,5.mlp.1200,5,mlp,385,0
10206,6.resid.21207,6,resid,494,35
10207,5.mlp.29522,5,mlp,302,41
10208,6.resid.24464,6,resid,324,0
10209,5.mlp.12045,5,mlp,401,0
10210,6.resid.17872,6,resid,458,10
10211,5.mlp.6959,5,mlp,258,26
10212,6.resid.32115,6,resid,637,14
10213,5.mlp.40746,5,mlp,478,0
10214,6.resid.19887,6,resid,495,8
10215,5.mlp.9337,5,mlp,402,0
10216,6.resid.11746,6,resid,460,24
10217,5.mlp.24067,5,mlp,252,26
10218,6.resid.26823,6,resid,442,0
10219,5.mlp.40583,5,mlp,253,13
10220,6.resid.7474,6,resid,364,7
10221,5.mlp.9495,5,mlp,531,33
10222,6.resid.31463,6,resid,430,39
10223,5.mlp.25170,5,mlp,248,6
10224,6.resid.28719,6,resid,513,37
10225,5.mlp.34548,5,mlp,374,16
10226,6.resid.24545,6,resid,435,29
10227,5.mlp.9418,5,mlp,556,6
10228,6.resid.33878,6,resid,529,10
10229,5.mlp.750,5,mlp,388,0
10230,6.resid.32168,6,resid,465,24
10231,5.mlp.31707,5,mlp,381,23
10232,6.resid.39039,6,resid,437,14
10233,5.mlp.29927,5,mlp,393,0
10234,6.resid.27241,6,resid,404,9
10235,5.mlp.33853,5,mlp,335,20
10236,6.resid.35536,6,resid,533,18
10237,5.mlp.17128,5,mlp,507,6
10238,6.resid.30514,6,resid,533,10
10239,5.mlp.33954,5,mlp,358,8
10240,6.resid.32401,6,resid,330,18
10241,5.mlp.35266,5,mlp,388,15
10242,6.resid.33130,6,resid,395,30
10243,5.mlp.32492,5,mlp,620,0
10244,6.resid.11209,6,resid,312,23
10245,5.mlp.33608,5,mlp,219,6
10246,6.resid.39249,6,resid,484,10
10247,5.mlp.8113,5,mlp,380,0
10248,6.resid.12827,6,resid,495,16
10249,5.mlp.3865,5,mlp,324,10
10250,6.resid.32998,6,resid,219,28
10251,5.mlp.14306,5,mlp,541,0
10252,6.resid.11447,6,resid,467,39
10253,5.mlp.39556,5,mlp,283,4
10254,6.resid.20283,6,resid,436,26
10255,5.resid.2940,5,resid,498,27
10256,6.mlp.1854,6,mlp,418,8
10257,5.resid.32878,5,resid,256,11
10258,6.mlp.12128,6,mlp,424,85
10259,5.resid.39437,5,resid,422,12
10260,6.mlp.27595,6,mlp,365,22
10261,5.resid.25961,5,resid,318,29
10262,6.mlp.36828,6,mlp,311,36
10263,5.resid.23597,5,resid,384,15
10264,6.mlp.14570,6,mlp,377,0
10265,5.resid.18214,5,resid,398,5
10266,6.mlp.11138,6,mlp,299,34
10267,5.resid.18255,5,resid,250,8
10268,6.mlp.11048,6,mlp,577,0
10269,5.resid.34053,5,resid,272,24
10270,6.mlp.31761,6,mlp,256,16
10271,5.resid.6984,5,resid,357,26
10272,6.mlp.29895,6,mlp,491,0
10273,5.resid.26919,5,resid,406,15
10274,6.mlp.4960,6,mlp,466,0
10275,5.resid.22283,5,resid,281,50
10276,6.mlp.24900,6,mlp,369,22
10277,5.resid.11143,5,resid,249,76
10278,6.mlp.32564,6,mlp,646,30
10279,5.resid.21632,5,resid,261,7
10280,6.mlp.26357,6,mlp,426,10
10281,5.resid.7935,5,resid,273,4
10282,6.mlp.9360,6,mlp,417,33
10283,5.resid.6990,5,resid,358,10
10284,6.mlp.37383,6,mlp,408,12
10285,5.resid.20037,5,resid,300,23
10286,6.mlp.19632,6,mlp,274,8
10287,5.resid.12187,5,resid,375,10
10288,6.mlp.38028,6,mlp,426,0
10289,5.resid.12884,5,resid,292,0
10290,6.mlp.28078,6,mlp,661,0
10291,5.resid.16965,5,resid,339,9
10292,6.mlp.34699,6,mlp,541,5
10293,5.resid.16632,5,resid,369,6
10294,6.mlp.22558,6,mlp,475,35
10295,5.resid.28791,5,resid,429,15
10296,6.mlp.27291,6,mlp,256,8
10297,5.resid.2874,5,resid,326,11
10298,6.mlp.1879,6,mlp,651,14
10299,5.resid.24138,5,resid,359,16
10300,6.mlp.33756,6,mlp,331,12
10301,5.resid.869,5,resid,450,32
10302,6.mlp.36361,6,mlp,352,20
10303,5.resid.34074,5,resid,386,13
10304,6.mlp.24151,6,mlp,437,0
10305,5.resid.4920,5,resid,365,38
10306,6.mlp.26829,6,mlp,443,33
10307,5.resid.29187,5,resid,450,18
10308,6.mlp.1918,6,mlp,602,7
10309,5.resid.12803,5,resid,286,13
10310,6.mlp.9791,6,mlp,341,30
10311,5.resid.26570,5,resid,151,1
10312,6.mlp.13029,6,mlp,469,8
10313,6.attn.28949,6,attn,386,9
10314,6.attn.10737,6,attn,156,0
10315,6.attn.4406,6,attn,331,0
10316,6.attn.25018,6,attn,461,0
10317,6.attn.12863,6,attn,367,4
10318,6.attn.15482,6,attn,302,0
10319,6.attn.25715,6,attn,269,1
10320,6.attn.2557,6,attn,341,0
10321,6.attn.34181,6,attn,407,8
10322,6.attn.24464,6,attn,272,0
10323,6.attn.15820,6,attn,406,30
10324,6.attn.37914,6,attn,329,0
10325,6.attn.6539,6,attn,367,1
10326,6.attn.16243,6,attn,322,2
10327,6.attn.40424,6,attn,385,1
10328,6.attn.32897,6,attn,211,1
10329,6.attn.28166,6,attn,452,20
10330,6.attn.17469,6,attn,496,0
10331,6.attn.38283,6,attn,232,1
10332,6.attn.29978,6,attn,324,1
10333,6.attn.8661,6,attn,408,4
10334,6.attn.7892,6,attn,578,2
10335,6.attn.2302,6,attn,191,9
10336,6.attn.12673,6,attn,495,26
10337,6.attn.36739,6,attn,380,0
10338,6.attn.19669,6,attn,308,0
10339,6.attn.32635,6,attn,212,0
10340,11.resid.20305,11,resid,775,3
10341,0.mlp.38599,0,mlp,10,31
10342,11.resid.18612,11,resid,320,60
10343,0.mlp.12550,0,mlp,12,543
10344,11.resid.6626,11,resid,429,3
10345,0.mlp.33329,0,mlp,23,544
10346,11.resid.29535,11,resid,443,17
10347,0.mlp.7652,0,mlp,8,545
10348,11.resid.9381,11,resid,303,3
10349,0.mlp.16953,0,mlp,29,546
10350,11.resid.37722,11,resid,469,3
10351,0.mlp.13465,0,mlp,13,547
10352,11.resid.25835,11,resid,647,17
10353,0.mlp.19516,0,mlp,41,34
10354,11.resid.40146,11,resid,372,3
10355,0.mlp.33476,0,mlp,22,548
10356,11.resid.31023,11,resid,361,3
10357,0.mlp.10892,0,mlp,68,549
10358,11.resid.30729,11,resid,398,3
10359,0.mlp.11232,0,mlp,19,550
10360,11.resid.13407,11,resid,407,1
10361,0.mlp.35511,0,mlp,10,551
10362,11.resid.27991,11,resid,698,3
10363,0.mlp.27418,0,mlp,14,552
10364,11.resid.4965,11,resid,646,3
10365,0.mlp.28744,0,mlp,14,553
10366,11.resid.37598,11,resid,416,3
10367,0.mlp.12083,0,mlp,9,554
10368,11.resid.40599,11,resid,439,40
10369,0.mlp.11731,0,mlp,15,24
10370,11.resid.6573,11,resid,414,3
10371,0.mlp.16283,0,mlp,22,49
10372,11.resid.12657,11,resid,574,3
10373,0.mlp.38929,0,mlp,14,555
10374,11.resid.15769,11,resid,641,3
10375,0.mlp.16000,0,mlp,31,556
10376,11.resid.14017,11,resid,650,9
10377,0.mlp.36933,0,mlp,49,557
10378,11.resid.11547,11,resid,571,3
10379,0.mlp.5001,0,mlp,32,23
10380,11.resid.36164,11,resid,542,14
10381,0.mlp.4774,0,mlp,24,558
10382,11.resid.12576,11,resid,448,3
10383,0.mlp.29000,0,mlp,15,559
10384,11.resid.15257,11,resid,378,3
10385,0.mlp.3958,0,mlp,10,560
10386,11.resid.26405,11,resid,557,3
10387,0.mlp.19162,0,mlp,11,561
10388,11.resid.37996,11,resid,669,39
10389,0.mlp.7235,0,mlp,14,562
10390,11.resid.10758,11,resid,660,12
10391,0.mlp.24073,0,mlp,14,563
10392,11.resid.13863,11,resid,206,3
10393,0.mlp.16730,0,mlp,39,34
10394,11.resid.9256,11,resid,572,3
10395,0.mlp.19863,0,mlp,20,15
10396,11.mlp.21506,11,mlp,348,3
10397,0.resid.5759,0,resid,35,42
10398,11.mlp.16228,11,mlp,607,39
10399,0.resid.20005,0,resid,39,6
10400,11.mlp.39530,11,mlp,479,3
10401,0.resid.2700,0,resid,31,15
10402,11.mlp.20602,11,mlp,478,53
10403,0.resid.21783,0,resid,38,25
10404,11.mlp.4810,11,mlp,451,3
10405,0.resid.28935,0,resid,23,565
10406,11.mlp.34763,11,mlp,479,4
10407,0.resid.28114,0,resid,17,566
10408,11.mlp.14641,11,mlp,318,3
10409,0.resid.29272,0,resid,106,10
10410,11.mlp.10456,11,mlp,362,19
10411,0.resid.40903,0,resid,39,5
10412,11.mlp.33218,11,mlp,665,3
10413,0.resid.29543,0,resid,32,32
10414,11.mlp.23213,11,mlp,622,12
10415,0.resid.9328,0,resid,28,15
10416,11.mlp.32161,11,mlp,466,25
10417,0.resid.37435,0,resid,8,567
10418,11.mlp.3509,11,mlp,328,3
10419,0.resid.25920,0,resid,49,12
10420,11.mlp.14815,11,mlp,72,3
10421,0.resid.15971,0,resid,77,9
10422,11.mlp.37111,11,mlp,338,22
10423,0.resid.28262,0,resid,45,22
10424,11.mlp.35900,11,mlp,725,18
10425,0.resid.8804,0,resid,41,15
10426,11.mlp.20110,11,mlp,545,51
10427,0.resid.26090,0,resid,103,37
10428,11.mlp.26747,11,mlp,421,57
10429,0.resid.39360,0,resid,41,25
10430,11.mlp.40310,11,mlp,530,8
10431,0.resid.28344,0,resid,98,19
10432,11.mlp.20822,11,mlp,552,27
10433,0.resid.37559,0,resid,44,5
10434,11.mlp.35872,11,mlp,608,3
10435,0.resid.37542,0,resid,8,569
10436,11.mlp.4173,11,mlp,392,3
10437,0.resid.4625,0,resid,111,12
10438,11.mlp.838,11,mlp,260,23
10439,0.resid.26635,0,resid,33,25
10440,11.mlp.6901,11,mlp,254,3
10441,0.resid.31589,0,resid,92,9
10442,11.mlp.33858,11,mlp,635,3
10443,0.resid.38188,0,resid,19,570
10444,11.mlp.12080,11,mlp,374,19
10445,0.resid.28308,0,resid,100,34
10446,11.mlp.25374,11,mlp,369,3
10447,0.resid.4598,0,resid,33,6
10448,11.mlp.20705,11,mlp,499,3
10449,0.resid.27169,0,resid,45,79
10450,11.mlp.32369,11,mlp,370,51
10451,0.resid.8552,0,resid,65,18
10452,11.attn.28434,11,attn,648,1
10453,11.attn.40000,11,attn,169,3
10454,1.attn.19905,1,attn,57,7
10455,11.attn.36683,11,attn,492,1
10456,11.attn.12206,11,attn,470,26
10457,11.attn.4371,11,attn,301,1
10458,1.attn.5651,1,attn,120,2
10459,11.attn.24151,11,attn,807,3
10460,1.attn.20930,1,attn,103,5
10461,11.attn.24190,11,attn,450,26
10462,11.attn.16748,11,attn,739,1
10463,1.attn.13956,1,attn,44,13
10464,11.attn.9210,11,attn,309,21
10465,11.attn.37311,11,attn,548,1
10466,1.attn.39069,1,attn,116,6
10467,11.attn.25643,11,attn,164,1
10468,11.attn.6805,11,attn,219,3
10469,11.attn.31195,11,attn,274,3
10470,11.attn.5388,11,attn,874,9
10471,1.attn.6995,1,attn,86,65
10472,11.attn.34927,11,attn,490,68
10473,11.attn.39814,11,attn,353,1
10474,1.attn.24698,1,attn,133,14
10475,11.attn.31266,11,attn,360,1
10476,11.attn.25004,11,attn,590,782
10477,11.attn.7313,11,attn,294,3
10478,11.attn.7981,11,attn,540,1
10479,11.attn.22623,11,attn,250,1
10480,1.attn.7893,1,attn,80,7
10481,11.attn.9932,11,attn,566,23
10482,1.attn.21285,1,attn,66,21
10483,11.attn.37136,11,attn,285,9
10484,11.attn.39795,11,attn,522,1
10485,11.attn.14577,11,attn,318,3
10486,11.attn.10589,11,attn,737,11
10487,1.attn.5272,1,attn,85,37
10488,11.attn.28551,11,attn,198,1
10489,11.attn.38179,11,attn,231,1
10490,1.mlp.12622,1,mlp,180,6
10491,10.resid.32090,10,resid,698,24
10492,1.mlp.34774,1,mlp,150,2
10493,10.resid.19422,10,resid,492,3
10494,1.mlp.3208,1,mlp,89,8
10495,10.resid.10756,10,resid,284,29
10496,1.mlp.39353,1,mlp,117,6
10497,10.resid.17625,10,resid,433,1
10498,1.mlp.10668,1,mlp,125,25
10499,10.resid.21641,10,resid,435,40
10500,1.mlp.3207,1,mlp,199,10
10501,10.resid.22463,10,resid,593,3
10502,1.mlp.39146,1,mlp,156,24
10503,10.resid.4787,10,resid,567,22
10504,1.mlp.5222,1,mlp,106,11
10505,10.resid.33800,10,resid,451,19
10506,1.mlp.19583,1,mlp,114,10
10507,10.resid.21804,10,resid,535,100
10508,1.mlp.33962,1,mlp,120,4
10509,10.resid.23980,10,resid,494,40
10510,1.mlp.13799,1,mlp,146,71
10511,10.resid.31195,10,resid,608,8
10512,1.mlp.14852,1,mlp,140,5
10513,10.resid.33756,10,resid,676,53
10514,1.mlp.2639,1,mlp,165,6
10515,10.resid.26388,10,resid,671,27
10516,1.mlp.8973,1,mlp,149,15
10517,10.resid.28203,10,resid,762,1
10518,1.mlp.19730,1,mlp,146,7
10519,10.resid.28106,10,resid,717,43
10520,1.mlp.35258,1,mlp,133,27
10521,10.resid.13350,10,resid,1021,14
10522,1.mlp.21067,1,mlp,164,45
10523,10.resid.8244,10,resid,942,2
10524,1.mlp.27903,1,mlp,294,14
10525,10.resid.28933,10,resid,584,17
10526,1.mlp.17083,1,mlp,199,47
10527,10.resid.24743,10,resid,484,5
10528,1.mlp.2731,1,mlp,242,33
10529,10.resid.32364,10,resid,822,17
10530,1.mlp.17225,1,mlp,90,24
10531,10.resid.32101,10,resid,195,27
10532,1.mlp.15608,1,mlp,201,14
10533,10.resid.12890,10,resid,772,17
10534,1.mlp.13932,1,mlp,77,13
10535,10.resid.32678,10,resid,589,19
10536,1.mlp.15618,1,mlp,90,5
10537,10.resid.20200,10,resid,389,12
10538,1.mlp.2967,1,mlp,227,14
10539,10.resid.20334,10,resid,737,1
10540,1.mlp.16314,1,mlp,132,7
10541,10.resid.31783,10,resid,665,4
10542,1.mlp.11989,1,mlp,86,16
10543,10.resid.1134,10,resid,594,14
10544,1.mlp.6153,1,mlp,79,19
10545,10.resid.9495,10,resid,459,742
10546,1.mlp.40032,1,mlp,126,10
10547,10.mlp.30456,10,mlp,504,16
10548,1.resid.12941,1,resid,60,27
10549,10.mlp.18583,10,mlp,394,42
10550,1.resid.12227,1,resid,85,5
10551,10.mlp.37144,10,mlp,463,66
10552,1.resid.1504,1,resid,65,5
10553,10.mlp.1142,10,mlp,355,3
10554,1.resid.21712,1,resid,142,31
10555,10.mlp.4713,10,mlp,580,20
10556,1.resid.36067,1,resid,158,34
10557,10.mlp.20374,10,mlp,410,26
10558,1.resid.16219,1,resid,136,15
10559,10.mlp.4701,10,mlp,358,27
10560,1.resid.26296,1,resid,141,0
10561,10.mlp.14093,10,mlp,469,10
10562,1.resid.24905,1,resid,75,17
10563,10.mlp.16830,10,mlp,524,82
10564,1.resid.36003,1,resid,166,7
10565,10.mlp.15424,10,mlp,521,3
10566,1.resid.22024,1,resid,39,72
10567,10.mlp.20211,10,mlp,577,18
10568,1.resid.10729,1,resid,130,5
10569,10.mlp.32838,10,mlp,621,14
10570,1.resid.16726,1,resid,156,28
10571,10.mlp.13313,10,mlp,451,792
10572,1.resid.32682,1,resid,76,14
10573,10.mlp.34133,10,mlp,333,16
10574,1.resid.20412,1,resid,75,5
10575,10.mlp.7548,10,mlp,444,12
10576,1.resid.178,1,resid,59,10
10577,10.mlp.30908,10,mlp,491,42
10578,1.resid.8017,1,resid,114,44
10579,10.mlp.15267,10,mlp,610,20
10580,1.resid.7625,1,resid,124,8
10581,10.mlp.18875,10,mlp,520,22
10582,1.resid.11,1,resid,132,16
10583,10.mlp.37154,10,mlp,362,21
10584,1.resid.40826,1,resid,154,30
10585,10.mlp.32588,10,mlp,291,27
10586,1.resid.27332,1,resid,53,66
10587,10.mlp.23102,10,mlp,351,6
10588,1.resid.31804,1,resid,64,4
10589,10.mlp.10824,10,mlp,446,18
10590,1.resid.3236,1,resid,64,4
10591,10.mlp.1001,10,mlp,585,6
10592,1.resid.18221,1,resid,180,49
10593,10.mlp.3683,10,mlp,580,28
10594,1.resid.17146,1,resid,60,4
10595,10.mlp.32561,10,mlp,253,23
10596,1.resid.1478,1,resid,192,8
10597,10.mlp.34473,10,mlp,682,1
10598,1.resid.23168,1,resid,80,78
10599,10.mlp.36212,10,mlp,412,54
10600,1.resid.31014,1,resid,64,572
10601,10.mlp.1713,10,mlp,387,3
10602,1.resid.30293,1,resid,97,25
10603,10.mlp.3525,10,mlp,266,8
10604,10.attn.25456,10,attn,336,7
10605,2.attn.30652,2,attn,125,34
10606,10.attn.5981,10,attn,339,1
10607,2.attn.26494,2,attn,350,2
10608,10.attn.22649,10,attn,333,1
10609,10.attn.4159,10,attn,640,10
10610,2.attn.39497,2,attn,185,5
10611,10.attn.16541,10,attn,2311,2
10612,10.attn.12955,10,attn,197,16
10613,2.attn.31355,2,attn,106,42
10614,10.attn.34799,10,attn,654,26
10615,2.attn.14629,2,attn,130,35
10616,10.attn.13785,10,attn,252,1
10617,10.attn.7414,10,attn,313,1
10618,10.attn.16879,10,attn,314,70
10619,2.attn.22814,2,attn,129,2
10620,10.attn.21816,10,attn,505,7
10621,10.attn.25618,10,attn,619,1
10622,2.attn.19892,2,attn,147,7
10623,10.attn.2643,10,attn,894,8
10624,2.attn.26643,2,attn,232,2
10625,10.attn.5271,10,attn,1136,2
10626,2.attn.17311,2,attn,194,2
10627,10.attn.19979,10,attn,731,8
10628,2.attn.37577,2,attn,264,14
10629,10.attn.34622,10,attn,492,0
10630,2.attn.12354,2,attn,250,2
10631,10.attn.17589,10,attn,617,1
10632,2.attn.4041,2,attn,84,10
10633,10.attn.30899,10,attn,731,1
10634,10.attn.33711,10,attn,457,9
10635,2.attn.37490,2,attn,56,7
10636,10.attn.15150,10,attn,730,2
10637,2.attn.32331,2,attn,402,2
10638,10.attn.9650,10,attn,289,75
10639,2.attn.16898,2,attn,270,2
10640,10.attn.20753,10,attn,268,1
10641,10.attn.17131,10,attn,428,22
10642,10.attn.35240,10,attn,334,1
10643,2.attn.28742,2,attn,115,4
10644,10.attn.20136,10,attn,342,16
10645,2.attn.34326,2,attn,160,23
10646,10.attn.12107,10,attn,877,2
10647,2.attn.11808,2,attn,126,17
10648,10.attn.13034,10,attn,778,16
10649,2.attn.28843,2,attn,83,22
10650,9.resid.13280,9,resid,534,8
10651,2.mlp.20216,2,mlp,113,49
10652,9.resid.34217,9,resid,556,20
10653,2.mlp.37040,2,mlp,199,2
10654,9.resid.1315,9,resid,469,12
10655,2.mlp.23356,2,mlp,217,4
10656,9.resid.27218,9,resid,520,50
10657,2.mlp.8021,2,mlp,128,11
10658,9.resid.8012,9,resid,496,8
10659,2.mlp.39031,2,mlp,239,23
10660,9.resid.2292,9,resid,538,26
10661,2.mlp.33414,2,mlp,186,11
10662,9.resid.16248,9,resid,633,28
10663,2.mlp.25832,2,mlp,290,25
10664,9.resid.38590,9,resid,412,28
10665,2.mlp.37433,2,mlp,245,25
10666,9.resid.16922,9,resid,702,1
10667,2.mlp.2132,2,mlp,121,6
10668,9.resid.24707,9,resid,763,1
10669,2.mlp.29351,2,mlp,246,10
10670,9.resid.17553,9,resid,559,63
10671,2.mlp.22214,2,mlp,141,29
10672,9.resid.4850,9,resid,425,25
10673,2.mlp.15769,2,mlp,182,34
10674,9.resid.8556,9,resid,483,14
10675,2.mlp.20648,2,mlp,156,14
10676,9.resid.22174,9,resid,492,8
10677,2.mlp.38429,2,mlp,178,16
10678,9.resid.38379,9,resid,398,10
10679,2.mlp.28973,2,mlp,264,5
10680,9.resid.1639,9,resid,632,1
10681,2.mlp.28423,2,mlp,124,49
10682,9.resid.12586,9,resid,525,31
10683,2.mlp.31472,2,mlp,183,16
10684,9.resid.2574,9,resid,516,5
10685,2.mlp.2780,2,mlp,124,7
10686,9.resid.40140,9,resid,907,34
10687,2.mlp.15285,2,mlp,219,54
10688,9.resid.15584,9,resid,799,13
10689,2.mlp.29158,2,mlp,201,2
10690,9.resid.26323,9,resid,790,21
10691,2.mlp.29283,2,mlp,190,31
10692,9.resid.33276,9,resid,415,26
10693,2.mlp.31967,2,mlp,136,29
10694,9.resid.6245,9,resid,478,762
10695,2.mlp.17410,2,mlp,224,19
10696,9.resid.5277,9,resid,835,1
10697,2.mlp.20709,2,mlp,171,4
10698,9.resid.8388,9,resid,673,1
10699,2.mlp.8763,2,mlp,246,20
10700,9.resid.4613,9,resid,587,8
10701,2.mlp.30717,2,mlp,268,11
10702,9.resid.21919,9,resid,620,22
10703,2.mlp.40723,2,mlp,171,5
10704,9.resid.35746,9,resid,589,7
10705,2.mlp.22495,2,mlp,281,5
10706,9.resid.21966,9,resid,546,23
10707,2.resid.40298,2,resid,187,9
10708,9.mlp.40389,9,mlp,731,33
10709,2.resid.37441,2,resid,140,6
10710,9.mlp.7999,9,mlp,668,37
10711,2.resid.7583,2,resid,220,64
10712,9.mlp.30168,9,mlp,600,46
10713,2.resid.28325,2,resid,96,9
10714,9.mlp.21703,9,mlp,384,757
10715,2.resid.16183,2,resid,179,4
10716,9.mlp.32555,9,mlp,191,42
10717,2.resid.17446,2,resid,88,18
10718,9.mlp.23892,9,mlp,394,4
10719,2.resid.14392,2,resid,171,59
10720,9.mlp.20021,9,mlp,767,11
10721,2.resid.8754,2,resid,142,10
10722,9.mlp.10842,9,mlp,379,29
10723,2.resid.29999,2,resid,94,5
10724,9.mlp.35549,9,mlp,424,20
10725,2.resid.2491,2,resid,94,4
10726,9.mlp.33626,9,mlp,215,14
10727,2.resid.37321,2,resid,245,11
10728,9.mlp.1027,9,mlp,398,10
10729,2.resid.40095,2,resid,231,15
10730,9.mlp.39093,9,mlp,554,56
10731,2.resid.39582,2,resid,135,2
10732,9.mlp.16645,9,mlp,549,24
10733,2.resid.9171,2,resid,169,15
10734,9.mlp.1915,9,mlp,517,8
10735,2.resid.20333,2,resid,128,9
10736,9.mlp.16485,9,mlp,609,152
10737,2.resid.11530,2,resid,237,6
10738,9.mlp.30248,9,mlp,489,6
10739,2.resid.4168,2,resid,126,5
10740,9.mlp.19173,9,mlp,432,53
10741,2.resid.3068,2,resid,226,5
10742,9.mlp.26162,9,mlp,460,746
10743,2.resid.14094,2,resid,164,30
10744,9.mlp.10704,9,mlp,404,40
10745,2.resid.3608,2,resid,128,22
10746,9.mlp.31054,9,mlp,328,12
10747,2.resid.31661,2,resid,137,13
10748,9.mlp.39083,9,mlp,349,4
10749,2.resid.19573,2,resid,79,49
10750,9.mlp.6920,9,mlp,503,18
10751,2.resid.23932,2,resid,72,22
10752,9.mlp.26581,9,mlp,376,21
10753,2.resid.33863,2,resid,128,29
10754,9.mlp.19992,9,mlp,685,41
10755,2.resid.9318,2,resid,245,6
10756,9.mlp.11968,9,mlp,461,189
10757,2.resid.12849,2,resid,201,44
10758,9.mlp.38488,9,mlp,612,19
10759,2.resid.38675,2,resid,181,11
10760,9.mlp.9677,9,mlp,526,20
10761,2.resid.34121,2,resid,165,10
10762,9.mlp.36504,9,mlp,244,16
10763,2.resid.13877,2,resid,151,65
10764,9.attn.35349,9,attn,216,19
10765,3.attn.39106,3,attn,177,2
10766,9.attn.18802,9,attn,719,22
10767,3.attn.35123,3,attn,199,2
10768,9.attn.11297,9,attn,215,1
10769,3.attn.16687,3,attn,307,2
10770,9.attn.13499,9,attn,341,9
10771,9.attn.4831,9,attn,434,21
10772,3.attn.5836,3,attn,212,19
10773,9.attn.3259,9,attn,562,59
10774,3.attn.36179,3,attn,319,14
10775,9.attn.9523,9,attn,482,19
10776,3.attn.22479,3,attn,199,10
10777,9.attn.17812,9,attn,281,21
10778,9.attn.22164,9,attn,529,9
10779,9.attn.30427,9,attn,545,9
10780,9.attn.4563,9,attn,591,1
10781,3.attn.39974,3,attn,188,2
10782,9.attn.20636,9,attn,463,1
10783,3.attn.464,3,attn,249,2
10784,9.attn.35732,9,attn,357,1
10785,3.attn.3693,3,attn,271,2
10786,9.attn.31456,9,attn,343,1
10787,3.attn.29322,3,attn,165,18
10788,9.attn.3515,9,attn,538,19
10789,3.attn.26693,3,attn,179,2
10790,9.attn.10795,9,attn,490,4
10791,3.attn.8921,3,attn,352,2
10792,9.attn.20523,9,attn,467,9
10793,9.attn.28694,9,attn,536,42
10794,3.attn.23985,3,attn,206,2
10795,9.attn.35639,9,attn,199,21
10796,9.attn.18986,9,attn,238,44
10797,3.attn.26038,3,attn,179,31
10798,9.attn.38907,9,attn,378,1
10799,9.attn.23024,9,attn,534,1
10800,9.attn.38156,9,attn,769,8
10801,3.attn.8059,3,attn,232,17
10802,9.attn.16154,9,attn,739,1
10803,3.attn.9718,3,attn,179,50
10804,9.attn.28890,9,attn,323,21
10805,3.attn.37816,3,attn,226,2
10806,9.attn.1744,9,attn,297,7
10807,3.attn.22149,3,attn,140,5
10808,9.attn.30613,9,attn,766,120
10809,3.attn.6698,3,attn,172,55
10810,8.resid.40105,8,resid,428,12
10811,3.mlp.16565,3,mlp,210,17
10812,8.resid.31054,8,resid,537,6
10813,3.mlp.20754,3,mlp,299,2
10814,8.resid.24491,8,resid,520,12
10815,3.mlp.34758,3,mlp,196,26
10816,8.resid.19130,8,resid,463,7
10817,3.mlp.3541,3,mlp,303,15
10818,8.resid.39528,8,resid,471,56
10819,3.mlp.15088,3,mlp,231,4
10820,8.resid.33211,8,resid,593,30
10821,3.mlp.1417,3,mlp,194,5
10822,8.resid.5562,8,resid,540,14
10823,3.mlp.7666,3,mlp,293,2
10824,8.resid.25579,8,resid,499,37
10825,3.mlp.3191,3,mlp,164,28
10826,8.resid.14597,8,resid,539,24
10827,3.mlp.30312,3,mlp,205,19
10828,8.resid.33718,8,resid,537,0
10829,3.mlp.17526,3,mlp,117,8
10830,8.resid.32451,8,resid,422,736
10831,3.mlp.16489,3,mlp,171,12
10832,8.resid.17688,8,resid,511,27
10833,3.mlp.10214,3,mlp,207,11
10834,8.resid.26653,8,resid,568,15
10835,3.mlp.19016,3,mlp,296,2
10836,8.resid.7581,8,resid,361,29
10837,3.mlp.9445,3,mlp,194,26
10838,8.resid.9974,8,resid,418,11
10839,3.mlp.37138,3,mlp,183,6
10840,8.resid.14091,8,resid,517,27
10841,3.mlp.2098,3,mlp,167,5
10842,8.resid.17556,8,resid,525,13
10843,3.mlp.17216,3,mlp,244,30
10844,8.resid.24185,8,resid,560,10
10845,3.mlp.30123,3,mlp,317,4
10846,8.resid.4220,8,resid,343,4
10847,3.mlp.40417,3,mlp,233,14
10848,8.resid.13735,8,resid,602,8
10849,3.mlp.39935,3,mlp,247,2
10850,8.resid.2610,8,resid,507,25
10851,3.mlp.37981,3,mlp,115,9
10852,8.resid.8206,8,resid,455,32
10853,3.mlp.22661,3,mlp,323,15
10854,8.resid.40713,8,resid,583,8
10855,3.mlp.23832,3,mlp,213,19
10856,8.resid.21276,8,resid,367,16
10857,3.mlp.16066,3,mlp,250,2
10858,8.resid.4409,8,resid,454,8
10859,3.mlp.38853,3,mlp,180,19
10860,8.resid.34041,8,resid,374,67
10861,3.mlp.11058,3,mlp,345,20
10862,8.resid.28995,8,resid,515,27
10863,3.mlp.40531,3,mlp,290,48
10864,8.resid.38003,8,resid,523,12
10865,3.mlp.34959,3,mlp,268,15
10866,8.resid.37321,8,resid,482,217
10867,3.mlp.23155,3,mlp,175,35
10868,8.mlp.5845,8,mlp,461,26
10869,3.resid.32665,3,resid,293,2
10870,8.mlp.29191,8,mlp,351,16
10871,3.resid.11605,3,resid,175,49
10872,8.mlp.23534,8,mlp,579,13
10873,3.resid.28065,3,resid,217,12
10874,8.mlp.7826,8,mlp,417,30
10875,3.resid.22149,3,resid,225,5
10876,8.mlp.29363,8,mlp,472,28
10877,3.resid.7533,3,resid,146,13
10878,8.mlp.2754,8,mlp,282,7
10879,3.resid.26737,3,resid,285,5
10880,8.mlp.15835,8,mlp,452,11
10881,3.resid.19867,3,resid,163,20
10882,8.mlp.12613,8,mlp,504,8
10883,3.resid.1354,3,resid,179,22
10884,8.mlp.28610,8,mlp,561,18
10885,3.resid.31610,3,resid,267,2
10886,8.mlp.14359,8,mlp,319,15
10887,3.resid.8702,3,resid,183,4
10888,8.mlp.35795,8,mlp,311,33
10889,3.resid.29856,3,resid,161,26
10890,8.mlp.3962,8,mlp,582,8
10891,3.resid.18249,3,resid,225,6
10892,8.mlp.36858,8,mlp,532,7
10893,3.resid.21044,3,resid,335,31
10894,8.mlp.7940,8,mlp,834,24
10895,3.resid.33983,3,resid,289,18
10896,8.mlp.13431,8,mlp,417,27
10897,3.resid.20826,3,resid,211,19
10898,8.mlp.14715,8,mlp,395,23
10899,3.resid.38385,3,resid,175,52
10900,8.mlp.17896,8,mlp,326,7
10901,3.resid.19274,3,resid,283,14
10902,8.mlp.28283,8,mlp,463,24
10903,3.resid.40387,3,resid,168,6
10904,8.mlp.26173,8,mlp,539,228
10905,3.resid.21721,3,resid,135,31
10906,8.mlp.30568,8,mlp,412,62
10907,3.resid.825,3,resid,317,2
10908,8.mlp.4682,8,mlp,611,38
10909,3.resid.33256,3,resid,154,5
10910,8.mlp.6572,8,mlp,297,58
10911,3.resid.25798,3,resid,212,8
10912,8.mlp.36274,8,mlp,309,38
10913,3.resid.31124,3,resid,256,2
10914,8.mlp.33690,8,mlp,465,6
10915,3.resid.31735,3,resid,264,6
10916,8.mlp.14779,8,mlp,356,17
10917,3.resid.5767,3,resid,183,17
10918,8.mlp.19154,8,mlp,571,10
10919,3.resid.20871,3,resid,206,45
10920,8.mlp.20059,8,mlp,768,8
10921,3.resid.7995,3,resid,236,76
10922,8.mlp.8624,8,mlp,270,11
10923,3.resid.33076,3,resid,256,4
10924,4.attn.24471,4,attn,253,14
10925,8.attn.34687,8,attn,330,1
10926,4.attn.37024,4,attn,209,2
10927,8.attn.35668,8,attn,210,1
10928,4.attn.22562,4,attn,296,2
10929,4.attn.35211,4,attn,170,2
10930,4.attn.36219,4,attn,65,577
10931,8.attn.10769,8,attn,495,25
10932,4.attn.17693,4,attn,208,2
10933,8.attn.31758,8,attn,297,9
10934,4.attn.17167,4,attn,145,2
10935,8.attn.963,8,attn,439,1
10936,4.attn.40434,4,attn,263,7
10937,8.attn.10323,8,attn,412,1
10938,4.attn.36491,4,attn,156,2
10939,8.attn.39336,8,attn,410,12
10940,4.attn.39970,4,attn,230,8
10941,8.attn.25655,8,attn,304,21
10942,4.attn.4546,4,attn,227,39
10943,4.attn.7028,4,attn,144,2
10944,8.attn.22136,8,attn,415,86
10945,4.attn.1737,4,attn,290,2
10946,4.attn.19725,4,attn,208,2
10947,8.attn.15174,8,attn,385,1
10948,4.attn.9921,4,attn,125,2
10949,8.attn.15513,8,attn,348,1
10950,4.attn.1048,4,attn,292,5
10951,8.attn.2575,8,attn,159,3
10952,4.attn.36231,4,attn,172,2
10953,4.attn.410,4,attn,325,2
10954,8.attn.24878,8,attn,364,1
10955,4.attn.38089,4,attn,227,4
10956,8.attn.23035,8,attn,166,29
10957,4.attn.10144,4,attn,165,13
10958,4.attn.28355,4,attn,344,20
10959,8.attn.7039,8,attn,348,4
10960,4.attn.36568,4,attn,270,2
10961,4.attn.10581,4,attn,252,2
10962,8.attn.36027,8,attn,558,70
10963,4.attn.7885,4,attn,201,20
10964,8.attn.18069,8,attn,291,1
10965,4.attn.13235,4,attn,161,2
10966,8.attn.40328,8,attn,280,1
10967,4.attn.27196,4,attn,143,16
10968,8.attn.19837,8,attn,313,1
10969,4.attn.32375,4,attn,319,2
10970,8.attn.22188,8,attn,690,9
10971,4.attn.23549,4,attn,255,35
10972,8.attn.9500,8,attn,275,1
10973,4.mlp.11868,4,mlp,350,5
10974,7.resid.20368,7,resid,428,23
10975,4.mlp.25556,4,mlp,364,6
10976,7.resid.32733,7,resid,439,4
10977,4.mlp.32604,4,mlp,418,0
10978,7.resid.27412,7,resid,554,4
10979,4.mlp.29506,4,mlp,283,0
10980,7.resid.4780,7,resid,519,6
10981,4.mlp.23033,4,mlp,315,35
10982,7.resid.4476,7,resid,493,39
10983,4.mlp.16884,4,mlp,253,0
10984,7.resid.9780,7,resid,420,20
10985,4.mlp.27409,4,mlp,239,44
10986,7.resid.30299,7,resid,368,4
10987,4.mlp.40217,4,mlp,309,11
10988,7.resid.9615,7,resid,422,13
10989,4.mlp.9473,4,mlp,198,5
10990,7.resid.31057,7,resid,454,4
10991,4.mlp.10241,4,mlp,388,17
10992,7.resid.28053,7,resid,488,0
10993,4.mlp.2828,4,mlp,228,5
10994,7.resid.39011,7,resid,292,1
10995,4.mlp.35980,4,mlp,322,0
10996,7.resid.3786,7,resid,228,10
10997,4.mlp.23687,4,mlp,259,13
10998,7.resid.27251,7,resid,545,50
10999,4.mlp.3294,4,mlp,253,5
11000,7.resid.30323,7,resid,743,24
11001,4.mlp.4470,4,mlp,203,7
11002,7.resid.22587,7,resid,440,4
11003,4.mlp.5464,4,mlp,277,0
11004,7.resid.6374,7,resid,548,22
11005,4.mlp.15108,4,mlp,520,24
11006,7.resid.36685,7,resid,442,4
11007,4.mlp.3292,4,mlp,195,33
11008,7.resid.39533,7,resid,603,1
11009,4.mlp.18246,4,mlp,292,25
11010,7.resid.28216,7,resid,451,1
11011,4.mlp.1212,4,mlp,315,15
11012,7.resid.19775,7,resid,456,39
11013,4.mlp.7418,4,mlp,253,10
11014,7.resid.32519,7,resid,495,28
11015,4.mlp.15724,4,mlp,258,17
11016,7.resid.9292,7,resid,449,36
11017,4.mlp.32499,4,mlp,286,19
11018,7.resid.27224,7,resid,572,18
11019,4.mlp.34249,4,mlp,357,28
11020,7.resid.21365,7,resid,519,29
11021,4.mlp.25491,4,mlp,210,20
11022,7.resid.38001,7,resid,338,4
11023,4.mlp.1578,4,mlp,229,22
11024,7.resid.2929,7,resid,368,16
11025,4.mlp.33337,4,mlp,178,27
11026,7.resid.37879,7,resid,418,4
11027,4.mlp.18693,4,mlp,244,8
11028,7.resid.32518,7,resid,409,8
11029,4.mlp.39163,4,mlp,262,65
11030,7.mlp.40304,7,mlp,377,35
11031,4.resid.3069,4,resid,224,9
11032,7.mlp.39553,7,mlp,599,20
11033,4.resid.14976,4,resid,307,0
11034,7.mlp.18019,7,mlp,326,31
11035,4.resid.10070,4,resid,253,7
11036,7.mlp.28759,7,mlp,391,37
11037,4.resid.24959,4,resid,314,18
11038,7.mlp.842,7,mlp,363,26
11039,4.resid.7441,4,resid,266,0
11040,7.mlp.21133,7,mlp,441,37
11041,4.resid.10874,4,resid,246,42
11042,7.mlp.21697,7,mlp,557,5
11043,4.resid.27464,4,resid,257,5
11044,7.mlp.13288,7,mlp,351,8
11045,4.resid.35879,4,resid,181,6
11046,7.mlp.38680,7,mlp,386,2
11047,4.resid.23414,4,resid,403,5
11048,7.mlp.28621,7,mlp,295,62
11049,4.resid.17796,4,resid,451,37
11050,7.mlp.22342,7,mlp,417,55
11051,4.resid.31197,4,resid,645,2
11052,7.mlp.4941,7,mlp,268,14
11053,4.resid.20692,4,resid,409,11
11054,7.mlp.11257,7,mlp,684,13
11055,4.resid.32700,4,resid,205,29
11056,7.mlp.24331,7,mlp,420,4
11057,4.resid.34052,4,resid,293,5
11058,7.mlp.6657,7,mlp,449,27
11059,4.resid.38329,4,resid,391,4
11060,7.mlp.11395,7,mlp,384,10
11061,4.resid.32279,4,resid,363,82
11062,7.mlp.36541,7,mlp,300,38
11063,4.resid.3260,4,resid,471,2
11064,7.mlp.14678,7,mlp,432,7
11065,4.resid.10380,4,resid,158,8
11066,7.mlp.13788,7,mlp,483,13
11067,4.resid.39812,4,resid,294,0
11068,7.mlp.15544,7,mlp,286,4
11069,4.resid.22036,4,resid,366,24
11070,7.mlp.35389,7,mlp,377,22
11071,4.resid.8057,4,resid,224,24
11072,7.mlp.17228,7,mlp,574,22
11073,4.resid.13500,4,resid,237,55
11074,7.mlp.1557,7,mlp,373,32
11075,4.resid.1363,4,resid,224,24
11076,7.mlp.32601,7,mlp,275,18
11077,4.resid.36440,4,resid,193,7
11078,7.mlp.13231,7,mlp,552,10
11079,4.resid.6267,4,resid,486,31
11080,7.mlp.5103,7,mlp,451,23
11081,4.resid.7260,4,resid,371,33
11082,7.mlp.33785,7,mlp,559,8
11083,4.resid.22984,4,resid,268,48
11084,7.mlp.14807,7,mlp,372,6
11085,4.resid.809,4,resid,353,17
11086,7.mlp.24827,7,mlp,560,8
11087,7.attn.32402,7,attn,494,23
11088,5.attn.28941,5,attn,256,0
11089,7.attn.20532,7,attn,454,22
11090,7.attn.27127,7,attn,322,1
11091,5.attn.19953,5,attn,263,0
11092,5.attn.3808,5,attn,180,17
11093,7.attn.33374,7,attn,297,43
11094,5.attn.20919,5,attn,239,0
11095,7.attn.21855,7,attn,205,37
11096,5.attn.5831,5,attn,94,3
11097,7.attn.15833,7,attn,462,47
11098,7.attn.20924,7,attn,444,0
11099,7.attn.18710,7,attn,203,1
11100,5.attn.18490,5,attn,148,0
11101,7.attn.5807,7,attn,273,9
11102,5.attn.3287,5,attn,215,0
11103,7.attn.3939,7,attn,502,0
11104,5.attn.34589,5,attn,348,0
11105,5.attn.31566,5,attn,319,15
11106,7.attn.3816,7,attn,217,21
11107,5.attn.25763,5,attn,250,0
11108,7.attn.20833,7,attn,403,21
11109,5.attn.14208,5,attn,299,13
11110,7.attn.39552,7,attn,274,9
11111,5.attn.31063,5,attn,369,0
11112,7.attn.7109,7,attn,252,8
11113,5.attn.33325,5,attn,295,0
11114,7.attn.657,7,attn,359,17
11115,5.attn.15053,5,attn,381,0
11116,7.attn.6723,7,attn,451,9
11117,5.attn.39143,5,attn,295,24
11118,5.attn.39901,5,attn,260,13
11119,7.attn.24831,7,attn,401,9
11120,5.attn.15188,5,attn,317,0
11121,7.attn.8608,7,attn,216,3
11122,5.attn.32721,5,attn,163,0
11123,5.attn.24940,5,attn,223,0
11124,7.attn.32141,7,attn,238,40
11125,5.attn.8645,5,attn,99,21
11126,7.attn.250,7,attn,534,9
11127,5.attn.10014,5,attn,234,26
11128,7.attn.31563,7,attn,272,43
11129,5.attn.35762,5,attn,339,8
11130,7.attn.33961,7,attn,508,0
11131,5.attn.28409,5,attn,361,35
11132,7.attn.30451,7,attn,436,9
11133,5.attn.7552,5,attn,378,5
11134,6.resid.25828,6,resid,609,6
11135,5.mlp.29518,5,mlp,390,17
11136,6.resid.35910,6,resid,372,41
11137,5.mlp.17022,5,mlp,414,18
11138,6.resid.20179,6,resid,413,6
11139,5.mlp.27444,5,mlp,264,53
11140,6.resid.37976,6,resid,521,24
11141,5.mlp.8361,5,mlp,308,18
11142,6.resid.32466,6,resid,362,8
11143,5.mlp.1180,5,mlp,311,29
11144,6.resid.7096,6,resid,261,16
11145,5.mlp.9043,5,mlp,199,36
11146,6.resid.8894,6,resid,321,9
11147,5.mlp.18575,5,mlp,344,18
11148,6.resid.15892,6,resid,458,0
11149,5.mlp.22458,5,mlp,184,35
11150,6.resid.12550,6,resid,478,0
11151,5.mlp.13383,5,mlp,276,6
11152,6.resid.19719,6,resid,454,0
11153,5.mlp.34363,5,mlp,291,14
11154,6.resid.24886,6,resid,476,33
11155,5.mlp.16658,5,mlp,187,4
11156,6.resid.20485,6,resid,242,40
11157,5.mlp.17763,5,mlp,624,0
11158,6.resid.23105,6,resid,418,36
11159,5.mlp.38378,5,mlp,455,10
11160,6.resid.12272,6,resid,502,12
11161,5.mlp.11732,5,mlp,577,0
11162,6.resid.1425,6,resid,428,10
11163,5.mlp.38497,5,mlp,283,5
11164,6.resid.12069,6,resid,216,10
11165,5.mlp.32057,5,mlp,265,8
11166,6.resid.35240,6,resid,368,5
11167,5.mlp.3896,5,mlp,373,0
11168,6.resid.25079,6,resid,531,10
11169,5.mlp.36734,5,mlp,354,30
11170,6.resid.11961,6,resid,337,95
11171,5.mlp.32686,5,mlp,413,0
11172,6.resid.20814,6,resid,391,0
11173,5.mlp.37426,5,mlp,274,35
11174,6.resid.25972,6,resid,265,5
11175,5.mlp.33693,5,mlp,353,5
11176,6.resid.6209,6,resid,434,13
11177,5.mlp.5173,5,mlp,303,10
11178,6.resid.9386,6,resid,559,64
11179,5.mlp.24217,5,mlp,222,5
11180,6.resid.3506,6,resid,310,6
11181,5.mlp.21282,5,mlp,270,15
11182,6.resid.344,6,resid,308,7
11183,5.mlp.30340,5,mlp,196,22
11184,6.resid.7365,6,resid,310,40
11185,5.mlp.13500,5,mlp,289,37
11186,6.resid.21717,6,resid,507,0
11187,5.mlp.15380,5,mlp,617,8
11188,6.resid.25803,6,resid,747,1
11189,5.mlp.35748,5,mlp,438,16
11190,6.resid.33882,6,resid,375,11
11191,5.resid.11046,5,resid,314,0
11192,6.mlp.33625,6,mlp,465,46
11193,5.resid.30805,5,resid,362,12
11194,6.mlp.4592,6,mlp,596,18
11195,5.resid.26026,5,resid,297,17
11196,6.mlp.84,6,mlp,497,16
11197,5.resid.15404,5,resid,236,16
11198,6.mlp.35597,6,mlp,194,9
11199,5.resid.3667,5,resid,334,13
11200,6.mlp.27903,6,mlp,318,3
11201,5.resid.33295,5,resid,283,19
11202,6.mlp.10902,6,mlp,225,12
11203,5.resid.30085,5,resid,299,30
11204,6.mlp.7388,6,mlp,434,4
11205,5.resid.4191,5,resid,353,6
11206,6.mlp.19753,6,mlp,401,0
11207,5.resid.31434,5,resid,426,0
11208,6.mlp.11869,6,mlp,383,31
11209,5.resid.30198,5,resid,227,7
11210,6.mlp.24700,6,mlp,478,0
11211,5.resid.2458,5,resid,368,6
11212,6.mlp.5601,6,mlp,459,12
11213,5.resid.7117,5,resid,311,14
11214,6.mlp.8149,6,mlp,362,18
11215,5.resid.2918,5,resid,427,22
11216,6.mlp.2751,6,mlp,312,29
11217,5.resid.21849,5,resid,348,4
11218,6.mlp.27848,6,mlp,604,0
11219,5.resid.9938,5,resid,224,8
11220,6.mlp.34512,6,mlp,448,8
11221,5.resid.6222,5,resid,335,0
11222,6.mlp.23718,6,mlp,715,38
11223,5.resid.14418,5,resid,288,10
11224,6.mlp.5782,6,mlp,294,28
11225,5.resid.30420,5,resid,309,10
11226,6.mlp.21995,6,mlp,448,0
11227,5.resid.37117,5,resid,287,16
11228,6.mlp.19874,6,mlp,311,45
11229,5.resid.16785,5,resid,485,4
11230,6.mlp.8305,6,mlp,336,5
11231,5.resid.21314,5,resid,408,8
11232,6.mlp.1162,6,mlp,406,18
11233,5.resid.24970,5,resid,219,20
11234,6.mlp.24588,6,mlp,450,14
11235,5.resid.20723,5,resid,393,0
11236,6.mlp.1527,6,mlp,416,24
11237,5.resid.8102,5,resid,420,8
11238,6.mlp.23867,6,mlp,202,17
11239,5.resid.37086,5,resid,417,6
11240,6.mlp.17823,6,mlp,281,18
11241,5.resid.3907,5,resid,306,24
11242,6.mlp.36369,6,mlp,282,10
11243,5.resid.10394,5,resid,386,12
11244,6.mlp.16264,6,mlp,254,8
11245,5.resid.3029,5,resid,270,30
11246,6.mlp.3580,6,mlp,478,4
11247,5.resid.32804,5,resid,342,6
11248,6.attn.34566,6,attn,495,0
11249,6.attn.21753,6,attn,227,0
11250,6.attn.34961,6,attn,275,22
11251,6.attn.29044,6,attn,349,1
11252,6.attn.21578,6,attn,446,0
11253,6.attn.31807,6,attn,322,1
11254,6.attn.39739,6,attn,213,0
11255,6.attn.32874,6,attn,218,17
11256,6.attn.20571,6,attn,311,1
11257,6.attn.3587,6,attn,307,86
11258,6.attn.24392,6,attn,479,0
11259,6.attn.31298,6,attn,161,0
11260,6.attn.33383,6,attn,219,1
11261,6.attn.14796,6,attn,446,1
11262,6.attn.19164,6,attn,443,1
11263,6.attn.32953,6,attn,293,26
11264,6.attn.30982,6,attn,387,0
11265,6.attn.20098,6,attn,425,0
11266,6.attn.27962,6,attn,237,1
11267,6.attn.573,6,attn,298,21
11268,6.attn.1788,6,attn,264,0
11269,6.attn.5462,6,attn,332,0
11270,6.attn.29333,6,attn,235,1
11271,6.attn.31887,6,attn,323,0
11272,6.attn.8279,6,attn,422,5
11273,6.attn.26220,6,attn,481,0
11274,6.attn.14337,6,attn,402,14
11275,6.attn.2147,6,attn,466,0
11276,0.mlp.30917,0,mlp,22,581
11277,0.mlp.30543,0,mlp,26,582
11278,11.resid.13386,11,resid,209,3
11279,0.mlp.15886,0,mlp,13,583
11280,11.resid.8846,11,resid,506,14
11281,0.mlp.10327,0,mlp,14,584
11282,11.resid.25066,11,resid,677,14
11283,0.mlp.6854,0,mlp,10,585
11284,11.resid.21454,11,resid,254,28
11285,0.mlp.23210,0,mlp,20,9
11286,11.resid.31150,11,resid,710,13
11287,0.mlp.18833,0,mlp,33,17
11288,11.resid.1154,11,resid,662,37
11289,0.mlp.23821,0,mlp,16,10
11290,11.resid.36986,11,resid,522,13
11291,0.mlp.5908,0,mlp,49,34
11292,11.resid.1728,11,resid,574,24
11293,0.mlp.34512,0,mlp,9,586
11294,11.resid.5506,11,resid,478,3
11295,0.mlp.36871,0,mlp,32,587
11296,11.resid.29594,11,resid,406,3
11297,0.mlp.23367,0,mlp,9,588
11298,11.resid.1544,11,resid,558,3
11299,0.mlp.39007,0,mlp,5,589
11300,11.resid.28356,11,resid,589,3
11301,0.mlp.12725,0,mlp,42,34
11302,11.resid.7767,11,resid,649,38
11303,0.mlp.23604,0,mlp,38,48
11304,11.resid.29371,11,resid,312,3
11305,0.mlp.31603,0,mlp,44,590
11306,11.resid.11952,11,resid,439,6
11307,0.mlp.7369,0,mlp,19,15
11308,11.resid.2380,11,resid,474,3
11309,0.mlp.19700,0,mlp,35,591
11310,11.resid.7306,11,resid,281,3
11311,0.mlp.6561,0,mlp,24,11
11312,11.resid.18882,11,resid,372,3
11313,0.mlp.20821,0,mlp,19,39
11314,11.resid.19864,11,resid,264,3
11315,0.mlp.22654,0,mlp,22,592
11316,11.resid.22958,11,resid,734,3
11317,0.mlp.33267,0,mlp,20,593
11318,11.resid.6458,11,resid,468,26
11319,0.mlp.23854,0,mlp,14,594
11320,11.resid.22678,11,resid,604,0
11321,0.mlp.39334,0,mlp,61,595
11322,11.resid.14375,11,resid,427,3
11323,0.mlp.18668,0,mlp,14,13
11324,11.resid.15533,11,resid,626,8
11325,0.mlp.30265,0,mlp,69,13
11326,11.resid.15853,11,resid,228,3
11327,0.mlp.34183,0,mlp,15,596
11328,11.resid.23545,11,resid,410,3
11329,0.mlp.13566,0,mlp,17,597
11330,11.resid.18016,11,resid,532,8
11331,0.mlp.5045,0,mlp,13,598
11332,11.resid.8910,11,resid,375,29
11333,0.mlp.29282,0,mlp,18,599
11334,11.mlp.22636,11,mlp,581,3
11335,0.resid.15727,0,resid,12,10
11336,11.mlp.14270,11,mlp,400,3
11337,0.resid.10593,0,resid,163,2
11338,11.mlp.2419,11,mlp,718,27
11339,0.resid.30071,0,resid,25,4
11340,11.mlp.37513,11,mlp,434,3
11341,0.resid.30398,0,resid,165,35
11342,11.mlp.6616,11,mlp,382,29
11343,0.resid.39670,0,resid,68,19
11344,11.mlp.34539,11,mlp,426,27
11345,0.resid.17287,0,resid,73,41
11346,11.mlp.9012,11,mlp,440,17
11347,0.resid.37929,0,resid,32,600
11348,11.mlp.39520,11,mlp,258,40
11349,0.resid.37212,0,resid,9,6
11350,11.mlp.14939,11,mlp,490,3
11351,0.resid.38616,0,resid,9,601
11352,11.mlp.38079,11,mlp,250,3
11353,0.resid.4723,0,resid,21,47
11354,11.mlp.29943,11,mlp,654,745
11355,0.resid.310,0,resid,20,1
11356,11.mlp.32738,11,mlp,620,3
11357,0.resid.34525,0,resid,82,15
11358,11.mlp.9899,11,mlp,478,28
11359,0.resid.21841,0,resid,12,602
11360,11.mlp.23526,11,mlp,640,3
11361,0.resid.7361,0,resid,62,603
11362,11.mlp.11158,11,mlp,257,3
11363,0.resid.17866,0,resid,21,12
11364,11.mlp.24465,11,mlp,432,3
11365,0.resid.17422,0,resid,45,2
11366,11.mlp.11447,11,mlp,724,28
11367,0.resid.22197,0,resid,36,22
11368,11.mlp.7367,11,mlp,545,26
11369,0.resid.17144,0,resid,50,22
11370,11.mlp.30975,11,mlp,378,40
11371,0.resid.34502,0,resid,25,10
11372,11.mlp.30,11,mlp,523,14
11373,0.resid.513,0,resid,18,30
11374,11.mlp.1009,11,mlp,425,3
11375,0.resid.17311,0,resid,34,48
11376,11.mlp.23736,11,mlp,571,12
11377,0.resid.36961,0,resid,93,19
11378,11.mlp.6950,11,mlp,288,3
11379,0.resid.36407,0,resid,20,604
11380,11.mlp.25159,11,mlp,279,3
11381,0.resid.20893,0,resid,15,5
11382,11.mlp.13741,11,mlp,482,12
11383,0.resid.19766,0,resid,61,11
11384,11.mlp.7636,11,mlp,580,107
11385,0.resid.35367,0,resid,34,26
11386,11.mlp.22615,11,mlp,637,36
11387,0.resid.4289,0,resid,13,605
11388,11.mlp.22311,11,mlp,614,3
11389,0.resid.3751,0,resid,27,15
11390,11.attn.29065,11,attn,383,1
11391,11.attn.34079,11,attn,133,3
11392,11.attn.26677,11,attn,203,3
11393,11.attn.11503,11,attn,273,1
11394,11.attn.38452,11,attn,299,3
11395,11.attn.1426,11,attn,335,35
11396,11.attn.24297,11,attn,409,1
11397,11.attn.25549,11,attn,270,3
11398,11.attn.13841,11,attn,512,16
11399,1.attn.25185,1,attn,167,2
11400,11.attn.8046,11,attn,446,21
11401,1.attn.19357,1,attn,67,12
11402,11.attn.24849,11,attn,833,3
11403,1.attn.36006,1,attn,74,18
11404,11.attn.29117,11,attn,438,4
11405,11.attn.40414,11,attn,303,27
11406,1.attn.31051,1,attn,159,2
11407,11.attn.26149,11,attn,157,3
11408,11.attn.3743,11,attn,321,16
11409,1.attn.35664,1,attn,54,48
11410,11.attn.6114,11,attn,342,3
11411,11.attn.40678,11,attn,509,16
11412,1.attn.16856,1,attn,74,9
11413,11.attn.34364,11,attn,698,6
11414,11.attn.29013,11,attn,225,3
11415,1.attn.6509,1,attn,179,21
11416,11.attn.10628,11,attn,263,3
11417,11.attn.18522,11,attn,322,3
11418,11.attn.35443,11,attn,368,3
11419,11.attn.4927,11,attn,838,1
11420,11.attn.9617,11,attn,417,576
11421,11.attn.40926,11,attn,316,3
11422,1.attn.32375,1,attn,204,21
11423,11.attn.690,11,attn,468,654
11424,11.attn.23468,11,attn,725,9
11425,11.attn.2214,11,attn,313,1
11426,11.attn.36209,11,attn,313,4
11427,1.mlp.36770,1,mlp,217,11
11428,10.resid.5117,10,resid,400,6
11429,1.mlp.17713,1,mlp,129,6
11430,10.resid.10380,10,resid,361,21
11431,1.mlp.21842,1,mlp,256,14
11432,10.resid.13867,10,resid,687,19
11433,1.mlp.28471,1,mlp,140,5
11434,10.resid.40618,10,resid,371,16
11435,1.mlp.13700,1,mlp,211,4
11436,10.resid.27197,10,resid,299,20
11437,1.mlp.34764,1,mlp,200,26
11438,10.resid.31372,10,resid,593,270
11439,1.mlp.7735,1,mlp,133,15
11440,10.resid.24452,10,resid,522,38
11441,1.mlp.25684,1,mlp,224,4
11442,10.resid.30989,10,resid,307,28
11443,1.mlp.15548,1,mlp,123,22
11444,10.resid.14544,10,resid,599,26
11445,1.mlp.22294,1,mlp,113,6
11446,10.resid.38698,10,resid,191,3
11447,1.mlp.21291,1,mlp,194,11
11448,10.resid.1284,10,resid,530,32
11449,1.mlp.1622,1,mlp,155,13
11450,10.resid.25611,10,resid,589,16
11451,1.mlp.25652,1,mlp,129,37
11452,10.resid.18168,10,resid,582,4
11453,1.mlp.22350,1,mlp,111,7
11454,10.resid.18744,10,resid,782,1
11455,1.mlp.17962,1,mlp,104,5
11456,10.resid.5154,10,resid,800,27
11457,1.mlp.2768,1,mlp,168,49
11458,10.resid.2946,10,resid,652,38
11459,1.mlp.508,1,mlp,220,14
11460,10.resid.10930,10,resid,557,613
11461,1.mlp.21170,1,mlp,148,15
11462,10.resid.38542,10,resid,631,7
11463,1.mlp.40432,1,mlp,103,4
11464,10.resid.15434,10,resid,693,17
11465,1.mlp.34196,1,mlp,77,38
11466,10.resid.27760,10,resid,571,3
11467,1.mlp.7232,1,mlp,83,4
11468,10.resid.4237,10,resid,521,695
11469,1.mlp.23212,1,mlp,108,15
11470,10.resid.40269,10,resid,424,40
11471,1.mlp.11707,1,mlp,129,34
11472,10.resid.19353,10,resid,481,6
11473,1.mlp.38084,1,mlp,160,14
11474,10.resid.10497,10,resid,428,3
11475,1.mlp.8560,1,mlp,147,13
11476,10.resid.32152,10,resid,281,22
11477,1.mlp.7166,1,mlp,193,21
11478,10.resid.14564,10,resid,668,38
11479,1.mlp.20126,1,mlp,79,97
11480,10.resid.24132,10,resid,404,9
11481,1.mlp.10470,1,mlp,112,6
11482,10.resid.14868,10,resid,614,14
11483,1.mlp.17220,1,mlp,90,2
11484,10.mlp.33479,10,mlp,370,5
11485,1.resid.20810,1,resid,42,26
11486,10.mlp.19963,10,mlp,345,67
11487,1.resid.6947,1,resid,105,10
11488,10.mlp.17034,10,mlp,709,12
11489,1.resid.8429,1,resid,64,16
11490,10.mlp.27554,10,mlp,481,11
11491,1.resid.37715,1,resid,121,10
11492,10.mlp.13218,10,mlp,283,4
11493,1.resid.38720,1,resid,90,6
11494,10.mlp.7369,10,mlp,432,28
11495,1.resid.8033,1,resid,106,15
11496,10.mlp.31264,10,mlp,619,31
11497,1.resid.34566,1,resid,97,11
11498,10.mlp.4202,10,mlp,390,3
11499,1.resid.34655,1,resid,56,5
11500,10.mlp.26842,10,mlp,358,18
11501,1.resid.7743,1,resid,141,54
11502,10.mlp.40714,10,mlp,364,776
11503,1.resid.12877,1,resid,67,52
11504,10.mlp.28796,10,mlp,412,10
11505,1.resid.38712,1,resid,128,34
11506,10.mlp.20570,10,mlp,451,478
11507,1.resid.13888,1,resid,146,47
11508,10.mlp.29637,10,mlp,626,13
11509,1.resid.7913,1,resid,62,47
11510,10.mlp.10705,10,mlp,383,17
11511,1.resid.31751,1,resid,63,25
11512,10.mlp.20227,10,mlp,490,3
11513,1.resid.38810,1,resid,120,25
11514,10.mlp.38069,10,mlp,527,18
11515,1.resid.17287,1,resid,86,8
11516,10.mlp.10684,10,mlp,490,6
11517,1.resid.22060,1,resid,54,15
11518,10.mlp.5555,10,mlp,488,98
11519,1.resid.7419,1,resid,95,12
11520,10.mlp.9758,10,mlp,347,9
11521,1.resid.37356,1,resid,45,5
11522,10.mlp.10651,10,mlp,471,6
11523,1.resid.31120,1,resid,65,5
11524,10.mlp.18551,10,mlp,563,157
11525,1.resid.17021,1,resid,80,15
11526,10.mlp.27090,10,mlp,597,18
11527,1.resid.33097,1,resid,139,20
11528,10.mlp.7246,10,mlp,323,40
11529,1.resid.17431,1,resid,107,5
11530,10.mlp.34509,10,mlp,498,193
11531,1.resid.33297,1,resid,80,6
11532,10.mlp.17322,10,mlp,662,19
11533,1.resid.34729,1,resid,137,13
11534,10.mlp.22202,10,mlp,464,3
11535,1.resid.40390,1,resid,46,2
11536,10.mlp.29940,10,mlp,476,8
11537,1.resid.19456,1,resid,80,15
11538,10.mlp.19398,10,mlp,301,32
11539,1.resid.26376,1,resid,88,4
11540,10.mlp.21322,10,mlp,344,10
11541,10.attn.32487,10,attn,317,1
11542,2.attn.762,2,attn,119,2
11543,10.attn.2251,10,attn,568,1
11544,2.attn.18593,2,attn,125,31
11545,10.attn.28167,10,attn,420,1
11546,2.attn.38181,2,attn,207,39
11547,10.attn.34760,10,attn,235,88
11548,10.attn.29129,10,attn,251,1
11549,2.attn.39159,2,attn,140,2
11550,10.attn.28493,10,attn,738,6
11551,2.attn.12633,2,attn,124,2
11552,10.attn.25014,10,attn,650,1
11553,2.attn.24325,2,attn,219,2
11554,10.attn.14926,10,attn,331,1
11555,10.attn.28832,10,attn,274,21
11556,10.attn.32177,10,attn,446,21
11557,2.attn.14450,2,attn,209,20
11558,10.attn.24516,10,attn,378,21
11559,10.attn.25372,10,attn,675,9
11560,2.attn.28427,2,attn,124,6
11561,10.attn.19329,10,attn,701,16
11562,10.attn.14378,10,attn,744,20
11563,10.attn.26430,10,attn,691,1
11564,2.attn.33504,2,attn,72,16
11565,10.attn.40555,10,attn,354,21
11566,10.attn.35527,10,attn,234,3
11567,2.attn.18757,2,attn,58,24
11568,10.attn.23537,10,attn,284,1
11569,10.attn.922,10,attn,213,1
11570,2.attn.12011,2,attn,159,10
11571,10.attn.16888,10,attn,463,6
11572,2.attn.28719,2,attn,281,2
11573,10.attn.35549,10,attn,179,3
11574,2.attn.38903,2,attn,228,11
11575,10.attn.3116,10,attn,475,1
11576,2.attn.34840,2,attn,112,34
11577,10.attn.8443,10,attn,388,1
11578,10.attn.38127,10,attn,962,21
11579,10.attn.3539,10,attn,639,8
11580,10.attn.10970,10,attn,743,9
11581,2.attn.9778,2,attn,168,4
11582,10.attn.28599,10,attn,270,10
11583,2.attn.17043,2,attn,375,2
11584,10.attn.6231,10,attn,296,1
11585,2.attn.20313,2,attn,189,49
11586,9.resid.23335,9,resid,736,1
11587,2.mlp.21332,2,mlp,373,10
11588,9.resid.38531,9,resid,573,31
11589,2.mlp.8671,2,mlp,289,6
11590,9.resid.36814,9,resid,518,13
11591,2.mlp.7494,2,mlp,274,31
11592,9.resid.21276,9,resid,453,8
11593,2.mlp.10205,2,mlp,239,26
11594,9.resid.387,9,resid,665,37
11595,2.mlp.1964,2,mlp,103,10
11596,9.resid.17173,9,resid,674,31
11597,2.mlp.33341,2,mlp,137,16
11598,9.resid.21730,9,resid,656,30
11599,2.mlp.2596,2,mlp,275,5
11600,9.resid.13520,9,resid,274,6
11601,2.mlp.17688,2,mlp,182,24
11602,9.resid.22886,9,resid,777,14
11603,2.mlp.20796,2,mlp,259,46
11604,9.resid.32028,9,resid,552,32
11605,2.mlp.21252,2,mlp,271,4
11606,9.resid.22469,9,resid,591,44
11607,2.mlp.5849,2,mlp,211,2
11608,9.resid.20658,9,resid,500,35
11609,2.mlp.11099,2,mlp,149,7
11610,9.resid.32632,9,resid,389,10
11611,2.mlp.20063,2,mlp,138,23
11612,9.resid.19385,9,resid,329,14
11613,2.mlp.10238,2,mlp,169,28
11614,9.resid.111,9,resid,644,492
11615,2.mlp.36804,2,mlp,169,31
11616,9.resid.22511,9,resid,372,13
11617,2.mlp.23074,2,mlp,154,18
11618,9.resid.10786,9,resid,758,13
11619,2.mlp.23814,2,mlp,120,7
11620,9.resid.37373,9,resid,521,24
11621,2.mlp.1017,2,mlp,187,73
11622,9.resid.27608,9,resid,737,8
11623,2.mlp.31321,2,mlp,201,32
11624,9.resid.25364,9,resid,751,2
11625,2.mlp.32597,2,mlp,132,11
11626,9.resid.24694,9,resid,761,8
11627,2.mlp.21704,2,mlp,129,16
11628,9.resid.39597,9,resid,526,69
11629,2.mlp.11572,2,mlp,108,15
11630,9.resid.15938,9,resid,589,18
11631,2.mlp.15349,2,mlp,203,10
11632,9.resid.17451,9,resid,617,12
11633,2.mlp.22657,2,mlp,252,10
11634,9.resid.20373,9,resid,644,8
11635,2.mlp.22919,2,mlp,184,4
11636,9.resid.35254,9,resid,534,20
11637,2.mlp.14174,2,mlp,174,7
11638,9.resid.37014,9,resid,410,9
11639,2.mlp.32720,2,mlp,219,4
11640,9.resid.30970,9,resid,626,2
11641,2.mlp.32249,2,mlp,236,5
11642,9.resid.11853,9,resid,632,8
11643,2.resid.15164,2,resid,93,41
11644,9.mlp.30311,9,mlp,509,5
11645,2.resid.5028,2,resid,258,15
11646,9.mlp.22489,9,mlp,520,36
11647,2.resid.33789,2,resid,221,25
11648,9.mlp.21388,9,mlp,427,44
11649,2.resid.3195,2,resid,78,4
11650,9.mlp.13357,9,mlp,385,18
11651,2.resid.39798,2,resid,153,15
11652,9.mlp.8590,9,mlp,429,67
11653,2.resid.15376,2,resid,202,41
11654,9.mlp.4296,9,mlp,538,15
11655,2.resid.7642,2,resid,172,5
11656,9.mlp.35293,9,mlp,615,23
11657,2.resid.19245,2,resid,220,5
11658,9.mlp.4331,9,mlp,481,30
11659,2.resid.702,2,resid,225,2
11660,9.mlp.23567,9,mlp,342,10
11661,2.resid.8075,2,resid,192,42
11662,9.mlp.2139,9,mlp,379,11
11663,2.resid.1670,2,resid,157,34
11664,9.mlp.26068,9,mlp,455,121
11665,2.resid.24910,2,resid,128,24
11666,9.mlp.11000,9,mlp,547,15
11667,2.resid.26340,2,resid,92,24
11668,9.mlp.28138,9,mlp,588,30
11669,2.resid.13067,2,resid,143,13
11670,9.mlp.13260,9,mlp,341,12
11671,2.resid.4976,2,resid,127,4
11672,9.mlp.17337,9,mlp,385,13
11673,2.resid.26544,2,resid,113,46
11674,9.mlp.17744,9,mlp,325,4
11675,2.resid.386,2,resid,212,19
11676,9.mlp.11400,9,mlp,620,7
11677,2.resid.29968,2,resid,55,21
11678,9.mlp.40750,9,mlp,579,12
11679,2.resid.14088,2,resid,151,0
11680,9.mlp.4550,9,mlp,399,46
11681,2.resid.22495,2,resid,132,60
11682,9.mlp.7252,9,mlp,541,7
11683,2.resid.18125,2,resid,201,62
11684,9.mlp.19779,9,mlp,489,38
11685,2.resid.31599,2,resid,108,6
11686,9.mlp.16754,9,mlp,543,20
11687,2.resid.17496,2,resid,86,45
11688,9.mlp.14115,9,mlp,273,23
11689,2.resid.13321,2,resid,73,4
11690,9.mlp.8899,9,mlp,480,22
11691,2.resid.2361,2,resid,154,5
11692,9.mlp.8887,9,mlp,635,25
11693,2.resid.20053,2,resid,172,4
11694,9.mlp.35674,9,mlp,376,5
11695,2.resid.31010,2,resid,170,8
11696,9.mlp.32150,9,mlp,466,19
11697,2.resid.6184,2,resid,170,25
11698,9.mlp.18921,9,mlp,352,26
11699,2.resid.25407,2,resid,138,27
11700,9.attn.1565,9,attn,530,9
11701,3.attn.26607,3,attn,191,2
11702,9.attn.38469,9,attn,318,1
11703,3.attn.15358,3,attn,145,2
11704,9.attn.13386,9,attn,618,17
11705,3.attn.37487,3,attn,194,2
11706,9.attn.39701,9,attn,323,6
11707,3.attn.2736,3,attn,146,7
11708,9.attn.17956,9,attn,715,16
11709,3.attn.20501,3,attn,76,2
11710,9.attn.16225,9,attn,411,9
11711,9.attn.23636,9,attn,453,29
11712,3.attn.24042,3,attn,218,2
11713,9.attn.28114,9,attn,670,8
11714,9.attn.8483,9,attn,291,6
11715,3.attn.24814,3,attn,192,2
11716,9.attn.20066,9,attn,309,1
11717,9.attn.13911,9,attn,299,1
11718,3.attn.33359,3,attn,167,2
11719,9.attn.27179,9,attn,926,10
11720,3.attn.15935,3,attn,189,76
11721,9.attn.5011,9,attn,339,1
11722,3.attn.17002,3,attn,282,14
11723,9.attn.21801,9,attn,348,9
11724,3.attn.40956,3,attn,120,25
11725,9.attn.25064,9,attn,288,1
11726,9.attn.12987,9,attn,318,9
11727,3.attn.36623,3,attn,286,11
11728,9.attn.27361,9,attn,258,1
11729,9.attn.29578,9,attn,594,9
11730,3.attn.24812,3,attn,250,12
11731,9.attn.26182,9,attn,349,40
11732,3.attn.37531,3,attn,302,2
11733,9.attn.14193,9,attn,414,1
11734,3.attn.36343,3,attn,136,11
11735,9.attn.15988,9,attn,285,1
11736,9.attn.38694,9,attn,224,17
11737,3.attn.4727,3,attn,197,8
11738,9.attn.27443,9,attn,349,9
11739,3.attn.36419,3,attn,177,4
11740,9.attn.20771,9,attn,347,21
11741,3.attn.32194,3,attn,239,31
11742,9.attn.33651,9,attn,410,21
11743,3.attn.21860,3,attn,148,2
11744,9.attn.38003,9,attn,828,21
11745,3.attn.16508,3,attn,256,2
11746,9.attn.40424,9,attn,594,1
11747,3.attn.8014,3,attn,84,13
11748,9.attn.39376,9,attn,233,16
11749,3.mlp.27173,3,mlp,289,44
11750,8.resid.18995,8,resid,527,12
11751,3.mlp.18904,3,mlp,257,16
11752,8.resid.33736,8,resid,757,20
11753,3.mlp.11491,3,mlp,247,33
11754,8.resid.21465,8,resid,591,7
11755,3.mlp.9764,3,mlp,200,20
11756,8.resid.16030,8,resid,327,32
11757,3.mlp.29109,3,mlp,342,16
11758,8.resid.38227,8,resid,672,0
11759,3.mlp.298,3,mlp,188,8
11760,8.resid.11502,8,resid,379,52
11761,3.mlp.40889,3,mlp,265,10
11762,8.resid.27612,8,resid,521,21
11763,3.mlp.22760,3,mlp,338,2
11764,8.resid.25381,8,resid,570,35
11765,3.mlp.15992,3,mlp,171,38
11766,8.resid.4712,8,resid,429,12
11767,3.mlp.804,3,mlp,232,12
11768,8.resid.5386,8,resid,504,27
11769,3.mlp.23034,3,mlp,301,23
11770,8.resid.18338,8,resid,563,8
11771,3.mlp.23265,3,mlp,190,30
11772,8.resid.18307,8,resid,298,12
11773,3.mlp.21242,3,mlp,289,5
11774,8.resid.18710,8,resid,327,16
11775,3.mlp.21175,3,mlp,235,13
11776,8.resid.19917,8,resid,622,37
11777,3.mlp.34450,3,mlp,186,25
11778,8.resid.29313,8,resid,431,21
11779,3.mlp.33891,3,mlp,211,5
11780,8.resid.28627,8,resid,620,1
11781,3.mlp.16130,3,mlp,196,41
11782,8.resid.2772,8,resid,550,30
11783,3.mlp.32844,3,mlp,215,4
11784,8.resid.15611,8,resid,538,5
11785,3.mlp.25171,3,mlp,161,15
11786,8.resid.5377,8,resid,460,24
11787,3.mlp.38661,3,mlp,241,6
11788,8.resid.6795,8,resid,352,89
11789,3.mlp.7769,3,mlp,315,15
11790,8.resid.29853,8,resid,500,25
11791,3.mlp.15575,3,mlp,397,37
11792,8.resid.20963,8,resid,445,38
11793,3.mlp.9965,3,mlp,246,14
11794,8.resid.27814,8,resid,664,41
11795,3.mlp.680,3,mlp,190,15
11796,8.resid.24554,8,resid,580,5
11797,3.mlp.4760,3,mlp,312,20
11798,8.resid.14982,8,resid,292,6
11799,3.mlp.6570,3,mlp,345,4
11800,8.resid.21236,8,resid,566,44
11801,3.mlp.372,3,mlp,233,37
11802,8.resid.37221,8,resid,255,9
11803,3.mlp.24115,3,mlp,199,4
11804,8.resid.14887,8,resid,528,30
11805,3.resid.35381,3,resid,192,6
11806,8.mlp.12816,8,mlp,475,8
11807,3.resid.30468,3,resid,262,33
11808,8.mlp.20506,8,mlp,488,19
11809,3.resid.15238,3,resid,99,15
11810,8.mlp.7292,8,mlp,484,36
11811,3.resid.31534,3,resid,140,5
11812,8.mlp.15735,8,mlp,477,6
11813,3.resid.17567,3,resid,145,50
11814,8.mlp.837,8,mlp,425,8
11815,3.resid.5840,3,resid,152,4
11816,8.mlp.38852,8,mlp,399,4
11817,3.resid.11497,3,resid,112,2
11818,8.mlp.40671,8,mlp,514,6
11819,3.resid.14771,3,resid,299,6
11820,8.mlp.10974,8,mlp,849,15
11821,3.resid.20812,3,resid,217,5
11822,8.mlp.24220,8,mlp,603,14
11823,3.resid.32330,3,resid,139,76
11824,8.mlp.8377,8,mlp,410,12
11825,3.resid.32969,3,resid,171,5
11826,8.mlp.13125,8,mlp,557,568
11827,3.resid.12207,3,resid,128,29
11828,8.mlp.9000,8,mlp,554,44
11829,3.resid.38549,3,resid,326,11
11830,8.mlp.7065,8,mlp,570,8
11831,3.resid.1128,3,resid,200,5
11832,8.mlp.32562,8,mlp,468,47
11833,3.resid.8286,3,resid,263,15
11834,8.mlp.32273,8,mlp,476,65
11835,3.resid.37707,3,resid,310,25
11836,8.mlp.31464,8,mlp,370,19
11837,3.resid.18867,3,resid,257,79
11838,8.mlp.12911,8,mlp,402,6
11839,3.resid.26534,3,resid,203,4
11840,8.mlp.31860,8,mlp,408,8
11841,3.resid.13422,3,resid,331,5
11842,8.mlp.20215,8,mlp,615,6
11843,3.resid.9210,3,resid,146,9
11844,8.mlp.20056,8,mlp,469,748
11845,3.resid.38796,3,resid,76,11
11846,8.mlp.29257,8,mlp,383,8
11847,3.resid.11997,3,resid,163,22
11848,8.mlp.34179,8,mlp,341,6
11849,3.resid.16813,3,resid,101,84
11850,8.mlp.24043,8,mlp,484,5
11851,3.resid.36327,3,resid,223,39
11852,8.mlp.15072,8,mlp,424,28
11853,3.resid.2573,3,resid,222,19
11854,8.mlp.32123,8,mlp,710,2
11855,3.resid.28326,3,resid,160,25
11856,8.mlp.40881,8,mlp,482,8
11857,3.resid.23628,3,resid,270,16
11858,8.mlp.17845,8,mlp,398,13
11859,3.resid.37812,3,resid,153,19
11860,8.mlp.40357,8,mlp,489,18
11861,3.resid.11127,3,resid,225,5
11862,8.attn.11523,8,attn,359,1
11863,4.attn.2318,4,attn,171,42
11864,8.attn.16777,8,attn,570,8
11865,4.attn.1325,4,attn,317,46
11866,8.attn.11920,8,attn,257,10
11867,4.attn.34788,4,attn,114,2
11868,8.attn.6296,8,attn,350,37
11869,4.attn.38380,4,attn,280,17
11870,8.attn.10552,8,attn,644,13
11871,4.attn.30022,4,attn,374,2
11872,8.attn.27285,8,attn,401,153
11873,4.attn.39266,4,attn,267,28
11874,4.attn.38571,4,attn,274,33
11875,4.attn.18985,4,attn,200,6
11876,8.attn.37526,8,attn,490,10
11877,4.attn.15114,4,attn,192,2
11878,8.attn.22259,8,attn,284,1
11879,8.attn.25509,8,attn,335,21
11880,4.attn.6965,4,attn,306,5
11881,8.attn.39770,8,attn,96,1
11882,4.attn.36373,4,attn,304,13
11883,8.attn.3744,8,attn,717,1
11884,4.attn.38705,4,attn,262,51
11885,4.attn.2641,4,attn,147,615
11886,8.attn.34369,8,attn,345,37
11887,4.attn.21386,4,attn,203,2
11888,8.attn.29303,8,attn,502,1
11889,4.attn.35016,4,attn,192,4
11890,8.attn.36816,8,attn,276,1
11891,4.attn.29536,4,attn,126,3
11892,8.attn.27124,8,attn,209,1
11893,4.attn.4791,4,attn,71,2
11894,8.attn.38900,8,attn,407,9
11895,4.attn.18146,4,attn,353,2
11896,4.attn.9697,4,attn,263,11
11897,8.attn.10527,8,attn,450,1
11898,4.attn.1781,4,attn,203,2
11899,8.attn.12927,8,attn,667,9
11900,4.attn.5586,4,attn,227,5
11901,8.attn.34352,8,attn,453,1
11902,4.attn.19890,4,attn,291,24
11903,8.attn.30967,8,attn,385,21
11904,4.attn.29098,4,attn,273,49
11905,4.attn.4022,4,attn,214,16
11906,8.attn.21020,8,attn,436,110
11907,4.attn.29174,4,attn,210,2
11908,8.attn.10992,8,attn,422,1
11909,4.attn.15561,4,attn,256,45
11910,8.attn.22276,8,attn,415,9
11911,4.attn.15626,4,attn,321,0
11912,8.attn.20347,8,attn,931,2
11913,4.mlp.35477,4,mlp,225,34
11914,7.resid.27493,7,resid,406,0
11915,4.mlp.12924,4,mlp,197,20
11916,7.resid.6909,7,resid,458,31
11917,4.mlp.29382,4,mlp,198,47
11918,7.resid.11397,7,resid,432,39
11919,4.mlp.19648,4,mlp,382,44
11920,7.resid.4303,7,resid,606,34
11921,4.mlp.34952,4,mlp,399,23
11922,7.resid.5216,7,resid,492,55
11923,4.mlp.40491,4,mlp,396,32
11924,7.resid.26127,7,resid,498,20
11925,4.mlp.6781,4,mlp,399,33
11926,7.resid.12579,7,resid,449,8
11927,4.mlp.29864,4,mlp,273,6
11928,7.resid.5170,7,resid,364,6
11929,4.mlp.30402,4,mlp,209,6
11930,7.resid.31158,7,resid,561,70
11931,4.mlp.10855,4,mlp,293,32
11932,7.resid.7588,7,resid,428,5
11933,4.mlp.34178,4,mlp,170,36
11934,7.resid.19857,7,resid,530,61
11935,4.mlp.30803,4,mlp,303,14
11936,7.resid.11308,7,resid,171,21
11937,4.mlp.32535,4,mlp,264,4
11938,7.resid.39906,7,resid,490,5
11939,4.mlp.32178,4,mlp,523,10
11940,7.resid.10899,7,resid,598,60
11941,4.mlp.37025,4,mlp,278,5
11942,7.resid.1174,7,resid,442,23
11943,4.mlp.14594,4,mlp,388,5
11944,7.resid.30137,7,resid,480,14
11945,4.mlp.36637,4,mlp,267,15
11946,7.resid.8929,7,resid,605,15
11947,4.mlp.33967,4,mlp,233,4
11948,7.resid.32221,7,resid,399,26
11949,4.mlp.15463,4,mlp,282,22
11950,7.resid.32575,7,resid,566,4
11951,4.mlp.17836,4,mlp,301,31
11952,7.resid.25229,7,resid,321,18
11953,4.mlp.39735,4,mlp,212,15
11954,7.resid.5945,7,resid,657,1
11955,4.mlp.27495,4,mlp,467,22
11956,7.resid.37142,7,resid,430,16
11957,4.mlp.39448,4,mlp,278,28
11958,7.resid.19667,7,resid,411,4
11959,4.mlp.4233,4,mlp,216,51
11960,7.resid.29634,7,resid,440,0
11961,4.mlp.14339,4,mlp,209,19
11962,7.resid.13578,7,resid,444,5
11963,4.mlp.7103,4,mlp,280,8
11964,7.resid.8604,7,resid,606,19
11965,4.mlp.38654,4,mlp,292,27
11966,7.resid.1990,7,resid,444,5
11967,4.mlp.12586,4,mlp,261,24
11968,7.resid.38229,7,resid,516,1
11969,4.mlp.292,4,mlp,491,2
11970,7.mlp.22985,7,mlp,557,50
11971,4.resid.25998,4,resid,297,4
11972,7.mlp.17234,7,mlp,378,49
11973,4.resid.40071,4,resid,275,10
11974,7.mlp.36699,7,mlp,594,24
11975,4.resid.5482,4,resid,346,0
11976,7.mlp.27535,7,mlp,468,8
11977,4.resid.33736,4,resid,390,23
11978,7.mlp.28744,7,mlp,484,20
11979,4.resid.31721,4,resid,282,42
11980,7.mlp.32213,7,mlp,255,15
11981,4.resid.16085,4,resid,271,10
11982,7.mlp.11952,7,mlp,321,5
11983,4.resid.3132,4,resid,391,0
11984,7.mlp.12129,7,mlp,299,45
11985,4.resid.35538,4,resid,241,15
11986,7.mlp.8173,7,mlp,538,26
11987,4.resid.27645,4,resid,179,15
11988,7.mlp.8200,7,mlp,356,7
11989,4.resid.28358,4,resid,181,44
11990,7.mlp.22885,7,mlp,355,10
11991,4.resid.32107,4,resid,228,0
11992,7.mlp.38555,7,mlp,269,29
11993,4.resid.16394,4,resid,244,6
11994,7.mlp.27415,7,mlp,493,29
11995,4.resid.40396,4,resid,201,7
11996,7.mlp.38542,7,mlp,365,24
11997,4.resid.18733,4,resid,209,10
11998,7.mlp.5681,7,mlp,354,9
11999,4.resid.9425,4,resid,283,15
12000,7.mlp.20523,7,mlp,440,30
12001,4.resid.40205,4,resid,286,27
12002,7.mlp.13616,7,mlp,486,8
12003,4.resid.27325,4,resid,384,13
12004,7.mlp.33175,7,mlp,515,4
12005,4.resid.23427,4,resid,188,5
12006,7.mlp.26507,7,mlp,277,23
12007,4.resid.10080,4,resid,264,7
12008,7.mlp.11984,7,mlp,415,46
12009,4.resid.1535,4,resid,217,41
12010,7.mlp.37711,7,mlp,560,93
12011,4.resid.18972,4,resid,265,15
12012,7.mlp.37156,7,mlp,382,32
12013,4.resid.12113,4,resid,207,16
12014,7.mlp.16237,7,mlp,331,5
12015,4.resid.32467,4,resid,216,13
12016,7.mlp.14686,7,mlp,553,18
12017,4.resid.27369,4,resid,316,24
12018,7.mlp.30110,7,mlp,412,33
12019,4.resid.17871,4,resid,233,2
12020,7.mlp.30769,7,mlp,419,16
12021,4.resid.2640,4,resid,235,25
12022,7.mlp.5275,7,mlp,412,15
12023,4.resid.36875,4,resid,258,72
12024,7.mlp.5586,7,mlp,412,18
12025,4.resid.28759,4,resid,316,18
12026,7.mlp.7605,7,mlp,630,2
12027,5.attn.38720,5,attn,290,0
12028,7.attn.18055,7,attn,486,25
12029,5.attn.33642,5,attn,530,0
12030,7.attn.16889,7,attn,606,43
12031,5.attn.1215,5,attn,276,17
12032,7.attn.14690,7,attn,288,43
12033,5.attn.111,5,attn,211,0
12034,7.attn.22561,7,attn,316,21
12035,5.attn.26619,5,attn,301,7
12036,7.attn.38584,7,attn,452,2
12037,5.attn.26388,5,attn,338,14
12038,7.attn.11977,7,attn,132,21
12039,5.attn.26614,5,attn,307,20
12040,7.attn.37018,7,attn,569,0
12041,5.attn.4500,5,attn,283,24
12042,7.attn.5673,7,attn,305,1
12043,5.attn.8977,5,attn,257,28
12044,7.attn.9754,7,attn,313,43
12045,5.attn.21828,5,attn,239,7
12046,5.attn.14145,5,attn,182,0
12047,7.attn.6587,7,attn,434,20
12048,5.attn.40065,5,attn,329,20
12049,7.attn.1754,7,attn,147,21
12050,7.attn.29522,7,attn,310,1
12051,7.attn.20657,7,attn,193,1
12052,5.attn.39668,5,attn,248,0
12053,7.attn.12594,7,attn,200,40
12054,5.attn.25885,5,attn,192,2
12055,7.attn.23550,7,attn,207,21
12056,7.attn.27225,7,attn,442,8
12057,5.attn.13728,5,attn,244,13
12058,7.attn.10824,7,attn,637,2
12059,5.attn.21122,5,attn,213,2
12060,7.attn.20048,7,attn,544,9
12061,5.attn.30230,5,attn,271,1
12062,7.attn.2528,7,attn,438,22
12063,5.attn.4558,5,attn,208,0
12064,7.attn.39046,7,attn,356,1
12065,5.attn.4956,5,attn,279,0
12066,7.attn.25561,7,attn,205,43
12067,5.attn.2092,5,attn,260,57
12068,7.attn.38210,7,attn,228,1
12069,7.attn.33360,7,attn,200,1
12070,5.attn.29663,5,attn,426,7
12071,7.attn.2677,7,attn,335,1
12072,5.attn.7131,5,attn,195,1
12073,6.resid.21738,6,resid,711,10
12074,5.mlp.565,5,mlp,413,46
12075,6.resid.20376,6,resid,412,4
12076,5.mlp.2700,5,mlp,273,45
12077,6.resid.11512,6,resid,302,24
12078,5.mlp.6620,5,mlp,311,39
12079,6.resid.12149,6,resid,284,15
12080,5.mlp.15081,5,mlp,337,54
12081,6.resid.13169,6,resid,490,14
12082,5.mlp.9111,5,mlp,279,7
12083,6.resid.13043,6,resid,331,36
12084,5.mlp.11538,5,mlp,176,1
12085,6.resid.18188,6,resid,389,45
12086,5.mlp.10564,5,mlp,366,56
12087,6.resid.38084,6,resid,501,0
12088,5.mlp.40345,5,mlp,419,0
12089,6.resid.12208,6,resid,494,8
12090,5.mlp.34995,5,mlp,451,8
12091,6.resid.15364,6,resid,359,5
12092,5.mlp.23906,5,mlp,247,4
12093,6.resid.2769,6,resid,418,31
12094,5.mlp.6408,5,mlp,217,15
12095,6.resid.22508,6,resid,333,30
12096,5.mlp.4091,5,mlp,271,5
12097,6.resid.32918,6,resid,347,22
12098,5.mlp.8149,5,mlp,368,16
12099,6.resid.38497,6,resid,347,6
12100,5.mlp.26272,5,mlp,251,5
12101,6.resid.32728,6,resid,408,11
12102,5.mlp.34869,5,mlp,533,10
12103,6.resid.17332,6,resid,523,12
12104,5.mlp.12723,5,mlp,322,0
12105,6.resid.4483,6,resid,539,8
12106,5.mlp.22616,5,mlp,437,0
12107,6.resid.28153,6,resid,320,31
12108,5.mlp.3920,5,mlp,268,17
12109,6.resid.14857,6,resid,414,6
12110,5.mlp.2787,5,mlp,388,0
12111,6.resid.27363,6,resid,527,19
12112,5.mlp.14870,5,mlp,331,10
12113,6.resid.18146,6,resid,327,25
12114,5.mlp.5909,5,mlp,204,14
12115,6.resid.4929,6,resid,370,7
12116,5.mlp.303,5,mlp,228,36
12117,6.resid.12755,6,resid,296,45
12118,5.mlp.21062,5,mlp,513,0
12119,6.resid.14548,6,resid,281,58
12120,5.mlp.24710,5,mlp,234,17
12121,6.resid.28051,6,resid,522,0
12122,5.mlp.753,5,mlp,251,77
12123,6.resid.7670,6,resid,452,5
12124,5.mlp.34855,5,mlp,348,14
12125,6.resid.38809,6,resid,529,19
12126,5.mlp.20049,5,mlp,167,66
12127,6.resid.36840,6,resid,399,32
12128,5.mlp.24270,5,mlp,262,24
12129,6.resid.3241,6,resid,397,14
12130,5.resid.25083,5,resid,230,11
12131,6.mlp.20927,6,mlp,307,22
12132,5.resid.23919,5,resid,435,11
12133,6.mlp.8476,6,mlp,542,50
12134,5.resid.21041,5,resid,452,20
12135,6.mlp.2550,6,mlp,228,31
12136,5.resid.1137,5,resid,249,21
12137,6.mlp.74,6,mlp,377,17
12138,5.resid.23901,5,resid,258,7
12139,6.mlp.3434,6,mlp,380,14
12140,5.resid.19471,5,resid,354,41
12141,6.mlp.32371,6,mlp,410,7
12142,5.resid.22078,5,resid,423,6
12143,6.mlp.39159,6,mlp,361,0
12144,5.resid.7097,5,resid,277,9
12145,6.mlp.18767,6,mlp,361,0
12146,5.resid.3155,5,resid,235,5
12147,6.mlp.23423,6,mlp,347,14
12148,5.resid.30419,5,resid,324,28
12149,6.mlp.12300,6,mlp,412,27
12150,5.resid.16552,5,resid,434,0
12151,6.mlp.2189,6,mlp,441,0
12152,5.resid.14059,5,resid,441,63
12153,6.mlp.33982,6,mlp,291,31
12154,5.resid.28245,5,resid,270,4
12155,6.mlp.1441,6,mlp,237,20
12156,5.resid.13172,5,resid,249,20
12157,6.mlp.13655,6,mlp,370,17
12158,5.resid.5715,5,resid,216,15
12159,6.mlp.31241,6,mlp,447,0
12160,5.resid.8952,5,resid,280,34
12161,6.mlp.11296,6,mlp,440,51
12162,5.resid.6867,5,resid,265,26
12163,6.mlp.9316,6,mlp,333,31
12164,5.resid.32850,5,resid,454,0
12165,6.mlp.18604,6,mlp,381,16
12166,5.resid.30711,5,resid,243,11
12167,6.mlp.17965,6,mlp,446,7
12168,5.resid.14259,5,resid,496,25
12169,6.mlp.13486,6,mlp,589,0
12170,5.resid.17085,5,resid,339,14
12171,6.mlp.3049,6,mlp,545,14
12172,5.resid.8372,5,resid,463,0
12173,6.mlp.21002,6,mlp,277,7
12174,5.resid.29941,5,resid,515,13
12175,6.mlp.1633,6,mlp,356,8
12176,5.resid.37498,5,resid,536,2
12177,6.mlp.3541,6,mlp,527,5
12178,5.resid.10717,5,resid,301,10
12179,6.mlp.2468,6,mlp,344,18
12180,5.resid.4561,5,resid,394,14
12181,6.mlp.17475,6,mlp,476,28
12182,5.resid.36909,5,resid,466,14
12183,6.mlp.4594,6,mlp,560,17
12184,5.resid.31744,5,resid,267,6
12185,6.mlp.36947,6,mlp,620,18
12186,5.resid.6561,5,resid,287,24
12187,6.attn.7708,6,attn,358,0
12188,6.attn.8285,6,attn,172,2
12189,6.attn.39773,6,attn,227,0
12190,6.attn.11301,6,attn,286,1
12191,6.attn.11038,6,attn,245,5
12192,6.attn.28040,6,attn,172,1
12193,6.attn.20463,6,attn,408,2
12194,6.attn.30107,6,attn,396,20
12195,6.attn.15566,6,attn,100,8
12196,6.attn.25294,6,attn,269,0
12197,6.attn.15456,6,attn,328,21
12198,6.attn.16239,6,attn,182,0
12199,6.attn.27819,6,attn,148,1
12200,6.attn.15662,6,attn,504,14
12201,6.attn.6442,6,attn,402,1
12202,6.attn.8207,6,attn,339,1
12203,6.attn.8159,6,attn,317,10
12204,6.attn.27937,6,attn,325,10
12205,6.attn.6590,6,attn,282,28
12206,6.attn.19989,6,attn,238,0
12207,6.attn.15068,6,attn,372,0
12208,6.attn.34856,6,attn,285,1
12209,6.attn.40549,6,attn,167,0
12210,6.attn.3894,6,attn,265,0
12211,6.attn.27515,6,attn,481,20
12212,6.attn.19123,6,attn,556,0
12213,6.attn.10460,6,attn,241,0
12214,6.attn.13251,6,attn,404,0
12215,11.resid.580,11,resid,438,3
12216,0.mlp.12,0,mlp,22,620
12217,11.resid.12730,11,resid,220,3
12218,0.mlp.37367,0,mlp,23,621
12219,11.resid.16250,11,resid,646,3
12220,0.mlp.38892,0,mlp,81,11
12221,11.resid.12550,11,resid,450,3
12222,0.mlp.24586,0,mlp,43,20
12223,11.resid.26271,11,resid,424,14
12224,0.mlp.24064,0,mlp,13,622
12225,11.resid.35187,11,resid,575,12
12226,0.mlp.31504,0,mlp,16,623
12227,11.resid.37482,11,resid,568,9
12228,0.mlp.11233,0,mlp,45,624
12229,11.resid.2598,11,resid,425,3
12230,0.mlp.37027,0,mlp,16,625
12231,11.resid.23865,11,resid,479,3
12232,0.mlp.27420,0,mlp,15,52
12233,11.resid.29389,11,resid,281,12
12234,0.mlp.28866,0,mlp,16,74
12235,11.resid.29034,11,resid,529,28
12236,0.mlp.1997,0,mlp,6,626
12237,11.resid.25040,11,resid,489,3
12238,0.mlp.7676,0,mlp,12,627
12239,11.resid.17399,11,resid,423,3
12240,0.mlp.24894,0,mlp,42,628
12241,11.resid.35395,11,resid,447,3
12242,0.mlp.19235,0,mlp,20,50
12243,11.resid.40042,11,resid,336,18
12244,0.mlp.15771,0,mlp,14,25
12245,11.resid.38102,11,resid,746,14
12246,0.mlp.5526,0,mlp,12,629
12247,11.resid.5209,11,resid,756,28
12248,0.mlp.22571,0,mlp,32,630
12249,11.resid.13543,11,resid,612,3
12250,0.mlp.3957,0,mlp,47,38
12251,11.resid.12948,11,resid,573,8
12252,0.mlp.5532,0,mlp,13,631
12253,11.resid.2434,11,resid,455,3
12254,0.mlp.15262,0,mlp,23,632
12255,11.resid.4398,11,resid,525,11
12256,0.mlp.13599,0,mlp,10,31
12257,11.resid.615,11,resid,669,3
12258,0.mlp.2386,0,mlp,34,633
12259,11.resid.17596,11,resid,705,41
12260,0.mlp.39209,0,mlp,13,634
12261,11.resid.17270,11,resid,476,29
12262,0.mlp.32799,0,mlp,7,635
12263,11.resid.14508,11,resid,513,3
12264,0.mlp.28843,0,mlp,45,39
12265,11.resid.7787,11,resid,428,3
12266,0.mlp.3674,0,mlp,9,636
12267,11.resid.17385,11,resid,730,14
12268,0.mlp.7434,0,mlp,40,637
12269,11.resid.28910,11,resid,445,25
12270,0.resid.13229,0,resid,15,15
12271,11.mlp.17563,11,mlp,617,28
12272,0.resid.23456,0,resid,17,638
12273,11.mlp.15998,11,mlp,633,3
12274,0.resid.38309,0,resid,42,45
12275,11.mlp.40550,11,mlp,635,3
12276,0.resid.12524,0,resid,26,22
12277,11.mlp.36130,11,mlp,621,3
12278,0.resid.32194,0,resid,19,639
12279,11.mlp.16880,11,mlp,590,20
12280,0.resid.28475,0,resid,141,28
12281,11.mlp.28897,11,mlp,643,64
12282,0.resid.27731,0,resid,21,11
12283,11.mlp.10053,11,mlp,478,3
12284,0.resid.40936,0,resid,28,29
12285,11.mlp.16843,11,mlp,452,13
12286,0.resid.5617,0,resid,16,640
12287,11.mlp.10440,11,mlp,429,23
12288,0.resid.17027,0,resid,11,641
12289,11.mlp.22709,11,mlp,470,14
12290,0.resid.7207,0,resid,64,6
12291,11.mlp.35247,11,mlp,515,3
12292,0.resid.29342,0,resid,55,6
12293,11.mlp.40806,11,mlp,338,3
12294,0.resid.2647,0,resid,183,24
12295,11.mlp.40704,11,mlp,441,3
12296,0.resid.24108,0,resid,11,25
12297,11.mlp.33597,11,mlp,395,3
12298,0.resid.33944,0,resid,13,642
12299,11.mlp.7161,11,mlp,250,16
12300,0.resid.17053,0,resid,23,643
12301,11.mlp.9357,11,mlp,364,11
12302,0.resid.4460,0,resid,66,26
12303,11.mlp.28678,11,mlp,351,3
12304,0.resid.16758,0,resid,27,29
12305,11.mlp.25869,11,mlp,308,36
12306,0.resid.36742,0,resid,22,644
12307,11.mlp.27518,11,mlp,627,694
12308,0.resid.8256,0,resid,26,20
12309,11.mlp.35518,11,mlp,774,3
12310,0.resid.30626,0,resid,51,34
12311,11.mlp.22010,11,mlp,340,3
12312,0.resid.33004,0,resid,99,11
12313,11.mlp.18368,11,mlp,257,3
12314,0.resid.6826,0,resid,52,20
12315,11.mlp.36945,11,mlp,332,3
12316,0.resid.21389,0,resid,34,18
12317,11.mlp.24195,11,mlp,443,3
12318,0.resid.1466,0,resid,126,19
12319,11.mlp.27241,11,mlp,508,6
12320,0.resid.19517,0,resid,50,28
12321,11.mlp.1887,11,mlp,496,3
12322,0.resid.35571,0,resid,51,82
12323,11.mlp.26704,11,mlp,703,3
12324,0.resid.11798,0,resid,22,645
12325,11.mlp.20694,11,mlp,273,3
12326,0.resid.16137,0,resid,19,11
12327,11.mlp.9005,11,mlp,540,9
12328,11.attn.36260,11,attn,422,1
12329,11.attn.3836,11,attn,329,3
12330,1.attn.16628,1,attn,45,15
12331,11.attn.27353,11,attn,220,10
12332,11.attn.2550,11,attn,844,2
12333,1.attn.39739,1,attn,34,646
12334,11.attn.40894,11,attn,353,3
12335,11.attn.24667,11,attn,239,1
12336,11.attn.33607,11,attn,782,3
12337,1.attn.36850,1,attn,62,21
12338,11.attn.19848,11,attn,440,1
12339,1.attn.24381,1,attn,137,24
12340,11.attn.33907,11,attn,387,1
12341,11.attn.1688,11,attn,190,21
12342,11.attn.16424,11,attn,329,3
12343,11.attn.31230,11,attn,325,3
12344,1.attn.4800,1,attn,77,6
12345,11.attn.11049,11,attn,551,9
12346,1.attn.36136,1,attn,66,25
12347,11.attn.22433,11,attn,393,3
12348,11.attn.31118,11,attn,266,3
12349,11.attn.20405,11,attn,976,2
12350,11.attn.10346,11,attn,484,9
12351,11.attn.26714,11,attn,365,1
12352,11.attn.29623,11,attn,660,13
12353,11.attn.5605,11,attn,400,1
12354,1.attn.37072,1,attn,444,14
12355,11.attn.22333,11,attn,353,9
12356,11.attn.20202,11,attn,1377,1
12357,1.attn.4542,1,attn,84,14
12358,11.attn.1669,11,attn,790,3
12359,11.attn.4155,11,attn,323,1
12360,11.attn.4800,11,attn,402,9
12361,11.attn.4104,11,attn,627,24
12362,1.attn.35263,1,attn,85,18
12363,11.attn.31080,11,attn,248,1
12364,1.mlp.22684,1,mlp,78,19
12365,10.resid.9078,10,resid,642,24
12366,1.mlp.37841,1,mlp,248,35
12367,10.resid.10682,10,resid,663,46
12368,1.mlp.35903,1,mlp,142,7
12369,10.resid.17458,10,resid,355,4
12370,1.mlp.24955,1,mlp,85,2
12371,10.resid.13011,10,resid,611,17
12372,1.mlp.9316,1,mlp,116,65
12373,10.resid.31687,10,resid,339,16
12374,1.mlp.2013,1,mlp,150,5
12375,10.resid.17538,10,resid,559,8
12376,1.mlp.29680,1,mlp,135,52
12377,10.resid.21578,10,resid,701,47
12378,1.mlp.17515,1,mlp,86,24
12379,10.resid.13434,10,resid,242,23
12380,1.mlp.28494,1,mlp,51,18
12381,10.resid.2291,10,resid,348,3
12382,1.mlp.30200,1,mlp,77,17
12383,10.resid.34531,10,resid,671,50
12384,1.mlp.8672,1,mlp,99,48
12385,10.resid.14582,10,resid,592,7
12386,1.mlp.30841,1,mlp,154,4
12387,10.resid.39536,10,resid,796,6
12388,1.mlp.22065,1,mlp,149,4
12389,10.resid.3932,10,resid,585,4
12390,1.mlp.39204,1,mlp,125,22
12391,10.resid.10981,10,resid,607,16
12392,1.mlp.7300,1,mlp,98,32
12393,10.resid.1025,10,resid,674,8
12394,1.mlp.11152,1,mlp,207,5
12395,10.resid.22634,10,resid,542,12
12396,1.mlp.22316,1,mlp,163,5
12397,10.resid.38801,10,resid,389,29
12398,1.mlp.5067,1,mlp,173,31
12399,10.resid.39235,10,resid,627,24
12400,1.mlp.21971,1,mlp,157,5
12401,10.resid.35455,10,resid,617,9
12402,1.mlp.7584,1,mlp,123,2
12403,10.resid.3832,10,resid,828,1
12404,1.mlp.9212,1,mlp,93,19
12405,10.resid.18974,10,resid,738,4
12406,1.mlp.32151,1,mlp,88,29
12407,10.resid.21476,10,resid,678,3
12408,1.mlp.25414,1,mlp,156,18
12409,10.resid.30639,10,resid,594,3
12410,1.mlp.8945,1,mlp,112,71
12411,10.resid.10617,10,resid,637,17
12412,1.mlp.26891,1,mlp,197,22
12413,10.resid.22529,10,resid,844,1
12414,1.mlp.13033,1,mlp,175,11
12415,10.resid.4932,10,resid,462,7
12416,1.mlp.8307,1,mlp,201,23
12417,10.resid.36687,10,resid,381,27
12418,1.mlp.9271,1,mlp,60,19
12419,10.resid.16180,10,resid,649,27
12420,1.mlp.23494,1,mlp,115,47
12421,10.mlp.40593,10,mlp,350,29
12422,1.resid.28840,1,resid,55,47
12423,10.mlp.40747,10,mlp,707,7
12424,1.resid.28378,1,resid,72,5
12425,10.mlp.19823,10,mlp,527,19
12426,1.resid.1388,1,resid,183,7
12427,10.mlp.27600,10,mlp,303,26
12428,1.resid.36969,1,resid,59,3
12429,10.mlp.34305,10,mlp,553,44
12430,1.resid.23300,1,resid,156,19
12431,10.mlp.16803,10,mlp,381,22
12432,1.resid.22638,1,resid,100,41
12433,10.mlp.2239,10,mlp,440,16
12434,1.resid.30088,1,resid,116,5
12435,10.mlp.8147,10,mlp,326,17
12436,1.resid.8049,1,resid,122,18
12437,10.mlp.23438,10,mlp,457,11
12438,1.resid.26823,1,resid,64,6
12439,10.mlp.31101,10,mlp,481,27
12440,1.resid.26153,1,resid,137,11
12441,10.mlp.11420,10,mlp,345,40
12442,1.resid.20036,1,resid,84,6
12443,10.mlp.8726,10,mlp,415,19
12444,1.resid.33311,1,resid,80,37
12445,10.mlp.22370,10,mlp,587,28
12446,1.resid.34370,1,resid,104,5
12447,10.mlp.22865,10,mlp,417,38
12448,1.resid.1252,1,resid,42,30
12449,10.mlp.1809,10,mlp,396,7
12450,1.resid.25906,1,resid,89,11
12451,10.mlp.18744,10,mlp,414,6
12452,1.resid.35524,1,resid,95,15
12453,10.mlp.13640,10,mlp,499,11
12454,1.resid.14469,1,resid,84,19
12455,10.mlp.34164,10,mlp,442,57
12456,1.resid.3294,1,resid,86,5
12457,10.mlp.24352,10,mlp,470,13
12458,1.resid.26383,1,resid,49,0
12459,10.mlp.88,10,mlp,520,764
12460,1.resid.11264,1,resid,121,34
12461,10.mlp.9566,10,mlp,523,19
12462,1.resid.22995,1,resid,88,52
12463,10.mlp.21343,10,mlp,665,14
12464,1.resid.34718,1,resid,59,78
12465,10.mlp.14009,10,mlp,518,38
12466,1.resid.2392,1,resid,47,38
12467,10.mlp.33416,10,mlp,771,24
12468,1.resid.32005,1,resid,108,34
12469,10.mlp.7423,10,mlp,511,3
12470,1.resid.24433,1,resid,59,44
12471,10.mlp.11900,10,mlp,581,4
12472,1.resid.27961,1,resid,141,13
12473,10.mlp.12152,10,mlp,431,45
12474,1.resid.38677,1,resid,146,28
12475,10.mlp.32948,10,mlp,473,18
12476,1.resid.31976,1,resid,149,4
12477,10.mlp.30200,10,mlp,366,8
12478,2.attn.11647,2,attn,99,3
12479,10.attn.26748,10,attn,351,1
12480,2.attn.7717,2,attn,146,41
12481,10.attn.39243,10,attn,1326,2
12482,2.attn.12562,2,attn,161,28
12483,10.attn.25658,10,attn,583,20
12484,10.attn.3891,10,attn,630,9
12485,2.attn.7809,2,attn,130,30
12486,10.attn.28037,10,attn,514,29
12487,10.attn.32863,10,attn,594,9
12488,2.attn.3090,2,attn,74,37
12489,10.attn.14975,10,attn,584,9
12490,10.attn.16498,10,attn,523,9
12491,2.attn.21907,2,attn,187,2
12492,10.attn.37661,10,attn,313,9
12493,2.attn.26317,2,attn,118,29
12494,10.attn.18666,10,attn,306,1
12495,2.attn.28038,2,attn,53,20
12496,10.attn.16564,10,attn,359,1
12497,2.attn.11691,2,attn,155,5
12498,10.attn.30832,10,attn,345,40
12499,10.attn.18974,10,attn,511,13
12500,2.attn.27390,2,attn,121,23
12501,10.attn.34775,10,attn,655,33
12502,2.attn.10781,2,attn,168,2
12503,10.attn.20502,10,attn,300,10
12504,2.attn.4433,2,attn,188,24
12505,10.attn.20340,10,attn,446,5
12506,10.attn.25889,10,attn,575,6
12507,10.attn.20464,10,attn,453,29
12508,10.attn.35582,10,attn,781,20
12509,10.attn.30082,10,attn,147,3
12510,2.attn.25361,2,attn,149,7
12511,10.attn.8882,10,attn,206,16
12512,2.attn.5960,2,attn,142,31
12513,10.attn.5552,10,attn,204,3
12514,2.attn.11783,2,attn,226,2
12515,10.attn.39087,10,attn,962,275
12516,2.attn.17956,2,attn,145,6
12517,10.attn.14869,10,attn,285,1
12518,2.attn.30982,2,attn,152,15
12519,10.attn.5975,10,attn,883,1
12520,2.attn.8864,2,attn,148,2
12521,10.attn.30833,10,attn,824,51
12522,2.attn.20804,2,attn,180,2
12523,10.attn.4238,10,attn,295,9
12524,2.attn.28244,2,attn,141,2
12525,2.attn.12596,2,attn,113,2
12526,9.resid.7278,9,resid,598,5
12527,2.mlp.20459,2,mlp,212,24
12528,9.resid.2090,9,resid,630,794
12529,2.mlp.17438,2,mlp,69,648
12530,9.resid.2445,9,resid,566,14
12531,2.mlp.11003,2,mlp,197,32
12532,9.resid.15432,9,resid,474,49
12533,2.mlp.35268,2,mlp,205,39
12534,9.resid.16239,9,resid,435,23
12535,2.mlp.1636,2,mlp,143,12
12536,9.resid.27134,9,resid,719,47
12537,2.mlp.27423,2,mlp,166,4
12538,9.resid.30218,9,resid,474,27
12539,2.mlp.23853,2,mlp,136,20
12540,9.resid.16371,9,resid,533,17
12541,2.mlp.29792,2,mlp,246,22
12542,9.resid.16580,9,resid,641,15
12543,2.mlp.9228,2,mlp,155,7
12544,9.resid.1476,9,resid,550,4
12545,2.mlp.13016,2,mlp,297,5
12546,9.resid.1019,9,resid,376,6
12547,2.mlp.33203,2,mlp,217,14
12548,9.resid.24355,9,resid,551,14
12549,2.mlp.4806,2,mlp,260,48
12550,9.resid.29678,9,resid,451,28
12551,2.mlp.37550,2,mlp,163,11
12552,9.resid.36977,9,resid,241,29
12553,2.mlp.3738,2,mlp,306,2
12554,9.resid.12209,9,resid,594,32
12555,2.mlp.29869,2,mlp,284,30
12556,9.resid.21562,9,resid,374,23
12557,2.mlp.39528,2,mlp,114,5
12558,9.resid.15165,9,resid,597,75
12559,2.mlp.32274,2,mlp,225,54
12560,9.resid.6776,9,resid,475,16
12561,2.mlp.31229,2,mlp,165,7
12562,9.resid.40851,9,resid,467,46
12563,2.mlp.683,2,mlp,208,2
12564,9.resid.15911,9,resid,961,26
12565,2.mlp.32433,2,mlp,187,16
12566,9.resid.39359,9,resid,475,758
12567,2.mlp.5496,2,mlp,107,23
12568,9.resid.39581,9,resid,470,3
12569,2.mlp.17066,2,mlp,193,15
12570,9.resid.26985,9,resid,381,8
12571,2.mlp.13469,2,mlp,227,35
12572,9.resid.14448,9,resid,598,37
12573,2.mlp.16458,2,mlp,127,11
12574,9.resid.29978,9,resid,741,0
12575,2.mlp.23594,2,mlp,150,0
12576,9.resid.2450,9,resid,516,4
12577,2.mlp.22598,2,mlp,251,35
12578,9.resid.13944,9,resid,686,1
12579,2.mlp.13479,2,mlp,246,26
12580,9.resid.1962,9,resid,515,10
12581,2.mlp.12122,2,mlp,224,4
12582,9.resid.17853,9,resid,363,18
12583,2.resid.11721,2,resid,140,2
12584,9.mlp.328,9,mlp,437,428
12585,2.resid.13559,2,resid,155,6
12586,9.mlp.35918,9,mlp,346,18
12587,2.resid.28915,2,resid,98,47
12588,9.mlp.17698,9,mlp,332,23
12589,2.resid.17334,2,resid,240,5
12590,9.mlp.20970,9,mlp,570,4
12591,2.resid.10839,2,resid,215,20
12592,9.mlp.6378,9,mlp,422,14
12593,2.resid.25742,2,resid,174,49
12594,9.mlp.25461,9,mlp,469,20
12595,2.resid.22841,2,resid,180,12
12596,9.mlp.18662,9,mlp,652,11
12597,2.resid.29441,2,resid,117,11
12598,9.mlp.20960,9,mlp,478,7
12599,2.resid.15723,2,resid,141,4
12600,9.mlp.2091,9,mlp,435,7
12601,2.resid.9614,2,resid,128,36
12602,9.mlp.11349,9,mlp,657,16
12603,2.resid.7959,2,resid,205,15
12604,9.mlp.1431,9,mlp,610,38
12605,2.resid.17257,2,resid,120,33
12606,9.mlp.15520,9,mlp,410,7
12607,2.resid.27585,2,resid,61,15
12608,9.mlp.8867,9,mlp,360,26
12609,2.resid.25319,2,resid,99,27
12610,9.mlp.11429,9,mlp,408,6
12611,2.resid.30176,2,resid,118,5
12612,9.mlp.21132,9,mlp,600,316
12613,2.resid.8145,2,resid,121,4
12614,9.mlp.18951,9,mlp,538,7
12615,2.resid.16602,2,resid,184,12
12616,9.mlp.18652,9,mlp,434,277
12617,2.resid.15846,2,resid,208,37
12618,9.mlp.28341,9,mlp,608,18
12619,2.resid.3094,2,resid,96,7
12620,9.mlp.21702,9,mlp,558,16
12621,2.resid.3558,2,resid,191,14
12622,9.mlp.5042,9,mlp,407,13
12623,2.resid.3692,2,resid,225,28
12624,9.mlp.13833,9,mlp,694,2
12625,2.resid.11208,2,resid,68,36
12626,9.mlp.10053,9,mlp,468,24
12627,2.resid.33130,2,resid,128,15
12628,9.mlp.27041,9,mlp,436,691
12629,2.resid.652,2,resid,151,33
12630,9.mlp.21377,9,mlp,479,46
12631,2.resid.14342,2,resid,170,41
12632,9.mlp.27020,9,mlp,370,9
12633,2.resid.22163,2,resid,220,19
12634,9.mlp.24344,9,mlp,346,42
12635,2.resid.15029,2,resid,200,15
12636,9.mlp.38270,9,mlp,468,15
12637,2.resid.25667,2,resid,164,23
12638,9.mlp.12753,9,mlp,450,30
12639,2.resid.10272,2,resid,123,5
12640,9.attn.12375,9,attn,672,19
12641,9.attn.27652,9,attn,470,9
12642,3.attn.33051,3,attn,182,5
12643,9.attn.26659,9,attn,209,13
12644,9.attn.36004,9,attn,180,21
12645,3.attn.1679,3,attn,209,2
12646,9.attn.4504,9,attn,469,13
12647,3.attn.4885,3,attn,146,2
12648,9.attn.10510,9,attn,198,1
12649,3.attn.38346,3,attn,112,3
12650,9.attn.14171,9,attn,564,1
12651,3.attn.12305,3,attn,182,2
12652,9.attn.11004,9,attn,583,44
12653,9.attn.40888,9,attn,700,2
12654,3.attn.23343,3,attn,226,13
12655,9.attn.6792,9,attn,834,77
12656,3.attn.20946,3,attn,364,2
12657,9.attn.30659,9,attn,462,4
12658,3.attn.24259,3,attn,172,7
12659,9.attn.13000,9,attn,533,1
12660,3.attn.4517,3,attn,153,19
12661,9.attn.12668,9,attn,852,793
12662,3.attn.38734,3,attn,144,4
12663,9.attn.38652,9,attn,269,40
12664,3.attn.26841,3,attn,276,2
12665,9.attn.9582,9,attn,778,4
12666,3.attn.20477,3,attn,155,2
12667,9.attn.17553,9,attn,476,32
12668,3.attn.32863,3,attn,276,2
12669,9.attn.30395,9,attn,364,9
12670,3.attn.30304,3,attn,145,21
12671,9.attn.25710,9,attn,669,9
12672,3.attn.39632,3,attn,301,2
12673,9.attn.38729,9,attn,231,1
12674,3.attn.29509,3,attn,346,2
12675,9.attn.39704,9,attn,670,24
12676,3.attn.28424,3,attn,174,2
12677,9.attn.3552,9,attn,278,29
12678,3.attn.29061,3,attn,193,2
12679,9.attn.3547,9,attn,665,77
12680,3.attn.1219,3,attn,137,2
12681,9.attn.27163,9,attn,344,1
12682,3.attn.6555,3,attn,252,2
12683,9.attn.5194,9,attn,272,67
12684,3.attn.1072,3,attn,197,2
12685,9.attn.31778,9,attn,500,1
12686,3.attn.18125,3,attn,195,22
12687,9.attn.19516,9,attn,381,1
12688,3.attn.10841,3,attn,152,2
12689,9.attn.31574,9,attn,198,4
12690,3.attn.13041,3,attn,174,2
12691,9.attn.6287,9,attn,337,1
12692,3.attn.35153,3,attn,154,2
12693,9.attn.23844,9,attn,318,7
12694,3.mlp.28785,3,mlp,254,2
12695,8.resid.2877,8,resid,393,12
12696,3.mlp.26755,3,mlp,225,24
12697,8.resid.11311,8,resid,439,6
12698,3.mlp.23386,3,mlp,352,4
12699,8.resid.4093,8,resid,604,1
12700,3.mlp.21444,3,mlp,210,37
12701,8.resid.37467,8,resid,565,1
12702,3.mlp.31005,3,mlp,258,17
12703,8.resid.4327,8,resid,425,13
12704,3.mlp.26882,3,mlp,331,5
12705,8.resid.16486,8,resid,565,11
12706,3.mlp.4701,3,mlp,231,8
12707,8.resid.1760,8,resid,431,5
12708,3.mlp.29537,3,mlp,280,4
12709,8.resid.10062,8,resid,625,20
12710,3.mlp.22474,3,mlp,192,8
12711,8.resid.37784,8,resid,513,68
12712,3.mlp.6716,3,mlp,332,5
12713,8.resid.18607,8,resid,513,4
12714,3.mlp.18984,3,mlp,200,5
12715,8.resid.10349,8,resid,396,55
12716,3.mlp.18293,3,mlp,253,36
12717,8.resid.2997,8,resid,295,6
12718,3.mlp.35620,3,mlp,387,2
12719,8.resid.6677,8,resid,728,24
12720,3.mlp.35254,3,mlp,136,26
12721,8.resid.26524,8,resid,606,4
12722,3.mlp.8993,3,mlp,346,25
12723,8.resid.26687,8,resid,461,4
12724,3.mlp.20964,3,mlp,374,4
12725,8.resid.32529,8,resid,409,33
12726,3.mlp.5305,3,mlp,166,10
12727,8.resid.3005,8,resid,524,31
12728,3.mlp.18195,3,mlp,196,33
12729,8.resid.38404,8,resid,214,29
12730,3.mlp.2833,3,mlp,340,33
12731,8.resid.31382,8,resid,625,11
12732,3.mlp.19423,3,mlp,257,41
12733,8.resid.6139,8,resid,437,36
12734,3.mlp.31061,3,mlp,258,14
12735,8.resid.15320,8,resid,492,29
12736,3.mlp.6896,3,mlp,279,33
12737,8.resid.25389,8,resid,450,18
12738,3.mlp.21674,3,mlp,174,11
12739,8.resid.37706,8,resid,514,13
12740,3.mlp.24147,3,mlp,200,22
12741,8.resid.24338,8,resid,351,21
12742,3.mlp.15130,3,mlp,156,15
12743,8.resid.36340,8,resid,442,22
12744,3.mlp.29328,3,mlp,235,15
12745,8.resid.24272,8,resid,548,21
12746,3.mlp.11054,3,mlp,285,2
12747,8.resid.35361,8,resid,346,40
12748,3.mlp.23828,3,mlp,261,11
12749,8.resid.21481,8,resid,653,1
12750,3.resid.3762,3,resid,284,79
12751,8.mlp.15781,8,mlp,468,28
12752,3.resid.17335,3,resid,219,10
12753,8.mlp.30408,8,mlp,479,68
12754,3.resid.25238,3,resid,294,27
12755,8.mlp.15537,8,mlp,611,31
12756,3.resid.24598,3,resid,170,39
12757,8.mlp.5513,8,mlp,545,45
12758,3.resid.18835,3,resid,206,32
12759,8.mlp.38830,8,mlp,452,19
12760,3.resid.21022,3,resid,264,31
12761,8.mlp.26851,8,mlp,506,17
12762,3.resid.5338,3,resid,219,35
12763,8.mlp.33252,8,mlp,671,14
12764,3.resid.21667,3,resid,150,28
12765,8.mlp.480,8,mlp,327,11
12766,3.resid.35799,3,resid,305,5
12767,8.mlp.10915,8,mlp,142,17
12768,3.resid.37623,3,resid,267,4
12769,8.mlp.30174,8,mlp,588,12
12770,3.resid.39870,3,resid,121,6
12771,8.mlp.17784,8,mlp,745,25
12772,3.resid.26479,3,resid,320,2
12773,8.mlp.686,8,mlp,472,52
12774,3.resid.38540,3,resid,137,45
12775,8.mlp.33481,8,mlp,575,766
12776,3.resid.872,3,resid,234,2
12777,8.mlp.24138,8,mlp,347,64
12778,3.resid.3112,3,resid,369,4
12779,8.mlp.39571,8,mlp,383,10
12780,3.resid.18500,3,resid,203,9
12781,8.mlp.4209,8,mlp,446,4
12782,3.resid.4086,3,resid,329,34
12783,8.mlp.1023,8,mlp,486,32
12784,3.resid.19493,3,resid,177,7
12785,8.mlp.174,8,mlp,491,11
12786,3.resid.28449,3,resid,105,30
12787,8.mlp.40770,8,mlp,392,23
12788,3.resid.38110,3,resid,254,11
12789,8.mlp.17229,8,mlp,599,7
12790,3.resid.17025,3,resid,160,25
12791,8.mlp.23766,8,mlp,500,19
12792,3.resid.3204,3,resid,241,4
12793,8.mlp.13969,8,mlp,440,788
12794,3.resid.38526,3,resid,156,13
12795,8.mlp.1589,8,mlp,281,36
12796,3.resid.27257,3,resid,269,2
12797,8.mlp.40232,8,mlp,504,10
12798,3.resid.26849,3,resid,284,39
12799,8.mlp.11001,8,mlp,597,28
12800,3.resid.14084,3,resid,126,29
12801,8.mlp.14575,8,mlp,444,14
12802,3.resid.20952,3,resid,182,21
12803,8.mlp.9558,8,mlp,402,11
12804,3.resid.19245,3,resid,214,7
12805,8.mlp.2624,8,mlp,368,11
12806,3.resid.29465,3,resid,393,32
12807,4.attn.28028,4,attn,151,2
12808,8.attn.13746,8,attn,362,28
12809,4.attn.22526,4,attn,219,10
12810,8.attn.1618,8,attn,292,21
12811,4.attn.34762,4,attn,326,4
12812,8.attn.12400,8,attn,638,1
12813,4.attn.29722,4,attn,211,2
12814,8.attn.26302,8,attn,291,8
12815,4.attn.27987,4,attn,216,1
12816,8.attn.27181,8,attn,357,9
12817,4.attn.10594,4,attn,264,17
12818,4.attn.36436,4,attn,175,21
12819,8.attn.12588,8,attn,554,24
12820,4.attn.13851,4,attn,121,2
12821,8.attn.752,8,attn,440,20
12822,4.attn.26152,4,attn,232,2
12823,8.attn.3787,8,attn,312,9
12824,4.attn.21432,4,attn,154,2
12825,4.attn.1706,4,attn,219,14
12826,8.attn.29788,8,attn,281,1
12827,4.attn.12252,4,attn,149,91
12828,8.attn.27099,8,attn,470,9
12829,4.attn.22568,4,attn,223,39
12830,8.attn.40753,8,attn,282,7
12831,4.attn.38881,4,attn,245,16
12832,4.attn.11834,4,attn,221,2
12833,8.attn.26204,8,attn,513,5
12834,4.attn.25908,4,attn,198,2
12835,8.attn.15265,8,attn,343,21
12836,4.attn.21061,4,attn,176,2
12837,8.attn.22500,8,attn,455,14
12838,4.attn.6909,4,attn,227,2
12839,8.attn.28971,8,attn,384,1
12840,4.attn.25984,4,attn,250,2
12841,8.attn.10652,8,attn,646,1
12842,4.attn.40578,4,attn,224,32
12843,4.attn.33472,4,attn,291,2
12844,8.attn.19282,8,attn,1010,42
12845,4.attn.31434,4,attn,162,2
12846,8.attn.6004,8,attn,347,32
12847,4.attn.27126,4,attn,383,2
12848,8.attn.24503,8,attn,277,40
12849,4.attn.10540,4,attn,154,26
12850,8.attn.28930,8,attn,408,1
12851,4.attn.898,4,attn,182,2
12852,4.attn.35456,4,attn,268,2
12853,8.attn.25786,8,attn,391,9
12854,4.attn.35596,4,attn,135,2
12855,8.attn.3391,8,attn,367,12
12856,4.attn.18303,4,attn,270,2
12857,8.attn.13401,8,attn,153,1
12858,4.mlp.29122,4,mlp,342,18
12859,7.resid.24015,7,resid,342,12
12860,4.mlp.9096,4,mlp,314,19
12861,7.resid.23018,7,resid,651,14
12862,4.mlp.3405,4,mlp,249,12
12863,7.resid.9029,7,resid,429,35
12864,4.mlp.27910,4,mlp,212,6
12865,7.resid.9561,7,resid,719,5
12866,4.mlp.26088,4,mlp,540,84
12867,7.resid.17451,7,resid,511,39
12868,4.mlp.35567,4,mlp,246,7
12869,7.resid.14659,7,resid,520,16
12870,4.mlp.9267,4,mlp,201,17
12871,7.resid.38415,7,resid,536,16
12872,4.mlp.11484,4,mlp,178,18
12873,7.resid.110,7,resid,567,55
12874,4.mlp.12878,4,mlp,196,28
12875,7.resid.29419,7,resid,488,41
12876,4.mlp.21782,4,mlp,312,33
12877,7.resid.30621,7,resid,413,30
12878,4.mlp.23582,4,mlp,351,31
12879,7.resid.39108,7,resid,297,24
12880,4.mlp.10618,4,mlp,194,13
12881,7.resid.38548,7,resid,415,48
12882,4.mlp.28610,4,mlp,390,11
12883,7.resid.14428,7,resid,475,7
12884,4.mlp.36227,4,mlp,158,11
12885,7.resid.6143,7,resid,585,23
12886,4.mlp.4153,4,mlp,402,5
12887,7.resid.34018,7,resid,474,9
12888,4.mlp.26101,4,mlp,328,4
12889,7.resid.17806,7,resid,195,9
12890,4.mlp.33747,4,mlp,497,48
12891,7.resid.13584,7,resid,497,33
12892,4.mlp.11223,4,mlp,241,18
12893,7.resid.29011,7,resid,482,12
12894,4.mlp.18166,4,mlp,292,5
12895,7.resid.27707,7,resid,523,27
12896,4.mlp.18419,4,mlp,142,37
12897,7.resid.13971,7,resid,459,35
12898,4.mlp.11886,4,mlp,259,16
12899,7.resid.23212,7,resid,450,11
12900,4.mlp.12494,4,mlp,375,4
12901,7.resid.2868,7,resid,386,27
12902,4.mlp.29648,4,mlp,425,5
12903,7.resid.30616,7,resid,348,5
12904,4.mlp.7579,4,mlp,402,0
12905,7.resid.23362,7,resid,465,23
12906,4.mlp.4323,4,mlp,344,7
12907,7.resid.4982,7,resid,460,26
12908,4.mlp.14651,4,mlp,289,36
12909,7.resid.20326,7,resid,498,16
12910,4.mlp.4168,4,mlp,493,0
12911,7.resid.21150,7,resid,505,1
12912,4.mlp.350,4,mlp,375,0
12913,7.resid.3575,7,resid,474,12
12914,4.mlp.26,4,mlp,120,12
12915,7.mlp.22991,7,mlp,346,10
12916,4.resid.11018,4,resid,401,15
12917,7.mlp.14060,7,mlp,330,27
12918,4.resid.24825,4,resid,275,26
12919,7.mlp.33154,7,mlp,146,17
12920,4.resid.25782,4,resid,227,24
12921,7.mlp.31071,7,mlp,205,12
12922,4.resid.29541,4,resid,262,19
12923,7.mlp.7242,7,mlp,369,10
12924,4.resid.10941,4,resid,236,30
12925,7.mlp.33001,7,mlp,518,13
12926,4.resid.16488,4,resid,232,5
12927,7.mlp.475,7,mlp,346,4
12928,4.resid.29741,4,resid,312,0
12929,7.mlp.9263,7,mlp,455,55
12930,4.resid.16419,4,resid,233,24
12931,7.mlp.553,7,mlp,554,18
12932,4.resid.27022,4,resid,289,8
12933,7.mlp.38431,7,mlp,516,7
12934,4.resid.11905,4,resid,230,24
12935,7.mlp.39146,7,mlp,619,4
12936,4.resid.24431,4,resid,241,4
12937,7.mlp.2117,7,mlp,431,8
12938,4.resid.36657,4,resid,261,33
12939,7.mlp.7172,7,mlp,424,6
12940,4.resid.23152,4,resid,192,15
12941,7.mlp.7439,7,mlp,513,12
12942,4.resid.28279,4,resid,258,66
12943,7.mlp.33926,7,mlp,443,6
12944,4.resid.32032,4,resid,168,15
12945,7.mlp.11434,7,mlp,411,6
12946,4.resid.23564,4,resid,428,17
12947,7.mlp.32570,7,mlp,608,40
12948,4.resid.13223,4,resid,319,6
12949,7.mlp.25841,7,mlp,285,58
12950,4.resid.17195,4,resid,244,25
12951,7.mlp.15419,7,mlp,552,0
12952,4.resid.33154,4,resid,363,34
12953,7.mlp.19268,7,mlp,391,7
12954,4.resid.16669,4,resid,363,2
12955,7.mlp.19701,7,mlp,370,8
12956,4.resid.35498,4,resid,301,46
12957,7.mlp.33524,7,mlp,275,22
12958,4.resid.5791,4,resid,375,10
12959,7.mlp.30958,7,mlp,476,13
12960,4.resid.25467,4,resid,370,10
12961,7.mlp.3888,7,mlp,252,44
12962,4.resid.5861,4,resid,242,35
12963,7.mlp.29677,7,mlp,430,23
12964,4.resid.11589,4,resid,382,28
12965,7.mlp.28649,7,mlp,252,27
12966,4.resid.27846,4,resid,349,29
12967,7.mlp.13957,7,mlp,364,59
12968,4.resid.28434,4,resid,218,16
12969,7.mlp.10624,7,mlp,357,55
12970,4.resid.13558,4,resid,274,21
12971,7.mlp.23308,7,mlp,424,35
12972,5.attn.7228,5,attn,192,10
12973,7.attn.1133,7,attn,356,0
12974,5.attn.22635,5,attn,357,14
12975,7.attn.9238,7,attn,511,9
12976,5.attn.36194,5,attn,455,0
12977,7.attn.32799,7,attn,504,9
12978,5.attn.1714,5,attn,209,0
12979,7.attn.33955,7,attn,382,1
12980,5.attn.40557,5,attn,150,0
12981,7.attn.28337,7,attn,202,1
12982,5.attn.20800,5,attn,241,2
12983,7.attn.35131,7,attn,448,9
12984,5.attn.15796,5,attn,220,20
12985,7.attn.1603,7,attn,186,0
12986,5.attn.31509,5,attn,210,0
12987,5.attn.6319,5,attn,225,0
12988,7.attn.10497,7,attn,255,1
12989,7.attn.17330,7,attn,347,9
12990,5.attn.27260,5,attn,356,5
12991,7.attn.12103,7,attn,325,1
12992,5.attn.29020,5,attn,364,20
12993,7.attn.34499,7,attn,465,21
12994,5.attn.16522,5,attn,303,7
12995,7.attn.8702,7,attn,335,1
12996,5.attn.22088,5,attn,362,4
12997,7.attn.15815,7,attn,339,1
12998,7.attn.5797,7,attn,347,12
12999,5.attn.1288,5,attn,221,1
13000,7.attn.12886,7,attn,273,43
13001,5.attn.23370,5,attn,217,19
13002,5.attn.18007,5,attn,590,0
13003,7.attn.4737,7,attn,189,1
13004,5.attn.33782,5,attn,528,0
13005,5.attn.40423,5,attn,150,0
13006,7.attn.3963,7,attn,664,25
13007,5.attn.5587,5,attn,298,28
13008,7.attn.6310,7,attn,177,37
13009,7.attn.2121,7,attn,331,43
13010,5.attn.24301,5,attn,400,0
13011,7.attn.23378,7,attn,396,12
13012,5.attn.40162,5,attn,453,5
13013,7.attn.20728,7,attn,549,9
13014,5.attn.39708,5,attn,187,12
13015,7.attn.30584,7,attn,491,0
13016,5.attn.10447,5,attn,190,9
13017,7.attn.8884,7,attn,342,40
13018,5.attn.13730,5,attn,235,41
13019,7.attn.36624,7,attn,207,4
13020,5.attn.36459,5,attn,259,5
13021,6.resid.25264,6,resid,357,37
13022,5.mlp.29369,5,mlp,236,66
13023,6.resid.18596,6,resid,335,5
13024,5.mlp.10337,5,mlp,248,56
13025,6.resid.36613,6,resid,545,18
13026,5.mlp.1277,5,mlp,412,0
13027,6.resid.16889,6,resid,490,34
13028,5.mlp.23706,5,mlp,428,14
13029,6.resid.31772,6,resid,335,6
13030,5.mlp.2012,5,mlp,251,23
13031,6.resid.17465,6,resid,213,16
13032,5.mlp.33830,5,mlp,378,5
13033,6.resid.22989,6,resid,155,40
13034,5.mlp.28145,5,mlp,303,30
13035,6.resid.9278,6,resid,303,8
13036,5.mlp.32230,5,mlp,380,16
13037,6.resid.23508,6,resid,706,2
13038,5.mlp.28082,5,mlp,326,10
13039,6.resid.29568,6,resid,417,3
13040,5.mlp.4771,5,mlp,444,7
13041,6.resid.8041,6,resid,363,5
13042,5.mlp.14356,5,mlp,549,0
13043,6.resid.24976,6,resid,502,0
13044,5.mlp.26413,5,mlp,346,5
13045,6.resid.17519,6,resid,420,32
13046,5.mlp.7485,5,mlp,414,8
13047,6.resid.7905,6,resid,372,39
13048,5.mlp.12873,5,mlp,223,20
13049,6.resid.24934,6,resid,261,26
13050,5.mlp.37259,5,mlp,216,22
13051,6.resid.19018,6,resid,452,0
13052,5.mlp.6449,5,mlp,303,0
13053,6.resid.2741,6,resid,343,31
13054,5.mlp.36353,5,mlp,358,6
13055,6.resid.38543,6,resid,395,8
13056,5.mlp.16696,5,mlp,343,35
13057,6.resid.18094,6,resid,396,0
13058,5.mlp.23318,5,mlp,206,24
13059,6.resid.18425,6,resid,375,5
13060,5.mlp.36724,5,mlp,242,20
13061,6.resid.8037,6,resid,541,12
13062,5.mlp.9411,5,mlp,256,50
13063,6.resid.5318,6,resid,390,35
13064,5.mlp.209,5,mlp,315,23
13065,6.resid.34214,6,resid,571,34
13066,5.mlp.35378,5,mlp,477,11
13067,6.resid.38891,6,resid,535,48
13068,5.mlp.893,5,mlp,346,15
13069,6.resid.16076,6,resid,424,5
13070,5.mlp.28662,5,mlp,324,0
13071,6.resid.12057,6,resid,304,12
13072,5.mlp.3537,5,mlp,203,41
13073,6.resid.28174,6,resid,446,4
13074,5.mlp.39952,5,mlp,247,9
13075,6.resid.5688,6,resid,409,4
13076,5.mlp.17527,5,mlp,266,45
13077,6.resid.33594,6,resid,292,46
13078,5.resid.12844,5,resid,265,20
13079,6.mlp.33944,6,mlp,607,16
13080,5.resid.5730,5,resid,341,6
13081,6.mlp.25697,6,mlp,564,6
13082,5.resid.9913,5,resid,288,5
13083,6.mlp.31541,6,mlp,511,0
13084,5.resid.21308,5,resid,315,12
13085,6.mlp.3800,6,mlp,354,15
13086,5.resid.31323,5,resid,303,7
13087,6.mlp.2889,6,mlp,287,61
13088,5.resid.31123,5,resid,380,33
13089,6.mlp.13498,6,mlp,247,15
13090,5.resid.22944,5,resid,423,16
13091,6.mlp.33683,6,mlp,562,19
13092,5.resid.5414,5,resid,255,16
13093,6.mlp.9351,6,mlp,357,33
13094,5.resid.36593,5,resid,161,2
13095,6.mlp.23436,6,mlp,432,0
13096,5.resid.5290,5,resid,324,0
13097,6.mlp.8590,6,mlp,529,7
13098,5.resid.35667,5,resid,305,12
13099,6.mlp.6323,6,mlp,407,13
13100,5.resid.19075,5,resid,316,4
13101,6.mlp.31949,6,mlp,259,32
13102,5.resid.27363,5,resid,348,0
13103,6.mlp.36465,6,mlp,452,1
13104,5.resid.34178,5,resid,247,6
13105,6.mlp.11693,6,mlp,373,44
13106,5.resid.17786,5,resid,402,0
13107,6.mlp.25102,6,mlp,307,25
13108,5.resid.32512,5,resid,346,31
13109,6.mlp.38966,6,mlp,314,25
13110,5.resid.18218,5,resid,354,33
13111,6.mlp.15613,6,mlp,333,12
13112,5.resid.33044,5,resid,265,7
13113,6.mlp.32271,6,mlp,467,15
13114,5.resid.20287,5,resid,364,35
13115,6.mlp.20793,6,mlp,264,48
13116,5.resid.36707,5,resid,430,10
13117,6.mlp.3622,6,mlp,510,0
13118,5.resid.22301,5,resid,280,8
13119,6.mlp.7465,6,mlp,340,17
13120,5.resid.39436,5,resid,379,17
13121,6.mlp.38744,6,mlp,305,25
13122,5.resid.34660,5,resid,465,26
13123,6.mlp.35604,6,mlp,316,11
13124,5.resid.11148,5,resid,437,0
13125,6.mlp.31409,6,mlp,438,45
13126,5.resid.37895,5,resid,304,33
13127,6.mlp.20108,6,mlp,430,10
13128,5.resid.36140,5,resid,300,24
13129,6.mlp.25302,6,mlp,388,18
13130,5.resid.36511,5,resid,443,52
13131,6.mlp.11274,6,mlp,476,4
13132,5.resid.38130,5,resid,310,31
13133,6.mlp.38067,6,mlp,413,15
13134,6.attn.28394,6,attn,291,0
13135,6.attn.24645,6,attn,272,0
13136,6.attn.38,6,attn,389,8
13137,6.attn.35499,6,attn,106,3
13138,6.attn.2092,6,attn,181,2
13139,6.attn.31229,6,attn,241,0
13140,6.attn.28470,6,attn,321,0
13141,6.attn.26652,6,attn,497,0
13142,6.attn.37416,6,attn,266,0
13143,6.attn.23951,6,attn,300,68
13144,6.attn.5208,6,attn,432,0
13145,6.attn.5925,6,attn,347,1
13146,6.attn.34156,6,attn,380,0
13147,6.attn.20737,6,attn,468,0
13148,6.attn.28294,6,attn,406,0
13149,6.attn.22635,6,attn,230,1
13150,6.attn.23425,6,attn,417,24
13151,6.attn.23384,6,attn,369,1
13152,6.attn.13988,6,attn,433,0
13153,6.attn.16245,6,attn,232,10
13154,6.attn.33144,6,attn,338,17
13155,6.attn.11955,6,attn,423,31
13156,6.attn.10791,6,attn,364,20
13157,6.attn.18731,6,attn,482,0
13158,6.attn.40149,6,attn,230,0
13159,6.attn.36294,6,attn,426,0
13160,0.mlp.10774,0,mlp,24,658
13161,0.mlp.36144,0,mlp,12,659
13162,11.resid.36549,11,resid,436,3
13163,0.mlp.34295,0,mlp,4,660
13164,11.resid.26806,11,resid,565,3
13165,0.mlp.8681,0,mlp,16,661
13166,11.resid.25071,11,resid,620,11
13167,0.mlp.26260,0,mlp,21,2
13168,11.resid.27792,11,resid,202,4
13169,0.mlp.39313,0,mlp,22,662
13170,11.resid.9812,11,resid,323,3
13171,0.mlp.2759,0,mlp,12,663
13172,11.resid.15045,11,resid,849,14
13173,0.mlp.37491,0,mlp,14,664
13174,11.resid.38826,11,resid,509,3
13175,0.mlp.916,0,mlp,20,665
13176,11.resid.27269,11,resid,925,3
13177,0.mlp.9934,0,mlp,8,666
13178,11.resid.16455,11,resid,278,1
13179,0.mlp.35913,0,mlp,18,44
13180,11.resid.39121,11,resid,552,3
13181,0.mlp.39329,0,mlp,14,8
13182,11.resid.8964,11,resid,326,3
13183,0.mlp.7516,0,mlp,7,667
13184,11.resid.28811,11,resid,447,14
13185,0.mlp.1566,0,mlp,14,668
13186,11.resid.30587,11,resid,273,7
13187,0.mlp.38274,0,mlp,20,20
13188,11.resid.15437,11,resid,426,3
13189,0.mlp.401,0,mlp,27,669
13190,11.resid.18681,11,resid,460,3
13191,0.mlp.37185,0,mlp,14,670
13192,11.resid.6856,11,resid,562,14
13193,0.mlp.28453,0,mlp,57,34
13194,11.resid.6511,11,resid,438,3
13195,0.mlp.6176,0,mlp,13,22
13196,11.resid.16485,11,resid,540,10
13197,0.mlp.14799,0,mlp,14,671
13198,11.resid.5065,11,resid,650,3
13199,0.mlp.39894,0,mlp,26,672
13200,11.resid.25925,11,resid,354,3
13201,0.mlp.8297,0,mlp,35,30
13202,11.resid.4674,11,resid,239,3
13203,0.mlp.37929,0,mlp,16,31
13204,11.resid.14483,11,resid,441,6
13205,0.mlp.18039,0,mlp,18,15
13206,11.resid.17397,11,resid,519,16
13207,0.mlp.233,0,mlp,94,19
13208,11.resid.16872,11,resid,405,3
13209,0.mlp.14720,0,mlp,22,673
13210,11.resid.14145,11,resid,257,3
13211,0.mlp.27898,0,mlp,39,674
13212,11.resid.10817,11,resid,544,38
13213,0.mlp.11201,0,mlp,26,675
13214,11.resid.22570,11,resid,349,3
13215,0.mlp.38172,0,mlp,20,676
13216,11.resid.40447,11,resid,199,3
13217,0.resid.15108,0,resid,14,677
13218,11.mlp.18156,11,mlp,567,7
13219,0.resid.13036,0,resid,15,10
13220,11.mlp.27190,11,mlp,516,51
13221,0.resid.39756,0,resid,27,26
13222,11.mlp.21730,11,mlp,571,30
13223,0.resid.35455,0,resid,21,20
13224,11.mlp.1254,11,mlp,258,26
13225,0.resid.10821,0,resid,39,6
13226,11.mlp.35602,11,mlp,650,6
13227,0.resid.16705,0,resid,66,7
13228,11.mlp.23665,11,mlp,672,12
13229,0.resid.28812,0,resid,103,5
13230,11.mlp.35540,11,mlp,444,3
13231,0.resid.6237,0,resid,82,4
13232,11.mlp.6433,11,mlp,341,9
13233,0.resid.16698,0,resid,43,6
13234,11.mlp.40579,11,mlp,616,12
13235,0.resid.26357,0,resid,219,34
13236,11.mlp.29909,11,mlp,558,97
13237,0.resid.20685,0,resid,88,678
13238,11.mlp.522,11,mlp,447,16
13239,0.resid.5911,0,resid,60,11
13240,11.mlp.5473,11,mlp,592,36
13241,0.resid.28409,0,resid,81,34
13242,11.mlp.436,11,mlp,648,3
13243,0.resid.20059,0,resid,230,21
13244,11.mlp.6765,11,mlp,544,14
13245,0.resid.11781,0,resid,34,34
13246,11.mlp.17554,11,mlp,440,3
13247,0.resid.30726,0,resid,64,4
13248,11.mlp.40787,11,mlp,763,3
13249,0.resid.25124,0,resid,12,0
13250,11.mlp.29881,11,mlp,533,17
13251,0.resid.32975,0,resid,27,5
13252,11.mlp.23741,11,mlp,487,28
13253,0.resid.34590,0,resid,15,5
13254,11.mlp.14840,11,mlp,534,727
13255,0.resid.21989,0,resid,17,679
13256,11.mlp.12573,11,mlp,861,17
13257,0.resid.3221,0,resid,88,16
13258,11.mlp.28208,11,mlp,662,87
13259,0.resid.13158,0,resid,162,7
13260,11.mlp.30001,11,mlp,580,65
13261,0.resid.3940,0,resid,45,29
13262,11.mlp.31056,11,mlp,435,3
13263,0.resid.30450,0,resid,82,21
13264,11.mlp.39072,11,mlp,807,28
13265,0.resid.20345,0,resid,61,10
13266,11.mlp.1883,11,mlp,448,3
13267,0.resid.27340,0,resid,11,680
13268,11.mlp.36517,11,mlp,487,11
13269,0.resid.36600,0,resid,17,681
13270,11.mlp.16211,11,mlp,388,455
13271,0.resid.26862,0,resid,27,682
13272,11.mlp.8839,11,mlp,254,3
13273,0.resid.7434,0,resid,28,39
13274,11.mlp.17013,11,mlp,517,3
13275,11.attn.4679,11,attn,407,27
13276,11.attn.27270,11,attn,364,1
13277,11.attn.28428,11,attn,618,3
13278,11.attn.8374,11,attn,566,1
13279,1.attn.38611,1,attn,64,16
13280,11.attn.16989,11,attn,815,1
13281,11.attn.33870,11,attn,214,47
13282,11.attn.2640,11,attn,936,1
13283,11.attn.32332,11,attn,316,1
13284,11.attn.31698,11,attn,432,1
13285,1.attn.13985,1,attn,75,30
13286,11.attn.38390,11,attn,326,1
13287,11.attn.39979,11,attn,652,9
13288,1.attn.40307,1,attn,87,53
13289,11.attn.26000,11,attn,291,3
13290,11.attn.31557,11,attn,363,1
13291,11.attn.4122,11,attn,434,3
13292,11.attn.40102,11,attn,362,3
13293,11.attn.773,11,attn,883,3
13294,11.attn.30684,11,attn,392,21
13295,11.attn.28119,11,attn,394,1
13296,1.attn.22875,1,attn,60,48
13297,11.attn.18935,11,attn,661,27
13298,1.attn.5781,1,attn,83,21
13299,11.attn.3678,11,attn,473,3
13300,11.attn.17828,11,attn,578,9
13301,1.attn.35831,1,attn,119,6
13302,11.attn.36757,11,attn,517,21
13303,1.attn.4323,1,attn,50,683
13304,11.attn.31650,11,attn,218,9
13305,11.attn.17218,11,attn,711,9
13306,1.attn.19201,1,attn,141,12
13307,11.attn.8863,11,attn,306,1
13308,1.attn.28703,1,attn,88,11
13309,11.attn.28014,11,attn,503,3
13310,11.attn.9984,11,attn,611,3
13311,1.mlp.33441,1,mlp,190,47
13312,10.resid.11024,10,resid,201,19
13313,1.mlp.6156,1,mlp,148,76
13314,10.resid.40226,10,resid,709,38
13315,1.mlp.36546,1,mlp,201,11
13316,10.resid.30349,10,resid,521,22
13317,1.mlp.2193,1,mlp,137,27
13318,10.resid.14611,10,resid,376,8
13319,1.mlp.17816,1,mlp,273,11
13320,10.resid.73,10,resid,569,6
13321,1.mlp.37214,1,mlp,82,44
13322,10.resid.18513,10,resid,323,20
13323,1.mlp.28429,1,mlp,95,7
13324,10.resid.18145,10,resid,672,1
13325,1.mlp.5168,1,mlp,93,54
13326,10.resid.3757,10,resid,427,38
13327,1.mlp.35165,1,mlp,138,12
13328,10.resid.29270,10,resid,431,4
13329,1.mlp.12112,1,mlp,96,15
13330,10.resid.25765,10,resid,420,16
13331,1.mlp.29488,1,mlp,86,15
13332,10.resid.1625,10,resid,471,3
13333,1.mlp.27859,1,mlp,67,26
13334,10.resid.22758,10,resid,561,580
13335,1.mlp.22503,1,mlp,96,6
13336,10.resid.11089,10,resid,695,8
13337,1.mlp.20390,1,mlp,107,5
13338,10.resid.26862,10,resid,719,0
13339,1.mlp.18697,1,mlp,219,24
13340,10.resid.21672,10,resid,566,13
13341,1.mlp.36185,1,mlp,134,21
13342,10.resid.2581,10,resid,711,3
13343,1.mlp.35584,1,mlp,111,5
13344,10.resid.28325,10,resid,421,14
13345,1.mlp.29550,1,mlp,105,16
13346,10.resid.11684,10,resid,544,8
13347,1.mlp.7147,1,mlp,75,6
13348,10.resid.2500,10,resid,575,36
13349,1.mlp.12781,1,mlp,135,2
13350,10.resid.8183,10,resid,632,1
13351,1.mlp.28188,1,mlp,277,5
13352,10.resid.40782,10,resid,1380,2
13353,1.mlp.28328,1,mlp,178,5
13354,10.resid.17493,10,resid,458,13
13355,1.mlp.14660,1,mlp,303,5
13356,10.resid.38616,10,resid,657,14
13357,1.mlp.32750,1,mlp,123,25
13358,10.resid.21445,10,resid,842,1
13359,1.mlp.30536,1,mlp,179,6
13360,10.resid.33059,10,resid,638,1
13361,1.mlp.38376,1,mlp,143,5
13362,10.resid.36024,10,resid,436,1
13363,1.mlp.16608,1,mlp,103,18
13364,10.resid.30389,10,resid,765,13
13365,1.mlp.31816,1,mlp,143,79
13366,10.resid.27858,10,resid,220,40
13367,1.mlp.10877,1,mlp,135,18
13368,10.mlp.9846,10,mlp,616,46
13369,1.resid.33344,1,resid,73,10
13370,10.mlp.29892,10,mlp,499,16
13371,1.resid.39115,1,resid,52,686
13372,10.mlp.16234,10,mlp,252,10
13373,1.resid.5767,1,resid,74,5
13374,10.mlp.26310,10,mlp,559,13
13375,1.resid.3669,1,resid,86,20
13376,10.mlp.22284,10,mlp,633,4
13377,1.resid.26862,1,resid,154,5
13378,10.mlp.17222,10,mlp,305,6
13379,1.resid.31813,1,resid,99,24
13380,10.mlp.35239,10,mlp,607,0
13381,1.resid.10961,1,resid,104,15
13382,10.mlp.4516,10,mlp,651,28
13383,1.resid.29552,1,resid,69,56
13384,10.mlp.26902,10,mlp,297,18
13385,1.resid.1070,1,resid,113,36
13386,10.mlp.39328,10,mlp,329,22
13387,1.resid.16916,1,resid,52,11
13388,10.mlp.26665,10,mlp,497,16
13389,1.resid.1656,1,resid,54,687
13390,10.mlp.4539,10,mlp,407,13
13391,1.resid.16843,1,resid,106,17
13392,10.mlp.31184,10,mlp,419,23
13393,1.resid.31599,1,resid,143,8
13394,10.mlp.4139,10,mlp,265,9
13395,1.resid.36165,1,resid,98,30
13396,10.mlp.3589,10,mlp,440,26
13397,1.resid.6367,1,resid,57,18
13398,10.mlp.5342,10,mlp,524,12
13399,1.resid.5989,1,resid,55,11
13400,10.mlp.233,10,mlp,373,1
13401,1.resid.28936,1,resid,154,11
13402,10.mlp.22850,10,mlp,654,10
13403,1.resid.2113,1,resid,135,19
13404,10.mlp.15966,10,mlp,427,20
13405,1.resid.9259,1,resid,81,13
13406,10.mlp.5255,10,mlp,432,19
13407,1.resid.12765,1,resid,80,30
13408,10.mlp.14251,10,mlp,645,27
13409,1.resid.2319,1,resid,115,32
13410,10.mlp.34381,10,mlp,382,4
13411,1.resid.23854,1,resid,79,11
13412,10.mlp.39429,10,mlp,622,109
13413,1.resid.27382,1,resid,112,13
13414,10.mlp.10600,10,mlp,642,14
13415,1.resid.2694,1,resid,157,41
13416,10.mlp.29429,10,mlp,514,17
13417,1.resid.9528,1,resid,118,4
13418,10.mlp.18623,10,mlp,581,8
13419,1.resid.17179,1,resid,119,32
13420,10.mlp.24032,10,mlp,502,26
13421,1.resid.19605,1,resid,89,35
13422,10.mlp.21922,10,mlp,614,18
13423,1.resid.505,1,resid,161,20
13424,10.mlp.13898,10,mlp,506,27
13425,2.attn.36705,2,attn,93,21
13426,10.attn.3325,10,attn,530,8
13427,2.attn.30902,2,attn,147,2
13428,10.attn.23631,10,attn,551,9
13429,10.attn.32535,10,attn,418,9
13430,2.attn.35948,2,attn,145,4
13431,10.attn.22980,10,attn,526,2
13432,10.attn.36348,10,attn,1310,2
13433,2.attn.31613,2,attn,86,31
13434,10.attn.4043,10,attn,257,1
13435,10.attn.21857,10,attn,1017,1
13436,2.attn.37882,2,attn,87,10
13437,10.attn.10039,10,attn,351,16
13438,2.attn.12564,2,attn,98,42
13439,10.attn.7490,10,attn,346,1
13440,10.attn.16990,10,attn,374,26
13441,10.attn.14721,10,attn,243,5
13442,10.attn.10922,10,attn,347,1
13443,2.attn.1292,2,attn,159,34
13444,10.attn.12179,10,attn,687,45
13445,10.attn.35681,10,attn,429,1
13446,10.attn.11472,10,attn,372,9
13447,10.attn.22152,10,attn,646,23
13448,2.attn.38404,2,attn,93,2
13449,10.attn.2652,10,attn,1138,2
13450,2.attn.18361,2,attn,92,53
13451,10.attn.6893,10,attn,223,1
13452,10.attn.16967,10,attn,563,1
13453,2.attn.8005,2,attn,163,21
13454,10.attn.29163,10,attn,343,1
13455,2.attn.7698,2,attn,287,24
13456,10.attn.8147,10,attn,907,2
13457,2.attn.7818,2,attn,122,7
13458,10.attn.35054,10,attn,1052,8
13459,2.attn.8165,2,attn,125,21
13460,10.attn.38662,10,attn,688,20
13461,2.attn.26993,2,attn,123,2
13462,10.attn.31179,10,attn,545,25
13463,2.attn.4200,2,attn,245,2
13464,10.attn.37890,10,attn,362,1
13465,2.attn.6780,2,attn,188,2
13466,10.attn.40750,10,attn,310,10
13467,2.attn.30377,2,attn,126,5
13468,10.attn.29046,10,attn,549,19
13469,2.attn.16854,2,attn,61,688
13470,10.attn.28374,10,attn,316,1
13471,2.attn.6898,2,attn,177,13
13472,9.resid.39902,9,resid,675,27
13473,2.mlp.33656,2,mlp,214,2
13474,9.resid.1457,9,resid,910,1
13475,2.mlp.32005,2,mlp,211,15
13476,9.resid.14083,9,resid,460,6
13477,2.mlp.23989,2,mlp,198,32
13478,9.resid.6500,9,resid,439,18
13479,2.mlp.20602,2,mlp,136,4
13480,9.resid.7981,9,resid,441,12
13481,2.mlp.5291,2,mlp,249,5
13482,9.resid.39054,9,resid,266,9
13483,2.mlp.351,2,mlp,175,2
13484,9.resid.1283,9,resid,225,3
13485,2.mlp.36639,2,mlp,117,11
13486,9.resid.20985,9,resid,722,1
13487,2.mlp.18100,2,mlp,151,6
13488,9.resid.5457,9,resid,341,31
13489,2.mlp.14137,2,mlp,203,4
13490,9.resid.33440,9,resid,830,1
13491,2.mlp.29836,2,mlp,179,2
13492,9.resid.40883,9,resid,402,11
13493,2.mlp.38839,2,mlp,396,11
13494,9.resid.26767,9,resid,433,8
13495,2.mlp.27692,2,mlp,231,14
13496,9.resid.8375,9,resid,644,32
13497,2.mlp.5714,2,mlp,251,5
13498,9.resid.12589,9,resid,275,10
13499,2.mlp.33685,2,mlp,225,25
13500,9.resid.31970,9,resid,613,8
13501,2.mlp.36637,2,mlp,173,7
13502,9.resid.5546,9,resid,851,0
13503,2.mlp.8386,2,mlp,229,19
13504,9.resid.216,9,resid,507,4
13505,2.mlp.40498,2,mlp,167,29
13506,9.resid.669,9,resid,839,1
13507,2.mlp.22125,2,mlp,170,14
13508,9.resid.11729,9,resid,560,17
13509,2.mlp.29755,2,mlp,279,19
13510,9.resid.11989,9,resid,735,8
13511,2.mlp.7047,2,mlp,291,6
13512,9.resid.12359,9,resid,673,34
13513,2.mlp.36048,2,mlp,295,5
13514,9.resid.2265,9,resid,729,1
13515,2.mlp.15303,2,mlp,153,54
13516,9.resid.36200,9,resid,614,18
13517,2.mlp.34099,2,mlp,285,50
13518,9.resid.2589,9,resid,508,40
13519,2.mlp.10166,2,mlp,209,5
13520,9.resid.11393,9,resid,687,6
13521,2.mlp.20525,2,mlp,158,11
13522,9.resid.18291,9,resid,640,32
13523,2.mlp.14289,2,mlp,209,25
13524,9.resid.8812,9,resid,504,42
13525,2.mlp.38531,2,mlp,235,8
13526,9.resid.103,9,resid,491,6
13527,2.mlp.1376,2,mlp,116,4
13528,9.resid.1422,9,resid,659,1
13529,2.resid.24196,2,resid,171,33
13530,9.mlp.39153,9,mlp,338,14
13531,2.resid.12567,2,resid,106,1
13532,9.mlp.4106,9,mlp,652,7
13533,2.resid.34900,2,resid,171,24
13534,9.mlp.39232,9,mlp,797,790
13535,2.resid.4537,2,resid,121,6
13536,9.mlp.17331,9,mlp,286,38
13537,2.resid.33377,2,resid,71,15
13538,9.mlp.37143,9,mlp,352,7
13539,2.resid.36332,2,resid,210,11
13540,9.mlp.38961,9,mlp,304,29
13541,2.resid.36280,2,resid,182,15
13542,9.mlp.6477,9,mlp,581,8
13543,2.resid.1411,2,resid,116,16
13544,9.mlp.5926,9,mlp,408,7
13545,2.resid.3059,2,resid,132,33
13546,9.mlp.39804,9,mlp,529,7
13547,2.resid.7490,2,resid,152,4
13548,9.mlp.39424,9,mlp,414,38
13549,2.resid.14885,2,resid,150,30
13550,9.mlp.17059,9,mlp,400,17
13551,2.resid.21577,2,resid,224,36
13552,9.mlp.40169,9,mlp,396,13
13553,2.resid.10084,2,resid,82,13
13554,9.mlp.37910,9,mlp,357,10
13555,2.resid.19285,2,resid,162,4
13556,9.mlp.14575,9,mlp,457,234
13557,2.resid.11645,2,resid,93,4
13558,9.mlp.7679,9,mlp,379,31
13559,2.resid.25181,2,resid,131,7
13560,9.mlp.2437,9,mlp,526,4
13561,2.resid.35446,2,resid,132,16
13562,9.mlp.11116,9,mlp,552,23
13563,2.resid.33953,2,resid,75,11
13564,9.mlp.20801,9,mlp,486,11
13565,2.resid.7957,2,resid,273,2
13566,9.mlp.32653,9,mlp,759,32
13567,2.resid.32203,2,resid,95,15
13568,9.mlp.15380,9,mlp,538,10
13569,2.resid.14280,2,resid,89,2
13570,9.mlp.1634,9,mlp,458,36
13571,2.resid.1916,2,resid,201,18
13572,9.mlp.17239,9,mlp,325,2
13573,2.resid.2043,2,resid,125,2
13574,9.mlp.6047,9,mlp,561,4
13575,2.resid.23488,2,resid,159,4
13576,9.mlp.7700,9,mlp,591,8
13577,2.resid.11204,2,resid,184,4
13578,9.mlp.33725,9,mlp,656,44
13579,2.resid.12492,2,resid,125,13
13580,9.mlp.16336,9,mlp,488,380
13581,2.resid.18685,2,resid,108,27
13582,9.mlp.2266,9,mlp,533,6
13583,2.resid.14799,2,resid,132,11
13584,9.mlp.30374,9,mlp,374,31
13585,3.attn.6103,3,attn,112,5
13586,9.attn.27701,9,attn,400,1
13587,3.attn.20646,3,attn,160,14
13588,9.attn.10968,9,attn,821,49
13589,3.attn.21982,3,attn,149,2
13590,9.attn.35746,9,attn,526,45
13591,3.attn.20302,3,attn,120,14
13592,9.attn.1417,9,attn,378,1
13593,3.attn.40128,3,attn,214,7
13594,9.attn.39372,9,attn,331,1
13595,3.attn.24038,3,attn,154,25
13596,9.attn.6774,9,attn,453,9
13597,3.attn.15959,3,attn,166,28
13598,9.attn.1433,9,attn,426,1
13599,3.attn.12726,3,attn,163,2
13600,9.attn.12503,9,attn,422,1
13601,3.attn.32109,3,attn,174,2
13602,9.attn.6123,9,attn,199,21
13603,3.attn.14602,3,attn,202,2
13604,9.attn.37145,9,attn,243,6
13605,3.attn.29386,3,attn,158,20
13606,9.attn.25774,9,attn,288,21
13607,3.attn.38484,3,attn,112,30
13608,9.attn.32507,9,attn,253,3
13609,3.attn.2255,3,attn,85,6
13610,9.attn.9874,9,attn,688,1
13611,9.attn.24049,9,attn,676,32
13612,3.attn.26486,3,attn,322,2
13613,9.attn.14280,9,attn,469,1
13614,3.attn.5255,3,attn,232,2
13615,9.attn.29860,9,attn,282,23
13616,3.attn.28303,3,attn,151,28
13617,9.attn.1750,9,attn,286,68
13618,3.attn.2020,3,attn,202,48
13619,9.attn.23469,9,attn,332,1
13620,3.attn.7523,3,attn,157,5
13621,9.attn.29740,9,attn,222,8
13622,3.attn.37137,3,attn,165,2
13623,9.attn.38289,9,attn,584,1
13624,3.attn.37539,3,attn,230,2
13625,9.attn.3975,9,attn,316,1
13626,3.attn.15685,3,attn,152,7
13627,9.attn.34037,9,attn,847,14
13628,3.attn.9260,3,attn,241,2
13629,9.attn.10720,9,attn,187,1
13630,3.attn.32288,3,attn,226,8
13631,9.attn.34184,9,attn,427,24
13632,3.attn.34060,3,attn,181,2
13633,9.attn.9201,9,attn,590,23
13634,3.attn.621,3,attn,168,2
13635,9.attn.3253,9,attn,605,8
13636,3.attn.23699,3,attn,240,2
13637,9.attn.30911,9,attn,124,3
13638,3.attn.29966,3,attn,175,2
13639,9.attn.10493,9,attn,742,9
13640,3.attn.26417,3,attn,307,2
13641,9.attn.40162,9,attn,1005,2
13642,3.mlp.4881,3,mlp,164,18
13643,8.resid.8701,8,resid,484,44
13644,3.mlp.3094,3,mlp,367,25
13645,8.resid.3270,8,resid,437,20
13646,3.mlp.8549,3,mlp,281,31
13647,8.resid.4419,8,resid,524,20
13648,3.mlp.18090,3,mlp,355,2
13649,8.resid.23345,8,resid,519,27
13650,3.mlp.10613,3,mlp,364,2
13651,8.resid.19938,8,resid,436,4
13652,3.mlp.5762,3,mlp,254,11
13653,8.resid.13521,8,resid,473,36
13654,3.mlp.33358,3,mlp,223,5
13655,8.resid.9805,8,resid,634,14
13656,3.mlp.38193,3,mlp,189,8
13657,8.resid.40243,8,resid,474,12
13658,3.mlp.11615,3,mlp,205,36
13659,8.resid.6435,8,resid,469,25
13660,3.mlp.20963,3,mlp,147,17
13661,8.resid.6636,8,resid,479,9
13662,3.mlp.37024,3,mlp,197,6
13663,8.resid.13473,8,resid,353,39
13664,3.mlp.23614,3,mlp,296,13
13665,8.resid.39431,8,resid,408,8
13666,3.mlp.22946,3,mlp,192,9
13667,8.resid.17572,8,resid,434,15
13668,3.mlp.34432,3,mlp,288,12
13669,8.resid.20605,8,resid,601,14
13670,3.mlp.33737,3,mlp,324,6
13671,8.resid.18,8,resid,399,32
13672,3.mlp.15737,3,mlp,211,31
13673,8.resid.35782,8,resid,538,39
13674,3.mlp.9989,3,mlp,222,20
13675,8.resid.3194,8,resid,272,8
13676,3.mlp.7066,3,mlp,199,5
13677,8.resid.31095,8,resid,474,38
13678,3.mlp.33852,3,mlp,297,2
13679,8.resid.209,8,resid,353,10
13680,3.mlp.30265,3,mlp,296,18
13681,8.resid.35246,8,resid,566,10
13682,3.mlp.11365,3,mlp,256,4
13683,8.resid.23442,8,resid,462,37
13684,3.mlp.39137,3,mlp,304,5
13685,8.resid.37567,8,resid,519,4
13686,3.mlp.5115,3,mlp,314,25
13687,8.resid.30859,8,resid,470,8
13688,3.mlp.6926,3,mlp,202,4
13689,8.resid.39044,8,resid,694,23
13690,3.mlp.6678,3,mlp,182,4
13691,8.resid.9463,8,resid,462,4
13692,3.mlp.4560,3,mlp,191,20
13693,8.resid.12794,8,resid,528,4
13694,3.mlp.10148,3,mlp,185,4
13695,8.resid.33018,8,resid,558,4
13696,3.mlp.12816,3,mlp,295,4
13697,8.resid.22067,8,resid,608,15
13698,3.resid.39668,3,resid,376,34
13699,8.mlp.19539,8,mlp,442,26
13700,3.resid.38115,3,resid,208,25
13701,8.mlp.25707,8,mlp,473,20
13702,3.resid.14286,3,resid,133,8
13703,8.mlp.831,8,mlp,670,1
13704,3.resid.17652,3,resid,177,4
13705,8.mlp.3975,8,mlp,465,12
13706,3.resid.28344,3,resid,216,6
13707,8.mlp.22874,8,mlp,447,18
13708,3.resid.34123,3,resid,256,65
13709,8.mlp.37042,8,mlp,484,4
13710,3.resid.4829,3,resid,214,4
13711,8.mlp.18572,8,mlp,438,29
13712,3.resid.13939,3,resid,185,13
13713,8.mlp.7904,8,mlp,500,59
13714,3.resid.26243,3,resid,268,4
13715,8.mlp.27139,8,mlp,606,17
13716,3.resid.5448,3,resid,284,23
13717,8.mlp.23891,8,mlp,315,20
13718,3.resid.28003,3,resid,200,19
13719,8.mlp.14996,8,mlp,553,8
13720,3.resid.15753,3,resid,145,11
13721,8.mlp.40066,8,mlp,550,2
13722,3.resid.2704,3,resid,294,10
13723,8.mlp.5034,8,mlp,440,15
13724,3.resid.3021,3,resid,240,48
13725,8.mlp.6181,8,mlp,543,10
13726,3.resid.13346,3,resid,190,15
13727,8.mlp.27279,8,mlp,475,36
13728,3.resid.25970,3,resid,153,7
13729,8.mlp.5599,8,mlp,576,17
13730,3.resid.26417,3,resid,154,46
13731,8.mlp.14922,8,mlp,320,6
13732,3.resid.33500,3,resid,222,15
13733,8.mlp.37871,8,mlp,371,30
13734,3.resid.7655,3,resid,146,12
13735,8.mlp.19770,8,mlp,319,6
13736,3.resid.9651,3,resid,231,19
13737,8.mlp.5518,8,mlp,374,12
13738,3.resid.9116,3,resid,238,15
13739,8.mlp.27364,8,mlp,621,564
13740,3.resid.26522,3,resid,227,11
13741,8.mlp.21074,8,mlp,407,18
13742,3.resid.29939,3,resid,209,7
13743,8.mlp.18175,8,mlp,516,4
13744,3.resid.21373,3,resid,175,24
13745,8.mlp.35189,8,mlp,498,8
13746,3.resid.33846,3,resid,196,22
13747,8.mlp.39204,8,mlp,465,29
13748,3.resid.3645,3,resid,151,13
13749,8.mlp.17732,8,mlp,468,4
13750,3.resid.28106,3,resid,237,32
13751,8.mlp.19894,8,mlp,424,8
13752,3.resid.36163,3,resid,197,55
13753,8.mlp.24090,8,mlp,436,19
13754,3.resid.27312,3,resid,155,11
13755,8.mlp.4085,8,mlp,388,13
13756,4.attn.11251,4,attn,139,2
13757,4.attn.29441,4,attn,209,25
13758,8.attn.40360,8,attn,341,21
13759,4.attn.10728,4,attn,321,25
13760,8.attn.38229,8,attn,363,14
13761,4.attn.2008,4,attn,238,12
13762,8.attn.27790,8,attn,232,1
13763,4.attn.21380,4,attn,255,14
13764,4.attn.3905,4,attn,235,2
13765,8.attn.4060,8,attn,273,40
13766,4.attn.16118,4,attn,283,2
13767,8.attn.8758,8,attn,358,10
13768,4.attn.39632,4,attn,175,18
13769,8.attn.19716,8,attn,222,27
13770,4.attn.22557,4,attn,290,15
13771,8.attn.209,8,attn,480,15
13772,4.attn.7383,4,attn,258,14
13773,8.attn.7691,8,attn,594,9
13774,4.attn.14358,4,attn,207,2
13775,4.attn.38295,4,attn,226,20
13776,4.attn.33983,4,attn,174,2
13777,4.attn.34882,4,attn,267,25
13778,4.attn.11746,4,attn,251,5
13779,8.attn.32138,8,attn,441,1
13780,4.attn.40079,4,attn,131,9
13781,4.attn.1502,4,attn,164,13
13782,8.attn.19342,8,attn,452,70
13783,4.attn.39547,4,attn,195,13
13784,8.attn.9882,8,attn,377,17
13785,4.attn.37982,4,attn,257,7
13786,8.attn.36102,8,attn,300,1
13787,4.attn.28686,4,attn,147,42
13788,4.attn.14693,4,attn,299,17
13789,8.attn.34288,8,attn,348,1
13790,4.attn.23991,4,attn,177,17
13791,8.attn.5907,8,attn,570,1
13792,4.attn.15213,4,attn,301,2
13793,8.attn.3762,8,attn,307,1
13794,4.attn.24695,4,attn,164,21
13795,8.attn.15252,8,attn,393,7
13796,4.attn.36118,4,attn,304,49
13797,8.attn.8145,8,attn,361,1
13798,4.attn.17940,4,attn,189,8
13799,8.attn.38640,8,attn,424,24
13800,4.attn.29324,4,attn,191,2
13801,8.attn.11677,8,attn,488,751
13802,4.attn.231,4,attn,227,8
13803,8.attn.23163,8,attn,233,1
13804,4.mlp.6842,4,mlp,208,8
13805,7.resid.2814,7,resid,268,18
13806,4.mlp.35171,4,mlp,353,16
13807,7.resid.30998,7,resid,568,45
13808,4.mlp.18907,4,mlp,300,0
13809,7.resid.34890,7,resid,420,17
13810,4.mlp.5158,4,mlp,271,4
13811,7.resid.10570,7,resid,385,7
13812,4.mlp.17021,4,mlp,323,14
13813,7.resid.37947,7,resid,569,16
13814,4.mlp.2696,4,mlp,337,5
13815,7.resid.28035,7,resid,589,59
13816,4.mlp.1401,4,mlp,184,13
13817,7.resid.25296,7,resid,394,20
13818,4.mlp.11999,4,mlp,459,13
13819,7.resid.14272,7,resid,429,46
13820,4.mlp.25684,4,mlp,376,0
13821,7.resid.2881,7,resid,361,8
13822,4.mlp.17105,4,mlp,391,0
13823,7.resid.13227,7,resid,603,12
13824,4.mlp.28291,4,mlp,145,36
13825,7.resid.9488,7,resid,413,26
13826,4.mlp.37712,4,mlp,230,6
13827,7.resid.31114,7,resid,388,6
13828,4.mlp.11169,4,mlp,202,23
13829,7.resid.35727,7,resid,558,4
13830,4.mlp.2518,4,mlp,340,13
13831,7.resid.40507,7,resid,491,10
13832,4.mlp.34916,4,mlp,220,8
13833,7.resid.38076,7,resid,823,23
13834,4.mlp.36491,4,mlp,273,22
13835,7.resid.37823,7,resid,432,7
13836,4.mlp.4800,4,mlp,308,24
13837,7.resid.14626,7,resid,515,6
13838,4.mlp.9250,4,mlp,259,41
13839,7.resid.16982,7,resid,314,29
13840,4.mlp.8823,4,mlp,231,48
13841,7.resid.38416,7,resid,462,24
13842,4.mlp.12984,4,mlp,351,5
13843,7.resid.4664,7,resid,406,36
13844,4.mlp.20621,4,mlp,322,26
13845,7.resid.4213,7,resid,440,18
13846,4.mlp.19416,4,mlp,387,0
13847,7.resid.15129,7,resid,508,12
13848,4.mlp.20833,4,mlp,524,24
13849,7.resid.7521,7,resid,474,36
13850,4.mlp.17485,4,mlp,216,8
13851,7.resid.3717,7,resid,335,10
13852,4.mlp.36475,4,mlp,364,0
13853,7.resid.24189,7,resid,547,23
13854,4.mlp.9367,4,mlp,276,0
13855,7.resid.30337,7,resid,477,4
13856,4.mlp.27280,4,mlp,275,6
13857,7.resid.32140,7,resid,384,15
13858,4.mlp.477,4,mlp,450,0
13859,7.resid.21215,7,resid,419,25
13860,4.mlp.10040,4,mlp,288,27
13861,7.mlp.3257,7,mlp,289,25
13862,4.resid.9007,4,resid,282,16
13863,7.mlp.20910,7,mlp,609,35
13864,4.resid.2093,4,resid,278,4
13865,7.mlp.14081,7,mlp,344,58
13866,4.resid.7119,4,resid,203,4
13867,7.mlp.21767,7,mlp,390,44
13868,4.resid.2071,4,resid,190,5
13869,7.mlp.6792,7,mlp,580,10
13870,4.resid.23092,4,resid,186,13
13871,7.mlp.34084,7,mlp,537,8
13872,4.resid.3344,4,resid,336,36
13873,7.mlp.1106,7,mlp,336,18
13874,4.resid.12721,4,resid,314,41
13875,7.mlp.8395,7,mlp,239,12
13876,4.resid.39430,4,resid,379,0
13877,7.mlp.10423,7,mlp,589,31
13878,4.resid.30879,4,resid,292,10
13879,7.mlp.14892,7,mlp,426,24
13880,4.resid.25014,4,resid,385,11
13881,7.mlp.27369,7,mlp,521,21
13882,4.resid.21395,4,resid,343,11
13883,7.mlp.37588,7,mlp,309,19
13884,4.resid.35371,4,resid,297,16
13885,7.mlp.32962,7,mlp,436,39
13886,4.resid.36211,4,resid,238,16
13887,7.mlp.12444,7,mlp,356,12
13888,4.resid.26423,4,resid,139,4
13889,7.mlp.11639,7,mlp,534,4
13890,4.resid.33515,4,resid,339,0
13891,7.mlp.37394,7,mlp,558,22
13892,4.resid.34759,4,resid,308,11
13893,7.mlp.30354,7,mlp,299,7
13894,4.resid.27109,4,resid,206,30
13895,7.mlp.18312,7,mlp,435,503
13896,4.resid.18827,4,resid,319,6
13897,7.mlp.12635,7,mlp,309,18
13898,4.resid.4930,4,resid,209,30
13899,7.mlp.38439,7,mlp,621,37
13900,4.resid.7630,4,resid,201,45
13901,7.mlp.34533,7,mlp,279,6
13902,4.resid.37553,4,resid,413,0
13903,7.mlp.30057,7,mlp,417,29
13904,4.resid.25019,4,resid,393,22
13905,7.mlp.36564,7,mlp,523,15
13906,4.resid.22365,4,resid,382,25
13907,7.mlp.8631,7,mlp,336,25
13908,4.resid.20206,4,resid,251,17
13909,7.mlp.37641,7,mlp,363,22
13910,4.resid.4184,4,resid,298,26
13911,7.mlp.30759,7,mlp,431,6
13912,4.resid.27999,4,resid,207,25
13913,7.mlp.4402,7,mlp,379,10
13914,4.resid.1811,4,resid,270,8
13915,7.mlp.28709,7,mlp,519,20
13916,4.resid.35670,4,resid,197,12
13917,7.mlp.11909,7,mlp,206,3
13918,5.attn.31491,5,attn,261,0
13919,7.attn.29461,7,attn,398,16
13920,5.attn.22695,5,attn,205,5
13921,7.attn.1517,7,attn,314,1
13922,5.attn.19363,5,attn,301,0
13923,7.attn.23764,7,attn,379,1
13924,5.attn.19009,5,attn,339,0
13925,7.attn.31541,7,attn,349,0
13926,5.attn.48,5,attn,383,0
13927,7.attn.3294,7,attn,312,24
13928,7.attn.38764,7,attn,107,0
13929,5.attn.35309,5,attn,255,12
13930,7.attn.35785,7,attn,486,43
13931,5.attn.40265,5,attn,167,2
13932,5.attn.14761,5,attn,304,0
13933,7.attn.1434,7,attn,360,9
13934,5.attn.27818,5,attn,195,1
13935,7.attn.38585,7,attn,440,0
13936,5.attn.7266,5,attn,107,21
13937,7.attn.32149,7,attn,100,21
13938,7.attn.14842,7,attn,722,104
13939,5.attn.8597,5,attn,273,2
13940,7.attn.15945,7,attn,411,0
13941,5.attn.19401,5,attn,258,6
13942,7.attn.12247,7,attn,243,0
13943,5.attn.35638,5,attn,270,24
13944,7.attn.15189,7,attn,338,0
13945,5.attn.12026,5,attn,154,0
13946,7.attn.4946,7,attn,244,43
13947,5.attn.16375,5,attn,265,0
13948,7.attn.11610,7,attn,416,4
13949,5.attn.21507,5,attn,231,22
13950,7.attn.31677,7,attn,402,14
13951,5.attn.12337,5,attn,250,0
13952,7.attn.762,7,attn,485,1
13953,5.attn.9932,5,attn,197,1
13954,7.attn.17504,7,attn,377,9
13955,5.attn.33600,5,attn,229,2
13956,7.attn.18964,7,attn,432,19
13957,7.attn.14779,7,attn,249,6
13958,5.attn.30562,5,attn,285,0
13959,7.attn.37785,7,attn,423,27
13960,5.attn.40826,5,attn,207,0
13961,7.attn.20890,7,attn,281,43
13962,5.attn.11277,5,attn,319,0
13963,7.attn.407,7,attn,154,21
13964,5.attn.6013,5,attn,306,0
13965,6.resid.20125,6,resid,468,33
13966,5.mlp.19608,5,mlp,255,11
13967,6.resid.30249,6,resid,364,4
13968,5.mlp.5019,5,mlp,450,0
13969,6.resid.27752,6,resid,291,57
13970,5.mlp.3982,5,mlp,449,0
13971,6.resid.32416,6,resid,552,0
13972,5.mlp.28322,5,mlp,431,0
13973,6.resid.28716,6,resid,585,12
13974,5.mlp.2221,5,mlp,248,26
13975,6.resid.5798,6,resid,380,0
13976,5.mlp.21361,5,mlp,357,0
13977,6.resid.2592,6,resid,414,0
13978,5.mlp.14702,5,mlp,370,10
13979,6.resid.31034,6,resid,374,4
13980,5.mlp.36859,5,mlp,283,10
13981,6.resid.5257,6,resid,484,0
13982,5.mlp.31539,5,mlp,114,8
13983,6.resid.4797,6,resid,420,8
13984,5.mlp.15372,5,mlp,103,17
13985,6.resid.40642,6,resid,361,7
13986,5.mlp.6460,5,mlp,223,28
13987,6.resid.39596,6,resid,464,0
13988,5.mlp.4137,5,mlp,274,28
13989,6.resid.36434,6,resid,465,0
13990,5.mlp.19317,5,mlp,338,0
13991,6.resid.36436,6,resid,637,11
13992,5.mlp.36475,5,mlp,267,5
13993,6.resid.35519,6,resid,396,16
13994,5.mlp.12460,5,mlp,226,5
13995,6.resid.18130,6,resid,598,28
13996,5.mlp.16294,5,mlp,351,30
13997,6.resid.4185,6,resid,613,14
13998,5.mlp.16917,5,mlp,239,16
13999,6.resid.16078,6,resid,670,11
14000,5.mlp.18929,5,mlp,449,24
14001,6.resid.30190,6,resid,375,7
14002,5.mlp.28370,5,mlp,473,0
14003,6.resid.39608,6,resid,341,5
14004,5.mlp.31574,5,mlp,313,4
14005,6.resid.26637,6,resid,294,8
14006,5.mlp.1954,5,mlp,273,19
14007,6.resid.28184,6,resid,280,50
14008,5.mlp.12785,5,mlp,180,42
14009,6.resid.32916,6,resid,331,33
14010,5.mlp.16272,5,mlp,386,0
14011,6.resid.23230,6,resid,464,0
14012,5.mlp.26950,5,mlp,311,16
14013,6.resid.5011,6,resid,475,25
14014,5.mlp.23629,5,mlp,357,0
14015,6.resid.37608,6,resid,296,26
14016,5.mlp.7628,5,mlp,314,15
14017,6.resid.13307,6,resid,484,41
14018,5.mlp.2229,5,mlp,409,20
14019,6.resid.25106,6,resid,316,0
14020,5.mlp.662,5,mlp,378,24
14021,6.resid.40488,6,resid,266,12
14022,5.resid.29264,5,resid,290,12
14023,6.mlp.39283,6,mlp,252,38
14024,5.resid.12407,5,resid,443,25
14025,6.mlp.15748,6,mlp,347,4
14026,5.resid.40723,5,resid,327,0
14027,6.mlp.23322,6,mlp,274,12
14028,5.resid.13677,5,resid,368,11
14029,6.mlp.14122,6,mlp,455,42
14030,5.resid.9458,5,resid,299,0
14031,6.mlp.7082,6,mlp,471,0
14032,5.resid.5388,5,resid,244,39
14033,6.mlp.24981,6,mlp,421,0
14034,5.resid.1433,5,resid,365,4
14035,6.mlp.32121,6,mlp,253,19
14036,5.resid.16191,5,resid,359,0
14037,6.mlp.29495,6,mlp,394,10
14038,5.resid.28304,5,resid,233,13
14039,6.mlp.19862,6,mlp,410,3
14040,5.resid.5022,5,resid,327,7
14041,6.mlp.34355,6,mlp,265,10
14042,5.resid.40838,5,resid,292,15
14043,6.mlp.24653,6,mlp,255,4
14044,5.resid.29269,5,resid,399,12
14045,6.mlp.26448,6,mlp,367,12
14046,5.resid.5104,5,resid,366,12
14047,6.mlp.14040,6,mlp,235,11
14048,5.resid.20175,5,resid,341,8
14049,6.mlp.18269,6,mlp,267,10
14050,5.resid.8612,5,resid,259,16
14051,6.mlp.20181,6,mlp,446,11
14052,5.resid.18594,5,resid,355,9
14053,6.mlp.24823,6,mlp,233,11
14054,5.resid.16793,5,resid,477,2
14055,6.mlp.37634,6,mlp,248,29
14056,5.resid.36424,5,resid,463,25
14057,6.mlp.31422,6,mlp,534,0
14058,5.resid.8547,5,resid,284,16
14059,6.mlp.33434,6,mlp,296,26
14060,5.resid.25582,5,resid,338,20
14061,6.mlp.22730,6,mlp,318,38
14062,5.resid.1219,5,resid,271,19
14063,6.mlp.15228,6,mlp,324,12
14064,5.resid.37562,5,resid,332,36
14065,6.mlp.18996,6,mlp,232,38
14066,5.resid.28065,5,resid,224,4
14067,6.mlp.15422,6,mlp,250,45
14068,5.resid.11885,5,resid,306,46
14069,6.mlp.4270,6,mlp,374,5
14070,5.resid.22271,5,resid,266,6
14071,6.mlp.3837,6,mlp,548,0
14072,5.resid.9996,5,resid,308,15
14073,6.mlp.18949,6,mlp,245,21
14074,5.resid.26572,5,resid,297,5
14075,6.mlp.19014,6,mlp,403,36
14076,5.resid.40661,5,resid,266,24
14077,6.mlp.26550,6,mlp,324,86
14078,6.attn.17520,6,attn,207,16
14079,6.attn.25535,6,attn,249,0
14080,6.attn.11343,6,attn,410,1
14081,6.attn.8081,6,attn,392,0
14082,6.attn.8246,6,attn,382,5
14083,6.attn.19422,6,attn,333,789
14084,6.attn.3946,6,attn,158,47
14085,6.attn.30897,6,attn,374,0
14086,6.attn.21200,6,attn,466,0
14087,6.attn.24762,6,attn,386,0
14088,6.attn.40041,6,attn,362,17
14089,6.attn.2615,6,attn,408,0
14090,6.attn.16935,6,attn,439,21
14091,6.attn.10671,6,attn,191,0
14092,6.attn.24850,6,attn,249,1
14093,6.attn.38511,6,attn,236,1
14094,6.attn.24158,6,attn,565,0
14095,6.attn.22163,6,attn,261,37
14096,6.attn.1781,6,attn,252,1
14097,6.attn.39261,6,attn,467,0
14098,6.attn.27887,6,attn,337,21
14099,6.attn.14224,6,attn,154,2
14100,6.attn.6007,6,attn,280,32
14101,6.attn.18903,6,attn,79,3
14102,6.attn.20212,6,attn,347,1
14103,6.attn.564,6,attn,489,0
14104,11.resid.18069,11,resid,559,48
14105,0.mlp.15519,0,mlp,11,696
14106,11.resid.5431,11,resid,414,3
14107,0.mlp.25208,0,mlp,7,697
14108,11.resid.13458,11,resid,648,3
14109,0.mlp.5682,0,mlp,13,698
14110,11.resid.35298,11,resid,321,3
14111,0.mlp.12854,0,mlp,16,699
14112,11.resid.35116,11,resid,353,17
14113,0.mlp.3856,0,mlp,13,25
14114,11.resid.24825,11,resid,281,3
14115,0.mlp.23780,0,mlp,7,700
14116,11.resid.25315,11,resid,606,3
14117,0.mlp.29963,0,mlp,105,34
14118,11.resid.20821,11,resid,368,3
14119,0.mlp.12578,0,mlp,13,701
14120,11.resid.10995,11,resid,290,27
14121,0.mlp.29235,0,mlp,14,702
14122,11.resid.20130,11,resid,265,16
14123,0.mlp.25714,0,mlp,31,703
14124,11.resid.25238,11,resid,459,3
14125,0.mlp.15291,0,mlp,7,704
14126,11.resid.32323,11,resid,351,22
14127,0.mlp.22532,0,mlp,7,705
14128,11.resid.30456,11,resid,603,31
14129,0.mlp.17534,0,mlp,44,39
14130,11.resid.9691,11,resid,659,1
14131,0.mlp.3559,0,mlp,14,706
14132,11.resid.9729,11,resid,488,3
14133,0.mlp.40758,0,mlp,76,24
14134,11.resid.29161,11,resid,724,3
14135,0.mlp.24534,0,mlp,16,19
14136,11.resid.4157,11,resid,359,6
14137,0.mlp.36101,0,mlp,23,707
14138,11.resid.24969,11,resid,740,12
14139,0.mlp.21312,0,mlp,24,708
14140,11.resid.22737,11,resid,231,3
14141,0.mlp.14266,0,mlp,33,709
14142,11.resid.16233,11,resid,462,8
14143,0.mlp.13835,0,mlp,25,710
14144,11.resid.8296,11,resid,306,3
14145,0.mlp.26992,0,mlp,10,46
14146,11.resid.21660,11,resid,654,3
14147,0.mlp.30863,0,mlp,17,711
14148,11.resid.5325,11,resid,434,7
14149,0.mlp.10268,0,mlp,18,712
14150,11.resid.13314,11,resid,495,7
14151,0.mlp.23526,0,mlp,15,41
14152,11.resid.14503,11,resid,405,3
14153,0.mlp.30941,0,mlp,35,34
14154,11.resid.428,11,resid,368,3
14155,0.mlp.174,0,mlp,17,713
14156,11.resid.8601,11,resid,637,5
14157,0.mlp.6683,0,mlp,12,12
14158,11.resid.25380,11,resid,591,3
14159,0.resid.25609,0,resid,19,2
14160,11.mlp.14560,11,mlp,609,16
14161,0.resid.2057,0,resid,37,35
14162,11.mlp.20522,11,mlp,418,3
14163,0.resid.9538,0,resid,15,714
14164,11.mlp.25764,11,mlp,406,16
14165,0.resid.16896,0,resid,23,24
14166,11.mlp.40439,11,mlp,298,3
14167,0.resid.34830,0,resid,30,4
14168,11.mlp.35673,11,mlp,329,4
14169,0.resid.24412,0,resid,17,55
14170,11.mlp.36150,11,mlp,333,3
14171,0.resid.23442,0,resid,96,41
14172,11.mlp.21737,11,mlp,325,3
14173,0.resid.10090,0,resid,55,715
14174,11.mlp.30651,11,mlp,601,26
14175,0.resid.32324,0,resid,33,7
14176,11.mlp.30578,11,mlp,713,44
14177,0.resid.32098,0,resid,16,716
14178,11.mlp.40584,11,mlp,471,30
14179,0.resid.14820,0,resid,50,4
14180,11.mlp.4655,11,mlp,454,3
14181,0.resid.5243,0,resid,60,5
14182,11.mlp.18871,11,mlp,673,3
14183,0.resid.30386,0,resid,85,34
14184,11.mlp.1282,11,mlp,495,3
14185,0.resid.20862,0,resid,28,717
14186,11.mlp.27137,11,mlp,644,17
14187,0.resid.36135,0,resid,20,10
14188,11.mlp.20378,11,mlp,645,3
14189,0.resid.30110,0,resid,65,718
14190,11.mlp.22889,11,mlp,258,29
14191,0.resid.7428,0,resid,113,5
14192,11.mlp.424,11,mlp,617,3
14193,0.resid.8375,0,resid,164,14
14194,11.mlp.28647,11,mlp,404,3
14195,0.resid.19254,0,resid,72,50
14196,11.mlp.9944,11,mlp,663,53
14197,0.resid.4406,0,resid,15,719
14198,11.mlp.17679,11,mlp,241,17
14199,0.resid.534,0,resid,27,5
14200,11.mlp.40880,11,mlp,441,3
14201,0.resid.5106,0,resid,14,4
14202,11.mlp.32531,11,mlp,194,3
14203,0.resid.7210,0,resid,77,6
14204,11.mlp.19310,11,mlp,411,3
14205,0.resid.10545,0,resid,36,15
14206,11.mlp.10737,11,mlp,532,10
14207,0.resid.31488,0,resid,17,11
14208,11.mlp.37297,11,mlp,654,74
14209,0.resid.37875,0,resid,146,11
14210,11.mlp.35339,11,mlp,463,24
14211,0.resid.16476,0,resid,62,56
14212,11.mlp.17790,11,mlp,757,3
14213,0.resid.9746,0,resid,32,5
14214,11.mlp.18021,11,mlp,673,14
14215,0.resid.18175,0,resid,10,4
14216,11.mlp.6984,11,mlp,320,14
14217,11.attn.30219,11,attn,585,1
14218,11.attn.14653,11,attn,386,1
14219,11.attn.5672,11,attn,208,22
14220,1.attn.20382,1,attn,81,13
14221,11.attn.22711,11,attn,355,7
14222,11.attn.8956,11,attn,585,1
14223,11.attn.21778,11,attn,107,1
14224,11.attn.13198,11,attn,72,1
14225,11.attn.6694,11,attn,212,1
14226,11.attn.9131,11,attn,557,9
14227,1.attn.37192,1,attn,74,56
14228,11.attn.18058,11,attn,242,3
14229,11.attn.3917,11,attn,296,1
14230,1.attn.38615,1,attn,51,7
14231,11.attn.16322,11,attn,478,29
14232,11.attn.12259,11,attn,264,3
14233,11.attn.17036,11,attn,604,3
14234,11.attn.896,11,attn,462,1
14235,1.attn.18489,1,attn,103,17
14236,11.attn.28802,11,attn,480,6
14237,11.attn.27735,11,attn,383,1
14238,11.attn.33306,11,attn,350,1
14239,11.attn.38347,11,attn,274,3
14240,1.attn.11156,1,attn,52,23
14241,11.attn.25047,11,attn,259,3
14242,1.attn.6103,1,attn,68,58
14243,11.attn.24044,11,attn,272,21
14244,11.attn.7145,11,attn,182,3
14245,1.attn.24199,1,attn,76,7
14246,11.attn.17776,11,attn,285,16
14247,11.attn.13779,11,attn,391,13
14248,1.attn.27511,1,attn,25,10
14249,11.attn.118,11,attn,185,40
14250,1.attn.1268,1,attn,59,720
14251,11.attn.40330,11,attn,154,3
14252,1.attn.26170,1,attn,64,21
14253,11.attn.32962,11,attn,811,44
14254,1.mlp.2797,1,mlp,375,4
14255,10.resid.10118,10,resid,636,14
14256,1.mlp.35777,1,mlp,139,45
14257,10.resid.39865,10,resid,426,6
14258,1.mlp.39886,1,mlp,157,31
14259,10.resid.4758,10,resid,676,20
14260,1.mlp.36329,1,mlp,243,18
14261,10.resid.4565,10,resid,333,29
14262,1.mlp.31132,1,mlp,120,6
14263,10.resid.37486,10,resid,583,49
14264,1.mlp.37083,1,mlp,213,11
14265,10.resid.21683,10,resid,347,17
14266,1.mlp.11716,1,mlp,82,19
14267,10.resid.7002,10,resid,602,9
14268,1.mlp.5635,1,mlp,75,25
14269,10.resid.33362,10,resid,597,3
14270,1.mlp.35770,1,mlp,246,31
14271,10.resid.29240,10,resid,438,1
14272,1.mlp.25159,1,mlp,169,11
14273,10.resid.17199,10,resid,716,3
14274,1.mlp.25912,1,mlp,96,6
14275,10.resid.2643,10,resid,709,48
14276,1.mlp.30051,1,mlp,206,25
14277,10.resid.24029,10,resid,922,51
14278,1.mlp.40378,1,mlp,149,5
14279,10.resid.18581,10,resid,666,5
14280,1.mlp.29489,1,mlp,173,19
14281,10.resid.26566,10,resid,512,20
14282,1.mlp.17704,1,mlp,92,7
14283,10.resid.37543,10,resid,266,27
14284,1.mlp.4645,1,mlp,162,5
14285,10.resid.36095,10,resid,746,10
14286,1.mlp.38045,1,mlp,118,24
14287,10.resid.25417,10,resid,378,4
14288,1.mlp.37357,1,mlp,175,31
14289,10.resid.32979,10,resid,613,15
14290,1.mlp.3985,1,mlp,193,14
14291,10.resid.25970,10,resid,571,15
14292,1.mlp.9446,1,mlp,97,15
14293,10.resid.38480,10,resid,786,17
14294,1.mlp.11290,1,mlp,116,6
14295,10.resid.31339,10,resid,1810,2
14296,1.mlp.34713,1,mlp,209,5
14297,10.resid.26550,10,resid,819,1
14298,1.mlp.10710,1,mlp,71,18
14299,10.resid.18743,10,resid,425,7
14300,1.mlp.16070,1,mlp,111,50
14301,10.resid.38359,10,resid,516,726
14302,1.mlp.30646,1,mlp,109,11
14303,10.resid.23761,10,resid,410,22
14304,1.mlp.37088,1,mlp,114,5
14305,10.resid.28097,10,resid,776,29
14306,1.mlp.31802,1,mlp,154,8
14307,10.resid.19750,10,resid,703,45
14308,1.mlp.23525,1,mlp,157,19
14309,10.resid.4112,10,resid,535,5
14310,1.mlp.28704,1,mlp,109,49
14311,10.resid.36965,10,resid,498,754
14312,1.resid.25065,1,resid,138,6
14313,10.mlp.14866,10,mlp,491,72
14314,1.resid.17684,1,resid,91,7
14315,10.mlp.14175,10,mlp,571,42
14316,1.resid.24317,1,resid,93,12
14317,10.mlp.28345,10,mlp,429,38
14318,1.resid.37489,1,resid,51,5
14319,10.mlp.20231,10,mlp,481,6
14320,1.resid.905,1,resid,129,10
14321,10.mlp.22319,10,mlp,315,38
14322,1.resid.12349,1,resid,71,44
14323,10.mlp.36974,10,mlp,566,20
14324,1.resid.7843,1,resid,129,24
14325,10.mlp.36570,10,mlp,368,20
14326,1.resid.9821,1,resid,69,4
14327,10.mlp.11280,10,mlp,455,534
14328,1.resid.23732,1,resid,93,45
14329,10.mlp.38872,10,mlp,257,3
14330,1.resid.33410,1,resid,140,34
14331,10.mlp.11935,10,mlp,404,16
14332,1.resid.3001,1,resid,147,15
14333,10.mlp.2890,10,mlp,434,27
14334,1.resid.34686,1,resid,95,37
14335,10.mlp.33126,10,mlp,327,7
14336,1.resid.34313,1,resid,155,4
14337,10.mlp.29456,10,mlp,427,18
14338,1.resid.31759,1,resid,128,9
14339,10.mlp.2999,10,mlp,458,10
14340,1.resid.38761,1,resid,99,6
14341,10.mlp.31534,10,mlp,407,13
14342,1.resid.29306,1,resid,52,32
14343,10.mlp.23936,10,mlp,351,8
14344,1.resid.32905,1,resid,58,15
14345,10.mlp.27860,10,mlp,290,20
14346,1.resid.38142,1,resid,144,29
14347,10.mlp.25721,10,mlp,446,3
14348,1.resid.13140,1,resid,51,5
14349,10.mlp.8967,10,mlp,576,23
14350,1.resid.15661,1,resid,68,7
14351,10.mlp.5202,10,mlp,628,11
14352,1.resid.21270,1,resid,87,6
14353,10.mlp.5465,10,mlp,351,3
14354,1.resid.10711,1,resid,99,11
14355,10.mlp.1203,10,mlp,409,7
14356,1.resid.24849,1,resid,154,2
14357,10.mlp.35433,10,mlp,600,48
14358,1.resid.38800,1,resid,95,15
14359,10.mlp.34894,10,mlp,475,18
14360,1.resid.40308,1,resid,100,2
14361,10.mlp.33572,10,mlp,456,29
14362,1.resid.39627,1,resid,115,18
14363,10.mlp.35327,10,mlp,471,8
14364,1.resid.494,1,resid,108,5
14365,10.mlp.27352,10,mlp,590,20
14366,1.resid.6695,1,resid,109,54
14367,10.mlp.8360,10,mlp,401,378
14368,10.attn.25029,10,attn,524,1
14369,10.attn.23552,10,attn,429,1
14370,2.attn.1800,2,attn,233,2
14371,10.attn.942,10,attn,390,4
14372,2.attn.3093,2,attn,136,2
14373,10.attn.39564,10,attn,795,28
14374,10.attn.22690,10,attn,587,21
14375,2.attn.10085,2,attn,214,24
14376,10.attn.10468,10,attn,329,32
14377,2.attn.9456,2,attn,67,50
14378,10.attn.32848,10,attn,236,7
14379,10.attn.22455,10,attn,281,3
14380,2.attn.37898,2,attn,85,39
14381,10.attn.37139,10,attn,876,9
14382,2.attn.29939,2,attn,112,30
14383,10.attn.11491,10,attn,1095,2
14384,2.attn.32925,2,attn,224,17
14385,10.attn.18884,10,attn,438,29
14386,2.attn.19901,2,attn,145,23
14387,10.attn.9123,10,attn,548,9
14388,10.attn.22820,10,attn,151,1
14389,2.attn.29337,2,attn,201,6
14390,10.attn.36125,10,attn,556,1
14391,2.attn.30768,2,attn,90,26
14392,10.attn.36603,10,attn,274,3
14393,2.attn.17799,2,attn,137,19
14394,10.attn.12665,10,attn,365,1
14395,2.attn.28810,2,attn,175,34
14396,10.attn.18038,10,attn,700,4
14397,2.attn.4114,2,attn,145,7
14398,10.attn.25018,10,attn,711,185
14399,2.attn.7358,2,attn,222,2
14400,10.attn.26554,10,attn,359,6
14401,2.attn.26178,2,attn,141,2
14402,10.attn.19794,10,attn,1066,2
14403,2.attn.31200,2,attn,176,2
14404,10.attn.17632,10,attn,343,21
14405,10.attn.31360,10,attn,845,763
14406,2.attn.10626,2,attn,149,21
14407,10.attn.9996,10,attn,218,3
14408,2.attn.40667,2,attn,105,2
14409,10.attn.19834,10,attn,342,75
14410,2.attn.20018,2,attn,122,26
14411,10.attn.27335,10,attn,710,9
14412,2.attn.16773,2,attn,179,21
14413,10.attn.37512,10,attn,268,9
14414,2.attn.19362,2,attn,139,6
14415,10.attn.16213,10,attn,628,29
14416,2.attn.8223,2,attn,74,5
14417,9.resid.5489,9,resid,559,25
14418,2.mlp.10389,2,mlp,153,5
14419,9.resid.24371,9,resid,330,29
14420,2.mlp.37525,2,mlp,170,11
14421,9.resid.20002,9,resid,597,4
14422,2.mlp.10506,2,mlp,96,17
14423,9.resid.25568,9,resid,672,50
14424,2.mlp.21588,2,mlp,138,34
14425,9.resid.8307,9,resid,404,4
14426,2.mlp.12677,2,mlp,167,41
14427,9.resid.20687,9,resid,680,2
14428,2.mlp.2542,2,mlp,127,4
14429,9.resid.20702,9,resid,651,5
14430,2.mlp.17959,2,mlp,265,44
14431,9.resid.4516,9,resid,652,23
14432,2.mlp.16107,2,mlp,183,7
14433,9.resid.33045,9,resid,690,21
14434,2.mlp.22439,2,mlp,136,4
14435,9.resid.13261,9,resid,692,21
14436,2.mlp.3382,2,mlp,134,29
14437,9.resid.14290,9,resid,532,14
14438,2.mlp.28015,2,mlp,242,21
14439,9.resid.6756,9,resid,969,1
14440,2.mlp.28372,2,mlp,294,14
14441,9.resid.6377,9,resid,558,4
14442,2.mlp.24631,2,mlp,222,45
14443,9.resid.23469,9,resid,574,28
14444,2.mlp.22858,2,mlp,209,50
14445,9.resid.6452,9,resid,605,6
14446,2.mlp.3061,2,mlp,136,4
14447,9.resid.2944,9,resid,494,784
14448,2.mlp.26308,2,mlp,297,25
14449,9.resid.3531,9,resid,621,15
14450,2.mlp.14183,2,mlp,168,18
14451,9.resid.40357,9,resid,690,21
14452,2.mlp.23127,2,mlp,175,4
14453,9.resid.20606,9,resid,650,10
14454,2.mlp.27319,2,mlp,146,5
14455,9.resid.8463,9,resid,466,4
14456,2.mlp.13527,2,mlp,205,69
14457,9.resid.19248,9,resid,356,16
14458,2.mlp.40755,2,mlp,184,26
14459,9.resid.16443,9,resid,842,1
14460,2.mlp.5566,2,mlp,189,23
14461,9.resid.3292,9,resid,796,1
14462,2.mlp.19968,2,mlp,198,10
14463,9.resid.13349,9,resid,710,12
14464,2.mlp.19100,2,mlp,174,2
14465,9.resid.34369,9,resid,708,12
14466,2.mlp.4630,2,mlp,130,16
14467,9.resid.3938,9,resid,617,16
14468,2.mlp.6520,2,mlp,213,11
14469,9.resid.15850,9,resid,252,21
14470,2.mlp.14322,2,mlp,107,4
14471,9.resid.40659,9,resid,378,32
14472,2.mlp.13354,2,mlp,171,15
14473,9.resid.38734,9,resid,528,34
14474,2.resid.6447,2,resid,104,30
14475,9.mlp.6869,9,mlp,583,16
14476,2.resid.6826,2,resid,125,14
14477,9.mlp.15013,9,mlp,610,6
14478,2.resid.1081,2,resid,204,18
14479,9.mlp.20662,9,mlp,558,8
14480,2.resid.33764,2,resid,264,4
14481,9.mlp.2004,9,mlp,574,8
14482,2.resid.11763,2,resid,219,12
14483,9.mlp.8525,9,mlp,281,27
14484,2.resid.12046,2,resid,98,15
14485,9.mlp.40798,9,mlp,440,23
14486,2.resid.30784,2,resid,157,10
14487,9.mlp.22210,9,mlp,490,23
14488,2.resid.26942,2,resid,197,11
14489,9.mlp.31666,9,mlp,596,83
14490,2.resid.9859,2,resid,197,31
14491,9.mlp.24840,9,mlp,554,88
14492,2.resid.4947,2,resid,98,4
14493,9.mlp.23589,9,mlp,379,32
14494,2.resid.21996,2,resid,214,13
14495,9.mlp.2195,9,mlp,430,4
14496,2.resid.23962,2,resid,56,4
14497,9.mlp.24068,9,mlp,586,7
14498,2.resid.21495,2,resid,92,83
14499,9.mlp.12525,9,mlp,393,29
14500,2.resid.23956,2,resid,95,15
14501,9.mlp.20490,9,mlp,631,124
14502,2.resid.1484,2,resid,133,25
14503,9.mlp.8013,9,mlp,390,23
14504,2.resid.1052,2,resid,166,23
14505,9.mlp.22488,9,mlp,517,6
14506,2.resid.7403,2,resid,151,44
14507,9.mlp.16525,9,mlp,480,45
14508,2.resid.30583,2,resid,109,25
14509,9.mlp.30665,9,mlp,510,88
14510,2.resid.12054,2,resid,181,11
14511,9.mlp.6557,9,mlp,263,7
14512,2.resid.20314,2,resid,113,8
14513,9.mlp.1754,9,mlp,590,40
14514,2.resid.108,2,resid,175,23
14515,9.mlp.40872,9,mlp,500,22
14516,2.resid.11781,2,resid,99,25
14517,9.mlp.20771,9,mlp,672,1
14518,2.resid.14558,2,resid,173,16
14519,9.mlp.7390,9,mlp,289,23
14520,2.resid.5036,2,resid,140,6
14521,9.mlp.36144,9,mlp,594,16
14522,2.resid.32497,2,resid,187,5
14523,9.mlp.29086,9,mlp,288,14
14524,2.resid.31264,2,resid,109,11
14525,9.mlp.38799,9,mlp,494,7
14526,2.resid.40551,2,resid,270,34
14527,9.mlp.13048,9,mlp,726,12
14528,2.resid.1469,2,resid,137,6
14529,9.mlp.16284,9,mlp,661,500
14530,3.attn.33242,3,attn,259,2
14531,9.attn.35666,9,attn,341,1
14532,3.attn.2293,3,attn,143,2
14533,9.attn.558,9,attn,285,9
14534,3.attn.36691,3,attn,172,20
14535,9.attn.6595,9,attn,697,17
14536,3.attn.20962,3,attn,196,4
14537,9.attn.36925,9,attn,430,9
14538,3.attn.9952,3,attn,280,2
14539,9.attn.13606,9,attn,270,1
14540,3.attn.26894,3,attn,179,2
14541,9.attn.17732,9,attn,447,18
14542,3.attn.23499,3,attn,128,16
14543,9.attn.24824,9,attn,542,13
14544,3.attn.10865,3,attn,256,2
14545,9.attn.3765,9,attn,310,27
14546,3.attn.37473,3,attn,196,4
14547,9.attn.25390,9,attn,534,7
14548,3.attn.26779,3,attn,171,2
14549,9.attn.30612,9,attn,614,12
14550,3.attn.40323,3,attn,144,4
14551,9.attn.40125,9,attn,596,9
14552,3.attn.3464,3,attn,195,6
14553,9.attn.32870,9,attn,624,19
14554,3.attn.3810,3,attn,163,23
14555,9.attn.22124,9,attn,836,9
14556,3.attn.39446,3,attn,164,2
14557,9.attn.28565,9,attn,372,26
14558,3.attn.32401,3,attn,98,29
14559,9.attn.28756,9,attn,311,1
14560,3.attn.25971,3,attn,321,2
14561,9.attn.6091,9,attn,176,21
14562,3.attn.14426,3,attn,253,2
14563,9.attn.10858,9,attn,247,1
14564,3.attn.21024,3,attn,211,2
14565,9.attn.5209,9,attn,394,77
14566,9.attn.6525,9,attn,215,57
14567,3.attn.1601,3,attn,223,5
14568,9.attn.19833,9,attn,307,3
14569,3.attn.20999,3,attn,297,2
14570,9.attn.11428,9,attn,359,23
14571,3.attn.27702,3,attn,140,23
14572,9.attn.28070,9,attn,274,1
14573,3.attn.23840,3,attn,220,2
14574,9.attn.4611,9,attn,606,9
14575,3.attn.33403,3,attn,208,22
14576,9.attn.2547,9,attn,366,1
14577,3.attn.20170,3,attn,209,24
14578,9.attn.15967,9,attn,573,9
14579,3.attn.30024,3,attn,157,2
14580,9.attn.31920,9,attn,601,9
14581,3.attn.865,3,attn,117,27
14582,9.attn.36858,9,attn,340,1
14583,3.attn.13495,3,attn,147,2
14584,9.attn.18970,9,attn,413,21
14585,3.attn.4068,3,attn,206,2
14586,9.attn.754,9,attn,534,9
14587,3.mlp.5472,3,mlp,335,5
14588,8.resid.7303,8,resid,574,19
14589,3.mlp.12146,3,mlp,228,30
14590,8.resid.21864,8,resid,570,22
14591,3.mlp.21552,3,mlp,235,10
14592,8.resid.37950,8,resid,276,26
14593,3.mlp.40900,3,mlp,359,30
14594,8.resid.27916,8,resid,514,22
14595,3.mlp.27028,3,mlp,184,25
14596,8.resid.5060,8,resid,424,26
14597,3.mlp.7854,3,mlp,247,41
14598,8.resid.19108,8,resid,482,11
14599,3.mlp.4821,3,mlp,182,4
14600,8.resid.35481,8,resid,492,23
14601,3.mlp.18151,3,mlp,152,10
14602,8.resid.117,8,resid,606,1
14603,3.mlp.11775,3,mlp,252,21
14604,8.resid.28293,8,resid,407,29
14605,3.mlp.30093,3,mlp,203,5
14606,8.resid.26166,8,resid,499,26
14607,3.mlp.17921,3,mlp,299,2
14608,8.resid.13342,8,resid,382,84
14609,3.mlp.4752,3,mlp,376,2
14610,8.resid.24629,8,resid,683,4
14611,3.mlp.24116,3,mlp,275,2
14612,8.resid.36769,8,resid,524,15
14613,3.mlp.25937,3,mlp,244,18
14614,8.resid.6389,8,resid,593,40
14615,3.mlp.14788,3,mlp,212,31
14616,8.resid.3919,8,resid,300,26
14617,3.mlp.39032,3,mlp,419,31
14618,8.resid.38299,8,resid,308,15
14619,3.mlp.31287,3,mlp,343,6
14620,8.resid.11976,8,resid,509,8
14621,3.mlp.29125,3,mlp,142,10
14622,8.resid.36157,8,resid,552,7
14623,3.mlp.38539,3,mlp,206,10
14624,8.resid.35723,8,resid,455,46
14625,3.mlp.8589,3,mlp,216,35
14626,8.resid.29286,8,resid,305,1
14627,3.mlp.30321,3,mlp,215,4
14628,8.resid.33710,8,resid,446,6
14629,3.mlp.14062,3,mlp,252,24
14630,8.resid.37723,8,resid,474,13
14631,3.mlp.18365,3,mlp,254,22
14632,8.resid.23576,8,resid,342,26
14633,3.mlp.25149,3,mlp,233,7
14634,8.resid.23170,8,resid,511,44
14635,3.mlp.21710,3,mlp,192,51
14636,8.resid.15049,8,resid,598,1
14637,3.mlp.13711,3,mlp,183,24
14638,8.resid.14640,8,resid,549,11
14639,3.mlp.8078,3,mlp,207,39
14640,8.resid.23078,8,resid,534,32
14641,3.mlp.3722,3,mlp,255,4
14642,8.resid.10098,8,resid,743,12
14643,3.resid.6416,3,resid,185,30
14644,8.mlp.622,8,mlp,489,6
14645,3.resid.28854,3,resid,189,18
14646,8.mlp.11168,8,mlp,478,13
14647,3.resid.2361,3,resid,177,25
14648,8.mlp.9292,8,mlp,394,11
14649,3.resid.32342,3,resid,188,13
14650,8.mlp.3728,8,mlp,514,7
14651,3.resid.4816,3,resid,191,8
14652,8.mlp.39738,8,mlp,553,23
14653,3.resid.1446,3,resid,193,18
14654,8.mlp.224,8,mlp,572,31
14655,3.resid.1940,3,resid,130,11
14656,8.mlp.661,8,mlp,317,12
14657,3.resid.16282,3,resid,311,5
14658,8.mlp.2192,8,mlp,359,6
14659,3.resid.5976,3,resid,159,80
14660,8.mlp.23797,8,mlp,380,20
14661,3.resid.6999,3,resid,168,29
14662,8.mlp.31253,8,mlp,486,38
14663,3.resid.13110,3,resid,136,15
14664,8.mlp.40813,8,mlp,447,6
14665,3.resid.23927,3,resid,113,32
14666,8.mlp.26032,8,mlp,472,618
14667,3.resid.25065,3,resid,254,4
14668,8.mlp.35348,8,mlp,400,6
14669,3.resid.12441,3,resid,305,7
14670,8.mlp.24993,8,mlp,574,23
14671,3.resid.9331,3,resid,276,2
14672,8.mlp.39156,8,mlp,170,17
14673,3.resid.11931,3,resid,276,19
14674,8.mlp.29242,8,mlp,240,18
14675,3.resid.18257,3,resid,219,41
14676,8.mlp.1194,8,mlp,548,12
14677,3.resid.5994,3,resid,155,20
14678,8.mlp.24934,8,mlp,503,41
14679,3.resid.32735,3,resid,176,19
14680,8.mlp.39409,8,mlp,429,28
14681,3.resid.19487,3,resid,351,2
14682,8.mlp.29663,8,mlp,376,35
14683,3.resid.33839,3,resid,258,39
14684,8.mlp.16097,8,mlp,523,10
14685,3.resid.31715,3,resid,217,62
14686,8.mlp.38053,8,mlp,377,12
14687,3.resid.1993,3,resid,223,23
14688,8.mlp.1095,8,mlp,460,4
14689,3.resid.6541,3,resid,164,5
14690,8.mlp.17618,8,mlp,506,11
14691,3.resid.3027,3,resid,239,7
14692,8.mlp.1525,8,mlp,469,17
14693,3.resid.33534,3,resid,264,31
14694,8.mlp.8325,8,mlp,519,732
14695,3.resid.18143,3,resid,180,32
14696,8.mlp.22938,8,mlp,460,23
14697,3.resid.8787,3,resid,202,12
14698,8.mlp.36870,8,mlp,324,9
14699,3.resid.7275,3,resid,233,16
14700,8.mlp.5054,8,mlp,587,4
14701,4.attn.21607,4,attn,283,19
14702,8.attn.6646,8,attn,462,59
14703,4.attn.718,4,attn,155,2
14704,4.attn.22941,4,attn,287,2
14705,8.attn.23168,8,attn,558,1
14706,4.attn.19043,4,attn,434,2
14707,4.attn.37517,4,attn,349,37
14708,8.attn.20559,8,attn,383,8
14709,4.attn.8627,4,attn,253,2
14710,4.attn.21102,4,attn,170,2
14711,4.attn.39134,4,attn,141,4
14712,8.attn.14321,8,attn,402,9
14713,4.attn.9438,4,attn,287,5
14714,8.attn.39799,8,attn,437,12
14715,4.attn.17954,4,attn,198,2
14716,8.attn.29219,8,attn,267,4
14717,4.attn.3701,4,attn,221,25
14718,8.attn.11563,8,attn,581,17
14719,4.attn.2288,4,attn,174,2
14720,8.attn.32109,8,attn,591,17
14721,4.attn.22108,4,attn,251,2
14722,8.attn.23156,8,attn,331,13
14723,4.attn.33702,4,attn,116,9
14724,8.attn.22802,8,attn,279,26
14725,4.attn.8955,4,attn,287,41
14726,8.attn.8425,8,attn,325,7
14727,4.attn.2828,4,attn,120,2
14728,8.attn.7918,8,attn,566,9
14729,4.attn.32494,4,attn,212,2
14730,4.attn.34415,4,attn,264,2
14731,8.attn.1092,8,attn,562,24
14732,4.attn.4908,4,attn,286,13
14733,8.attn.15854,8,attn,497,9
14734,4.attn.12597,4,attn,197,2
14735,8.attn.26168,8,attn,308,8
14736,4.attn.27918,4,attn,303,28
14737,4.attn.6151,4,attn,259,15
14738,8.attn.28174,8,attn,415,67
14739,4.attn.17458,4,attn,292,5
14740,8.attn.8749,8,attn,446,4
14741,4.attn.10224,4,attn,241,2
14742,8.attn.32901,8,attn,364,1
14743,4.attn.5796,4,attn,295,2
14744,8.attn.19987,8,attn,493,1
14745,4.attn.11089,4,attn,285,2
14746,8.attn.12463,8,attn,380,1
14747,4.attn.29456,4,attn,199,19
14748,4.attn.2265,4,attn,226,2
14749,8.attn.7532,8,attn,273,9
14750,4.mlp.26513,4,mlp,387,0
14751,7.resid.31636,7,resid,388,17
14752,4.mlp.31054,4,mlp,449,10
14753,7.resid.1684,7,resid,521,35
14754,4.mlp.11972,4,mlp,276,11
14755,7.resid.26702,7,resid,524,13
14756,4.mlp.27552,4,mlp,373,0
14757,7.resid.38143,7,resid,312,16
14758,4.mlp.23343,4,mlp,200,32
14759,7.resid.28544,7,resid,448,15
14760,4.mlp.24998,4,mlp,234,33
14761,7.resid.18706,7,resid,650,7
14762,4.mlp.9798,4,mlp,313,37
14763,7.resid.8494,7,resid,438,35
14764,4.mlp.20369,4,mlp,570,31
14765,7.resid.8225,7,resid,466,7
14766,4.mlp.26302,4,mlp,293,28
14767,7.resid.25256,7,resid,215,40
14768,4.mlp.17581,4,mlp,314,4
14769,7.resid.16070,7,resid,466,17
14770,4.mlp.10843,4,mlp,180,20
14771,7.resid.8552,7,resid,471,16
14772,4.mlp.13859,4,mlp,388,0
14773,7.resid.14946,7,resid,391,16
14774,4.mlp.5526,4,mlp,222,30
14775,7.resid.3281,7,resid,309,13
14776,4.mlp.22014,4,mlp,293,10
14777,7.resid.1445,7,resid,424,15
14778,4.mlp.27150,4,mlp,277,16
14779,7.resid.15349,7,resid,495,7
14780,4.mlp.661,4,mlp,438,0
14781,7.resid.27167,7,resid,470,38
14782,4.mlp.38143,4,mlp,230,12
14783,7.resid.12391,7,resid,544,29
14784,4.mlp.25048,4,mlp,228,4
14785,7.resid.25031,7,resid,453,1
14786,4.mlp.32151,4,mlp,199,6
14787,7.resid.37098,7,resid,472,27
14788,4.mlp.34524,4,mlp,363,14
14789,7.resid.6633,7,resid,440,6
14790,4.mlp.21414,4,mlp,267,46
14791,7.resid.18640,7,resid,548,31
14792,4.mlp.1845,4,mlp,270,25
14793,7.resid.14359,7,resid,482,86
14794,4.mlp.34497,4,mlp,436,0
14795,7.resid.34513,7,resid,854,36
14796,4.mlp.17873,4,mlp,314,19
14797,7.resid.12462,7,resid,522,0
14798,4.mlp.31411,4,mlp,566,19
14799,7.resid.13467,7,resid,392,4
14800,4.mlp.17416,4,mlp,200,11
14801,7.resid.39177,7,resid,561,0
14802,4.mlp.35255,4,mlp,283,6
14803,7.resid.30723,7,resid,834,13
14804,4.mlp.6016,4,mlp,203,60
14805,7.resid.6526,7,resid,543,28
14806,4.mlp.36898,4,mlp,244,10
14807,7.mlp.38783,7,mlp,389,26
14808,4.resid.19389,4,resid,183,20
14809,7.mlp.7985,7,mlp,465,14
14810,4.resid.28001,4,resid,348,6
14811,7.mlp.19880,7,mlp,315,15
14812,4.resid.26368,4,resid,261,5
14813,7.mlp.6430,7,mlp,230,12
14814,4.resid.25319,4,resid,309,15
14815,7.mlp.40895,7,mlp,399,14
14816,4.resid.3093,4,resid,266,0
14817,7.mlp.23763,7,mlp,278,55
14818,4.resid.14921,4,resid,178,35
14819,7.mlp.6385,7,mlp,470,738
14820,4.resid.7263,4,resid,251,25
14821,7.mlp.28485,7,mlp,390,85
14822,4.resid.22964,4,resid,222,11
14823,7.mlp.37631,7,mlp,266,4
14824,4.resid.32512,4,resid,239,4
14825,7.mlp.20493,7,mlp,300,8
14826,4.resid.16905,4,resid,172,6
14827,7.mlp.6986,7,mlp,338,7
14828,4.resid.39044,4,resid,285,10
14829,7.mlp.26384,7,mlp,310,35
14830,4.resid.16569,4,resid,213,15
14831,7.mlp.2724,7,mlp,361,8
14832,4.resid.13408,4,resid,361,17
14833,7.mlp.26981,7,mlp,525,23
14834,4.resid.23750,4,resid,203,17
14835,7.mlp.26300,7,mlp,371,20
14836,4.resid.14722,4,resid,273,8
14837,7.mlp.6454,7,mlp,348,15
14838,4.resid.4757,4,resid,237,11
14839,7.mlp.9330,7,mlp,353,37
14840,4.resid.4837,4,resid,364,15
14841,7.mlp.11418,7,mlp,372,26
14842,4.resid.31550,4,resid,288,11
14843,7.mlp.28864,7,mlp,273,23
14844,4.resid.5702,4,resid,336,5
14845,7.mlp.9919,7,mlp,226,5
14846,4.resid.21874,4,resid,259,0
14847,7.mlp.23401,7,mlp,475,14
14848,4.resid.10437,4,resid,274,53
14849,7.mlp.27216,7,mlp,368,7
14850,4.resid.13307,4,resid,368,16
14851,7.mlp.35397,7,mlp,435,6
14852,4.resid.10535,4,resid,312,0
14853,7.mlp.4951,7,mlp,562,8
14854,4.resid.8798,4,resid,275,4
14855,7.mlp.6070,7,mlp,623,610
14856,4.resid.24989,4,resid,359,33
14857,7.mlp.36575,7,mlp,280,12
14858,4.resid.35501,4,resid,181,15
14859,7.mlp.15733,7,mlp,338,23
14860,4.resid.12716,4,resid,164,30
14861,7.mlp.39101,7,mlp,469,13
14862,4.resid.16952,4,resid,285,4
14863,7.mlp.2326,7,mlp,370,12
14864,5.attn.35385,5,attn,206,2
14865,7.attn.13479,7,attn,520,43
14866,7.attn.28485,7,attn,167,4
14867,5.attn.18024,5,attn,320,26
14868,7.attn.29806,7,attn,339,43
14869,5.attn.10807,5,attn,299,8
14870,7.attn.30093,7,attn,292,1
14871,7.attn.23323,7,attn,494,43
14872,5.attn.3833,5,attn,357,4
14873,5.attn.7398,5,attn,288,24
14874,7.attn.30428,7,attn,577,0
14875,5.attn.35642,5,attn,214,0
14876,5.attn.29923,5,attn,244,0
14877,5.attn.9481,5,attn,230,0
14878,7.attn.40824,7,attn,237,27
14879,7.attn.31732,7,attn,483,19
14880,5.attn.30359,5,attn,355,0
14881,7.attn.21787,7,attn,501,43
14882,7.attn.3372,7,attn,406,43
14883,5.attn.16585,5,attn,187,50
14884,7.attn.29021,7,attn,417,24
14885,5.attn.24276,5,attn,232,1
14886,7.attn.11431,7,attn,734,22
14887,5.attn.5742,5,attn,206,1
14888,7.attn.23072,7,attn,468,9
14889,5.attn.10727,5,attn,332,28
14890,7.attn.22426,7,attn,312,1
14891,7.attn.11316,7,attn,497,9
14892,7.attn.17229,7,attn,358,1
14893,5.attn.26774,5,attn,191,1
14894,5.attn.32847,5,attn,389,5
14895,7.attn.33856,7,attn,286,1
14896,5.attn.31208,5,attn,177,1
14897,7.attn.27775,7,attn,642,37
14898,5.attn.38085,5,attn,409,0
14899,7.attn.16562,7,attn,538,9
14900,5.attn.8580,5,attn,211,2
14901,7.attn.32327,7,attn,395,1
14902,5.mlp.35186,5,mlp,345,5
14903,6.resid.8872,6,resid,299,22
14904,5.mlp.33587,5,mlp,376,0
14905,6.resid.5333,6,resid,426,37
14906,5.mlp.6458,5,mlp,319,19
14907,6.resid.27968,6,resid,396,22
14908,5.mlp.18210,5,mlp,353,0
14909,6.resid.36021,6,resid,410,8
14910,5.mlp.37233,5,mlp,218,14
14911,6.resid.18234,6,resid,464,12
14912,5.mlp.30751,5,mlp,241,6
14913,6.resid.28605,6,resid,380,7
14914,5.mlp.36443,5,mlp,371,31
14915,6.resid.6940,6,resid,406,6
14916,5.mlp.29712,5,mlp,561,58
14917,6.resid.2121,6,resid,505,1
14918,5.mlp.6014,5,mlp,241,27
14919,6.resid.26491,6,resid,399,7
14920,5.mlp.33537,5,mlp,255,7
14921,6.resid.12792,6,resid,487,4
14922,5.mlp.17486,5,mlp,762,5
14923,6.resid.12225,6,resid,385,7
14924,5.mlp.29750,5,mlp,257,10
14925,6.resid.1508,6,resid,414,31
14926,5.mlp.40957,5,mlp,316,39
14927,6.resid.35442,6,resid,359,31
14928,5.mlp.6072,5,mlp,301,22
14929,6.resid.30675,6,resid,247,9
14930,5.mlp.2310,5,mlp,336,37
14931,6.resid.34899,6,resid,469,0
14932,5.mlp.23324,5,mlp,288,12
14933,6.resid.16488,6,resid,465,35
14934,5.mlp.39000,5,mlp,490,0
14935,6.resid.14245,6,resid,387,30
14936,5.mlp.1040,5,mlp,476,0
14937,6.resid.16645,6,resid,416,30
14938,5.mlp.25314,5,mlp,406,19
14939,6.resid.12533,6,resid,461,17
14940,5.mlp.21151,5,mlp,228,5
14941,6.resid.6922,6,resid,419,28
14942,5.mlp.27573,5,mlp,410,4
14943,6.resid.24871,6,resid,398,48
14944,5.mlp.926,5,mlp,255,32
14945,6.resid.19520,6,resid,466,4
14946,5.mlp.11696,5,mlp,341,26
14947,6.resid.33685,6,resid,355,31
14948,5.mlp.19700,5,mlp,327,15
14949,6.resid.21911,6,resid,415,0
14950,5.mlp.23549,5,mlp,261,17
14951,6.resid.14285,6,resid,535,22
14952,5.mlp.22601,5,mlp,306,0
14953,6.resid.3819,6,resid,341,5
14954,5.mlp.7555,5,mlp,315,6
14955,6.resid.438,6,resid,466,12
14956,5.mlp.17540,5,mlp,349,13
14957,6.resid.27873,6,resid,447,14
14958,5.mlp.30766,5,mlp,338,5
14959,6.resid.23475,6,resid,685,0
14960,5.resid.31333,5,resid,302,4
14961,6.mlp.11309,6,mlp,505,8
14962,5.resid.33714,5,resid,331,0
14963,6.mlp.39431,6,mlp,271,24
14964,5.resid.655,5,resid,305,0
14965,6.mlp.4019,6,mlp,330,27
14966,5.resid.36393,5,resid,347,5
14967,6.mlp.21525,6,mlp,425,0
14968,5.resid.32887,5,resid,293,0
14969,6.mlp.8483,6,mlp,420,0
14970,5.resid.6502,5,resid,417,0
14971,6.mlp.33066,6,mlp,324,12
14972,5.resid.29497,5,resid,373,4
14973,6.mlp.4263,6,mlp,469,37
14974,5.resid.29905,5,resid,326,49
14975,6.mlp.15571,6,mlp,443,27
14976,5.resid.33025,5,resid,496,14
14977,6.mlp.26925,6,mlp,474,85
14978,5.resid.24339,5,resid,520,18
14979,6.mlp.12832,6,mlp,367,5
14980,5.resid.4352,5,resid,417,0
14981,6.mlp.34435,6,mlp,234,11
14982,5.resid.27071,5,resid,367,21
14983,6.mlp.35465,6,mlp,239,29
14984,5.resid.14020,5,resid,446,0
14985,6.mlp.27212,6,mlp,461,0
14986,5.resid.16985,5,resid,341,15
14987,6.mlp.21755,6,mlp,348,28
14988,5.resid.36040,5,resid,398,5
14989,6.mlp.15436,6,mlp,412,16
14990,5.resid.18766,5,resid,269,14
14991,6.mlp.37318,6,mlp,269,0
14992,5.resid.21998,5,resid,271,26
14993,6.mlp.752,6,mlp,234,35
14994,5.resid.11454,5,resid,322,25
14995,6.mlp.13294,6,mlp,331,12
14996,5.resid.25642,5,resid,306,15
14997,6.mlp.22541,6,mlp,446,11
14998,5.resid.25134,5,resid,326,0
14999,6.mlp.592,6,mlp,507,41
15000,5.resid.16073,5,resid,302,5
15001,6.mlp.9524,6,mlp,297,17
15002,5.resid.9909,5,resid,296,20
15003,6.mlp.3624,6,mlp,357,36
15004,5.resid.20883,5,resid,191,19
15005,6.mlp.1695,6,mlp,566,0
15006,5.resid.21261,5,resid,329,5
15007,6.mlp.1638,6,mlp,323,30
15008,5.resid.25280,5,resid,236,0
15009,6.mlp.18236,6,mlp,227,15
15010,5.resid.40769,5,resid,417,2
15011,6.mlp.31692,6,mlp,231,15
15012,5.resid.37157,5,resid,282,16
15013,6.mlp.13003,6,mlp,520,2
15014,5.resid.3197,5,resid,298,0
15015,6.mlp.21201,6,mlp,286,15
15016,6.attn.39403,6,attn,251,1
15017,6.attn.22789,6,attn,240,0
15018,6.attn.22639,6,attn,260,1
15019,6.attn.38738,6,attn,360,20
15020,6.attn.12479,6,attn,408,0
15021,6.attn.19571,6,attn,130,12
15022,6.attn.4079,6,attn,260,1
15023,6.attn.26099,6,attn,205,2
15024,6.attn.32991,6,attn,340,1
15025,6.attn.22507,6,attn,330,1
15026,6.attn.37033,6,attn,493,0
15027,6.attn.27581,6,attn,224,1
15028,6.attn.39546,6,attn,381,0
15029,6.attn.1933,6,attn,303,1
15030,6.attn.14811,6,attn,253,1
15031,6.attn.23264,6,attn,608,0
15032,6.attn.9288,6,attn,221,7
15033,6.attn.35949,6,attn,263,1
15034,6.attn.15173,6,attn,296,1
15035,6.attn.27795,6,attn,275,1
15036,6.attn.17279,6,attn,245,1
15037,6.attn.30599,6,attn,499,1
15038,6.attn.15158,6,attn,379,0
15039,6.attn.10878,6,attn,223,2
15040,6.attn.9843,6,attn,227,0
15041,6.attn.33354,6,attn,337,26
15042,6.attn.13305,6,attn,247,1
15043,6.attn.36095,6,attn,230,1
15044,6.attn.12305,6,attn,455,0
15045,0.mlp.19189,0,mlp,12,735
