cid,shard,skey,seed_layer,seed_kind,seed_index,n_members,family
0,0,0.mlp.2683,0,mlp,2683,6,1
1,0,11.resid.31655,11,resid,31655,598,3
2,0,0.mlp.22374,0,mlp,22374,29,1
3,0,11.resid.20555,11,resid,20555,763,4
4,0,0.mlp.10582,0,mlp,10582,14,1
5,0,11.resid.11738,11,resid,11738,504,5
6,0,0.mlp.17022,0,mlp,17022,29,1
7,0,11.resid.21562,11,resid,21562,399,0
8,0,0.mlp.35587,0,mlp,35587,26,1
9,0,11.resid.8074,11,resid,8074,613,6
10,0,0.mlp.10950,0,mlp,10950,12,0
11,0,11.resid.6380,11,resid,6380,312,0
12,0,0.mlp.15449,0,mlp,15449,4,7
13,0,11.resid.29900,11,resid,29900,920,8
14,0,0.mlp.27336,0,mlp,27336,59,1
15,0,11.resid.33991,11,resid,33991,447,0
16,0,0.mlp.586,0,mlp,586,18,1
17,0,11.resid.6662,11,resid,6662,389,0
18,0,0.mlp.16890,0,mlp,16890,20,1
19,0,11.resid.39455,11,resid,39455,494,0
20,0,0.mlp.32928,0,mlp,32928,11,1
21,0,11.resid.20924,11,resid,20924,691,9
22,0,0.mlp.22135,0,mlp,22135,22,1
23,0,11.resid.31219,11,resid,31219,326,0
24,0,0.mlp.12724,0,mlp,12724,12,1
25,0,11.resid.29252,11,resid,29252,758,10
26,0,0.mlp.12640,0,mlp,12640,14,1
27,0,11.resid.31033,11,resid,31033,434,0
28,0,0.mlp.16150,0,mlp,16150,23,1
29,0,11.resid.18166,11,resid,18166,344,0
30,0,0.mlp.2423,0,mlp,2423,57,1
31,0,11.resid.22854,11,resid,22854,235,0
32,0,0.mlp.24296,0,mlp,24296,18,1
33,0,11.resid.33628,11,resid,33628,637,11
34,0,0.mlp.333,0,mlp,333,22,1
35,0,11.resid.6599,11,resid,6599,603,12
36,0,0.mlp.40059,0,mlp,40059,14,1
37,0,11.resid.26346,11,resid,26346,1298,13
38,0,0.mlp.28055,0,mlp,28055,52,1
39,0,11.resid.15958,11,resid,15958,748,14
40,0,0.mlp.28006,0,mlp,28006,12,0
41,0,11.resid.8924,11,resid,8924,430,0
42,0,0.mlp.39346,0,mlp,39346,26,1
43,0,11.resid.18301,11,resid,18301,555,0
44,0,0.mlp.2860,0,mlp,2860,16,1
45,0,11.resid.15030,11,resid,15030,520,0
46,0,0.mlp.15497,0,mlp,15497,8,0
47,0,11.resid.11000,11,resid,11000,486,0
48,0,0.mlp.13135,0,mlp,13135,16,1
49,0,11.resid.10792,11,resid,10792,622,15
50,0,0.mlp.35873,0,mlp,35873,63,1
51,0,11.resid.23598,11,resid,23598,391,0
52,0,0.mlp.30765,0,mlp,30765,13,0
53,0,11.resid.37173,11,resid,37173,557,0
54,0,0.mlp.10973,0,mlp,10973,10,1
55,0,11.resid.3758,11,resid,3758,533,0
56,0,0.mlp.24137,0,mlp,24137,33,1
57,0,11.resid.37685,11,resid,37685,478,0
58,0,0.resid.30766,0,resid,30766,33,1
59,0,11.mlp.14781,11,mlp,14781,677,16
60,0,0.resid.1150,0,resid,1150,23,1
61,0,11.mlp.30196,11,mlp,30196,768,17
62,0,0.resid.7365,0,resid,7365,63,1
63,0,11.mlp.29809,11,mlp,29809,483,0
64,0,0.resid.11658,0,resid,11658,19,1
65,0,11.mlp.29954,11,mlp,29954,592,18
66,0,0.resid.16583,0,resid,16583,32,1
67,0,11.mlp.40709,11,mlp,40709,642,19
68,0,0.resid.30806,0,resid,30806,19,1
69,0,11.mlp.21011,11,mlp,21011,415,0
70,0,0.resid.12076,0,resid,12076,64,1
71,0,11.mlp.31545,11,mlp,31545,299,0
72,0,0.resid.22652,0,resid,22652,10,0
73,0,11.mlp.1452,11,mlp,1452,411,0
74,0,0.resid.27303,0,resid,27303,33,1
75,0,11.mlp.23285,11,mlp,23285,658,20
76,0,0.resid.13631,0,resid,13631,21,1
77,0,11.mlp.2626,11,mlp,2626,324,0
78,0,0.resid.13192,0,resid,13192,39,1
79,0,11.mlp.24286,11,mlp,24286,632,21
80,0,0.resid.19870,0,resid,19870,28,1
81,0,11.mlp.4848,11,mlp,4848,361,2
82,0,0.resid.7173,0,resid,7173,45,1
83,0,11.mlp.29727,11,mlp,29727,357,0
84,0,0.resid.3893,0,resid,3893,42,1
85,0,11.mlp.35392,11,mlp,35392,442,0
86,0,0.resid.3461,0,resid,3461,49,1
87,0,11.mlp.19062,11,mlp,19062,499,22
88,0,0.resid.21286,0,resid,21286,70,1
89,0,11.mlp.15750,11,mlp,15750,433,0
90,0,0.resid.10132,0,resid,10132,102,1
91,0,11.mlp.28306,11,mlp,28306,630,23
92,0,0.resid.1542,0,resid,1542,30,1
93,0,11.mlp.33065,11,mlp,33065,398,0
94,0,0.resid.8823,0,resid,8823,35,1
95,0,11.mlp.22701,11,mlp,22701,454,0
96,0,0.resid.32683,0,resid,32683,144,1
97,0,11.mlp.11218,11,mlp,11218,378,0
98,0,0.resid.28805,0,resid,28805,20,2
99,0,11.mlp.21052,11,mlp,21052,451,0
100,0,0.resid.4506,0,resid,4506,61,1
101,0,11.mlp.30151,11,mlp,30151,396,0
102,0,0.resid.14848,0,resid,14848,31,1
103,0,11.mlp.28620,11,mlp,28620,437,0
104,0,0.resid.34560,0,resid,34560,26,1
105,0,11.mlp.17425,11,mlp,17425,318,0
106,0,0.resid.38082,0,resid,38082,27,1
107,0,11.mlp.25667,11,mlp,25667,476,0
108,0,0.resid.25669,0,resid,25669,49,1
109,0,11.mlp.29332,11,mlp,29332,437,24
110,0,0.resid.36259,0,resid,36259,8,0
111,0,11.mlp.36677,11,mlp,36677,258,0
112,0,0.resid.39897,0,resid,39897,73,1
113,0,11.mlp.37484,11,mlp,37484,539,25
114,0,11.attn.30402,11,attn,30402,264,0
115,0,1.attn.30282,1,attn,30282,133,1
116,0,11.attn.32581,11,attn,32581,681,26
117,0,11.attn.31678,11,attn,31678,342,2
118,0,11.attn.7179,11,attn,7179,215,0
119,0,11.attn.20963,11,attn,20963,253,0
120,0,11.attn.22687,11,attn,22687,886,27
121,0,11.attn.10874,11,attn,10874,339,2
122,0,11.attn.32710,11,attn,32710,718,28
123,0,1.attn.38963,1,attn,38963,144,2
124,0,11.attn.17119,11,attn,17119,663,29
125,0,1.attn.10824,1,attn,10824,34,1
126,0,11.attn.18611,11,attn,18611,427,0
127,0,11.attn.3216,11,attn,3216,285,2
128,0,11.attn.24994,11,attn,24994,242,0
129,0,1.attn.6656,1,attn,6656,82,1
130,0,11.attn.7345,11,attn,7345,315,2
131,0,11.attn.9755,11,attn,9755,205,0
132,0,1.attn.31675,1,attn,31675,158,1
133,0,11.attn.33776,11,attn,33776,311,0
134,0,11.attn.28023,11,attn,28023,425,0
135,0,1.attn.21144,1,attn,21144,35,0
136,0,11.attn.3434,11,attn,3434,656,30
137,0,11.attn.19865,11,attn,19865,193,0
138,0,11.attn.13542,11,attn,13542,770,31
139,0,1.attn.2805,1,attn,2805,52,2
140,0,11.attn.3091,11,attn,3091,247,2
141,0,1.attn.27068,1,attn,27068,79,2
142,0,11.attn.32086,11,attn,32086,199,2
143,0,11.attn.22419,11,attn,22419,736,32
144,0,11.attn.718,11,attn,718,390,0
145,0,11.attn.7471,11,attn,7471,378,2
146,0,11.attn.40600,11,attn,40600,332,0
147,0,11.attn.567,11,attn,567,383,2
148,0,1.attn.39747,1,attn,39747,67,2
149,0,11.attn.26100,11,attn,26100,347,2
150,0,1.attn.22589,1,attn,22589,68,2
151,0,1.attn.33298,1,attn,33298,61,1
152,0,11.attn.20373,11,attn,20373,559,33
153,0,1.mlp.26265,1,mlp,26265,165,1
154,0,10.resid.9577,10,resid,9577,374,0
155,0,1.mlp.37885,1,mlp,37885,101,1
156,0,10.resid.39566,10,resid,39566,828,34
157,0,1.mlp.4483,1,mlp,4483,91,1
158,0,10.resid.37177,10,resid,37177,643,35
159,0,1.mlp.17197,1,mlp,17197,91,1
160,0,10.resid.21023,10,resid,21023,942,36
161,0,1.mlp.22301,1,mlp,22301,182,1
162,0,10.resid.7716,10,resid,7716,588,37
163,0,1.mlp.27221,1,mlp,27221,108,1
164,0,10.resid.20081,10,resid,20081,752,38
165,0,1.mlp.30876,1,mlp,30876,126,1
166,0,10.resid.8415,10,resid,8415,700,39
167,0,1.mlp.6095,1,mlp,6095,243,0
168,0,10.resid.8506,10,resid,8506,316,0
169,0,1.mlp.17681,1,mlp,17681,78,1
170,0,10.resid.24699,10,resid,24699,331,0
171,0,1.mlp.40471,1,mlp,40471,129,1
172,0,10.resid.36987,10,resid,36987,711,40
173,0,1.mlp.31792,1,mlp,31792,255,0
174,0,10.resid.21872,10,resid,21872,651,41
175,0,1.mlp.27952,1,mlp,27952,121,1
176,0,10.resid.26748,10,resid,26748,467,42
177,0,1.mlp.8495,1,mlp,8495,123,1
178,0,10.resid.27948,10,resid,27948,688,43
179,0,1.mlp.10013,1,mlp,10013,132,1
180,0,10.resid.34899,10,resid,34899,223,0
181,0,1.mlp.4173,1,mlp,4173,104,1
182,0,10.resid.17393,10,resid,17393,681,44
183,0,1.mlp.33021,1,mlp,33021,78,1
184,0,10.resid.8042,10,resid,8042,687,45
185,0,1.mlp.33683,1,mlp,33683,191,1
186,0,10.resid.33347,10,resid,33347,699,46
187,0,1.mlp.32571,1,mlp,32571,157,1
188,0,10.resid.9142,10,resid,9142,321,0
189,0,1.mlp.27927,1,mlp,27927,89,1
190,0,10.resid.27129,10,resid,27129,632,47
191,0,1.mlp.5208,1,mlp,5208,169,1
192,0,10.resid.29514,10,resid,29514,587,48
193,0,1.mlp.1605,1,mlp,1605,98,1
194,0,10.resid.23932,10,resid,23932,569,0
195,0,1.mlp.7905,1,mlp,7905,194,0
196,0,10.resid.4902,10,resid,4902,837,49
197,0,1.mlp.16058,1,mlp,16058,106,1
198,0,10.resid.18214,10,resid,18214,543,50
199,0,1.mlp.16290,1,mlp,16290,88,1
200,0,10.resid.18365,10,resid,18365,358,0
201,0,1.mlp.8190,1,mlp,8190,137,1
202,0,10.resid.32386,10,resid,32386,758,51
203,0,1.mlp.38568,1,mlp,38568,186,1
204,0,10.resid.14010,10,resid,14010,384,0
205,0,1.mlp.11209,1,mlp,11209,191,0
206,0,10.resid.39189,10,resid,39189,306,0
207,0,1.mlp.21731,1,mlp,21731,122,1
208,0,10.resid.14806,10,resid,14806,891,52
209,0,1.resid.20485,1,resid,20485,92,1
210,0,10.mlp.40572,10,mlp,40572,406,0
211,0,1.resid.10581,1,resid,10581,85,1
212,0,10.mlp.3229,10,mlp,3229,485,0
213,0,1.resid.10458,1,resid,10458,90,1
214,0,10.mlp.1851,10,mlp,1851,603,53
215,0,1.resid.1874,1,resid,1874,49,1
216,0,10.mlp.28576,10,mlp,28576,552,0
217,0,1.resid.18743,1,resid,18743,96,1
218,0,10.mlp.26655,10,mlp,26655,297,0
219,0,1.resid.19719,1,resid,19719,26,2
220,0,10.mlp.5521,10,mlp,5521,506,54
221,0,1.resid.17995,1,resid,17995,157,1
222,0,10.mlp.39631,10,mlp,39631,448,0
223,0,1.resid.210,1,resid,210,76,1
224,0,10.mlp.36951,10,mlp,36951,484,0
225,0,1.resid.38381,1,resid,38381,156,1
226,0,10.mlp.16421,10,mlp,16421,267,0
227,0,1.resid.16556,1,resid,16556,44,1
228,0,10.mlp.15218,10,mlp,15218,221,0
229,0,1.resid.39725,1,resid,39725,207,0
230,0,10.mlp.24601,10,mlp,24601,506,55
231,0,1.resid.334,1,resid,334,88,1
232,0,10.mlp.11902,10,mlp,11902,249,0
233,0,1.resid.12137,1,resid,12137,137,1
234,0,10.mlp.37595,10,mlp,37595,524,56
235,0,1.resid.34168,1,resid,34168,107,1
236,0,10.mlp.29174,10,mlp,29174,264,57
237,0,1.resid.11075,1,resid,11075,52,1
238,0,10.mlp.23594,10,mlp,23594,341,0
239,0,1.resid.6281,1,resid,6281,123,1
240,0,10.mlp.10279,10,mlp,10279,160,0
241,0,1.resid.19029,1,resid,19029,93,1
242,0,10.mlp.33351,10,mlp,33351,300,0
243,0,1.resid.9760,1,resid,9760,88,1
244,0,10.mlp.9326,10,mlp,9326,350,0
245,0,1.resid.32901,1,resid,32901,120,1
246,0,10.mlp.38196,10,mlp,38196,529,0
247,0,1.resid.17731,1,resid,17731,157,1
248,0,10.mlp.3607,10,mlp,3607,555,0
249,0,1.resid.11734,1,resid,11734,88,1
250,0,10.mlp.20386,10,mlp,20386,470,0
251,0,1.resid.40670,1,resid,40670,150,1
252,0,10.mlp.28988,10,mlp,28988,574,58
253,0,1.resid.20917,1,resid,20917,79,1
254,0,10.mlp.23465,10,mlp,23465,384,0
255,0,1.resid.34619,1,resid,34619,41,1
256,0,10.mlp.21218,10,mlp,21218,334,0
257,0,1.resid.24744,1,resid,24744,164,1
258,0,10.mlp.39647,10,mlp,39647,522,59
259,0,1.resid.22677,1,resid,22677,107,1
260,0,10.mlp.30990,10,mlp,30990,491,0
261,0,1.resid.32802,1,resid,32802,135,1
262,0,10.mlp.10580,10,mlp,10580,574,60
263,0,1.resid.26860,1,resid,26860,119,1
264,0,10.mlp.39325,10,mlp,39325,471,0
265,0,1.resid.32492,1,resid,32492,142,1
266,0,10.attn.22284,10,attn,22284,691,61
267,0,10.attn.21431,10,attn,21431,741,62
268,0,2.attn.2078,2,attn,2078,100,0
269,0,10.attn.34357,10,attn,34357,515,0
270,0,10.attn.15410,10,attn,15410,544,0
271,0,2.attn.25814,2,attn,25814,121,2
272,0,10.attn.15911,10,attn,15911,310,0
273,0,2.attn.29868,2,attn,29868,142,2
274,0,10.attn.843,10,attn,843,194,0
275,0,2.attn.27221,2,attn,27221,136,2
276,0,10.attn.9183,10,attn,9183,492,0
277,0,10.attn.7776,10,attn,7776,418,0
278,0,10.attn.1662,10,attn,1662,552,0
279,0,10.attn.20056,10,attn,20056,618,63
280,0,2.attn.30906,2,attn,30906,68,1
281,0,10.attn.10186,10,attn,10186,434,0
282,0,10.attn.15864,10,attn,15864,997,64
283,0,2.attn.27772,2,attn,27772,60,1
284,0,10.attn.2718,10,attn,2718,427,0
285,0,2.attn.29757,2,attn,29757,186,2
286,0,10.attn.1746,10,attn,1746,449,0
287,0,2.attn.3761,2,attn,3761,320,0
288,0,10.attn.22291,10,attn,22291,790,65
289,0,2.attn.12829,2,attn,12829,163,2
290,0,10.attn.34828,10,attn,34828,286,2
291,0,10.attn.3973,10,attn,3973,1760,66
292,0,10.attn.28108,10,attn,28108,132,0
293,0,2.attn.6178,2,attn,6178,185,2
294,0,10.attn.12239,10,attn,12239,298,2
295,0,2.attn.31696,2,attn,31696,141,2
296,0,10.attn.3069,10,attn,3069,360,2
297,0,2.attn.20826,2,attn,20826,187,0
298,0,10.attn.36359,10,attn,36359,369,2
299,0,2.attn.39546,2,attn,39546,120,1
300,0,10.attn.31127,10,attn,31127,204,2
301,0,2.attn.17028,2,attn,17028,96,1
302,0,10.attn.5114,10,attn,5114,491,0
303,0,2.attn.36558,2,attn,36558,144,1
304,0,10.attn.39200,10,attn,39200,424,0
305,0,10.attn.7369,10,attn,7369,419,0
306,0,10.attn.19037,10,attn,19037,263,2
307,0,2.attn.17304,2,attn,17304,213,0
308,0,10.attn.23352,10,attn,23352,465,0
309,0,2.attn.25826,2,attn,25826,104,1
310,0,10.attn.13493,10,attn,13493,822,67
311,0,2.mlp.27931,2,mlp,27931,287,0
312,0,9.resid.22205,9,resid,22205,607,68
313,0,2.mlp.30725,2,mlp,30725,205,0
314,0,9.resid.36191,9,resid,36191,248,2
315,0,2.mlp.4293,2,mlp,4293,163,0
316,0,9.resid.17804,9,resid,17804,304,2
317,0,2.mlp.27698,2,mlp,27698,142,1
318,0,9.resid.32854,9,resid,32854,596,69
319,0,2.mlp.38939,2,mlp,38939,180,0
320,0,9.resid.29578,9,resid,29578,608,70
321,0,2.mlp.11749,2,mlp,11749,202,0
322,0,9.resid.29946,9,resid,29946,618,71
323,0,2.mlp.40518,2,mlp,40518,254,0
324,0,9.resid.24491,9,resid,24491,739,72
325,0,2.mlp.38441,2,mlp,38441,147,1
326,0,9.resid.11507,9,resid,11507,698,73
327,0,2.mlp.11443,2,mlp,11443,169,0
328,0,9.resid.10889,9,resid,10889,480,0
329,0,2.mlp.25935,2,mlp,25935,209,0
330,0,9.resid.40097,9,resid,40097,473,0
331,0,2.mlp.12002,2,mlp,12002,179,0
332,0,9.resid.28810,9,resid,28810,635,74
333,0,2.mlp.26851,2,mlp,26851,119,1
334,0,9.resid.16726,9,resid,16726,642,75
335,0,2.mlp.22161,2,mlp,22161,161,2
336,0,9.resid.38286,9,resid,38286,534,0
337,0,2.mlp.33684,2,mlp,33684,138,1
338,0,9.resid.1987,9,resid,1987,409,0
339,0,2.mlp.13450,2,mlp,13450,351,0
340,0,9.resid.21063,9,resid,21063,670,76
341,0,2.mlp.25569,2,mlp,25569,211,0
342,0,9.resid.23288,9,resid,23288,677,77
343,0,2.mlp.38910,2,mlp,38910,253,0
344,0,9.resid.19457,9,resid,19457,586,78
345,0,2.mlp.21601,2,mlp,21601,319,0
346,0,9.resid.39776,9,resid,39776,462,0
347,0,2.mlp.14399,2,mlp,14399,201,0
348,0,9.resid.32089,9,resid,32089,615,79
349,0,2.mlp.21077,2,mlp,21077,136,1
350,0,9.resid.4922,9,resid,4922,527,0
351,0,2.mlp.13173,2,mlp,13173,183,0
352,0,9.resid.16590,9,resid,16590,567,80
353,0,2.mlp.14418,2,mlp,14418,124,1
354,0,9.resid.30304,9,resid,30304,645,81
355,0,2.mlp.39969,2,mlp,39969,121,1
356,0,9.resid.16265,9,resid,16265,674,82
357,0,2.mlp.3887,2,mlp,3887,214,0
358,0,9.resid.5197,9,resid,5197,471,0
359,0,2.mlp.19934,2,mlp,19934,120,1
360,0,9.resid.33987,9,resid,33987,697,83
361,0,2.mlp.18867,2,mlp,18867,196,0
362,0,9.resid.10751,9,resid,10751,388,0
363,0,2.mlp.37084,2,mlp,37084,120,1
364,0,9.resid.7549,9,resid,7549,140,0
365,0,2.mlp.33257,2,mlp,33257,178,0
366,0,9.resid.14062,9,resid,14062,665,84
367,0,2.mlp.34954,2,mlp,34954,219,0
368,0,9.mlp.18147,9,mlp,18147,694,85
369,0,2.resid.40872,2,resid,40872,92,1
370,0,9.mlp.28488,9,mlp,28488,563,0
371,0,2.resid.24964,2,resid,24964,149,0
372,0,9.mlp.29970,9,mlp,29970,298,0
373,0,2.resid.37326,2,resid,37326,128,1
374,0,9.mlp.20952,9,mlp,20952,587,86
375,0,2.resid.40566,2,resid,40566,220,0
376,0,9.mlp.24696,9,mlp,24696,670,87
377,0,2.resid.11138,2,resid,11138,204,0
378,0,9.mlp.9936,9,mlp,9936,661,88
379,0,2.resid.22913,2,resid,22913,159,1
380,0,9.mlp.30947,9,mlp,30947,368,0
381,0,2.resid.5602,2,resid,5602,221,0
382,0,9.mlp.8728,9,mlp,8728,552,0
383,0,2.resid.12951,2,resid,12951,137,1
384,0,9.mlp.4466,9,mlp,4466,524,89
385,0,2.resid.18995,2,resid,18995,160,1
386,0,9.mlp.35450,9,mlp,35450,507,0
387,0,2.resid.40360,2,resid,40360,70,2
388,0,9.mlp.38760,9,mlp,38760,679,90
389,0,2.resid.2927,2,resid,2927,150,1
390,0,9.mlp.23440,9,mlp,23440,579,91
391,0,2.resid.4409,2,resid,4409,276,0
392,0,9.mlp.18163,9,mlp,18163,347,0
393,0,2.resid.22242,2,resid,22242,155,1
394,0,9.mlp.21173,9,mlp,21173,397,0
395,0,2.resid.26050,2,resid,26050,145,1
396,0,9.mlp.21429,9,mlp,21429,413,0
397,0,2.resid.21427,2,resid,21427,118,1
398,0,9.mlp.22703,9,mlp,22703,600,92
399,0,2.resid.12751,2,resid,12751,172,0
400,0,9.mlp.30067,9,mlp,30067,517,0
401,0,2.resid.38153,2,resid,38153,93,1
402,0,9.mlp.40941,9,mlp,40941,455,0
403,0,2.resid.39476,2,resid,39476,129,1
404,0,9.mlp.1895,9,mlp,1895,613,93
405,0,2.resid.32082,2,resid,32082,186,0
406,0,9.mlp.25658,9,mlp,25658,520,94
407,0,2.resid.22960,2,resid,22960,150,1
408,0,9.mlp.25651,9,mlp,25651,460,0
409,0,2.resid.4434,2,resid,4434,82,1
410,0,9.mlp.37959,9,mlp,37959,419,0
411,0,2.resid.11849,2,resid,11849,218,0
412,0,9.mlp.32370,9,mlp,32370,667,95
413,0,2.resid.13083,2,resid,13083,144,0
414,0,9.mlp.14123,9,mlp,14123,459,0
415,0,2.resid.25633,2,resid,25633,119,1
416,0,9.mlp.38366,9,mlp,38366,540,96
417,0,2.resid.35111,2,resid,35111,91,1
418,0,9.mlp.24330,9,mlp,24330,499,0
419,0,2.resid.23390,2,resid,23390,96,1
420,0,9.mlp.5240,9,mlp,5240,432,0
421,0,2.resid.40267,2,resid,40267,127,1
422,0,9.mlp.21447,9,mlp,21447,168,0
423,0,2.resid.10698,2,resid,10698,179,0
424,0,9.mlp.22280,9,mlp,22280,634,97
425,0,3.attn.17951,3,attn,17951,209,2
426,0,9.attn.28587,9,attn,28587,661,98
427,0,3.attn.34360,3,attn,34360,297,0
428,0,9.attn.35715,9,attn,35715,398,0
429,0,9.attn.378,9,attn,378,1081,99
430,0,3.attn.20049,3,attn,20049,142,2
431,0,9.attn.1100,9,attn,1100,258,2
432,0,3.attn.16975,3,attn,16975,177,2
433,0,9.attn.8087,9,attn,8087,588,100
434,0,3.attn.37600,3,attn,37600,234,2
435,0,9.attn.38757,9,attn,38757,281,2
436,0,3.attn.37736,3,attn,37736,149,2
437,0,9.attn.5826,9,attn,5826,280,2
438,0,3.attn.1392,3,attn,1392,264,0
439,0,9.attn.19273,9,attn,19273,809,101
440,0,3.attn.20797,3,attn,20797,311,2
441,0,9.attn.39559,9,attn,39559,476,0
442,0,3.attn.28046,3,attn,28046,146,2
443,0,9.attn.9760,9,attn,9760,328,2
444,0,3.attn.20952,3,attn,20952,111,2
445,0,9.attn.8755,9,attn,8755,240,2
446,0,3.attn.28664,3,attn,28664,233,2
447,0,9.attn.26640,9,attn,26640,297,2
448,0,3.attn.8052,3,attn,8052,177,2
449,0,9.attn.22520,9,attn,22520,250,2
450,0,3.attn.31089,3,attn,31089,169,2
451,0,9.attn.25650,9,attn,25650,613,102
452,0,3.attn.24887,3,attn,24887,153,2
453,0,9.attn.530,9,attn,530,778,103
454,0,3.attn.4121,3,attn,4121,99,2
455,0,9.attn.32177,9,attn,32177,344,0
456,0,3.attn.39223,3,attn,39223,173,2
457,0,9.attn.26552,9,attn,26552,190,2
458,0,3.attn.1834,3,attn,1834,185,2
459,0,9.attn.6319,9,attn,6319,191,0
460,0,3.attn.9495,3,attn,9495,194,2
461,0,9.attn.3284,9,attn,3284,676,104
462,0,3.attn.26783,3,attn,26783,150,2
463,0,9.attn.24221,9,attn,24221,597,105
464,0,3.attn.24643,3,attn,24643,285,2
465,0,9.attn.10280,9,attn,10280,586,106
466,0,3.attn.29337,3,attn,29337,183,2
467,0,9.attn.13776,9,attn,13776,421,0
468,0,3.attn.7919,3,attn,7919,183,2
469,0,9.attn.8290,9,attn,8290,378,0
470,0,3.attn.27579,3,attn,27579,240,2
471,0,9.attn.763,9,attn,763,489,107
472,0,3.attn.939,3,attn,939,235,2
473,0,9.attn.1437,9,attn,1437,215,2
474,0,3.attn.33225,3,attn,33225,231,2
475,0,9.attn.8989,9,attn,8989,745,108
476,0,3.attn.17149,3,attn,17149,266,2
477,0,9.attn.25302,9,attn,25302,229,2
478,0,3.attn.3974,3,attn,3974,349,2
479,0,9.attn.10450,9,attn,10450,324,2
480,0,3.mlp.28910,3,mlp,28910,162,0
481,0,8.resid.4559,8,resid,4559,546,109
482,0,3.mlp.22217,3,mlp,22217,204,0
483,0,8.resid.18539,8,resid,18539,646,110
484,0,3.mlp.30177,3,mlp,30177,149,0
485,0,8.resid.32298,8,resid,32298,501,111
486,0,3.mlp.18188,3,mlp,18188,268,0
487,0,8.resid.20250,8,resid,20250,385,0
488,0,3.mlp.27349,3,mlp,27349,225,0
489,0,8.resid.19342,8,resid,19342,513,112
490,0,3.mlp.10154,3,mlp,10154,156,1
491,0,8.resid.36893,8,resid,36893,503,0
492,0,3.mlp.30861,3,mlp,30861,164,0
493,0,8.resid.37169,8,resid,37169,427,0
494,0,3.mlp.24514,3,mlp,24514,232,0
495,0,8.resid.26866,8,resid,26866,506,0
496,0,3.mlp.25800,3,mlp,25800,270,0
497,0,8.resid.13675,8,resid,13675,577,113
498,0,3.mlp.22875,3,mlp,22875,221,0
499,0,8.resid.37719,8,resid,37719,485,114
500,0,3.mlp.24998,3,mlp,24998,241,0
501,0,8.resid.15511,8,resid,15511,507,0
502,0,3.mlp.37175,3,mlp,37175,263,0
503,0,8.resid.14891,8,resid,14891,451,0
504,0,3.mlp.598,3,mlp,598,190,0
505,0,8.resid.18865,8,resid,18865,577,115
506,0,3.mlp.33559,3,mlp,33559,341,0
507,0,8.resid.38448,8,resid,38448,631,116
508,0,3.mlp.16648,3,mlp,16648,352,0
509,0,8.resid.23301,8,resid,23301,363,0
510,0,3.mlp.16741,3,mlp,16741,207,2
511,0,8.resid.36617,8,resid,36617,575,117
512,0,3.mlp.21185,3,mlp,21185,513,0
513,0,8.resid.37982,8,resid,37982,481,0
514,0,3.mlp.13614,3,mlp,13614,103,1
515,0,8.resid.14854,8,resid,14854,787,118
516,0,3.mlp.37173,3,mlp,37173,200,0
517,0,8.resid.26258,8,resid,26258,636,119
518,0,3.mlp.25088,3,mlp,25088,221,0
519,0,8.resid.40717,8,resid,40717,433,0
520,0,3.mlp.29629,3,mlp,29629,394,0
521,0,8.resid.11608,8,resid,11608,461,0
522,0,3.mlp.7188,3,mlp,7188,261,0
523,0,8.resid.17318,8,resid,17318,345,0
524,0,3.mlp.12769,3,mlp,12769,383,0
525,0,8.resid.2734,8,resid,2734,582,120
526,0,3.mlp.20868,3,mlp,20868,202,0
527,0,8.resid.26994,8,resid,26994,493,0
528,0,3.mlp.7046,3,mlp,7046,249,0
529,0,8.resid.21319,8,resid,21319,546,0
530,0,3.mlp.16332,3,mlp,16332,253,0
531,0,8.resid.7263,8,resid,7263,369,0
532,0,3.mlp.21144,3,mlp,21144,196,0
533,0,8.resid.19492,8,resid,19492,328,0
534,0,3.mlp.23543,3,mlp,23543,213,0
535,0,8.resid.6914,8,resid,6914,468,121
536,0,3.mlp.17726,3,mlp,17726,292,0
537,0,8.resid.5512,8,resid,5512,590,122
538,0,3.resid.31365,3,resid,31365,225,0
539,0,8.mlp.29666,8,mlp,29666,371,0
540,0,3.resid.17528,3,resid,17528,264,0
541,0,8.mlp.28519,8,mlp,28519,449,0
542,0,3.resid.28478,3,resid,28478,243,0
543,0,8.mlp.679,8,mlp,679,619,123
544,0,3.resid.21537,3,resid,21537,190,0
545,0,8.mlp.2418,8,mlp,2418,621,124
546,0,3.resid.14785,3,resid,14785,168,0
547,0,8.mlp.8652,8,mlp,8652,375,0
548,0,3.resid.31873,3,resid,31873,152,0
549,0,8.mlp.12122,8,mlp,12122,517,125
550,0,3.resid.6931,3,resid,6931,201,0
551,0,8.mlp.29804,8,mlp,29804,441,0
552,0,3.resid.28494,3,resid,28494,284,0
553,0,8.mlp.33936,8,mlp,33936,529,126
554,0,3.resid.39884,3,resid,39884,251,0
555,0,8.mlp.40522,8,mlp,40522,513,127
556,0,3.resid.6399,3,resid,6399,158,0
557,0,8.mlp.26393,8,mlp,26393,382,0
558,0,3.resid.25360,3,resid,25360,301,0
559,0,8.mlp.10226,8,mlp,10226,419,0
560,0,3.resid.13265,3,resid,13265,164,0
561,0,8.mlp.39236,8,mlp,39236,472,0
562,0,3.resid.16988,3,resid,16988,192,0
563,0,8.mlp.38067,8,mlp,38067,434,0
564,0,3.resid.5061,3,resid,5061,170,0
565,0,8.mlp.25235,8,mlp,25235,479,0
566,0,3.resid.3946,3,resid,3946,197,0
567,0,8.mlp.5382,8,mlp,5382,317,0
568,0,3.resid.34400,3,resid,34400,206,0
569,0,8.mlp.21036,8,mlp,21036,398,0
570,0,3.resid.601,3,resid,601,206,0
571,0,8.mlp.9850,8,mlp,9850,401,0
572,0,3.resid.40571,3,resid,40571,259,0
573,0,8.mlp.22040,8,mlp,22040,399,0
574,0,3.resid.34470,3,resid,34470,326,0
575,0,8.mlp.20548,8,mlp,20548,321,0
576,0,3.resid.32432,3,resid,32432,200,0
577,0,8.mlp.10617,8,mlp,10617,513,0
578,0,3.resid.33628,3,resid,33628,174,1
579,0,8.mlp.30978,8,mlp,30978,539,0
580,0,3.resid.22115,3,resid,22115,211,0
581,0,8.mlp.11104,8,mlp,11104,391,0
582,0,3.resid.11037,3,resid,11037,219,0
583,0,8.mlp.37041,8,mlp,37041,385,0
584,0,3.resid.36962,3,resid,36962,151,0
585,0,8.mlp.19509,8,mlp,19509,451,128
586,0,3.resid.4853,3,resid,4853,274,0
587,0,8.mlp.29854,8,mlp,29854,546,0
588,0,3.resid.36467,3,resid,36467,167,0
589,0,8.mlp.33789,8,mlp,33789,369,0
590,0,3.resid.1729,3,resid,1729,299,0
591,0,8.mlp.39249,8,mlp,39249,456,0
592,0,3.resid.2938,3,resid,2938,222,0
593,0,8.mlp.7373,8,mlp,7373,387,0
594,0,4.attn.19822,4,attn,19822,245,0
595,0,8.attn.28385,8,attn,28385,311,2
596,0,4.attn.16573,4,attn,16573,154,0
597,0,8.attn.21557,8,attn,21557,454,0
598,0,4.attn.39650,4,attn,39650,198,2
599,0,4.attn.15825,4,attn,15825,199,0
600,0,8.attn.4785,8,attn,4785,532,129
601,0,4.attn.39622,4,attn,39622,232,0
602,0,8.attn.16638,8,attn,16638,681,130
603,0,4.attn.4565,4,attn,4565,280,0
604,0,4.attn.26486,4,attn,26486,121,2
605,0,8.attn.8022,8,attn,8022,263,2
606,0,4.attn.12272,4,attn,12272,284,0
607,0,8.attn.27312,8,attn,27312,513,0
608,0,4.attn.4273,4,attn,4273,310,0
609,0,8.attn.21470,8,attn,21470,646,131
610,0,4.attn.7443,4,attn,7443,303,0
611,0,8.attn.32906,8,attn,32906,431,0
612,0,4.attn.40232,4,attn,40232,233,2
613,0,8.attn.14869,8,attn,14869,149,0
614,0,4.attn.13368,4,attn,13368,277,0
615,0,8.attn.28044,8,attn,28044,586,132
616,0,4.attn.7318,4,attn,7318,314,0
617,0,8.attn.3661,8,attn,3661,329,2
618,0,4.attn.39105,4,attn,39105,284,0
619,0,8.attn.38472,8,attn,38472,682,133
620,0,4.attn.9447,4,attn,9447,104,2
621,0,8.attn.1782,8,attn,1782,577,134
622,0,4.attn.11150,4,attn,11150,152,0
623,0,4.attn.62,4,attn,62,156,2
624,0,8.attn.39110,8,attn,39110,287,2
625,0,4.attn.19071,4,attn,19071,293,0
626,0,8.attn.725,8,attn,725,242,2
627,0,4.attn.37159,4,attn,37159,134,2
628,0,8.attn.29327,8,attn,29327,324,2
629,0,4.attn.6824,4,attn,6824,192,2
630,0,8.attn.25600,8,attn,25600,458,0
631,0,4.attn.8391,4,attn,8391,277,2
632,0,4.attn.10299,4,attn,10299,190,2
633,0,8.attn.16173,8,attn,16173,540,0
634,0,4.attn.10665,4,attn,10665,297,0
635,0,8.attn.20759,8,attn,20759,512,0
636,0,4.attn.28129,4,attn,28129,216,2
637,0,8.attn.24226,8,attn,24226,406,0
638,0,4.attn.4007,4,attn,4007,204,2
639,0,8.attn.39535,8,attn,39535,481,0
640,0,4.attn.8308,4,attn,8308,247,0
641,0,8.attn.8391,8,attn,8391,660,135
642,0,4.attn.7082,4,attn,7082,308,0
643,0,8.attn.23323,8,attn,23323,227,0
644,0,4.attn.4135,4,attn,4135,248,0
645,0,8.attn.33019,8,attn,33019,368,2
646,0,4.attn.28655,4,attn,28655,225,2
647,0,7.resid.16981,7,resid,16981,617,136
648,0,4.mlp.33685,4,mlp,33685,247,0
649,0,7.resid.15119,7,resid,15119,356,0
650,0,4.mlp.40886,4,mlp,40886,278,0
651,0,7.resid.37935,7,resid,37935,416,0
652,0,4.mlp.7651,4,mlp,7651,276,0
653,0,7.resid.31031,7,resid,31031,514,0
654,0,4.mlp.19591,4,mlp,19591,260,0
655,0,7.resid.2886,7,resid,2886,553,0
656,0,4.mlp.19081,4,mlp,19081,492,137
657,0,7.resid.4049,7,resid,4049,614,138
658,0,4.mlp.34622,4,mlp,34622,310,0
659,0,7.resid.16233,7,resid,16233,470,0
660,0,4.mlp.21860,4,mlp,21860,243,0
661,0,7.resid.35099,7,resid,35099,308,0
662,0,4.mlp.30192,4,mlp,30192,339,0
663,0,7.resid.22438,7,resid,22438,380,0
664,0,4.mlp.35684,4,mlp,35684,392,0
665,0,7.resid.36497,7,resid,36497,442,0
666,0,4.mlp.17129,4,mlp,17129,283,0
667,0,7.resid.6287,7,resid,6287,263,2
668,0,4.mlp.29028,4,mlp,29028,351,0
669,0,7.resid.32494,7,resid,32494,436,0
670,0,4.mlp.13587,4,mlp,13587,306,0
671,0,7.resid.37685,7,resid,37685,455,0
672,0,4.mlp.15516,4,mlp,15516,244,0
673,0,7.resid.26536,7,resid,26536,263,0
674,0,4.mlp.4089,4,mlp,4089,306,0
675,0,7.resid.10790,7,resid,10790,428,0
676,0,4.mlp.18452,4,mlp,18452,360,0
677,0,7.resid.7585,7,resid,7585,414,0
678,0,4.mlp.29343,4,mlp,29343,283,0
679,0,7.resid.12334,7,resid,12334,552,139
680,0,4.mlp.13772,4,mlp,13772,342,0
681,0,7.resid.8846,7,resid,8846,431,0
682,0,4.mlp.14480,4,mlp,14480,332,0
683,0,7.resid.17692,7,resid,17692,500,0
684,0,4.mlp.5737,4,mlp,5737,390,0
685,0,7.resid.27225,7,resid,27225,490,0
686,0,4.mlp.6898,4,mlp,6898,315,0
687,0,7.resid.29699,7,resid,29699,378,0
688,0,4.mlp.19563,4,mlp,19563,330,0
689,0,7.resid.18656,7,resid,18656,453,0
690,0,4.mlp.36143,4,mlp,36143,219,0
691,0,7.resid.23582,7,resid,23582,526,140
692,0,4.mlp.25320,4,mlp,25320,233,0
693,0,7.resid.6584,7,resid,6584,349,0
694,0,4.mlp.1061,4,mlp,1061,300,0
695,0,7.resid.18133,7,resid,18133,482,0
696,0,4.mlp.37546,4,mlp,37546,185,0
697,0,7.resid.16972,7,resid,16972,458,0
698,0,4.mlp.20904,4,mlp,20904,320,0
699,0,7.resid.22627,7,resid,22627,505,0
700,0,4.mlp.2810,4,mlp,2810,425,0
701,0,7.resid.13322,7,resid,13322,465,0
702,0,4.mlp.29479,4,mlp,29479,367,0
703,0,7.resid.33752,7,resid,33752,696,141
704,0,4.resid.24505,4,resid,24505,317,0
705,0,7.mlp.8702,7,mlp,8702,400,0
706,0,4.resid.10983,4,resid,10983,401,0
707,0,7.mlp.9645,7,mlp,9645,368,0
708,0,4.resid.9547,4,resid,9547,184,0
709,0,7.mlp.1107,7,mlp,1107,359,0
710,0,4.resid.19952,4,resid,19952,192,0
711,0,7.mlp.25871,7,mlp,25871,522,0
712,0,4.resid.29057,4,resid,29057,362,0
713,0,7.mlp.39794,7,mlp,39794,410,0
714,0,4.resid.8776,4,resid,8776,380,0
715,0,7.mlp.4595,7,mlp,4595,413,0
716,0,4.resid.18731,4,resid,18731,304,0
717,0,7.mlp.15830,7,mlp,15830,269,0
718,0,4.resid.21801,4,resid,21801,427,0
719,0,7.mlp.34670,7,mlp,34670,176,0
720,0,4.resid.20448,4,resid,20448,350,0
721,0,7.mlp.21035,7,mlp,21035,309,0
722,0,4.resid.12349,4,resid,12349,423,0
723,0,7.mlp.39895,7,mlp,39895,354,0
724,0,4.resid.5728,4,resid,5728,343,0
725,0,7.mlp.36038,7,mlp,36038,597,142
726,0,4.resid.10890,4,resid,10890,241,0
727,0,7.mlp.194,7,mlp,194,346,0
728,0,4.resid.12483,4,resid,12483,375,0
729,0,7.mlp.2634,7,mlp,2634,368,0
730,0,4.resid.10927,4,resid,10927,306,0
731,0,7.mlp.15400,7,mlp,15400,304,0
732,0,4.resid.24194,4,resid,24194,180,0
733,0,7.mlp.702,7,mlp,702,317,0
734,0,4.resid.9672,4,resid,9672,202,0
735,0,7.mlp.25408,7,mlp,25408,440,0
736,0,4.resid.5947,4,resid,5947,197,0
737,0,7.mlp.17919,7,mlp,17919,600,143
738,0,4.resid.24870,4,resid,24870,313,0
739,0,7.mlp.20598,7,mlp,20598,415,0
740,0,4.resid.15637,4,resid,15637,415,0
741,0,7.mlp.19667,7,mlp,19667,385,0
742,0,4.resid.36613,4,resid,36613,292,0
743,0,7.mlp.29632,7,mlp,29632,324,0
744,0,4.resid.6190,4,resid,6190,203,0
745,0,7.mlp.36928,7,mlp,36928,569,0
746,0,4.resid.39273,4,resid,39273,178,2
747,0,7.mlp.28224,7,mlp,28224,468,0
748,0,4.resid.12415,4,resid,12415,472,0
749,0,7.mlp.3277,7,mlp,3277,325,0
750,0,4.resid.21103,4,resid,21103,301,0
751,0,7.mlp.3591,7,mlp,3591,302,0
752,0,4.resid.36966,4,resid,36966,297,0
753,0,7.mlp.1061,7,mlp,1061,585,144
754,0,4.resid.33566,4,resid,33566,327,0
755,0,7.mlp.24470,7,mlp,24470,395,0
756,0,4.resid.19747,4,resid,19747,221,0
757,0,7.mlp.39248,7,mlp,39248,422,0
758,0,4.resid.21714,4,resid,21714,264,0
759,0,7.mlp.30876,7,mlp,30876,541,0
760,0,4.resid.1276,4,resid,1276,201,0
761,0,7.attn.21504,7,attn,21504,459,0
762,0,5.attn.17185,5,attn,17185,212,2
763,0,7.attn.14685,7,attn,14685,370,0
764,0,5.attn.5936,5,attn,5936,190,2
765,0,7.attn.9395,7,attn,9395,157,2
766,0,5.attn.7375,5,attn,7375,491,0
767,0,7.attn.32600,7,attn,32600,369,0
768,0,5.attn.35622,5,attn,35622,305,0
769,0,7.attn.18720,7,attn,18720,273,2
770,0,5.attn.2465,5,attn,2465,286,2
771,0,7.attn.879,7,attn,879,422,0
772,0,5.attn.11873,5,attn,11873,220,2
773,0,7.attn.27220,7,attn,27220,797,145
774,0,5.attn.24221,5,attn,24221,182,2
775,0,7.attn.14941,7,attn,14941,325,2
776,0,5.attn.39620,5,attn,39620,143,2
777,0,7.attn.737,7,attn,737,445,0
778,0,5.attn.1811,5,attn,1811,276,2
779,0,7.attn.39266,7,attn,39266,337,0
780,0,5.attn.34607,5,attn,34607,180,2
781,0,7.attn.37090,7,attn,37090,360,0
782,0,5.attn.9917,5,attn,9917,228,2
783,0,7.attn.32239,7,attn,32239,289,2
784,0,5.attn.6752,5,attn,6752,215,2
785,0,7.attn.20982,7,attn,20982,91,0
786,0,5.attn.19783,5,attn,19783,213,2
787,0,7.attn.6625,7,attn,6625,499,0
788,0,5.attn.22389,5,attn,22389,653,146
789,0,7.attn.28905,7,attn,28905,268,2
790,0,5.attn.26430,5,attn,26430,299,0
791,0,7.attn.9644,7,attn,9644,206,2
792,0,5.attn.10405,5,attn,10405,371,0
793,0,7.attn.23921,7,attn,23921,553,0
794,0,5.attn.4581,5,attn,4581,286,0
795,0,7.attn.25206,7,attn,25206,256,2
796,0,5.attn.31375,5,attn,31375,161,2
797,0,7.attn.27387,7,attn,27387,500,0
798,0,5.attn.4264,5,attn,4264,353,0
799,0,7.attn.23732,7,attn,23732,301,2
800,0,7.attn.38096,7,attn,38096,472,0
801,0,7.attn.13395,7,attn,13395,363,0
802,0,7.attn.23931,7,attn,23931,366,0
803,0,5.attn.4686,5,attn,4686,182,2
804,0,7.attn.21922,7,attn,21922,211,2
805,0,5.attn.290,5,attn,290,316,2
806,0,7.attn.14831,7,attn,14831,377,2
807,0,7.attn.15536,7,attn,15536,409,0
808,0,5.attn.40531,5,attn,40531,241,2
809,0,5.mlp.27386,5,mlp,27386,313,0
810,0,6.resid.7106,6,resid,7106,309,0
811,0,5.mlp.20605,5,mlp,20605,290,0
812,0,6.resid.21834,6,resid,21834,302,0
813,0,5.mlp.7030,5,mlp,7030,278,0
814,0,6.resid.33107,6,resid,33107,346,0
815,0,5.mlp.9156,5,mlp,9156,496,0
816,0,6.resid.3329,6,resid,3329,353,0
817,0,5.mlp.22030,5,mlp,22030,241,0
818,0,6.resid.34272,6,resid,34272,369,0
819,0,5.mlp.38754,5,mlp,38754,460,0
820,0,6.resid.32981,6,resid,32981,497,0
821,0,5.mlp.26013,5,mlp,26013,368,0
822,0,6.resid.12382,6,resid,12382,457,0
823,0,5.mlp.13528,5,mlp,13528,252,0
824,0,6.resid.15208,6,resid,15208,351,0
825,0,5.mlp.28961,5,mlp,28961,268,0
826,0,6.resid.35217,6,resid,35217,420,0
827,0,5.mlp.7383,5,mlp,7383,431,147
828,0,6.resid.40734,6,resid,40734,392,148
829,0,5.mlp.13097,5,mlp,13097,294,0
830,0,6.resid.1175,6,resid,1175,447,149
831,0,5.mlp.11632,5,mlp,11632,475,0
832,0,6.resid.36214,6,resid,36214,436,0
833,0,5.mlp.3899,5,mlp,3899,321,0
834,0,6.resid.21270,6,resid,21270,300,0
835,0,5.mlp.15867,5,mlp,15867,395,0
836,0,6.resid.5823,6,resid,5823,635,150
837,0,5.mlp.33096,5,mlp,33096,223,0
838,0,6.resid.2625,6,resid,2625,499,0
839,0,5.mlp.10531,5,mlp,10531,308,0
840,0,6.resid.5944,6,resid,5944,541,151
841,0,5.mlp.3777,5,mlp,3777,526,152
842,0,6.resid.30395,6,resid,30395,338,0
843,0,5.mlp.7129,5,mlp,7129,474,0
844,0,6.resid.30909,6,resid,30909,283,0
845,0,5.mlp.36698,5,mlp,36698,305,0
846,0,6.resid.37040,6,resid,37040,282,0
847,0,5.mlp.40007,5,mlp,40007,364,0
848,0,6.resid.7118,6,resid,7118,548,0
849,0,5.mlp.881,5,mlp,881,478,153
850,0,6.resid.4301,6,resid,4301,357,0
851,0,5.mlp.12941,5,mlp,12941,311,0
852,0,6.resid.31558,6,resid,31558,650,154
853,0,5.mlp.17078,5,mlp,17078,410,0
854,0,6.resid.12408,6,resid,12408,466,0
855,0,5.mlp.29420,5,mlp,29420,377,0
856,0,6.resid.26628,6,resid,26628,294,0
857,0,5.mlp.40818,5,mlp,40818,306,0
858,0,6.resid.22519,6,resid,22519,305,0
859,0,5.mlp.19788,5,mlp,19788,423,0
860,0,6.resid.26228,6,resid,26228,468,0
861,0,5.mlp.13886,5,mlp,13886,283,0
862,0,6.resid.19551,6,resid,19551,280,0
863,0,5.mlp.34817,5,mlp,34817,523,155
864,0,6.resid.25105,6,resid,25105,388,0
865,0,5.resid.31922,5,resid,31922,306,0
866,0,6.mlp.26052,6,mlp,26052,301,0
867,0,5.resid.26664,5,resid,26664,494,0
868,0,6.mlp.19201,6,mlp,19201,267,0
869,0,5.resid.31881,5,resid,31881,271,0
870,0,6.mlp.939,6,mlp,939,447,0
871,0,5.resid.7057,5,resid,7057,384,0
872,0,6.mlp.25720,6,mlp,25720,197,0
873,0,5.resid.27705,5,resid,27705,263,0
874,0,6.mlp.7274,6,mlp,7274,476,0
875,0,5.resid.36137,5,resid,36137,295,0
876,0,6.mlp.13391,6,mlp,13391,440,0
877,0,5.resid.5148,5,resid,5148,335,1
878,0,6.mlp.22765,6,mlp,22765,300,0
879,0,5.resid.37635,5,resid,37635,246,0
880,0,6.mlp.24114,6,mlp,24114,297,0
881,0,5.resid.14016,5,resid,14016,496,156
882,0,6.mlp.15745,6,mlp,15745,510,157
883,0,5.resid.1261,5,resid,1261,332,0
884,0,6.mlp.33748,6,mlp,33748,333,0
885,0,5.resid.24127,5,resid,24127,444,0
886,0,6.mlp.13113,6,mlp,13113,369,0
887,0,5.resid.1355,5,resid,1355,237,0
888,0,6.mlp.15194,6,mlp,15194,501,0
889,0,5.resid.22739,5,resid,22739,564,158
890,0,6.mlp.32117,6,mlp,32117,357,0
891,0,5.resid.5138,5,resid,5138,451,0
892,0,6.mlp.4479,6,mlp,4479,545,0
893,0,5.resid.1156,5,resid,1156,255,0
894,0,6.mlp.10920,6,mlp,10920,354,0
895,0,5.resid.24483,5,resid,24483,314,0
896,0,6.mlp.25772,6,mlp,25772,305,0
897,0,5.resid.23988,5,resid,23988,468,0
898,0,6.mlp.39721,6,mlp,39721,417,0
899,0,5.resid.25985,5,resid,25985,453,0
900,0,6.mlp.19762,6,mlp,19762,539,159
901,0,5.resid.24915,5,resid,24915,517,0
902,0,6.mlp.7439,6,mlp,7439,468,0
903,0,5.resid.32973,5,resid,32973,236,0
904,0,6.mlp.30914,6,mlp,30914,201,0
905,0,5.resid.19453,5,resid,19453,280,0
906,0,6.mlp.2907,6,mlp,2907,418,0
907,0,5.resid.17812,5,resid,17812,563,160
908,0,6.mlp.8375,6,mlp,8375,320,0
909,0,5.resid.31433,5,resid,31433,573,161
910,0,6.mlp.36163,6,mlp,36163,429,0
911,0,5.resid.22015,5,resid,22015,219,0
912,0,6.mlp.16414,6,mlp,16414,525,0
913,0,5.resid.22552,5,resid,22552,336,0
914,0,6.mlp.13889,6,mlp,13889,270,0
915,0,5.resid.31213,5,resid,31213,389,0
916,0,6.mlp.29724,6,mlp,29724,286,0
917,0,5.resid.10096,5,resid,10096,400,0
918,0,6.mlp.19994,6,mlp,19994,438,0
919,0,5.resid.26118,5,resid,26118,275,0
920,0,6.mlp.16792,6,mlp,16792,235,0
921,0,5.resid.2041,5,resid,2041,346,0
922,0,6.mlp.34207,6,mlp,34207,380,0
923,0,6.attn.18498,6,attn,18498,362,0
924,0,6.attn.13224,6,attn,13224,238,2
925,0,6.attn.7568,6,attn,7568,151,2
926,0,6.attn.25291,6,attn,25291,224,2
927,0,6.attn.5118,6,attn,5118,303,0
928,0,6.attn.10075,6,attn,10075,335,0
929,0,6.attn.20898,6,attn,20898,387,0
930,0,6.attn.28128,6,attn,28128,207,2
931,0,6.attn.13860,6,attn,13860,200,2
932,0,6.attn.12984,6,attn,12984,354,2
933,0,6.attn.1738,6,attn,1738,411,0
934,0,6.attn.12846,6,attn,12846,266,2
935,0,6.attn.4595,6,attn,4595,205,2
936,0,6.attn.24473,6,attn,24473,465,0
937,0,6.attn.37628,6,attn,37628,496,0
938,0,6.attn.20930,6,attn,20930,311,0
939,0,6.attn.647,6,attn,647,376,2
940,0,6.attn.13652,6,attn,13652,389,0
941,0,6.attn.19786,6,attn,19786,223,2
942,0,6.attn.17152,6,attn,17152,324,0
943,0,6.attn.34069,6,attn,34069,205,2
944,0,6.attn.36402,6,attn,36402,332,0
945,0,6.attn.15366,6,attn,15366,339,2
946,0,6.attn.2910,6,attn,2910,303,2
947,0,6.attn.13504,6,attn,13504,243,2
948,0,6.attn.5681,6,attn,5681,332,0
949,0,6.attn.30218,6,attn,30218,277,2
950,1,11.resid.39024,11,resid,39024,262,0
951,1,0.mlp.27861,0,mlp,27861,87,1
952,1,11.resid.22700,11,resid,22700,570,0
953,1,0.mlp.7980,0,mlp,7980,10,0
954,1,11.resid.5447,11,resid,5447,272,0
955,1,0.mlp.13785,0,mlp,13785,26,1
956,1,11.resid.14738,11,resid,14738,558,0
957,1,0.mlp.16157,0,mlp,16157,32,1
958,1,11.resid.13355,11,resid,13355,422,0
959,1,0.mlp.24488,0,mlp,24488,19,1
960,1,11.resid.23928,11,resid,23928,310,0
961,1,0.mlp.26127,0,mlp,26127,16,1
962,1,11.resid.34264,11,resid,34264,371,0
963,1,0.mlp.35753,0,mlp,35753,16,1
964,1,11.resid.19284,11,resid,19284,385,0
965,1,0.mlp.21680,0,mlp,21680,9,0
966,1,11.resid.1829,11,resid,1829,466,0
967,1,0.mlp.19660,0,mlp,19660,12,0
968,1,11.resid.6532,11,resid,6532,540,162
969,1,0.mlp.21735,0,mlp,21735,33,1
970,1,11.resid.33624,11,resid,33624,415,0
971,1,0.mlp.1498,0,mlp,1498,12,0
972,1,11.resid.23273,11,resid,23273,424,0
973,1,0.mlp.38921,0,mlp,38921,17,1
974,1,11.resid.30047,11,resid,30047,850,163
975,1,0.mlp.38396,0,mlp,38396,16,1
976,1,11.resid.40745,11,resid,40745,635,164
977,1,0.mlp.20739,0,mlp,20739,11,0
978,1,11.resid.2195,11,resid,2195,615,165
979,1,0.mlp.12557,0,mlp,12557,15,1
980,1,11.resid.20257,11,resid,20257,266,0
981,1,0.mlp.30261,0,mlp,30261,28,1
982,1,11.resid.3354,11,resid,3354,415,0
983,1,0.mlp.28150,0,mlp,28150,102,1
984,1,11.resid.30062,11,resid,30062,373,0
985,1,0.mlp.38532,0,mlp,38532,11,0
986,1,11.resid.21315,11,resid,21315,467,0
987,1,0.mlp.27197,0,mlp,27197,18,1
988,1,11.resid.18519,11,resid,18519,370,0
989,1,0.mlp.40866,0,mlp,40866,18,1
990,1,11.resid.37588,11,resid,37588,582,166
991,1,0.mlp.16615,0,mlp,16615,7,0
992,1,11.resid.10297,11,resid,10297,376,0
993,1,0.mlp.8652,0,mlp,8652,14,1
994,1,11.resid.33725,11,resid,33725,628,167
995,1,0.mlp.5856,0,mlp,5856,13,1
996,1,11.resid.16733,11,resid,16733,647,168
997,1,0.mlp.24326,0,mlp,24326,83,1
998,1,11.resid.27206,11,resid,27206,533,169
999,1,0.mlp.21544,0,mlp,21544,17,1
1000,1,11.resid.1579,11,resid,1579,649,170
1001,1,0.mlp.2189,0,mlp,2189,72,1
1002,1,11.resid.32229,11,resid,32229,424,0
1003,1,0.mlp.26489,0,mlp,26489,45,1
1004,1,11.resid.24403,11,resid,24403,289,0
1005,1,0.mlp.38161,0,mlp,38161,27,1
1006,1,11.resid.26325,11,resid,26325,485,171
1007,1,0.resid.20611,0,resid,20611,9,0
1008,1,11.mlp.19660,11,mlp,19660,396,0
1009,1,0.resid.18909,0,resid,18909,55,1
1010,1,11.mlp.33353,11,mlp,33353,783,172
1011,1,0.resid.137,0,resid,137,38,1
1012,1,11.mlp.10161,11,mlp,10161,327,0
1013,1,0.resid.22233,0,resid,22233,26,1
1014,1,11.mlp.38116,11,mlp,38116,597,173
1015,1,0.resid.29060,0,resid,29060,23,1
1016,1,11.mlp.3112,11,mlp,3112,623,174
1017,1,0.resid.16713,0,resid,16713,24,1
1018,1,11.mlp.32902,11,mlp,32902,505,175
1019,1,0.resid.1641,0,resid,1641,24,1
1020,1,11.mlp.12439,11,mlp,12439,405,0
1021,1,0.resid.5614,0,resid,5614,10,1
1022,1,11.mlp.8443,11,mlp,8443,460,0
1023,1,0.resid.30180,0,resid,30180,19,0
1024,1,11.mlp.32807,11,mlp,32807,744,176
1025,1,0.resid.27337,0,resid,27337,19,0
1026,1,11.mlp.25734,11,mlp,25734,506,0
1027,1,0.resid.6091,0,resid,6091,112,1
1028,1,11.mlp.31991,11,mlp,31991,368,0
1029,1,0.resid.10849,0,resid,10849,26,1
1030,1,11.mlp.18340,11,mlp,18340,384,0
1031,1,0.resid.5980,0,resid,5980,15,1
1032,1,11.mlp.40471,11,mlp,40471,441,0
1033,1,0.resid.28471,0,resid,28471,30,1
1034,1,11.mlp.35106,11,mlp,35106,539,177
1035,1,0.resid.23681,0,resid,23681,71,1
1036,1,11.mlp.9049,11,mlp,9049,519,178
1037,1,0.resid.31318,0,resid,31318,58,1
1038,1,11.mlp.4635,11,mlp,4635,624,179
1039,1,0.resid.4555,0,resid,4555,66,1
1040,1,11.mlp.25302,11,mlp,25302,355,0
1041,1,0.resid.20959,0,resid,20959,44,1
1042,1,11.mlp.17774,11,mlp,17774,512,0
1043,1,0.resid.18112,0,resid,18112,147,1
1044,1,11.mlp.5002,11,mlp,5002,473,0
1045,1,0.resid.12702,0,resid,12702,10,0
1046,1,11.mlp.29398,11,mlp,29398,282,0
1047,1,0.resid.8414,0,resid,8414,12,0
1048,1,11.mlp.28340,11,mlp,28340,379,0
1049,1,0.resid.530,0,resid,530,101,1
1050,1,11.mlp.40497,11,mlp,40497,388,0
1051,1,0.resid.2438,0,resid,2438,46,1
1052,1,11.mlp.20886,11,mlp,20886,280,0
1053,1,0.resid.30549,0,resid,30549,82,1
1054,1,11.mlp.10752,11,mlp,10752,529,0
1055,1,0.resid.40079,0,resid,40079,77,1
1056,1,11.mlp.4069,11,mlp,4069,372,0
1057,1,0.resid.15499,0,resid,15499,43,1
1058,1,11.mlp.15606,11,mlp,15606,311,0
1059,1,0.resid.30119,0,resid,30119,13,0
1060,1,11.mlp.16210,11,mlp,16210,276,0
1061,1,0.resid.18274,0,resid,18274,21,1
1062,1,11.mlp.5906,11,mlp,5906,362,0
1063,1,1.attn.36053,1,attn,36053,150,1
1064,1,11.attn.25192,11,attn,25192,401,2
1065,1,11.attn.6244,11,attn,6244,234,2
1066,1,11.attn.31935,11,attn,31935,532,0
1067,1,1.attn.7060,1,attn,7060,86,1
1068,1,11.attn.30156,11,attn,30156,302,2
1069,1,11.attn.2836,11,attn,2836,908,180
1070,1,11.attn.15376,11,attn,15376,327,2
1071,1,11.attn.6934,11,attn,6934,411,0
1072,1,1.attn.29306,1,attn,29306,110,1
1073,1,11.attn.12762,11,attn,12762,708,181
1074,1,11.attn.21066,11,attn,21066,554,0
1075,1,11.attn.31803,11,attn,31803,449,0
1076,1,11.attn.11280,11,attn,11280,772,182
1077,1,11.attn.2951,11,attn,2951,511,183
1078,1,11.attn.9831,11,attn,9831,116,0
1079,1,1.attn.26907,1,attn,26907,80,1
1080,1,11.attn.33573,11,attn,33573,429,0
1081,1,11.attn.977,11,attn,977,364,0
1082,1,11.attn.34120,11,attn,34120,608,184
1083,1,11.attn.38700,11,attn,38700,187,0
1084,1,1.attn.16144,1,attn,16144,77,1
1085,1,11.attn.3427,11,attn,3427,501,0
1086,1,11.attn.10332,11,attn,10332,400,0
1087,1,1.attn.27606,1,attn,27606,80,1
1088,1,11.attn.30726,11,attn,30726,526,0
1089,1,11.attn.5312,11,attn,5312,612,185
1090,1,11.attn.32429,11,attn,32429,795,186
1091,1,1.attn.5704,1,attn,5704,71,1
1092,1,11.attn.11701,11,attn,11701,222,0
1093,1,11.attn.36218,11,attn,36218,372,0
1094,1,11.attn.6751,11,attn,6751,463,0
1095,1,11.attn.18477,11,attn,18477,692,187
1096,1,1.attn.40322,1,attn,40322,120,1
1097,1,11.attn.24152,11,attn,24152,600,188
1098,1,11.attn.39056,11,attn,39056,518,0
1099,1,11.attn.11907,11,attn,11907,294,0
1100,1,1.mlp.9529,1,mlp,9529,260,0
1101,1,10.resid.20112,10,resid,20112,387,0
1102,1,1.mlp.14355,1,mlp,14355,95,1
1103,1,10.resid.10297,10,resid,10297,640,189
1104,1,1.mlp.21174,1,mlp,21174,249,0
1105,1,10.resid.32273,10,resid,32273,347,0
1106,1,1.mlp.30144,1,mlp,30144,93,1
1107,1,10.resid.24262,10,resid,24262,384,0
1108,1,1.mlp.4836,1,mlp,4836,170,1
1109,1,10.resid.19399,10,resid,19399,722,190
1110,1,1.mlp.17957,1,mlp,17957,195,0
1111,1,10.resid.3021,10,resid,3021,471,0
1112,1,1.mlp.1452,1,mlp,1452,173,0
1113,1,10.resid.25270,10,resid,25270,481,0
1114,1,1.mlp.33129,1,mlp,33129,77,1
1115,1,10.resid.26031,10,resid,26031,405,0
1116,1,1.mlp.21481,1,mlp,21481,231,0
1117,1,10.resid.37990,10,resid,37990,907,191
1118,1,1.mlp.1510,1,mlp,1510,152,1
1119,1,10.resid.32183,10,resid,32183,434,0
1120,1,1.mlp.9178,1,mlp,9178,163,1
1121,1,10.resid.8766,10,resid,8766,684,192
1122,1,1.mlp.16197,1,mlp,16197,135,1
1123,1,10.resid.8973,10,resid,8973,338,0
1124,1,1.mlp.29163,1,mlp,29163,176,1
1125,1,10.resid.5451,10,resid,5451,346,0
1126,1,1.mlp.26678,1,mlp,26678,126,1
1127,1,10.resid.25024,10,resid,25024,633,193
1128,1,1.mlp.12513,1,mlp,12513,142,1
1129,1,10.resid.32131,10,resid,32131,571,0
1130,1,1.mlp.9345,1,mlp,9345,213,1
1131,1,10.resid.17931,10,resid,17931,575,194
1132,1,1.mlp.21259,1,mlp,21259,224,0
1133,1,10.resid.33816,10,resid,33816,921,195
1134,1,1.mlp.22660,1,mlp,22660,96,1
1135,1,10.resid.37500,10,resid,37500,730,196
1136,1,1.mlp.14095,1,mlp,14095,168,1
1137,1,10.resid.11617,10,resid,11617,467,0
1138,1,1.mlp.521,1,mlp,521,168,1
1139,1,10.resid.19411,10,resid,19411,692,197
1140,1,1.mlp.9169,1,mlp,9169,62,1
1141,1,10.resid.26236,10,resid,26236,480,0
1142,1,1.mlp.29918,1,mlp,29918,126,1
1143,1,10.resid.40464,10,resid,40464,500,198
1144,1,1.mlp.32535,1,mlp,32535,75,1
1145,1,10.resid.19787,10,resid,19787,764,199
1146,1,1.mlp.10172,1,mlp,10172,152,1
1147,1,10.resid.7485,10,resid,7485,766,200
1148,1,1.mlp.16148,1,mlp,16148,157,1
1149,1,10.resid.30948,10,resid,30948,757,201
1150,1,1.mlp.22659,1,mlp,22659,147,1
1151,1,10.resid.317,10,resid,317,774,202
1152,1,1.mlp.9815,1,mlp,9815,153,1
1153,1,10.resid.3005,10,resid,3005,281,0
1154,1,1.mlp.18963,1,mlp,18963,98,1
1155,1,10.resid.20467,10,resid,20467,695,203
1156,1,1.resid.10828,1,resid,10828,106,2
1157,1,10.mlp.37372,10,mlp,37372,572,204
1158,1,1.resid.33945,1,resid,33945,128,1
1159,1,10.mlp.28049,10,mlp,28049,671,205
1160,1,1.resid.32859,1,resid,32859,79,1
1161,1,10.mlp.3604,10,mlp,3604,240,0
1162,1,1.resid.32876,1,resid,32876,166,1
1163,1,10.mlp.13054,10,mlp,13054,527,0
1164,1,1.resid.9146,1,resid,9146,70,1
1165,1,10.mlp.31374,10,mlp,31374,676,206
1166,1,1.resid.28864,1,resid,28864,78,1
1167,1,10.mlp.3352,10,mlp,3352,616,207
1168,1,1.resid.33935,1,resid,33935,35,2
1169,1,10.mlp.31097,10,mlp,31097,447,0
1170,1,1.resid.5171,1,resid,5171,122,1
1171,1,10.mlp.17017,10,mlp,17017,436,0
1172,1,1.resid.7483,1,resid,7483,49,1
1173,1,10.mlp.29467,10,mlp,29467,569,208
1174,1,1.resid.32470,1,resid,32470,39,2
1175,1,10.mlp.6699,10,mlp,6699,235,0
1176,1,1.resid.28196,1,resid,28196,130,1
1177,1,10.mlp.8929,10,mlp,8929,603,209
1178,1,1.resid.20998,1,resid,20998,89,1
1179,1,10.mlp.21980,10,mlp,21980,573,210
1180,1,1.resid.26101,1,resid,26101,126,1
1181,1,10.mlp.22916,10,mlp,22916,594,211
1182,1,1.resid.31018,1,resid,31018,144,1
1183,1,10.mlp.20393,10,mlp,20393,405,0
1184,1,1.resid.30188,1,resid,30188,77,1
1185,1,10.mlp.20133,10,mlp,20133,578,212
1186,1,1.resid.1533,1,resid,1533,73,1
1187,1,10.mlp.6194,10,mlp,6194,670,213
1188,1,1.resid.24993,1,resid,24993,147,1
1189,1,10.mlp.8806,10,mlp,8806,433,0
1190,1,1.resid.37386,1,resid,37386,82,1
1191,1,10.mlp.37247,10,mlp,37247,343,0
1192,1,1.resid.27734,1,resid,27734,101,1
1193,1,10.mlp.27447,10,mlp,27447,519,0
1194,1,1.resid.28543,1,resid,28543,71,1
1195,1,10.mlp.6565,10,mlp,6565,517,214
1196,1,1.resid.18321,1,resid,18321,75,1
1197,1,10.mlp.30619,10,mlp,30619,464,0
1198,1,1.resid.25602,1,resid,25602,93,1
1199,1,10.mlp.4556,10,mlp,4556,566,215
1200,1,1.resid.11900,1,resid,11900,101,1
1201,1,10.mlp.32026,10,mlp,32026,488,0
1202,1,1.resid.15846,1,resid,15846,104,1
1203,1,10.mlp.16331,10,mlp,16331,352,0
1204,1,1.resid.23676,1,resid,23676,66,1
1205,1,10.mlp.31456,10,mlp,31456,302,0
1206,1,1.resid.18442,1,resid,18442,154,1
1207,1,10.mlp.17015,10,mlp,17015,444,0
1208,1,1.resid.21501,1,resid,21501,101,1
1209,1,10.mlp.7021,10,mlp,7021,358,0
1210,1,1.resid.20931,1,resid,20931,140,1
1211,1,10.mlp.34681,10,mlp,34681,678,216
1212,1,1.resid.19007,1,resid,19007,126,1
1213,1,10.attn.23889,10,attn,23889,565,0
1214,1,2.attn.40845,2,attn,40845,84,2
1215,1,10.attn.20603,10,attn,20603,303,0
1216,1,2.attn.12630,2,attn,12630,122,2
1217,1,10.attn.37002,10,attn,37002,344,0
1218,1,10.attn.49,10,attn,49,745,217
1219,1,2.attn.971,2,attn,971,103,1
1220,1,10.attn.26205,10,attn,26205,1076,218
1221,1,10.attn.40893,10,attn,40893,506,0
1222,1,10.attn.39876,10,attn,39876,377,0
1223,1,2.attn.19148,2,attn,19148,76,2
1224,1,10.attn.4608,10,attn,4608,350,0
1225,1,2.attn.18531,2,attn,18531,143,2
1226,1,10.attn.31129,10,attn,31129,852,219
1227,1,10.attn.12083,10,attn,12083,914,220
1228,1,2.attn.1166,2,attn,1166,154,1
1229,1,10.attn.28464,10,attn,28464,590,221
1230,1,10.attn.5724,10,attn,5724,516,0
1231,1,10.attn.14676,10,attn,14676,388,2
1232,1,2.attn.33325,2,attn,33325,196,0
1233,1,10.attn.407,10,attn,407,348,0
1234,1,2.attn.3853,2,attn,3853,77,2
1235,1,10.attn.29343,10,attn,29343,650,222
1236,1,2.attn.19129,2,attn,19129,145,1
1237,1,10.attn.13757,10,attn,13757,875,223
1238,1,10.attn.5464,10,attn,5464,492,0
1239,1,10.attn.24004,10,attn,24004,389,0
1240,1,10.attn.7360,10,attn,7360,635,224
1241,1,2.attn.32264,2,attn,32264,95,2
1242,1,10.attn.28525,10,attn,28525,500,0
1243,1,2.attn.8705,2,attn,8705,207,0
1244,1,10.attn.6641,10,attn,6641,795,225
1245,1,10.attn.40769,10,attn,40769,294,2
1246,1,2.attn.34863,2,attn,34863,136,2
1247,1,10.attn.21740,10,attn,21740,287,2
1248,1,2.attn.20892,2,attn,20892,378,0
1249,1,10.attn.7159,10,attn,7159,330,2
1250,1,10.attn.26226,10,attn,26226,314,2
1251,1,2.attn.35518,2,attn,35518,107,2
1252,1,10.attn.38360,10,attn,38360,730,226
1253,1,10.attn.1416,10,attn,1416,378,0
1254,1,2.attn.5167,2,attn,5167,142,1
1255,1,10.attn.34215,10,attn,34215,297,2
1256,1,10.attn.36168,10,attn,36168,611,227
1257,1,2.mlp.26898,2,mlp,26898,139,1
1258,1,9.resid.36681,9,resid,36681,469,0
1259,1,2.mlp.7864,2,mlp,7864,192,0
1260,1,9.resid.30611,9,resid,30611,574,228
1261,1,2.mlp.1913,2,mlp,1913,191,0
1262,1,9.resid.34747,9,resid,34747,726,229
1263,1,2.mlp.37567,2,mlp,37567,151,1
1264,1,9.resid.34730,9,resid,34730,413,0
1265,1,2.mlp.28770,2,mlp,28770,115,1
1266,1,9.resid.38115,9,resid,38115,884,230
1267,1,2.mlp.30062,2,mlp,30062,89,1
1268,1,9.resid.33981,9,resid,33981,554,0
1269,1,2.mlp.14309,2,mlp,14309,222,0
1270,1,9.resid.16804,9,resid,16804,689,231
1271,1,2.mlp.28526,2,mlp,28526,119,1
1272,1,9.resid.33233,9,resid,33233,280,2
1273,1,2.mlp.24863,2,mlp,24863,212,0
1274,1,9.resid.37056,9,resid,37056,476,0
1275,1,2.mlp.5766,2,mlp,5766,186,0
1276,1,9.resid.37407,9,resid,37407,496,0
1277,1,2.mlp.15730,2,mlp,15730,190,0
1278,1,9.resid.30042,9,resid,30042,533,0
1279,1,2.mlp.24844,2,mlp,24844,184,0
1280,1,9.resid.19955,9,resid,19955,636,232
1281,1,2.mlp.8251,2,mlp,8251,158,2
1282,1,9.resid.13846,9,resid,13846,628,233
1283,1,2.mlp.28222,2,mlp,28222,179,0
1284,1,9.resid.38885,9,resid,38885,450,0
1285,1,2.mlp.32638,2,mlp,32638,184,0
1286,1,9.resid.7123,9,resid,7123,569,234
1287,1,2.mlp.11514,2,mlp,11514,160,0
1288,1,9.resid.2535,9,resid,2535,700,235
1289,1,2.mlp.2469,2,mlp,2469,147,1
1290,1,9.resid.15411,9,resid,15411,515,236
1291,1,2.mlp.35503,2,mlp,35503,210,0
1292,1,9.resid.34427,9,resid,34427,443,0
1293,1,2.mlp.15814,2,mlp,15814,132,1
1294,1,9.resid.5945,9,resid,5945,551,0
1295,1,2.mlp.32484,2,mlp,32484,405,0
1296,1,9.resid.37599,9,resid,37599,373,0
1297,1,2.mlp.7299,2,mlp,7299,224,0
1298,1,9.resid.8566,9,resid,8566,656,237
1299,1,2.mlp.17671,2,mlp,17671,318,0
1300,1,9.resid.38786,9,resid,38786,619,238
1301,1,2.mlp.22119,2,mlp,22119,136,1
1302,1,9.resid.40489,9,resid,40489,503,239
1303,1,2.mlp.13399,2,mlp,13399,185,1
1304,1,9.resid.15964,9,resid,15964,324,0
1305,1,2.mlp.8400,2,mlp,8400,275,0
1306,1,9.resid.15548,9,resid,15548,590,240
1307,1,2.mlp.38578,2,mlp,38578,175,0
1308,1,9.resid.2881,9,resid,2881,511,241
1309,1,2.mlp.16287,2,mlp,16287,158,1
1310,1,9.resid.3002,9,resid,3002,491,0
1311,1,2.mlp.1585,2,mlp,1585,105,1
1312,1,9.resid.28803,9,resid,28803,321,0
1313,1,2.resid.17043,2,resid,17043,162,0
1314,1,9.mlp.17765,9,mlp,17765,517,0
1315,1,2.resid.23066,2,resid,23066,338,0
1316,1,9.mlp.23577,9,mlp,23577,551,0
1317,1,2.resid.5734,2,resid,5734,180,0
1318,1,9.mlp.27320,9,mlp,27320,373,0
1319,1,2.resid.22542,2,resid,22542,100,1
1320,1,9.mlp.23857,9,mlp,23857,384,0
1321,1,2.resid.21949,2,resid,21949,115,1
1322,1,9.mlp.2800,9,mlp,2800,351,0
1323,1,2.resid.16256,2,resid,16256,114,0
1324,1,9.mlp.15860,9,mlp,15860,712,242
1325,1,2.resid.29583,2,resid,29583,98,1
1326,1,9.mlp.15001,9,mlp,15001,475,0
1327,1,2.resid.18593,2,resid,18593,155,1
1328,1,9.mlp.37162,9,mlp,37162,519,243
1329,1,2.resid.9307,2,resid,9307,73,1
1330,1,9.mlp.29685,9,mlp,29685,221,0
1331,1,2.resid.32078,2,resid,32078,156,1
1332,1,9.mlp.11034,9,mlp,11034,444,0
1333,1,2.resid.22935,2,resid,22935,104,1
1334,1,9.mlp.38723,9,mlp,38723,551,0
1335,1,2.resid.25372,2,resid,25372,141,1
1336,1,9.mlp.9559,9,mlp,9559,433,244
1337,1,2.resid.26064,2,resid,26064,204,0
1338,1,9.mlp.17303,9,mlp,17303,395,0
1339,1,2.resid.18129,2,resid,18129,146,0
1340,1,9.mlp.5402,9,mlp,5402,551,0
1341,1,2.resid.4151,2,resid,4151,103,1
1342,1,9.mlp.14106,9,mlp,14106,432,0
1343,1,2.resid.13686,2,resid,13686,108,1
1344,1,9.mlp.10005,9,mlp,10005,497,0
1345,1,2.resid.10521,2,resid,10521,184,0
1346,1,9.mlp.2957,9,mlp,2957,618,245
1347,1,2.resid.33353,2,resid,33353,210,0
1348,1,9.mlp.38184,9,mlp,38184,787,246
1349,1,2.resid.7413,2,resid,7413,213,0
1350,1,9.mlp.30683,9,mlp,30683,569,247
1351,1,2.resid.33857,2,resid,33857,146,0
1352,1,9.mlp.40083,9,mlp,40083,365,0
1353,1,2.resid.8734,2,resid,8734,120,0
1354,1,9.mlp.19739,9,mlp,19739,548,0
1355,1,2.resid.22395,2,resid,22395,151,1
1356,1,9.mlp.22520,9,mlp,22520,447,0
1357,1,2.resid.17913,2,resid,17913,210,0
1358,1,9.mlp.11422,9,mlp,11422,762,248
1359,1,2.resid.7,2,resid,7,133,1
1360,1,9.mlp.26756,9,mlp,26756,351,0
1361,1,2.resid.10693,2,resid,10693,134,1
1362,1,9.mlp.26893,9,mlp,26893,354,0
1363,1,2.resid.15015,2,resid,15015,172,0
1364,1,9.mlp.13324,9,mlp,13324,436,0
1365,1,2.resid.1104,2,resid,1104,218,0
1366,1,9.mlp.26304,9,mlp,26304,522,0
1367,1,2.resid.28632,2,resid,28632,152,1
1368,1,9.mlp.17718,9,mlp,17718,438,0
1369,1,2.resid.18819,2,resid,18819,158,1
1370,1,9.mlp.9456,9,mlp,9456,352,0
1371,1,3.attn.36629,3,attn,36629,217,2
1372,1,9.attn.12285,9,attn,12285,295,0
1373,1,9.attn.17149,9,attn,17149,621,249
1374,1,3.attn.10377,3,attn,10377,204,0
1375,1,9.attn.31326,9,attn,31326,243,2
1376,1,3.attn.35427,3,attn,35427,200,0
1377,1,9.attn.21033,9,attn,21033,316,2
1378,1,3.attn.622,3,attn,622,246,0
1379,1,9.attn.3411,9,attn,3411,276,2
1380,1,9.attn.36055,9,attn,36055,262,2
1381,1,9.attn.2946,9,attn,2946,542,250
1382,1,3.attn.6577,3,attn,6577,292,2
1383,1,9.attn.27795,9,attn,27795,341,0
1384,1,3.attn.31061,3,attn,31061,165,0
1385,1,9.attn.13429,9,attn,13429,412,0
1386,1,3.attn.22869,3,attn,22869,184,2
1387,1,9.attn.17113,9,attn,17113,404,0
1388,1,3.attn.36450,3,attn,36450,179,2
1389,1,9.attn.1367,9,attn,1367,181,0
1390,1,9.attn.26581,9,attn,26581,678,251
1391,1,3.attn.34717,3,attn,34717,178,2
1392,1,9.attn.40165,9,attn,40165,234,2
1393,1,3.attn.29396,3,attn,29396,167,2
1394,1,9.attn.6960,9,attn,6960,547,0
1395,1,3.attn.30709,3,attn,30709,154,2
1396,1,9.attn.38824,9,attn,38824,725,252
1397,1,3.attn.33455,3,attn,33455,246,0
1398,1,9.attn.22886,9,attn,22886,529,253
1399,1,3.attn.1154,3,attn,1154,185,2
1400,1,9.attn.31911,9,attn,31911,285,0
1401,1,3.attn.5885,3,attn,5885,222,2
1402,1,9.attn.7336,9,attn,7336,563,0
1403,1,3.attn.36056,3,attn,36056,143,2
1404,1,9.attn.24726,9,attn,24726,417,0
1405,1,3.attn.32754,3,attn,32754,187,2
1406,1,9.attn.16847,9,attn,16847,515,0
1407,1,3.attn.21270,3,attn,21270,154,2
1408,1,9.attn.6073,9,attn,6073,196,2
1409,1,3.attn.2777,3,attn,2777,308,2
1410,1,9.attn.14061,9,attn,14061,358,0
1411,1,3.attn.14460,3,attn,14460,154,2
1412,1,9.attn.9457,9,attn,9457,869,254
1413,1,3.attn.8496,3,attn,8496,165,2
1414,1,9.attn.11688,9,attn,11688,162,2
1415,1,3.attn.29033,3,attn,29033,147,2
1416,1,9.attn.38445,9,attn,38445,581,255
1417,1,3.attn.40452,3,attn,40452,153,2
1418,1,9.attn.30564,9,attn,30564,492,0
1419,1,3.attn.40507,3,attn,40507,104,2
1420,1,9.attn.2327,9,attn,2327,430,0
1421,1,3.mlp.33290,3,mlp,33290,176,0
1422,1,8.resid.4054,8,resid,4054,721,256
1423,1,3.mlp.20390,3,mlp,20390,315,0
1424,1,8.resid.38525,8,resid,38525,576,257
1425,1,3.mlp.14529,3,mlp,14529,291,0
1426,1,8.resid.32564,8,resid,32564,383,0
1427,1,3.mlp.14592,3,mlp,14592,208,0
1428,1,8.resid.19024,8,resid,19024,608,258
1429,1,3.mlp.11712,3,mlp,11712,222,0
1430,1,8.resid.19144,8,resid,19144,686,259
1431,1,3.mlp.19315,3,mlp,19315,221,0
1432,1,8.resid.16677,8,resid,16677,669,260
1433,1,3.mlp.1830,3,mlp,1830,290,0
1434,1,8.resid.14718,8,resid,14718,702,261
1435,1,3.mlp.2291,3,mlp,2291,199,0
1436,1,8.resid.5280,8,resid,5280,608,262
1437,1,3.mlp.7042,3,mlp,7042,214,0
1438,1,8.resid.23508,8,resid,23508,490,0
1439,1,3.mlp.40666,3,mlp,40666,387,0
1440,1,8.resid.26964,8,resid,26964,296,0
1441,1,3.mlp.14593,3,mlp,14593,266,0
1442,1,8.resid.12959,8,resid,12959,282,0
1443,1,3.mlp.30709,3,mlp,30709,204,0
1444,1,8.resid.2361,8,resid,2361,617,263
1445,1,3.mlp.2850,3,mlp,2850,194,0
1446,1,8.resid.22038,8,resid,22038,563,0
1447,1,3.mlp.27454,3,mlp,27454,225,0
1448,1,8.resid.32603,8,resid,32603,452,0
1449,1,3.mlp.19713,3,mlp,19713,392,0
1450,1,8.resid.12366,8,resid,12366,484,0
1451,1,3.mlp.21742,3,mlp,21742,193,0
1452,1,8.resid.1991,8,resid,1991,590,264
1453,1,3.mlp.21579,3,mlp,21579,199,0
1454,1,8.resid.11122,8,resid,11122,473,0
1455,1,3.mlp.18315,3,mlp,18315,265,0
1456,1,8.resid.13452,8,resid,13452,404,0
1457,1,3.mlp.40867,3,mlp,40867,186,0
1458,1,8.resid.30647,8,resid,30647,565,0
1459,1,3.mlp.14428,3,mlp,14428,446,0
1460,1,8.resid.14472,8,resid,14472,600,265
1461,1,3.mlp.18384,3,mlp,18384,238,0
1462,1,8.resid.30148,8,resid,30148,510,0
1463,1,3.mlp.39021,3,mlp,39021,318,0
1464,1,8.resid.24858,8,resid,24858,473,0
1465,1,3.mlp.25672,3,mlp,25672,172,0
1466,1,8.resid.16239,8,resid,16239,521,0
1467,1,3.mlp.31178,3,mlp,31178,138,0
1468,1,8.resid.38377,8,resid,38377,509,266
1469,1,3.mlp.36792,3,mlp,36792,366,0
1470,1,8.resid.3686,8,resid,3686,540,0
1471,1,3.mlp.17884,3,mlp,17884,229,0
1472,1,8.resid.4222,8,resid,4222,397,0
1473,1,3.mlp.6470,3,mlp,6470,215,0
1474,1,8.resid.471,8,resid,471,392,0
1475,1,3.mlp.6461,3,mlp,6461,202,0
1476,1,8.resid.2461,8,resid,2461,451,0
1477,1,3.mlp.19905,3,mlp,19905,118,1
1478,1,8.resid.11719,8,resid,11719,283,0
1479,1,3.resid.30746,3,resid,30746,219,0
1480,1,8.mlp.2023,8,mlp,2023,566,0
1481,1,3.resid.31700,3,resid,31700,143,1
1482,1,8.mlp.17771,8,mlp,17771,294,0
1483,1,3.resid.12570,3,resid,12570,146,1
1484,1,8.mlp.394,8,mlp,394,541,267
1485,1,3.resid.26034,3,resid,26034,319,0
1486,1,8.mlp.19724,8,mlp,19724,458,0
1487,1,3.resid.39545,3,resid,39545,186,0
1488,1,8.mlp.4571,8,mlp,4571,468,0
1489,1,3.resid.38160,3,resid,38160,327,0
1490,1,8.mlp.1800,8,mlp,1800,444,0
1491,1,3.resid.29842,3,resid,29842,294,0
1492,1,8.mlp.24894,8,mlp,24894,345,0
1493,1,3.resid.198,3,resid,198,215,2
1494,1,8.mlp.38717,8,mlp,38717,387,0
1495,1,3.resid.19237,3,resid,19237,215,0
1496,1,8.mlp.19118,8,mlp,19118,337,0
1497,1,3.resid.30709,3,resid,30709,161,0
1498,1,8.mlp.2453,8,mlp,2453,410,0
1499,1,3.resid.3754,3,resid,3754,238,0
1500,1,8.mlp.35817,8,mlp,35817,455,0
1501,1,3.resid.26588,3,resid,26588,262,0
1502,1,8.mlp.5966,8,mlp,5966,265,0
1503,1,3.resid.35129,3,resid,35129,265,0
1504,1,8.mlp.21659,8,mlp,21659,367,0
1505,1,3.resid.34833,3,resid,34833,310,0
1506,1,8.mlp.23135,8,mlp,23135,506,268
1507,1,3.resid.30289,3,resid,30289,185,0
1508,1,8.mlp.9719,8,mlp,9719,489,0
1509,1,3.resid.34524,3,resid,34524,117,1
1510,1,8.mlp.24568,8,mlp,24568,451,0
1511,1,3.resid.5046,3,resid,5046,281,0
1512,1,8.mlp.37694,8,mlp,37694,452,269
1513,1,3.resid.7722,3,resid,7722,270,0
1514,1,8.mlp.13939,8,mlp,13939,530,0
1515,1,3.resid.654,3,resid,654,218,0
1516,1,8.mlp.34142,8,mlp,34142,450,0
1517,1,3.resid.14001,3,resid,14001,163,0
1518,1,8.mlp.4687,8,mlp,4687,491,270
1519,1,3.resid.38784,3,resid,38784,160,1
1520,1,8.mlp.25893,8,mlp,25893,289,0
1521,1,3.resid.13337,3,resid,13337,150,1
1522,1,8.mlp.20706,8,mlp,20706,636,271
1523,1,3.resid.30003,3,resid,30003,169,1
1524,1,8.mlp.9053,8,mlp,9053,527,0
1525,1,3.resid.5907,3,resid,5907,196,0
1526,1,8.mlp.27996,8,mlp,27996,470,0
1527,1,3.resid.29785,3,resid,29785,324,0
1528,1,8.mlp.27487,8,mlp,27487,358,0
1529,1,3.resid.29001,3,resid,29001,170,0
1530,1,8.mlp.24126,8,mlp,24126,416,0
1531,1,3.resid.18365,3,resid,18365,151,1
1532,1,8.mlp.36564,8,mlp,36564,434,0
1533,1,3.resid.18945,3,resid,18945,212,0
1534,1,8.mlp.2780,8,mlp,2780,494,0
1535,1,4.attn.32487,4,attn,32487,273,0
1536,1,8.attn.9856,8,attn,9856,619,272
1537,1,4.attn.32976,4,attn,32976,254,0
1538,1,8.attn.29973,8,attn,29973,468,0
1539,1,4.attn.35453,4,attn,35453,238,2
1540,1,4.attn.1542,4,attn,1542,261,2
1541,1,8.attn.1303,8,attn,1303,264,2
1542,1,4.attn.9890,4,attn,9890,269,0
1543,1,4.attn.36796,4,attn,36796,159,2
1544,1,8.attn.4021,8,attn,4021,409,0
1545,1,4.attn.5080,4,attn,5080,266,0
1546,1,8.attn.38042,8,attn,38042,639,273
1547,1,4.attn.28579,4,attn,28579,135,2
1548,1,8.attn.11249,8,attn,11249,305,2
1549,1,4.attn.10104,4,attn,10104,144,2
1550,1,8.attn.20556,8,attn,20556,803,274
1551,1,4.attn.20955,4,attn,20955,217,0
1552,1,8.attn.29524,8,attn,29524,467,0
1553,1,4.attn.36596,4,attn,36596,397,2
1554,1,8.attn.27962,8,attn,27962,224,2
1555,1,4.attn.9659,4,attn,9659,281,0
1556,1,4.attn.37674,4,attn,37674,260,2
1557,1,8.attn.31890,8,attn,31890,551,275
1558,1,4.attn.9145,4,attn,9145,296,0
1559,1,8.attn.16186,8,attn,16186,462,0
1560,1,4.attn.19766,4,attn,19766,186,2
1561,1,8.attn.1785,8,attn,1785,334,2
1562,1,4.attn.24700,4,attn,24700,212,2
1563,1,4.attn.28397,4,attn,28397,231,2
1564,1,8.attn.40386,8,attn,40386,471,0
1565,1,4.attn.23831,4,attn,23831,291,0
1566,1,8.attn.21079,8,attn,21079,409,0
1567,1,4.attn.4201,4,attn,4201,198,2
1568,1,8.attn.26004,8,attn,26004,639,276
1569,1,4.attn.36048,4,attn,36048,243,2
1570,1,4.attn.30010,4,attn,30010,260,0
1571,1,8.attn.27473,8,attn,27473,280,0
1572,1,4.attn.38650,4,attn,38650,237,2
1573,1,4.attn.12518,4,attn,12518,282,0
1574,1,4.attn.40412,4,attn,40412,204,0
1575,1,8.attn.297,8,attn,297,298,2
1576,1,4.attn.33474,4,attn,33474,148,0
1577,1,8.attn.14087,8,attn,14087,562,0
1578,1,4.attn.37121,4,attn,37121,268,0
1579,1,8.attn.38453,8,attn,38453,273,2
1580,1,4.attn.13771,4,attn,13771,212,2
1581,1,8.attn.3694,8,attn,3694,579,277
1582,1,4.attn.38620,4,attn,38620,169,0
1583,1,8.attn.19952,8,attn,19952,268,2
1584,1,4.attn.23575,4,attn,23575,206,2
1585,1,8.attn.38844,8,attn,38844,289,0
1586,1,4.mlp.13001,4,mlp,13001,295,0
1587,1,7.resid.18701,7,resid,18701,629,278
1588,1,4.mlp.31935,4,mlp,31935,209,0
1589,1,7.resid.29474,7,resid,29474,643,279
1590,1,4.mlp.812,4,mlp,812,200,0
1591,1,7.resid.12775,7,resid,12775,347,0
1592,1,4.mlp.7826,4,mlp,7826,179,0
1593,1,7.resid.28485,7,resid,28485,533,0
1594,1,4.mlp.5170,4,mlp,5170,233,0
1595,1,7.resid.39075,7,resid,39075,595,280
1596,1,4.mlp.39187,4,mlp,39187,393,0
1597,1,7.resid.39960,7,resid,39960,558,0
1598,1,4.mlp.19852,4,mlp,19852,198,0
1599,1,7.resid.29479,7,resid,29479,593,281
1600,1,4.mlp.28913,4,mlp,28913,242,0
1601,1,7.resid.39599,7,resid,39599,569,0
1602,1,4.mlp.14956,4,mlp,14956,292,0
1603,1,7.resid.24130,7,resid,24130,303,0
1604,1,4.mlp.3553,4,mlp,3553,327,0
1605,1,7.resid.28416,7,resid,28416,443,0
1606,1,4.mlp.31247,4,mlp,31247,286,0
1607,1,7.resid.37962,7,resid,37962,472,0
1608,1,4.mlp.37078,4,mlp,37078,212,0
1609,1,7.resid.39566,7,resid,39566,496,0
1610,1,4.mlp.23982,4,mlp,23982,355,0
1611,1,7.resid.13419,7,resid,13419,280,0
1612,1,4.mlp.20035,4,mlp,20035,389,0
1613,1,7.resid.16255,7,resid,16255,686,282
1614,1,4.mlp.17443,4,mlp,17443,346,0
1615,1,7.resid.16318,7,resid,16318,334,0
1616,1,4.mlp.11084,4,mlp,11084,221,0
1617,1,7.resid.32488,7,resid,32488,361,0
1618,1,4.mlp.23767,4,mlp,23767,310,0
1619,1,7.resid.35626,7,resid,35626,415,0
1620,1,4.mlp.26381,4,mlp,26381,385,0
1621,1,7.resid.17572,7,resid,17572,485,283
1622,1,4.mlp.9923,4,mlp,9923,431,0
1623,1,7.resid.23706,7,resid,23706,579,284
1624,1,4.mlp.20766,4,mlp,20766,325,0
1625,1,7.resid.7674,7,resid,7674,511,285
1626,1,4.mlp.30617,4,mlp,30617,239,0
1627,1,7.resid.35917,7,resid,35917,567,286
1628,1,4.mlp.5786,4,mlp,5786,467,0
1629,1,7.resid.40735,7,resid,40735,494,0
1630,1,4.mlp.33028,4,mlp,33028,328,0
1631,1,7.resid.40218,7,resid,40218,431,0
1632,1,4.mlp.12933,4,mlp,12933,224,0
1633,1,7.resid.38399,7,resid,38399,413,0
1634,1,4.mlp.11827,4,mlp,11827,293,0
1635,1,7.resid.36737,7,resid,36737,427,0
1636,1,4.mlp.38010,4,mlp,38010,210,0
1637,1,7.resid.12839,7,resid,12839,512,0
1638,1,4.mlp.6212,4,mlp,6212,377,0
1639,1,7.resid.37384,7,resid,37384,405,0
1640,1,4.mlp.5659,4,mlp,5659,331,0
1641,1,7.resid.31336,7,resid,31336,278,0
1642,1,4.resid.25308,4,resid,25308,313,0
1643,1,7.mlp.27827,7,mlp,27827,272,0
1644,1,4.resid.32733,4,resid,32733,232,0
1645,1,7.mlp.26067,7,mlp,26067,472,0
1646,1,4.resid.16155,4,resid,16155,245,0
1647,1,7.mlp.20945,7,mlp,20945,615,287
1648,1,4.resid.37496,4,resid,37496,198,0
1649,1,7.mlp.25005,7,mlp,25005,552,0
1650,1,4.resid.2870,4,resid,2870,244,0
1651,1,7.mlp.5259,7,mlp,5259,599,288
1652,1,4.resid.27560,4,resid,27560,175,2
1653,1,7.mlp.28155,7,mlp,28155,436,0
1654,1,4.resid.5744,4,resid,5744,289,0
1655,1,7.mlp.17379,7,mlp,17379,265,2
1656,1,4.resid.26925,4,resid,26925,239,0
1657,1,7.mlp.1763,7,mlp,1763,481,0
1658,1,4.resid.39752,4,resid,39752,502,289
1659,1,7.mlp.26960,7,mlp,26960,538,290
1660,1,4.resid.4650,4,resid,4650,255,0
1661,1,7.mlp.7108,7,mlp,7108,586,291
1662,1,4.resid.31865,4,resid,31865,293,0
1663,1,7.mlp.12694,7,mlp,12694,396,0
1664,1,4.resid.24974,4,resid,24974,250,0
1665,1,7.mlp.34534,7,mlp,34534,228,0
1666,1,4.resid.12007,4,resid,12007,364,0
1667,1,7.mlp.24138,7,mlp,24138,155,0
1668,1,4.resid.15983,4,resid,15983,203,0
1669,1,7.mlp.25013,7,mlp,25013,228,0
1670,1,4.resid.36929,4,resid,36929,320,0
1671,1,7.mlp.26360,7,mlp,26360,428,0
1672,1,4.resid.32695,4,resid,32695,253,0
1673,1,7.mlp.37231,7,mlp,37231,439,0
1674,1,4.resid.37299,4,resid,37299,375,0
1675,1,7.mlp.10589,7,mlp,10589,486,0
1676,1,4.resid.10006,4,resid,10006,310,0
1677,1,7.mlp.40713,7,mlp,40713,345,0
1678,1,4.resid.32406,4,resid,32406,245,0
1679,1,7.mlp.2045,7,mlp,2045,397,0
1680,1,4.resid.38485,4,resid,38485,180,0
1681,1,7.mlp.39190,7,mlp,39190,364,0
1682,1,4.resid.27410,4,resid,27410,236,0
1683,1,7.mlp.24118,7,mlp,24118,156,0
1684,1,4.resid.2154,4,resid,2154,364,0
1685,1,7.mlp.40197,7,mlp,40197,384,0
1686,1,4.resid.35773,4,resid,35773,410,0
1687,1,7.mlp.34917,7,mlp,34917,390,0
1688,1,4.resid.25792,4,resid,25792,215,0
1689,1,7.mlp.27928,7,mlp,27928,593,292
1690,1,4.resid.34576,4,resid,34576,250,0
1691,1,7.mlp.30807,7,mlp,30807,509,293
1692,1,4.resid.28983,4,resid,28983,329,0
1693,1,7.mlp.23364,7,mlp,23364,446,294
1694,1,4.resid.27776,4,resid,27776,313,0
1695,1,7.mlp.17225,7,mlp,17225,509,0
1696,1,4.resid.12862,4,resid,12862,296,0
1697,1,7.mlp.8152,7,mlp,8152,275,2
1698,1,4.resid.8448,4,resid,8448,276,0
1699,1,5.attn.34295,5,attn,34295,354,0
1700,1,7.attn.238,7,attn,238,947,295
1701,1,5.attn.28912,5,attn,28912,297,0
1702,1,7.attn.8150,7,attn,8150,810,296
1703,1,7.attn.36332,7,attn,36332,466,0
1704,1,5.attn.11492,5,attn,11492,261,2
1705,1,7.attn.1230,7,attn,1230,516,0
1706,1,5.attn.39788,5,attn,39788,245,2
1707,1,7.attn.9028,7,attn,9028,568,0
1708,1,5.attn.20435,5,attn,20435,254,2
1709,1,7.attn.6411,7,attn,6411,284,0
1710,1,5.attn.12645,5,attn,12645,434,0
1711,1,7.attn.29535,7,attn,29535,340,0
1712,1,5.attn.21392,5,attn,21392,292,0
1713,1,7.attn.30167,7,attn,30167,409,0
1714,1,5.attn.30381,5,attn,30381,322,0
1715,1,7.attn.34566,7,attn,34566,163,2
1716,1,5.attn.19873,5,attn,19873,243,2
1717,1,7.attn.24003,7,attn,24003,413,2
1718,1,7.attn.22152,7,attn,22152,477,0
1719,1,5.attn.6568,5,attn,6568,213,2
1720,1,5.attn.16831,5,attn,16831,255,0
1721,1,7.attn.10562,7,attn,10562,465,0
1722,1,7.attn.27055,7,attn,27055,321,2
1723,1,5.attn.11930,5,attn,11930,318,0
1724,1,7.attn.26142,7,attn,26142,423,0
1725,1,5.attn.35530,5,attn,35530,209,2
1726,1,7.attn.29933,7,attn,29933,530,0
1727,1,5.attn.8274,5,attn,8274,280,2
1728,1,7.attn.13805,7,attn,13805,365,2
1729,1,5.attn.1528,5,attn,1528,210,2
1730,1,7.attn.35610,7,attn,35610,396,0
1731,1,5.attn.19249,5,attn,19249,563,0
1732,1,7.attn.1173,7,attn,1173,442,0
1733,1,5.attn.5521,5,attn,5521,249,2
1734,1,7.attn.17342,7,attn,17342,210,2
1735,1,5.attn.40605,5,attn,40605,363,0
1736,1,7.attn.5852,7,attn,5852,247,2
1737,1,5.attn.19991,5,attn,19991,179,0
1738,1,7.attn.36465,7,attn,36465,351,0
1739,1,7.attn.21688,7,attn,21688,274,2
1740,1,5.attn.28235,5,attn,28235,388,0
1741,1,7.attn.20559,7,attn,20559,232,2
1742,1,5.attn.13223,5,attn,13223,295,2
1743,1,7.attn.37385,7,attn,37385,185,2
1744,1,5.attn.25993,5,attn,25993,180,2
1745,1,5.mlp.12449,5,mlp,12449,422,0
1746,1,6.resid.13189,6,resid,13189,451,0
1747,1,5.mlp.10989,5,mlp,10989,314,0
1748,1,6.resid.4043,6,resid,4043,356,0
1749,1,5.mlp.6075,5,mlp,6075,261,0
1750,1,6.resid.32223,6,resid,32223,378,0
1751,1,5.mlp.6411,5,mlp,6411,387,0
1752,1,6.resid.5402,6,resid,5402,418,0
1753,1,5.mlp.718,5,mlp,718,326,0
1754,1,6.resid.17225,6,resid,17225,376,0
1755,1,5.mlp.24916,5,mlp,24916,270,0
1756,1,6.resid.35050,6,resid,35050,431,0
1757,1,5.mlp.22367,5,mlp,22367,281,0
1758,1,6.resid.31430,6,resid,31430,307,0
1759,1,5.mlp.24244,5,mlp,24244,481,0
1760,1,6.resid.18694,6,resid,18694,333,0
1761,1,5.mlp.9493,5,mlp,9493,618,297
1762,1,6.resid.6578,6,resid,6578,486,298
1763,1,5.mlp.12773,5,mlp,12773,265,0
1764,1,6.resid.19232,6,resid,19232,428,0
1765,1,5.mlp.20617,5,mlp,20617,316,0
1766,1,6.resid.12121,6,resid,12121,291,0
1767,1,5.mlp.15781,5,mlp,15781,293,0
1768,1,6.resid.498,6,resid,498,383,0
1769,1,5.mlp.16460,5,mlp,16460,277,0
1770,1,6.resid.7367,6,resid,7367,368,0
1771,1,5.mlp.38390,5,mlp,38390,293,0
1772,1,6.resid.34090,6,resid,34090,583,299
1773,1,5.mlp.7783,5,mlp,7783,286,0
1774,1,6.resid.19302,6,resid,19302,404,0
1775,1,5.mlp.4297,5,mlp,4297,447,0
1776,1,6.resid.9257,6,resid,9257,370,0
1777,1,5.mlp.27204,5,mlp,27204,310,0
1778,1,6.resid.24116,6,resid,24116,326,0
1779,1,5.mlp.2175,5,mlp,2175,240,0
1780,1,6.resid.25842,6,resid,25842,315,0
1781,1,5.mlp.2045,5,mlp,2045,528,0
1782,1,6.resid.9622,6,resid,9622,313,0
1783,1,5.mlp.24070,5,mlp,24070,369,0
1784,1,6.resid.4617,6,resid,4617,532,300
1785,1,5.mlp.10580,5,mlp,10580,384,0
1786,1,6.resid.36459,6,resid,36459,478,0
1787,1,5.mlp.21909,5,mlp,21909,374,0
1788,1,6.resid.5266,6,resid,5266,421,0
1789,1,5.mlp.15484,5,mlp,15484,563,0
1790,1,6.resid.31610,6,resid,31610,280,0
1791,1,5.mlp.14556,5,mlp,14556,503,0
1792,1,6.resid.34084,6,resid,34084,266,0
1793,1,5.mlp.30768,5,mlp,30768,251,0
1794,1,6.resid.22284,6,resid,22284,516,0
1795,1,5.mlp.27309,5,mlp,27309,369,0
1796,1,6.resid.13643,6,resid,13643,315,0
1797,1,5.mlp.40102,5,mlp,40102,540,0
1798,1,6.resid.40115,6,resid,40115,302,0
1799,1,5.mlp.17793,5,mlp,17793,466,0
1800,1,6.resid.15141,6,resid,15141,460,0
1801,1,5.resid.28866,5,resid,28866,279,0
1802,1,6.mlp.21168,6,mlp,21168,322,0
1803,1,5.resid.27855,5,resid,27855,430,0
1804,1,6.mlp.32861,6,mlp,32861,434,0
1805,1,5.resid.30070,5,resid,30070,308,0
1806,1,6.mlp.19747,6,mlp,19747,419,0
1807,1,5.resid.19929,5,resid,19929,375,0
1808,1,6.mlp.4288,6,mlp,4288,351,0
1809,1,5.resid.13641,5,resid,13641,381,0
1810,1,6.mlp.30406,6,mlp,30406,408,0
1811,1,5.resid.26890,5,resid,26890,358,0
1812,1,6.mlp.26185,6,mlp,26185,392,0
1813,1,5.resid.26257,5,resid,26257,414,0
1814,1,6.mlp.26790,6,mlp,26790,417,0
1815,1,5.resid.21951,5,resid,21951,498,0
1816,1,6.mlp.26502,6,mlp,26502,302,0
1817,1,5.resid.32693,5,resid,32693,381,0
1818,1,6.mlp.13592,6,mlp,13592,541,301
1819,1,5.resid.27753,5,resid,27753,290,0
1820,1,6.mlp.30913,6,mlp,30913,274,0
1821,1,5.resid.4573,5,resid,4573,181,0
1822,1,6.mlp.21688,6,mlp,21688,422,0
1823,1,5.resid.1136,5,resid,1136,436,0
1824,1,6.mlp.30286,6,mlp,30286,371,0
1825,1,5.resid.4623,5,resid,4623,203,0
1826,1,6.mlp.1647,6,mlp,1647,461,0
1827,1,5.resid.33640,5,resid,33640,290,0
1828,1,6.mlp.9940,6,mlp,9940,480,0
1829,1,5.resid.21170,5,resid,21170,325,0
1830,1,6.mlp.4496,6,mlp,4496,358,0
1831,1,5.resid.21905,5,resid,21905,411,0
1832,1,6.mlp.33746,6,mlp,33746,373,0
1833,1,5.resid.22690,5,resid,22690,293,0
1834,1,6.mlp.15444,6,mlp,15444,285,0
1835,1,5.resid.25041,5,resid,25041,269,0
1836,1,6.mlp.39126,6,mlp,39126,518,0
1837,1,5.resid.15558,5,resid,15558,241,0
1838,1,6.mlp.13829,6,mlp,13829,615,302
1839,1,5.resid.17670,5,resid,17670,326,0
1840,1,6.mlp.37501,6,mlp,37501,412,0
1841,1,5.resid.17622,5,resid,17622,458,0
1842,1,6.mlp.30478,6,mlp,30478,621,303
1843,1,5.resid.33582,5,resid,33582,312,0
1844,1,6.mlp.20482,6,mlp,20482,504,0
1845,1,5.resid.40579,5,resid,40579,282,0
1846,1,6.mlp.34096,6,mlp,34096,274,0
1847,1,5.resid.9998,5,resid,9998,500,0
1848,1,6.mlp.29842,6,mlp,29842,330,0
1849,1,5.resid.37507,5,resid,37507,160,2
1850,1,6.mlp.24658,6,mlp,24658,624,304
1851,1,5.resid.34736,5,resid,34736,588,305
1852,1,6.mlp.24910,6,mlp,24910,285,0
1853,1,5.resid.24670,5,resid,24670,621,306
1854,1,6.mlp.10497,6,mlp,10497,312,0
1855,1,5.resid.25964,5,resid,25964,369,0
1856,1,6.mlp.13839,6,mlp,13839,292,0
1857,1,5.resid.9580,5,resid,9580,297,0
1858,1,6.mlp.25090,6,mlp,25090,772,307
1859,1,6.attn.40293,6,attn,40293,317,2
1860,1,6.attn.3556,6,attn,3556,292,2
1861,1,6.attn.33770,6,attn,33770,382,0
1862,1,6.attn.27116,6,attn,27116,722,308
1863,1,6.attn.4019,6,attn,4019,324,2
1864,1,6.attn.3808,6,attn,3808,311,0
1865,1,6.attn.1704,6,attn,1704,372,0
1866,1,6.attn.7935,6,attn,7935,278,2
1867,1,6.attn.26951,6,attn,26951,353,2
1868,1,6.attn.39748,6,attn,39748,412,0
1869,1,6.attn.38035,6,attn,38035,385,0
1870,1,6.attn.25503,6,attn,25503,293,2
1871,1,6.attn.12145,6,attn,12145,325,2
1872,1,6.attn.20126,6,attn,20126,329,2
1873,1,6.attn.17923,6,attn,17923,294,2
1874,1,6.attn.3201,6,attn,3201,473,0
1875,1,6.attn.18390,6,attn,18390,242,2
1876,1,6.attn.34554,6,attn,34554,365,0
1877,1,6.attn.34593,6,attn,34593,229,2
1878,1,6.attn.26498,6,attn,26498,301,2
1879,1,6.attn.16467,6,attn,16467,381,0
1880,1,6.attn.36746,6,attn,36746,288,2
1881,1,6.attn.29896,6,attn,29896,519,309
1882,1,6.attn.8984,6,attn,8984,301,2
1883,1,6.attn.34438,6,attn,34438,288,0
1884,1,6.attn.19681,6,attn,19681,399,0
1885,1,6.attn.6652,6,attn,6652,207,2
1886,1,6.attn.33319,6,attn,33319,266,0
1887,1,0.mlp.20539,0,mlp,20539,7,0
1888,10,0.mlp.18452,0,mlp,18452,25,1
1889,10,11.resid.25550,11,resid,25550,508,310
1890,10,0.mlp.28737,0,mlp,28737,57,1
1891,10,11.resid.8822,11,resid,8822,498,0
1892,10,0.mlp.11740,0,mlp,11740,19,1
1893,10,11.resid.31027,11,resid,31027,512,311
1894,10,0.mlp.14371,0,mlp,14371,26,1
1895,10,11.resid.13585,11,resid,13585,719,312
1896,10,0.mlp.38643,0,mlp,38643,14,1
1897,10,11.resid.22970,11,resid,22970,814,313
1898,10,0.mlp.9618,0,mlp,9618,29,1
1899,10,11.resid.28923,11,resid,28923,400,0
1900,10,0.mlp.9375,0,mlp,9375,23,1
1901,10,11.resid.33769,11,resid,33769,395,0
1902,10,0.mlp.1722,0,mlp,1722,21,1
1903,10,11.resid.19251,11,resid,19251,371,0
1904,10,0.mlp.32521,0,mlp,32521,27,1
1905,10,11.resid.4024,11,resid,4024,411,0
1906,10,0.mlp.33344,0,mlp,33344,13,1
1907,10,11.resid.23860,11,resid,23860,308,0
1908,10,0.mlp.28710,0,mlp,28710,26,1
1909,10,11.resid.38589,11,resid,38589,673,314
1910,10,0.mlp.21970,0,mlp,21970,57,1
1911,10,11.resid.9387,11,resid,9387,583,315
1912,10,0.mlp.16502,0,mlp,16502,78,1
1913,10,11.resid.14474,11,resid,14474,554,0
1914,10,0.mlp.7113,0,mlp,7113,24,1
1915,10,11.resid.40511,11,resid,40511,380,0
1916,10,0.mlp.14912,0,mlp,14912,20,1
1917,10,11.resid.30722,11,resid,30722,616,316
1918,10,0.mlp.18232,0,mlp,18232,36,1
1919,10,11.resid.34845,11,resid,34845,526,0
1920,10,0.mlp.32843,0,mlp,32843,22,1
1921,10,11.resid.27236,11,resid,27236,509,0
1922,10,0.mlp.23688,0,mlp,23688,39,1
1923,10,11.resid.8187,11,resid,8187,543,317
1924,10,0.mlp.28005,0,mlp,28005,15,1
1925,10,11.resid.40318,11,resid,40318,638,318
1926,10,0.mlp.19944,0,mlp,19944,16,1
1927,10,11.resid.8702,11,resid,8702,557,319
1928,10,0.mlp.40156,0,mlp,40156,91,1
1929,10,11.resid.4030,11,resid,4030,644,320
1930,10,0.mlp.31513,0,mlp,31513,10,1
1931,10,11.resid.29394,11,resid,29394,670,321
1932,10,0.mlp.14551,0,mlp,14551,6,0
1933,10,11.resid.30561,11,resid,30561,425,0
1934,10,0.mlp.39035,0,mlp,39035,8,1
1935,10,11.resid.20466,11,resid,20466,695,322
1936,10,0.mlp.28510,0,mlp,28510,11,1
1937,10,11.resid.9323,11,resid,9323,438,0
1938,10,0.mlp.6283,0,mlp,6283,44,1
1939,10,11.resid.35783,11,resid,35783,328,0
1940,10,0.mlp.9328,0,mlp,9328,56,1
1941,10,11.resid.12969,11,resid,12969,481,0
1942,10,0.mlp.29383,0,mlp,29383,8,0
1943,10,11.resid.36699,11,resid,36699,635,323
1944,10,0.resid.427,0,resid,427,23,1
1945,10,11.mlp.9957,11,mlp,9957,541,324
1946,10,0.resid.23137,0,resid,23137,43,1
1947,10,11.mlp.16697,11,mlp,16697,537,325
1948,10,0.resid.11519,0,resid,11519,66,1
1949,10,11.mlp.24227,11,mlp,24227,578,326
1950,10,0.resid.1875,0,resid,1875,30,1
1951,10,11.mlp.30624,11,mlp,30624,550,0
1952,10,0.resid.19474,0,resid,19474,62,1
1953,10,11.mlp.29769,11,mlp,29769,541,0
1954,10,0.resid.27129,0,resid,27129,35,1
1955,10,11.mlp.5658,11,mlp,5658,514,327
1956,10,0.resid.19735,0,resid,19735,29,1
1957,10,11.mlp.411,11,mlp,411,673,328
1958,10,0.resid.21823,0,resid,21823,66,1
1959,10,11.mlp.2607,11,mlp,2607,472,0
1960,10,0.resid.2318,0,resid,2318,109,1
1961,10,11.mlp.19319,11,mlp,19319,716,329
1962,10,0.resid.32397,0,resid,32397,27,1
1963,10,11.mlp.10947,11,mlp,10947,420,0
1964,10,0.resid.40371,0,resid,40371,23,1
1965,10,11.mlp.40228,11,mlp,40228,530,0
1966,10,0.resid.37130,0,resid,37130,29,1
1967,10,11.mlp.4008,11,mlp,4008,309,0
1968,10,0.resid.6102,0,resid,6102,52,1
1969,10,11.mlp.28516,11,mlp,28516,230,0
1970,10,0.resid.8310,0,resid,8310,69,1
1971,10,11.mlp.2759,11,mlp,2759,371,0
1972,10,0.resid.11229,0,resid,11229,30,1
1973,10,11.mlp.34825,11,mlp,34825,426,0
1974,10,0.resid.14166,0,resid,14166,35,1
1975,10,11.mlp.34302,11,mlp,34302,360,0
1976,10,0.resid.30897,0,resid,30897,23,1
1977,10,11.mlp.1250,11,mlp,1250,365,0
1978,10,0.resid.12134,0,resid,12134,26,1
1979,10,11.mlp.21181,11,mlp,21181,570,330
1980,10,0.resid.27406,0,resid,27406,82,1
1981,10,11.mlp.37741,11,mlp,37741,428,0
1982,10,0.resid.39304,0,resid,39304,60,1
1983,10,11.mlp.25560,11,mlp,25560,497,0
1984,10,0.resid.20426,0,resid,20426,21,1
1985,10,11.mlp.21934,11,mlp,21934,532,0
1986,10,0.resid.29449,0,resid,29449,19,1
1987,10,11.mlp.8836,11,mlp,8836,542,0
1988,10,0.resid.35390,0,resid,35390,69,1
1989,10,11.mlp.37102,11,mlp,37102,313,0
1990,10,0.resid.3439,0,resid,3439,24,2
1991,10,11.mlp.14491,11,mlp,14491,351,0
1992,10,0.resid.23064,0,resid,23064,46,1
1993,10,11.mlp.18950,11,mlp,18950,330,0
1994,10,0.resid.20634,0,resid,20634,22,1
1995,10,11.mlp.8050,11,mlp,8050,772,331
1996,10,0.resid.21692,0,resid,21692,143,1
1997,10,11.mlp.3512,11,mlp,3512,394,0
1998,10,0.resid.12810,0,resid,12810,39,1
1999,10,11.mlp.28410,11,mlp,28410,465,0
2000,10,0.resid.30937,0,resid,30937,17,1
2001,10,11.mlp.2554,11,mlp,2554,505,0
2002,10,11.attn.1507,11,attn,1507,315,2
2003,10,11.attn.13496,11,attn,13496,627,332
2004,10,11.attn.32285,11,attn,32285,636,333
2005,10,1.attn.34489,1,attn,34489,79,1
2006,10,11.attn.3900,11,attn,3900,416,0
2007,10,11.attn.40778,11,attn,40778,402,0
2008,10,1.attn.17837,1,attn,17837,144,1
2009,10,11.attn.31968,11,attn,31968,442,0
2010,10,1.attn.18303,1,attn,18303,58,1
2011,10,11.attn.29373,11,attn,29373,408,0
2012,10,11.attn.38361,11,attn,38361,313,2
2013,10,1.attn.28513,1,attn,28513,66,1
2014,10,11.attn.21240,11,attn,21240,917,334
2015,10,11.attn.27192,11,attn,27192,200,2
2016,10,11.attn.29889,11,attn,29889,354,0
2017,10,11.attn.20989,11,attn,20989,276,0
2018,10,11.attn.9,11,attn,9,314,2
2019,10,1.attn.40513,1,attn,40513,35,1
2020,10,11.attn.1,11,attn,1,316,0
2021,10,11.attn.6336,11,attn,6336,653,335
2022,10,1.attn.20791,1,attn,20791,87,1
2023,10,11.attn.1222,11,attn,1222,857,336
2024,10,11.attn.31690,11,attn,31690,328,2
2025,10,11.attn.22315,11,attn,22315,415,0
2026,10,1.attn.28481,1,attn,28481,55,1
2027,10,11.attn.38734,11,attn,38734,572,0
2028,10,11.attn.8005,11,attn,8005,713,337
2029,10,11.attn.23772,11,attn,23772,859,338
2030,10,1.attn.19986,1,attn,19986,155,1
2031,10,11.attn.511,11,attn,511,540,0
2032,10,11.attn.3938,11,attn,3938,320,0
2033,10,11.attn.2645,11,attn,2645,210,2
2034,10,11.attn.40602,11,attn,40602,218,0
2035,10,11.attn.17107,11,attn,17107,553,0
2036,10,11.attn.24366,11,attn,24366,609,339
2037,10,11.attn.30933,11,attn,30933,788,340
2038,10,1.mlp.32663,1,mlp,32663,199,1
2039,10,10.resid.5058,10,resid,5058,740,341
2040,10,1.mlp.12604,1,mlp,12604,151,1
2041,10,10.resid.12244,10,resid,12244,454,0
2042,10,1.mlp.25339,1,mlp,25339,74,1
2043,10,10.resid.32421,10,resid,32421,582,342
2044,10,1.mlp.39170,1,mlp,39170,129,1
2045,10,10.resid.2826,10,resid,2826,768,343
2046,10,1.mlp.6248,1,mlp,6248,124,1
2047,10,10.resid.8782,10,resid,8782,394,0
2048,10,1.mlp.14006,1,mlp,14006,126,1
2049,10,10.resid.6198,10,resid,6198,608,344
2050,10,1.mlp.27843,1,mlp,27843,114,1
2051,10,10.resid.8116,10,resid,8116,571,0
2052,10,1.mlp.33534,1,mlp,33534,151,1
2053,10,10.resid.8287,10,resid,8287,667,345
2054,10,1.mlp.7074,1,mlp,7074,241,0
2055,10,10.resid.27164,10,resid,27164,660,346
2056,10,1.mlp.9758,1,mlp,9758,175,1
2057,10,10.resid.30872,10,resid,30872,596,347
2058,10,1.mlp.23713,1,mlp,23713,279,0
2059,10,10.resid.24367,10,resid,24367,293,0
2060,10,1.mlp.9432,1,mlp,9432,174,0
2061,10,10.resid.25033,10,resid,25033,419,0
2062,10,1.mlp.33400,1,mlp,33400,103,1
2063,10,10.resid.32973,10,resid,32973,553,348
2064,10,1.mlp.35039,1,mlp,35039,79,1
2065,10,10.resid.12706,10,resid,12706,948,349
2066,10,1.mlp.16241,1,mlp,16241,183,1
2067,10,10.resid.13202,10,resid,13202,610,350
2068,10,1.mlp.28609,1,mlp,28609,110,1
2069,10,10.resid.12333,10,resid,12333,618,351
2070,10,1.mlp.11269,1,mlp,11269,114,1
2071,10,10.resid.30443,10,resid,30443,683,352
2072,10,1.mlp.40925,1,mlp,40925,199,0
2073,10,10.resid.28688,10,resid,28688,501,0
2074,10,1.mlp.28102,1,mlp,28102,191,1
2075,10,10.resid.19452,10,resid,19452,755,353
2076,10,1.mlp.3268,1,mlp,3268,297,0
2077,10,10.resid.13793,10,resid,13793,388,0
2078,10,1.mlp.28692,1,mlp,28692,166,1
2079,10,10.resid.4853,10,resid,4853,522,0
2080,10,1.mlp.8350,1,mlp,8350,145,1
2081,10,10.resid.32708,10,resid,32708,303,0
2082,10,1.mlp.20961,1,mlp,20961,122,1
2083,10,10.resid.15401,10,resid,15401,580,354
2084,10,1.mlp.25444,1,mlp,25444,67,1
2085,10,10.resid.26318,10,resid,26318,595,355
2086,10,1.mlp.40438,1,mlp,40438,231,0
2087,10,10.resid.16208,10,resid,16208,765,356
2088,10,1.mlp.30251,1,mlp,30251,109,1
2089,10,10.resid.33487,10,resid,33487,1037,357
2090,10,1.mlp.15024,1,mlp,15024,301,0
2091,10,10.resid.16104,10,resid,16104,362,0
2092,10,1.mlp.19127,1,mlp,19127,254,0
2093,10,10.resid.19551,10,resid,19551,622,358
2094,10,1.mlp.5252,1,mlp,5252,140,1
2095,10,10.resid.4488,10,resid,4488,449,0
2096,10,1.resid.26767,1,resid,26767,95,1
2097,10,10.mlp.21245,10,mlp,21245,247,0
2098,10,1.resid.13067,1,resid,13067,123,1
2099,10,10.mlp.16197,10,mlp,16197,367,0
2100,10,1.resid.9739,1,resid,9739,80,1
2101,10,10.mlp.4832,10,mlp,4832,584,359
2102,10,1.resid.29975,1,resid,29975,59,1
2103,10,10.mlp.29228,10,mlp,29228,396,0
2104,10,1.resid.4319,1,resid,4319,83,1
2105,10,10.mlp.19006,10,mlp,19006,549,0
2106,10,1.resid.25890,1,resid,25890,70,1
2107,10,10.mlp.30663,10,mlp,30663,528,0
2108,10,1.resid.2535,1,resid,2535,113,1
2109,10,10.mlp.33197,10,mlp,33197,575,360
2110,10,1.resid.5653,1,resid,5653,136,1
2111,10,10.mlp.39394,10,mlp,39394,811,361
2112,10,1.resid.32968,1,resid,32968,75,1
2113,10,10.mlp.3244,10,mlp,3244,716,362
2114,10,1.resid.38395,1,resid,38395,99,1
2115,10,10.mlp.23385,10,mlp,23385,458,0
2116,10,1.resid.26761,1,resid,26761,22,2
2117,10,10.mlp.30885,10,mlp,30885,332,0
2118,10,1.resid.34438,1,resid,34438,26,2
2119,10,10.mlp.36441,10,mlp,36441,600,363
2120,10,1.resid.40546,1,resid,40546,47,1
2121,10,10.mlp.5010,10,mlp,5010,805,364
2122,10,1.resid.40946,1,resid,40946,57,1
2123,10,10.mlp.19510,10,mlp,19510,428,0
2124,10,1.resid.7943,1,resid,7943,173,0
2125,10,10.mlp.24963,10,mlp,24963,572,365
2126,10,1.resid.11351,1,resid,11351,114,1
2127,10,10.mlp.3904,10,mlp,3904,367,0
2128,10,1.resid.8754,1,resid,8754,78,1
2129,10,10.mlp.10972,10,mlp,10972,365,0
2130,10,1.resid.1648,1,resid,1648,69,1
2131,10,10.mlp.32418,10,mlp,32418,355,0
2132,10,1.resid.28898,1,resid,28898,193,1
2133,10,10.mlp.13522,10,mlp,13522,655,366
2134,10,1.resid.23339,1,resid,23339,90,1
2135,10,10.mlp.17755,10,mlp,17755,384,0
2136,10,1.resid.38743,1,resid,38743,57,1
2137,10,10.mlp.36659,10,mlp,36659,669,367
2138,10,1.resid.5011,1,resid,5011,153,1
2139,10,10.mlp.30263,10,mlp,30263,614,368
2140,10,1.resid.116,1,resid,116,59,1
2141,10,10.mlp.4215,10,mlp,4215,572,0
2142,10,1.resid.4992,1,resid,4992,127,1
2143,10,10.mlp.573,10,mlp,573,420,0
2144,10,1.resid.23399,1,resid,23399,138,1
2145,10,10.mlp.24840,10,mlp,24840,509,369
2146,10,1.resid.20912,1,resid,20912,171,1
2147,10,10.mlp.37747,10,mlp,37747,459,0
2148,10,1.resid.31903,1,resid,31903,83,1
2149,10,10.mlp.309,10,mlp,309,477,370
2150,10,1.resid.4511,1,resid,4511,92,1
2151,10,10.mlp.36812,10,mlp,36812,265,0
2152,10,2.attn.30077,2,attn,30077,115,1
2153,10,10.attn.31480,10,attn,31480,243,2
2154,10,2.attn.26162,2,attn,26162,86,2
2155,10,10.attn.30069,10,attn,30069,383,2
2156,10,2.attn.12054,2,attn,12054,256,2
2157,10,10.attn.6471,10,attn,6471,212,2
2158,10,10.attn.25228,10,attn,25228,969,371
2159,10,2.attn.29026,2,attn,29026,213,0
2160,10,10.attn.6237,10,attn,6237,320,0
2161,10,10.attn.14058,10,attn,14058,510,0
2162,10,2.attn.5030,2,attn,5030,83,2
2163,10,10.attn.16784,10,attn,16784,1006,372
2164,10,2.attn.11200,2,attn,11200,117,2
2165,10,10.attn.1461,10,attn,1461,348,2
2166,10,2.attn.30542,2,attn,30542,182,0
2167,10,10.attn.21966,10,attn,21966,1154,373
2168,10,2.attn.36766,2,attn,36766,158,2
2169,10,10.attn.32073,10,attn,32073,410,0
2170,10,2.attn.15353,2,attn,15353,127,1
2171,10,10.attn.30324,10,attn,30324,528,0
2172,10,2.attn.8000,2,attn,8000,166,2
2173,10,10.attn.16339,10,attn,16339,225,0
2174,10,10.attn.35910,10,attn,35910,265,0
2175,10,2.attn.28581,2,attn,28581,160,2
2176,10,10.attn.9609,10,attn,9609,652,374
2177,10,2.attn.18690,2,attn,18690,134,2
2178,10,10.attn.14537,10,attn,14537,194,2
2179,10,2.attn.22508,2,attn,22508,131,2
2180,10,10.attn.34438,10,attn,34438,760,375
2181,10,10.attn.20495,10,attn,20495,293,2
2182,10,2.attn.25471,2,attn,25471,118,2
2183,10,2.attn.19200,2,attn,19200,114,2
2184,10,10.attn.17137,10,attn,17137,796,376
2185,10,2.attn.18918,2,attn,18918,116,1
2186,10,10.attn.29674,10,attn,29674,941,377
2187,10,2.attn.4789,2,attn,4789,112,2
2188,10,10.attn.24002,10,attn,24002,305,2
2189,10,2.attn.21339,2,attn,21339,136,2
2190,10,10.attn.23258,10,attn,23258,828,378
2191,10,10.attn.15854,10,attn,15854,209,2
2192,10,2.attn.38077,2,attn,38077,274,0
2193,10,10.attn.13896,10,attn,13896,322,0
2194,10,2.attn.26031,2,attn,26031,18,0
2195,10,10.attn.17945,10,attn,17945,313,2
2196,10,2.attn.6903,2,attn,6903,95,2
2197,10,10.attn.11910,10,attn,11910,248,2
2198,10,10.attn.31380,10,attn,31380,725,379
2199,10,2.mlp.23342,2,mlp,23342,143,1
2200,10,9.resid.37063,9,resid,37063,309,0
2201,10,2.mlp.30254,2,mlp,30254,298,0
2202,10,9.resid.39115,9,resid,39115,424,0
2203,10,2.mlp.1750,2,mlp,1750,130,1
2204,10,9.resid.8108,9,resid,8108,619,380
2205,10,2.mlp.32342,2,mlp,32342,231,0
2206,10,9.resid.17260,9,resid,17260,517,381
2207,10,2.mlp.13510,2,mlp,13510,186,0
2208,10,9.resid.7373,9,resid,7373,616,382
2209,10,2.mlp.33167,2,mlp,33167,189,0
2210,10,9.resid.20419,9,resid,20419,388,0
2211,10,2.mlp.33608,2,mlp,33608,133,0
2212,10,9.resid.18027,9,resid,18027,308,0
2213,10,2.mlp.3860,2,mlp,3860,229,0
2214,10,9.resid.24382,9,resid,24382,584,383
2215,10,2.mlp.5911,2,mlp,5911,185,0
2216,10,9.resid.34888,9,resid,34888,522,0
2217,10,2.mlp.33464,2,mlp,33464,209,0
2218,10,9.resid.18340,9,resid,18340,509,0
2219,10,2.mlp.25974,2,mlp,25974,158,1
2220,10,9.resid.23119,9,resid,23119,675,384
2221,10,2.mlp.10272,2,mlp,10272,206,0
2222,10,9.resid.35718,9,resid,35718,626,385
2223,10,2.mlp.36308,2,mlp,36308,260,0
2224,10,9.resid.39080,9,resid,39080,688,386
2225,10,2.mlp.4271,2,mlp,4271,344,0
2226,10,9.resid.17129,9,resid,17129,678,387
2227,10,2.mlp.10331,2,mlp,10331,284,0
2228,10,9.resid.11781,9,resid,11781,413,0
2229,10,2.mlp.16000,2,mlp,16000,228,0
2230,10,9.resid.17596,9,resid,17596,658,388
2231,10,2.mlp.23763,2,mlp,23763,111,1
2232,10,9.resid.8481,9,resid,8481,587,389
2233,10,2.mlp.4776,2,mlp,4776,196,0
2234,10,9.resid.26298,9,resid,26298,599,390
2235,10,2.mlp.22859,2,mlp,22859,139,0
2236,10,9.resid.7995,9,resid,7995,637,391
2237,10,2.mlp.3657,2,mlp,3657,216,0
2238,10,9.resid.30708,9,resid,30708,722,392
2239,10,2.mlp.39022,2,mlp,39022,228,0
2240,10,9.resid.7106,9,resid,7106,642,393
2241,10,2.mlp.16845,2,mlp,16845,156,0
2242,10,9.resid.33023,9,resid,33023,796,394
2243,10,2.mlp.5794,2,mlp,5794,322,0
2244,10,9.resid.33653,9,resid,33653,622,395
2245,10,2.mlp.30081,2,mlp,30081,70,1
2246,10,9.resid.17605,9,resid,17605,741,396
2247,10,2.mlp.4406,2,mlp,4406,255,0
2248,10,9.resid.29881,9,resid,29881,504,0
2249,10,2.mlp.3888,2,mlp,3888,234,0
2250,10,9.resid.25703,9,resid,25703,632,397
2251,10,2.mlp.25765,2,mlp,25765,111,1
2252,10,9.resid.1841,9,resid,1841,558,0
2253,10,2.mlp.38972,2,mlp,38972,125,1
2254,10,9.resid.19759,9,resid,19759,546,398
2255,10,2.mlp.19178,2,mlp,19178,155,1
2256,10,9.resid.39885,9,resid,39885,557,0
2257,10,2.resid.12974,2,resid,12974,199,0
2258,10,9.mlp.24453,9,mlp,24453,553,399
2259,10,2.resid.40361,2,resid,40361,145,1
2260,10,9.mlp.7312,9,mlp,7312,654,400
2261,10,2.resid.29981,2,resid,29981,145,0
2262,10,9.mlp.2360,9,mlp,2360,446,0
2263,10,2.resid.9306,2,resid,9306,81,1
2264,10,9.mlp.7611,9,mlp,7611,662,401
2265,10,2.resid.34402,2,resid,34402,186,0
2266,10,9.mlp.19905,9,mlp,19905,307,0
2267,10,2.resid.24624,2,resid,24624,137,0
2268,10,9.mlp.12544,9,mlp,12544,516,0
2269,10,2.resid.179,2,resid,179,141,1
2270,10,9.mlp.39623,9,mlp,39623,446,0
2271,10,2.resid.38371,2,resid,38371,213,0
2272,10,9.mlp.31704,9,mlp,31704,528,0
2273,10,2.resid.18239,2,resid,18239,129,1
2274,10,9.mlp.38200,9,mlp,38200,461,0
2275,10,2.resid.33493,2,resid,33493,101,1
2276,10,9.mlp.5321,9,mlp,5321,395,0
2277,10,2.resid.27274,2,resid,27274,214,0
2278,10,9.mlp.28906,9,mlp,28906,479,0
2279,10,2.resid.25242,2,resid,25242,200,0
2280,10,9.mlp.38805,9,mlp,38805,456,0
2281,10,2.resid.14924,2,resid,14924,134,1
2282,10,9.mlp.16208,9,mlp,16208,586,402
2283,10,2.resid.15575,2,resid,15575,106,1
2284,10,9.mlp.38247,9,mlp,38247,525,0
2285,10,2.resid.32900,2,resid,32900,234,0
2286,10,9.mlp.19392,9,mlp,19392,275,0
2287,10,2.resid.24920,2,resid,24920,228,0
2288,10,9.mlp.20727,9,mlp,20727,527,403
2289,10,2.resid.33109,2,resid,33109,172,0
2290,10,9.mlp.13808,9,mlp,13808,665,404
2291,10,2.resid.26960,2,resid,26960,114,1
2292,10,9.mlp.16334,9,mlp,16334,514,405
2293,10,2.resid.33335,2,resid,33335,131,1
2294,10,9.mlp.18225,9,mlp,18225,578,406
2295,10,2.resid.9155,2,resid,9155,210,0
2296,10,9.mlp.35924,9,mlp,35924,760,407
2297,10,2.resid.29544,2,resid,29544,265,0
2298,10,9.mlp.19667,9,mlp,19667,580,408
2299,10,2.resid.15472,2,resid,15472,80,1
2300,10,9.mlp.25026,9,mlp,25026,498,409
2301,10,2.resid.20635,2,resid,20635,196,0
2302,10,9.mlp.26894,9,mlp,26894,378,0
2303,10,2.resid.38721,2,resid,38721,161,0
2304,10,9.mlp.31829,9,mlp,31829,616,410
2305,10,2.resid.12824,2,resid,12824,127,1
2306,10,9.mlp.2752,9,mlp,2752,464,0
2307,10,2.resid.10144,2,resid,10144,93,1
2308,10,9.mlp.6752,9,mlp,6752,577,411
2309,10,2.resid.12628,2,resid,12628,125,1
2310,10,9.mlp.7402,9,mlp,7402,449,0
2311,10,2.resid.4292,2,resid,4292,140,1
2312,10,9.mlp.5942,9,mlp,5942,701,412
2313,10,3.attn.30540,3,attn,30540,367,2
2314,10,9.attn.27124,9,attn,27124,287,0
2315,10,3.attn.4201,3,attn,4201,217,2
2316,10,9.attn.22360,9,attn,22360,821,413
2317,10,3.attn.40216,3,attn,40216,120,2
2318,10,9.attn.27389,9,attn,27389,443,0
2319,10,3.attn.12386,3,attn,12386,176,2
2320,10,9.attn.30542,9,attn,30542,279,0
2321,10,9.attn.38875,9,attn,38875,270,2
2322,10,3.attn.33244,3,attn,33244,174,2
2323,10,9.attn.26366,9,attn,26366,256,2
2324,10,3.attn.20211,3,attn,20211,146,2
2325,10,9.attn.6608,9,attn,6608,328,0
2326,10,3.attn.1023,3,attn,1023,199,0
2327,10,3.attn.24644,3,attn,24644,183,2
2328,10,9.attn.22928,9,attn,22928,917,414
2329,10,3.attn.39421,3,attn,39421,181,2
2330,10,9.attn.19165,9,attn,19165,548,0
2331,10,3.attn.27594,3,attn,27594,116,2
2332,10,9.attn.7817,9,attn,7817,647,415
2333,10,3.attn.10818,3,attn,10818,193,2
2334,10,9.attn.25193,9,attn,25193,205,2
2335,10,3.attn.38132,3,attn,38132,129,2
2336,10,9.attn.38772,9,attn,38772,270,2
2337,10,3.attn.25589,3,attn,25589,206,2
2338,10,9.attn.531,9,attn,531,230,2
2339,10,3.attn.17429,3,attn,17429,135,2
2340,10,9.attn.40283,9,attn,40283,399,2
2341,10,3.attn.537,3,attn,537,206,2
2342,10,9.attn.23509,9,attn,23509,452,0
2343,10,3.attn.22257,3,attn,22257,148,2
2344,10,9.attn.25076,9,attn,25076,270,2
2345,10,9.attn.38891,9,attn,38891,302,2
2346,10,3.attn.23405,3,attn,23405,150,2
2347,10,9.attn.2870,9,attn,2870,299,2
2348,10,3.attn.28537,3,attn,28537,218,0
2349,10,9.attn.16761,9,attn,16761,680,416
2350,10,3.attn.24725,3,attn,24725,316,2
2351,10,9.attn.34535,9,attn,34535,529,0
2352,10,3.attn.27372,3,attn,27372,217,2
2353,10,9.attn.12356,9,attn,12356,271,0
2354,10,9.attn.31346,9,attn,31346,677,417
2355,10,3.attn.18786,3,attn,18786,311,2
2356,10,9.attn.1629,9,attn,1629,715,418
2357,10,3.attn.21930,3,attn,21930,172,2
2358,10,9.attn.30901,9,attn,30901,552,419
2359,10,3.attn.20653,3,attn,20653,120,2
2360,10,9.attn.35613,9,attn,35613,410,0
2361,10,3.attn.9005,3,attn,9005,218,2
2362,10,9.attn.11266,9,attn,11266,319,2
2363,10,9.attn.8570,9,attn,8570,229,2
2364,10,3.mlp.35622,3,mlp,35622,148,0
2365,10,8.resid.24738,8,resid,24738,556,0
2366,10,3.mlp.24042,3,mlp,24042,313,0
2367,10,8.resid.40789,8,resid,40789,523,0
2368,10,3.mlp.2902,3,mlp,2902,399,0
2369,10,8.resid.33267,8,resid,33267,574,420
2370,10,3.mlp.12359,3,mlp,12359,231,0
2371,10,8.resid.30101,8,resid,30101,460,0
2372,10,3.mlp.10448,3,mlp,10448,157,0
2373,10,8.resid.25905,8,resid,25905,528,0
2374,10,3.mlp.7490,3,mlp,7490,227,2
2375,10,8.resid.30028,8,resid,30028,288,0
2376,10,3.mlp.17063,3,mlp,17063,178,0
2377,10,8.resid.16415,8,resid,16415,482,0
2378,10,3.mlp.28374,3,mlp,28374,211,0
2379,10,8.resid.32481,8,resid,32481,477,0
2380,10,3.mlp.3480,3,mlp,3480,370,0
2381,10,8.resid.30335,8,resid,30335,412,0
2382,10,3.mlp.26393,3,mlp,26393,183,0
2383,10,8.resid.37323,8,resid,37323,512,421
2384,10,3.mlp.21897,3,mlp,21897,210,0
2385,10,8.resid.24431,8,resid,24431,515,422
2386,10,3.mlp.16988,3,mlp,16988,366,0
2387,10,8.resid.40914,8,resid,40914,480,0
2388,10,3.mlp.237,3,mlp,237,351,0
2389,10,8.resid.15293,8,resid,15293,467,0
2390,10,3.mlp.18992,3,mlp,18992,208,0
2391,10,8.resid.10325,8,resid,10325,489,0
2392,10,3.mlp.26922,3,mlp,26922,197,0
2393,10,8.resid.35499,8,resid,35499,456,0
2394,10,3.mlp.34545,3,mlp,34545,355,0
2395,10,8.resid.30376,8,resid,30376,469,0
2396,10,3.mlp.18741,3,mlp,18741,198,0
2397,10,8.resid.36658,8,resid,36658,460,0
2398,10,3.mlp.25604,3,mlp,25604,212,0
2399,10,8.resid.22323,8,resid,22323,795,423
2400,10,3.mlp.19498,3,mlp,19498,197,0
2401,10,8.resid.848,8,resid,848,353,0
2402,10,3.mlp.33945,3,mlp,33945,209,0
2403,10,8.resid.14831,8,resid,14831,488,0
2404,10,3.mlp.14191,3,mlp,14191,365,0
2405,10,8.resid.28816,8,resid,28816,565,0
2406,10,3.mlp.21539,3,mlp,21539,178,1
2407,10,8.resid.27802,8,resid,27802,612,424
2408,10,3.mlp.3656,3,mlp,3656,232,0
2409,10,8.resid.7317,8,resid,7317,587,425
2410,10,3.mlp.20600,3,mlp,20600,242,0
2411,10,8.resid.25189,8,resid,25189,534,426
2412,10,3.mlp.6399,3,mlp,6399,145,0
2413,10,8.resid.6210,8,resid,6210,607,427
2414,10,3.mlp.32560,3,mlp,32560,241,0
2415,10,8.resid.34669,8,resid,34669,654,428
2416,10,3.mlp.10091,3,mlp,10091,378,0
2417,10,8.resid.6165,8,resid,6165,370,0
2418,10,3.mlp.25748,3,mlp,25748,194,0
2419,10,8.resid.40719,8,resid,40719,515,429
2420,10,3.resid.23871,3,resid,23871,185,0
2421,10,8.mlp.8933,8,mlp,8933,384,0
2422,10,3.resid.30114,3,resid,30114,197,0
2423,10,8.mlp.13319,8,mlp,13319,371,0
2424,10,3.resid.20740,3,resid,20740,238,0
2425,10,8.mlp.28474,8,mlp,28474,424,0
2426,10,3.resid.19626,3,resid,19626,139,1
2427,10,8.mlp.11234,8,mlp,11234,525,0
2428,10,3.resid.6070,3,resid,6070,168,1
2429,10,8.mlp.28739,8,mlp,28739,245,0
2430,10,3.resid.6228,3,resid,6228,302,0
2431,10,8.mlp.869,8,mlp,869,452,0
2432,10,3.resid.16223,3,resid,16223,117,0
2433,10,8.mlp.22442,8,mlp,22442,479,0
2434,10,3.resid.5083,3,resid,5083,122,1
2435,10,8.mlp.14505,8,mlp,14505,364,0
2436,10,3.resid.26373,3,resid,26373,224,0
2437,10,8.mlp.7480,8,mlp,7480,1221,430
2438,10,3.resid.3674,3,resid,3674,217,0
2439,10,8.mlp.5776,8,mlp,5776,467,0
2440,10,3.resid.21260,3,resid,21260,204,0
2441,10,8.mlp.17681,8,mlp,17681,500,0
2442,10,3.resid.22259,3,resid,22259,142,1
2443,10,8.mlp.39388,8,mlp,39388,410,0
2444,10,3.resid.18448,3,resid,18448,175,0
2445,10,8.mlp.474,8,mlp,474,424,0
2446,10,3.resid.2061,3,resid,2061,107,1
2447,10,8.mlp.14570,8,mlp,14570,600,431
2448,10,3.resid.2508,3,resid,2508,213,0
2449,10,8.mlp.38671,8,mlp,38671,506,432
2450,10,3.resid.2448,3,resid,2448,147,1
2451,10,8.mlp.20002,8,mlp,20002,377,0
2452,10,3.resid.7624,3,resid,7624,198,0
2453,10,8.mlp.38384,8,mlp,38384,467,0
2454,10,3.resid.11147,3,resid,11147,300,0
2455,10,8.mlp.28325,8,mlp,28325,373,0
2456,10,3.resid.8815,3,resid,8815,197,0
2457,10,8.mlp.32616,8,mlp,32616,274,0
2458,10,3.resid.39024,3,resid,39024,281,0
2459,10,8.mlp.5588,8,mlp,5588,514,0
2460,10,3.resid.17806,3,resid,17806,214,2
2461,10,8.mlp.17616,8,mlp,17616,480,0
2462,10,3.resid.39276,3,resid,39276,200,0
2463,10,8.mlp.38972,8,mlp,38972,472,0
2464,10,3.resid.16802,3,resid,16802,188,0
2465,10,8.mlp.33691,8,mlp,33691,520,0
2466,10,3.resid.23396,3,resid,23396,235,0
2467,10,8.mlp.33659,8,mlp,33659,488,0
2468,10,3.resid.38417,3,resid,38417,250,0
2469,10,8.mlp.17809,8,mlp,17809,420,0
2470,10,3.resid.4619,3,resid,4619,168,0
2471,10,8.mlp.18944,8,mlp,18944,421,0
2472,10,3.resid.6528,3,resid,6528,224,0
2473,10,8.mlp.21747,8,mlp,21747,356,0
2474,10,3.resid.30005,3,resid,30005,338,0
2475,10,8.mlp.4845,8,mlp,4845,470,0
2476,10,3.resid.18167,3,resid,18167,266,0
2477,10,8.mlp.30484,8,mlp,30484,529,0
2478,10,4.attn.21760,4,attn,21760,175,2
2479,10,8.attn.36185,8,attn,36185,371,2
2480,10,4.attn.8545,4,attn,8545,176,2
2481,10,8.attn.6362,8,attn,6362,357,433
2482,10,4.attn.34684,4,attn,34684,254,2
2483,10,8.attn.38035,8,attn,38035,388,0
2484,10,4.attn.23202,4,attn,23202,221,0
2485,10,8.attn.17478,8,attn,17478,443,0
2486,10,4.attn.6994,4,attn,6994,180,2
2487,10,4.attn.33064,4,attn,33064,248,0
2488,10,8.attn.40550,8,attn,40550,529,0
2489,10,4.attn.13248,4,attn,13248,294,0
2490,10,8.attn.23859,8,attn,23859,242,2
2491,10,4.attn.3435,4,attn,3435,280,0
2492,10,8.attn.13580,8,attn,13580,769,434
2493,10,4.attn.23430,4,attn,23430,162,2
2494,10,8.attn.31088,8,attn,31088,567,0
2495,10,4.attn.11897,4,attn,11897,275,2
2496,10,8.attn.27864,8,attn,27864,591,435
2497,10,4.attn.13391,4,attn,13391,264,0
2498,10,8.attn.21335,8,attn,21335,300,0
2499,10,4.attn.10951,4,attn,10951,314,0
2500,10,8.attn.18910,8,attn,18910,368,0
2501,10,4.attn.15293,4,attn,15293,244,2
2502,10,8.attn.32366,8,attn,32366,361,2
2503,10,4.attn.29699,4,attn,29699,335,2
2504,10,8.attn.3315,8,attn,3315,497,0
2505,10,4.attn.35271,4,attn,35271,150,2
2506,10,8.attn.23327,8,attn,23327,490,0
2507,10,4.attn.30927,4,attn,30927,281,0
2508,10,8.attn.5094,8,attn,5094,253,2
2509,10,4.attn.4255,4,attn,4255,230,2
2510,10,8.attn.18811,8,attn,18811,454,0
2511,10,4.attn.40618,4,attn,40618,258,2
2512,10,8.attn.404,8,attn,404,520,0
2513,10,4.attn.34327,4,attn,34327,215,2
2514,10,8.attn.33406,8,attn,33406,289,0
2515,10,4.attn.37548,4,attn,37548,222,2
2516,10,4.attn.16716,4,attn,16716,250,2
2517,10,8.attn.14580,8,attn,14580,403,0
2518,10,4.attn.7988,4,attn,7988,172,2
2519,10,8.attn.10018,8,attn,10018,364,2
2520,10,4.attn.13991,4,attn,13991,189,2
2521,10,8.attn.28276,8,attn,28276,225,0
2522,10,4.attn.31918,4,attn,31918,210,0
2523,10,8.attn.1713,8,attn,1713,408,0
2524,10,4.attn.4857,4,attn,4857,349,2
2525,10,8.attn.10372,8,attn,10372,717,436
2526,10,4.attn.6054,4,attn,6054,231,2
2527,10,8.attn.38734,8,attn,38734,335,0
2528,10,4.attn.27411,4,attn,27411,249,0
2529,10,8.attn.28746,8,attn,28746,205,2
2530,10,4.attn.8760,4,attn,8760,180,2
2531,10,8.attn.6553,8,attn,6553,557,437
2532,10,4.mlp.5826,4,mlp,5826,390,0
2533,10,7.resid.18158,7,resid,18158,461,0
2534,10,4.mlp.34565,4,mlp,34565,310,0
2535,10,7.resid.17246,7,resid,17246,584,438
2536,10,4.mlp.726,4,mlp,726,272,0
2537,10,7.resid.3423,7,resid,3423,510,439
2538,10,4.mlp.9141,4,mlp,9141,448,0
2539,10,7.resid.35047,7,resid,35047,487,0
2540,10,4.mlp.8776,4,mlp,8776,259,0
2541,10,7.resid.21595,7,resid,21595,559,440
2542,10,4.mlp.23970,4,mlp,23970,290,0
2543,10,7.resid.5884,7,resid,5884,319,0
2544,10,4.mlp.3360,4,mlp,3360,347,0
2545,10,7.resid.21149,7,resid,21149,442,0
2546,10,4.mlp.26665,4,mlp,26665,217,0
2547,10,7.resid.40939,7,resid,40939,323,0
2548,10,4.mlp.36155,4,mlp,36155,389,0
2549,10,7.resid.23703,7,resid,23703,312,0
2550,10,4.mlp.2264,4,mlp,2264,274,0
2551,10,7.resid.29097,7,resid,29097,556,0
2552,10,4.mlp.31700,4,mlp,31700,213,0
2553,10,7.resid.11604,7,resid,11604,499,441
2554,10,4.mlp.24473,4,mlp,24473,217,0
2555,10,7.resid.19376,7,resid,19376,508,442
2556,10,4.mlp.3342,4,mlp,3342,323,0
2557,10,7.resid.32449,7,resid,32449,831,443
2558,10,4.mlp.291,4,mlp,291,108,1
2559,10,7.resid.29286,7,resid,29286,295,2
2560,10,4.mlp.33298,4,mlp,33298,394,0
2561,10,7.resid.4887,7,resid,4887,475,0
2562,10,4.mlp.18487,4,mlp,18487,301,0
2563,10,7.resid.1894,7,resid,1894,278,2
2564,10,4.mlp.21948,4,mlp,21948,302,0
2565,10,7.resid.24321,7,resid,24321,397,0
2566,10,4.mlp.28683,4,mlp,28683,208,0
2567,10,7.resid.22184,7,resid,22184,661,444
2568,10,4.mlp.27555,4,mlp,27555,310,0
2569,10,7.resid.40634,7,resid,40634,453,0
2570,10,4.mlp.21372,4,mlp,21372,245,0
2571,10,7.resid.27039,7,resid,27039,450,0
2572,10,4.mlp.23092,4,mlp,23092,280,0
2573,10,7.resid.28030,7,resid,28030,498,0
2574,10,4.mlp.18050,4,mlp,18050,198,0
2575,10,7.resid.25412,7,resid,25412,614,445
2576,10,4.mlp.18199,4,mlp,18199,418,0
2577,10,7.resid.22605,7,resid,22605,548,446
2578,10,4.mlp.28526,4,mlp,28526,259,0
2579,10,7.resid.34790,7,resid,34790,443,447
2580,10,4.mlp.32509,4,mlp,32509,515,0
2581,10,7.resid.21390,7,resid,21390,457,0
2582,10,4.mlp.5543,4,mlp,5543,224,0
2583,10,7.resid.22682,7,resid,22682,447,0
2584,10,4.mlp.13471,4,mlp,13471,435,0
2585,10,7.resid.40072,7,resid,40072,490,0
2586,10,4.mlp.38248,4,mlp,38248,184,0
2587,10,7.resid.4543,7,resid,4543,534,0
2588,10,4.mlp.27668,4,mlp,27668,572,0
2589,10,7.resid.29486,7,resid,29486,543,0
2590,10,4.resid.18665,4,resid,18665,242,0
2591,10,7.mlp.9362,7,mlp,9362,327,2
2592,10,4.resid.29170,4,resid,29170,354,0
2593,10,7.mlp.32310,7,mlp,32310,290,0
2594,10,4.resid.2929,4,resid,2929,253,0
2595,10,7.mlp.7328,7,mlp,7328,529,448
2596,10,4.resid.14166,4,resid,14166,317,0
2597,10,7.mlp.33870,7,mlp,33870,450,0
2598,10,4.resid.24700,4,resid,24700,268,0
2599,10,7.mlp.12463,7,mlp,12463,364,0
2600,10,4.resid.20559,4,resid,20559,306,0
2601,10,7.mlp.5393,7,mlp,5393,290,0
2602,10,4.resid.39178,4,resid,39178,314,0
2603,10,7.mlp.38594,7,mlp,38594,448,0
2604,10,4.resid.154,4,resid,154,275,0
2605,10,7.mlp.15221,7,mlp,15221,470,449
2606,10,4.resid.21272,4,resid,21272,208,0
2607,10,7.mlp.18322,7,mlp,18322,390,0
2608,10,4.resid.30601,4,resid,30601,264,0
2609,10,7.mlp.15466,7,mlp,15466,365,0
2610,10,4.resid.10869,4,resid,10869,246,0
2611,10,7.mlp.13834,7,mlp,13834,307,0
2612,10,4.resid.5030,4,resid,5030,285,0
2613,10,7.mlp.15696,7,mlp,15696,345,0
2614,10,4.resid.5638,4,resid,5638,349,0
2615,10,7.mlp.22196,7,mlp,22196,445,0
2616,10,4.resid.35290,4,resid,35290,175,1
2617,10,7.mlp.5777,7,mlp,5777,409,0
2618,10,4.resid.26509,4,resid,26509,243,0
2619,10,7.mlp.10208,7,mlp,10208,339,0
2620,10,4.resid.11183,4,resid,11183,274,0
2621,10,7.mlp.3234,7,mlp,3234,273,0
2622,10,4.resid.32851,4,resid,32851,406,0
2623,10,7.mlp.24812,7,mlp,24812,341,0
2624,10,4.resid.34412,4,resid,34412,360,0
2625,10,7.mlp.15839,7,mlp,15839,375,0
2626,10,4.resid.18846,4,resid,18846,242,0
2627,10,7.mlp.35017,7,mlp,35017,345,0
2628,10,4.resid.35730,4,resid,35730,337,0
2629,10,7.mlp.29994,7,mlp,29994,587,450
2630,10,4.resid.29976,4,resid,29976,260,0
2631,10,7.mlp.34843,7,mlp,34843,323,0
2632,10,4.resid.34106,4,resid,34106,409,0
2633,10,7.mlp.24431,7,mlp,24431,614,451
2634,10,4.resid.40920,4,resid,40920,243,0
2635,10,7.mlp.21243,7,mlp,21243,638,452
2636,10,4.resid.21967,4,resid,21967,199,0
2637,10,7.mlp.12509,7,mlp,12509,518,453
2638,10,4.resid.1793,4,resid,1793,346,0
2639,10,7.mlp.4626,7,mlp,4626,322,0
2640,10,4.resid.22374,4,resid,22374,402,0
2641,10,7.mlp.29434,7,mlp,29434,459,0
2642,10,4.resid.40467,4,resid,40467,191,0
2643,10,7.mlp.38546,7,mlp,38546,442,0
2644,10,4.resid.5070,4,resid,5070,117,2
2645,10,7.mlp.40752,7,mlp,40752,550,0
2646,10,5.attn.9859,5,attn,9859,304,2
2647,10,7.attn.650,7,attn,650,453,0
2648,10,5.attn.18896,5,attn,18896,281,2
2649,10,7.attn.28364,7,attn,28364,222,2
2650,10,5.attn.19127,5,attn,19127,301,2
2651,10,7.attn.11883,7,attn,11883,377,0
2652,10,7.attn.4277,7,attn,4277,272,0
2653,10,5.attn.3149,5,attn,3149,230,2
2654,10,7.attn.7530,7,attn,7530,433,0
2655,10,5.attn.7261,5,attn,7261,301,0
2656,10,7.attn.1733,7,attn,1733,433,0
2657,10,5.attn.15548,5,attn,15548,311,0
2658,10,7.attn.4087,7,attn,4087,433,0
2659,10,7.attn.28578,7,attn,28578,434,0
2660,10,5.attn.34776,5,attn,34776,185,2
2661,10,7.attn.12279,7,attn,12279,568,454
2662,10,5.attn.36616,5,attn,36616,457,0
2663,10,7.attn.16059,7,attn,16059,314,2
2664,10,5.attn.34851,5,attn,34851,281,2
2665,10,7.attn.35209,7,attn,35209,359,0
2666,10,5.attn.27339,5,attn,27339,354,2
2667,10,7.attn.35706,7,attn,35706,481,0
2668,10,5.attn.31575,5,attn,31575,244,2
2669,10,7.attn.24339,7,attn,24339,280,2
2670,10,5.attn.19645,5,attn,19645,253,2
2671,10,5.attn.14759,5,attn,14759,203,2
2672,10,7.attn.3388,7,attn,3388,468,0
2673,10,5.attn.19468,5,attn,19468,491,0
2674,10,7.attn.33513,7,attn,33513,509,0
2675,10,5.attn.3823,5,attn,3823,368,0
2676,10,7.attn.11531,7,attn,11531,477,0
2677,10,7.attn.31282,7,attn,31282,214,2
2678,10,5.attn.5522,5,attn,5522,192,2
2679,10,7.attn.5436,7,attn,5436,282,2
2680,10,5.attn.18544,5,attn,18544,224,0
2681,10,7.attn.3431,7,attn,3431,175,2
2682,10,7.attn.31288,7,attn,31288,301,2
2683,10,5.attn.34537,5,attn,34537,271,0
2684,10,7.attn.24770,7,attn,24770,505,0
2685,10,5.attn.40279,5,attn,40279,414,0
2686,10,7.attn.5010,7,attn,5010,170,2
2687,10,5.attn.20260,5,attn,20260,314,2
2688,10,5.attn.6949,5,attn,6949,249,2
2689,10,7.attn.24038,7,attn,24038,260,2
2690,10,5.mlp.11451,5,mlp,11451,269,0
2691,10,6.resid.36748,6,resid,36748,302,0
2692,10,5.mlp.20784,5,mlp,20784,296,0
2693,10,6.resid.965,6,resid,965,437,455
2694,10,5.mlp.26897,5,mlp,26897,364,0
2695,10,6.resid.217,6,resid,217,260,2
2696,10,5.mlp.32227,5,mlp,32227,316,0
2697,10,6.resid.11865,6,resid,11865,395,0
2698,10,5.mlp.1116,5,mlp,1116,303,0
2699,10,6.resid.7335,6,resid,7335,371,0
2700,10,5.mlp.2277,5,mlp,2277,470,0
2701,10,6.resid.36676,6,resid,36676,271,0
2702,10,5.mlp.2377,5,mlp,2377,320,0
2703,10,6.resid.24001,6,resid,24001,276,0
2704,10,5.mlp.24516,5,mlp,24516,330,0
2705,10,6.resid.6555,6,resid,6555,275,0
2706,10,5.mlp.15148,5,mlp,15148,320,0
2707,10,6.resid.38555,6,resid,38555,390,0
2708,10,5.mlp.15652,5,mlp,15652,309,0
2709,10,6.resid.20019,6,resid,20019,528,456
2710,10,5.mlp.40779,5,mlp,40779,249,0
2711,10,6.resid.29508,6,resid,29508,323,0
2712,10,5.mlp.6643,5,mlp,6643,315,0
2713,10,6.resid.32361,6,resid,32361,402,0
2714,10,5.mlp.32964,5,mlp,32964,204,0
2715,10,6.resid.34033,6,resid,34033,355,0
2716,10,5.mlp.1260,5,mlp,1260,218,0
2717,10,6.resid.37198,6,resid,37198,346,0
2718,10,5.mlp.29122,5,mlp,29122,348,0
2719,10,6.resid.18253,6,resid,18253,286,0
2720,10,5.mlp.25331,5,mlp,25331,463,0
2721,10,6.resid.18776,6,resid,18776,271,0
2722,10,5.mlp.28367,5,mlp,28367,298,0
2723,10,6.resid.38795,6,resid,38795,660,457
2724,10,5.mlp.14498,5,mlp,14498,561,0
2725,10,6.resid.22062,6,resid,22062,331,0
2726,10,5.mlp.9026,5,mlp,9026,373,0
2727,10,6.resid.16399,6,resid,16399,355,0
2728,10,5.mlp.22409,5,mlp,22409,377,0
2729,10,6.resid.12360,6,resid,12360,413,0
2730,10,5.mlp.40429,5,mlp,40429,329,0
2731,10,6.resid.17863,6,resid,17863,380,0
2732,10,5.mlp.3679,5,mlp,3679,302,0
2733,10,6.resid.514,6,resid,514,407,0
2734,10,5.mlp.24674,5,mlp,24674,438,0
2735,10,6.resid.11113,6,resid,11113,359,0
2736,10,5.mlp.39713,5,mlp,39713,240,0
2737,10,6.resid.10578,6,resid,10578,244,2
2738,10,5.mlp.29301,5,mlp,29301,370,0
2739,10,6.resid.37052,6,resid,37052,283,0
2740,10,5.mlp.1270,5,mlp,1270,491,0
2741,10,6.resid.40406,6,resid,40406,394,0
2742,10,5.mlp.4968,5,mlp,4968,423,0
2743,10,6.resid.20173,6,resid,20173,508,0
2744,10,5.mlp.2365,5,mlp,2365,394,0
2745,10,6.resid.13174,6,resid,13174,492,0
2746,10,5.mlp.6632,5,mlp,6632,398,0
2747,10,6.resid.1865,6,resid,1865,266,0
2748,10,5.resid.21075,5,resid,21075,397,0
2749,10,6.mlp.6186,6,mlp,6186,523,458
2750,10,5.resid.3951,5,resid,3951,209,0
2751,10,6.mlp.7653,6,mlp,7653,268,0
2752,10,5.resid.19847,5,resid,19847,324,0
2753,10,6.mlp.15019,6,mlp,15019,450,0
2754,10,5.resid.13938,5,resid,13938,401,0
2755,10,6.mlp.39102,6,mlp,39102,367,0
2756,10,5.resid.12911,5,resid,12911,332,0
2757,10,6.mlp.37427,6,mlp,37427,446,0
2758,10,5.resid.22172,5,resid,22172,441,0
2759,10,6.mlp.14150,6,mlp,14150,169,0
2760,10,5.resid.39111,5,resid,39111,320,0
2761,10,6.mlp.8630,6,mlp,8630,330,0
2762,10,5.resid.40737,5,resid,40737,396,0
2763,10,6.mlp.3415,6,mlp,3415,393,0
2764,10,5.resid.31607,5,resid,31607,270,0
2765,10,6.mlp.33079,6,mlp,33079,480,0
2766,10,5.resid.8872,5,resid,8872,255,0
2767,10,6.mlp.35611,6,mlp,35611,386,0
2768,10,5.resid.7772,5,resid,7772,347,0
2769,10,6.mlp.1701,6,mlp,1701,319,0
2770,10,5.resid.27487,5,resid,27487,313,0
2771,10,6.mlp.12847,6,mlp,12847,367,0
2772,10,5.resid.37615,5,resid,37615,274,0
2773,10,6.mlp.16750,6,mlp,16750,502,459
2774,10,5.resid.1577,5,resid,1577,295,0
2775,10,6.mlp.9277,6,mlp,9277,359,0
2776,10,5.resid.3297,5,resid,3297,338,0
2777,10,6.mlp.28987,6,mlp,28987,422,0
2778,10,5.resid.15819,5,resid,15819,454,0
2779,10,6.mlp.24301,6,mlp,24301,202,0
2780,10,5.resid.4298,5,resid,4298,233,0
2781,10,6.mlp.22088,6,mlp,22088,453,0
2782,10,5.resid.26519,5,resid,26519,327,0
2783,10,6.mlp.7291,6,mlp,7291,324,0
2784,10,5.resid.18599,5,resid,18599,309,0
2785,10,6.mlp.24069,6,mlp,24069,530,0
2786,10,5.resid.29452,5,resid,29452,487,460
2787,10,6.mlp.40351,6,mlp,40351,417,0
2788,10,5.resid.34961,5,resid,34961,340,0
2789,10,6.mlp.33977,6,mlp,33977,364,0
2790,10,5.resid.14401,5,resid,14401,345,0
2791,10,6.mlp.34437,6,mlp,34437,489,0
2792,10,5.resid.32078,5,resid,32078,244,0
2793,10,6.mlp.36056,6,mlp,36056,377,0
2794,10,5.resid.33234,5,resid,33234,358,0
2795,10,6.mlp.34404,6,mlp,34404,276,0
2796,10,5.resid.8085,5,resid,8085,368,0
2797,10,6.mlp.26531,6,mlp,26531,355,0
2798,10,5.resid.13579,5,resid,13579,319,0
2799,10,6.mlp.16061,6,mlp,16061,250,0
2800,10,5.resid.5699,5,resid,5699,397,0
2801,10,6.mlp.32488,6,mlp,32488,371,0
2802,10,5.resid.5418,5,resid,5418,292,0
2803,10,6.mlp.25210,6,mlp,25210,660,461
2804,10,6.attn.38383,6,attn,38383,361,0
2805,10,6.attn.1798,6,attn,1798,369,2
2806,10,6.attn.425,6,attn,425,153,0
2807,10,6.attn.18242,6,attn,18242,354,0
2808,10,6.attn.24967,6,attn,24967,523,462
2809,10,6.attn.6923,6,attn,6923,306,2
2810,10,6.attn.2256,6,attn,2256,211,2
2811,10,6.attn.21613,6,attn,21613,355,2
2812,10,6.attn.4867,6,attn,4867,334,2
2813,10,6.attn.11430,6,attn,11430,487,0
2814,10,6.attn.23640,6,attn,23640,191,0
2815,10,6.attn.40640,6,attn,40640,352,2
2816,10,6.attn.7884,6,attn,7884,228,2
2817,10,6.attn.34663,6,attn,34663,335,2
2818,10,6.attn.27471,6,attn,27471,323,2
2819,10,6.attn.30716,6,attn,30716,213,2
2820,10,6.attn.23874,6,attn,23874,479,0
2821,10,6.attn.35411,6,attn,35411,218,2
2822,10,6.attn.21472,6,attn,21472,401,0
2823,10,6.attn.26531,6,attn,26531,207,2
2824,10,6.attn.26976,6,attn,26976,415,0
2825,10,6.attn.38024,6,attn,38024,312,2
2826,10,6.attn.1467,6,attn,1467,236,2
2827,10,6.attn.27092,6,attn,27092,494,0
2828,10,6.attn.20840,6,attn,20840,306,2
2829,10,6.attn.17371,6,attn,17371,129,0
2830,10,6.attn.21548,6,attn,21548,379,0
2831,11,11.resid.5848,11,resid,5848,471,0
2832,11,0.mlp.15999,0,mlp,15999,6,0
2833,11,11.resid.28167,11,resid,28167,491,0
2834,11,0.mlp.9834,0,mlp,9834,10,0
2835,11,11.resid.31549,11,resid,31549,470,0
2836,11,0.mlp.307,0,mlp,307,23,1
2837,11,11.resid.20523,11,resid,20523,768,463
2838,11,0.mlp.8301,0,mlp,8301,11,1
2839,11,11.resid.8122,11,resid,8122,779,464
2840,11,0.mlp.28070,0,mlp,28070,12,0
2841,11,11.resid.25703,11,resid,25703,255,0
2842,11,0.mlp.24291,0,mlp,24291,28,1
2843,11,11.resid.16822,11,resid,16822,570,0
2844,11,0.mlp.34055,0,mlp,34055,25,1
2845,11,11.resid.8485,11,resid,8485,539,465
2846,11,0.mlp.25174,0,mlp,25174,13,1
2847,11,11.resid.25055,11,resid,25055,594,466
2848,11,0.mlp.17982,0,mlp,17982,27,1
2849,11,11.resid.31012,11,resid,31012,599,467
2850,11,0.mlp.37079,0,mlp,37079,35,1
2851,11,11.resid.22098,11,resid,22098,218,0
2852,11,0.mlp.38046,0,mlp,38046,14,1
2853,11,11.resid.37576,11,resid,37576,486,0
2854,11,0.mlp.21430,0,mlp,21430,11,0
2855,11,11.resid.6383,11,resid,6383,420,0
2856,11,0.mlp.4818,0,mlp,4818,24,1
2857,11,11.resid.12278,11,resid,12278,397,0
2858,11,0.mlp.39827,0,mlp,39827,44,1
2859,11,11.resid.1629,11,resid,1629,777,468
2860,11,0.mlp.16214,0,mlp,16214,11,1
2861,11,11.resid.15144,11,resid,15144,550,469
2862,11,0.mlp.7864,0,mlp,7864,19,1
2863,11,11.resid.10265,11,resid,10265,766,470
2864,11,0.mlp.35086,0,mlp,35086,78,1
2865,11,11.resid.21323,11,resid,21323,303,0
2866,11,0.mlp.20501,0,mlp,20501,19,1
2867,11,11.resid.35730,11,resid,35730,349,0
2868,11,0.mlp.37051,0,mlp,37051,7,1
2869,11,11.resid.6881,11,resid,6881,272,0
2870,11,0.mlp.6225,0,mlp,6225,35,1
2871,11,11.resid.40288,11,resid,40288,611,471
2872,11,0.mlp.35631,0,mlp,35631,20,1
2873,11,11.resid.29864,11,resid,29864,504,0
2874,11,0.mlp.5233,0,mlp,5233,18,1
2875,11,11.resid.12607,11,resid,12607,459,0
2876,11,0.mlp.25788,0,mlp,25788,50,1
2877,11,11.resid.9722,11,resid,9722,476,472
2878,11,0.mlp.4772,0,mlp,4772,25,1
2879,11,11.resid.60,11,resid,60,419,0
2880,11,0.mlp.23934,0,mlp,23934,14,1
2881,11,11.resid.17248,11,resid,17248,604,473
2882,11,0.mlp.5986,0,mlp,5986,16,1
2883,11,11.resid.18948,11,resid,18948,379,0
2884,11,0.mlp.1078,0,mlp,1078,25,1
2885,11,11.resid.40546,11,resid,40546,439,0
2886,11,0.resid.17246,0,resid,17246,114,1
2887,11,11.mlp.37443,11,mlp,37443,483,0
2888,11,0.resid.10775,0,resid,10775,35,1
2889,11,11.mlp.11101,11,mlp,11101,606,474
2890,11,0.resid.13745,0,resid,13745,18,1
2891,11,11.mlp.37786,11,mlp,37786,646,475
2892,11,0.resid.36878,0,resid,36878,22,1
2893,11,11.mlp.38295,11,mlp,38295,271,0
2894,11,0.resid.5454,0,resid,5454,52,1
2895,11,11.mlp.19493,11,mlp,19493,603,476
2896,11,0.resid.4630,0,resid,4630,18,0
2897,11,11.mlp.32263,11,mlp,32263,594,477
2898,11,0.resid.28560,0,resid,28560,44,1
2899,11,11.mlp.2410,11,mlp,2410,686,478
2900,11,0.resid.29117,0,resid,29117,28,1
2901,11,11.mlp.3266,11,mlp,3266,367,0
2902,11,0.resid.28095,0,resid,28095,20,1
2903,11,11.mlp.6221,11,mlp,6221,566,479
2904,11,0.resid.15051,0,resid,15051,16,0
2905,11,11.mlp.34608,11,mlp,34608,310,2
2906,11,0.resid.7847,0,resid,7847,28,1
2907,11,11.mlp.30094,11,mlp,30094,615,480
2908,11,0.resid.15933,0,resid,15933,87,1
2909,11,11.mlp.16038,11,mlp,16038,543,481
2910,11,0.resid.12585,0,resid,12585,50,1
2911,11,11.mlp.6859,11,mlp,6859,451,0
2912,11,0.resid.1918,0,resid,1918,155,1
2913,11,11.mlp.2599,11,mlp,2599,616,482
2914,11,0.resid.12470,0,resid,12470,17,1
2915,11,11.mlp.11518,11,mlp,11518,338,0
2916,11,0.resid.39738,0,resid,39738,52,1
2917,11,11.mlp.15224,11,mlp,15224,414,0
2918,11,0.resid.3842,0,resid,3842,37,1
2919,11,11.mlp.1644,11,mlp,1644,380,0
2920,11,0.resid.22914,0,resid,22914,11,0
2921,11,11.mlp.6492,11,mlp,6492,459,0
2922,11,0.resid.7305,0,resid,7305,17,1
2923,11,11.mlp.38013,11,mlp,38013,574,483
2924,11,0.resid.26415,0,resid,26415,38,1
2925,11,11.mlp.39184,11,mlp,39184,373,0
2926,11,0.resid.15817,0,resid,15817,78,1
2927,11,11.mlp.5071,11,mlp,5071,340,0
2928,11,0.resid.8006,0,resid,8006,121,1
2929,11,11.mlp.28324,11,mlp,28324,498,0
2930,11,0.resid.9935,0,resid,9935,99,1
2931,11,11.mlp.4275,11,mlp,4275,539,0
2932,11,0.resid.32992,0,resid,32992,45,1
2933,11,11.mlp.16017,11,mlp,16017,243,0
2934,11,0.resid.1596,0,resid,1596,25,1
2935,11,11.mlp.8144,11,mlp,8144,571,0
2936,11,0.resid.6451,0,resid,6451,30,1
2937,11,11.mlp.14409,11,mlp,14409,425,0
2938,11,0.resid.36718,0,resid,36718,49,1
2939,11,11.mlp.17969,11,mlp,17969,231,0
2940,11,0.resid.29129,0,resid,29129,20,1
2941,11,11.mlp.2261,11,mlp,2261,518,0
2942,11,0.resid.28664,0,resid,28664,18,1
2943,11,11.mlp.9923,11,mlp,9923,503,484
2944,11,1.attn.37873,1,attn,37873,178,0
2945,11,11.attn.36001,11,attn,36001,1291,485
2946,11,11.attn.29096,11,attn,29096,97,1
2947,11,11.attn.30203,11,attn,30203,615,486
2948,11,11.attn.22473,11,attn,22473,505,0
2949,11,11.attn.40484,11,attn,40484,169,2
2950,11,11.attn.3234,11,attn,3234,492,0
2951,11,11.attn.7486,11,attn,7486,1283,487
2952,11,1.attn.13728,1,attn,13728,131,1
2953,11,11.attn.16416,11,attn,16416,644,488
2954,11,11.attn.3126,11,attn,3126,159,0
2955,11,11.attn.36297,11,attn,36297,604,489
2956,11,1.attn.39924,1,attn,39924,66,1
2957,11,11.attn.11673,11,attn,11673,904,490
2958,11,1.attn.837,1,attn,837,65,1
2959,11,11.attn.14062,11,attn,14062,1014,491
2960,11,1.attn.12956,1,attn,12956,180,1
2961,11,11.attn.40205,11,attn,40205,320,0
2962,11,11.attn.17506,11,attn,17506,466,0
2963,11,11.attn.3318,11,attn,3318,732,492
2964,11,11.attn.17732,11,attn,17732,664,493
2965,11,1.attn.8428,1,attn,8428,42,1
2966,11,11.attn.21627,11,attn,21627,213,0
2967,11,11.attn.36625,11,attn,36625,543,0
2968,11,11.attn.33195,11,attn,33195,278,0
2969,11,11.attn.30508,11,attn,30508,238,2
2970,11,11.attn.24790,11,attn,24790,256,2
2971,11,11.attn.20374,11,attn,20374,349,2
2972,11,1.attn.15709,1,attn,15709,72,1
2973,11,11.attn.35622,11,attn,35622,583,494
2974,11,11.attn.16140,11,attn,16140,424,0
2975,11,11.attn.34231,11,attn,34231,616,495
2976,11,11.attn.20012,11,attn,20012,469,0
2977,11,11.attn.21057,11,attn,21057,476,0
2978,11,11.attn.22637,11,attn,22637,306,2
2979,11,1.mlp.35561,1,mlp,35561,156,1
2980,11,10.resid.36817,10,resid,36817,315,2
2981,11,1.mlp.27400,1,mlp,27400,106,1
2982,11,10.resid.12454,10,resid,12454,291,0
2983,11,1.mlp.1766,1,mlp,1766,115,1
2984,11,10.resid.17955,10,resid,17955,749,496
2985,11,1.mlp.10368,1,mlp,10368,145,1
2986,11,10.resid.27528,10,resid,27528,633,497
2987,11,1.mlp.29369,1,mlp,29369,173,1
2988,11,10.resid.3404,10,resid,3404,695,498
2989,11,1.mlp.68,1,mlp,68,184,1
2990,11,10.resid.28967,10,resid,28967,785,499
2991,11,1.mlp.13616,1,mlp,13616,132,1
2992,11,10.resid.8109,10,resid,8109,443,0
2993,11,1.mlp.30874,1,mlp,30874,179,1
2994,11,10.resid.23134,10,resid,23134,302,0
2995,11,1.mlp.27354,1,mlp,27354,119,1
2996,11,10.resid.37343,10,resid,37343,374,0
2997,11,1.mlp.23292,1,mlp,23292,92,1
2998,11,10.resid.17843,10,resid,17843,753,500
2999,11,1.mlp.20983,1,mlp,20983,210,0
3000,11,10.resid.35438,10,resid,35438,586,501
3001,11,1.mlp.16611,1,mlp,16611,89,1
3002,11,10.resid.242,10,resid,242,515,0
3003,11,1.mlp.17959,1,mlp,17959,198,1
3004,11,10.resid.10706,10,resid,10706,393,0
3005,11,1.mlp.36519,1,mlp,36519,70,1
3006,11,10.resid.26297,10,resid,26297,373,0
3007,11,1.mlp.28943,1,mlp,28943,172,1
3008,11,10.resid.6573,10,resid,6573,568,0
3009,11,1.mlp.21454,1,mlp,21454,154,1
3010,11,10.resid.16754,10,resid,16754,733,502
3011,11,1.mlp.2989,1,mlp,2989,188,1
3012,11,10.resid.7389,10,resid,7389,735,503
3013,11,1.mlp.4472,1,mlp,4472,75,1
3014,11,10.resid.18901,10,resid,18901,673,504
3015,11,1.mlp.24884,1,mlp,24884,88,1
3016,11,10.resid.19756,10,resid,19756,408,0
3017,11,1.mlp.29711,1,mlp,29711,218,0
3018,11,10.resid.28726,10,resid,28726,638,505
3019,11,1.mlp.37109,1,mlp,37109,83,1
3020,11,10.resid.20262,10,resid,20262,614,506
3021,11,1.mlp.23304,1,mlp,23304,111,1
3022,11,10.resid.7845,10,resid,7845,409,507
3023,11,1.mlp.35511,1,mlp,35511,233,0
3024,11,10.resid.2452,10,resid,2452,513,508
3025,11,1.mlp.16391,1,mlp,16391,116,1
3026,11,10.resid.14129,10,resid,14129,270,0
3027,11,1.mlp.4070,1,mlp,4070,233,0
3028,11,10.resid.39180,10,resid,39180,501,509
3029,11,1.mlp.34772,1,mlp,34772,125,1
3030,11,10.resid.4014,10,resid,4014,577,510
3031,11,1.mlp.36512,1,mlp,36512,106,1
3032,11,10.resid.34657,10,resid,34657,643,511
3033,11,1.mlp.9498,1,mlp,9498,97,1
3034,11,10.resid.16128,10,resid,16128,452,0
3035,11,1.mlp.8164,1,mlp,8164,175,1
3036,11,10.resid.36393,10,resid,36393,745,512
3037,11,1.resid.10900,1,resid,10900,112,1
3038,11,10.mlp.25507,10,mlp,25507,497,0
3039,11,1.resid.19666,1,resid,19666,94,1
3040,11,10.mlp.33396,10,mlp,33396,656,513
3041,11,1.resid.3636,1,resid,3636,65,1
3042,11,10.mlp.7083,10,mlp,7083,421,0
3043,11,1.resid.23514,1,resid,23514,128,1
3044,11,10.mlp.26128,10,mlp,26128,446,0
3045,11,1.resid.33347,1,resid,33347,92,1
3046,11,10.mlp.39535,10,mlp,39535,724,514
3047,11,1.resid.37469,1,resid,37469,84,1
3048,11,10.mlp.11615,10,mlp,11615,356,0
3049,11,1.resid.23740,1,resid,23740,96,1
3050,11,10.mlp.19525,10,mlp,19525,642,515
3051,11,1.resid.27082,1,resid,27082,99,1
3052,11,10.mlp.5613,10,mlp,5613,417,0
3053,11,1.resid.7723,1,resid,7723,85,1
3054,11,10.mlp.34809,10,mlp,34809,291,0
3055,11,1.resid.36397,1,resid,36397,50,1
3056,11,10.mlp.37996,10,mlp,37996,338,0
3057,11,1.resid.30993,1,resid,30993,180,1
3058,11,10.mlp.26199,10,mlp,26199,632,516
3059,11,1.resid.32926,1,resid,32926,136,1
3060,11,10.mlp.17325,10,mlp,17325,648,517
3061,11,1.resid.9963,1,resid,9963,94,1
3062,11,10.mlp.11068,10,mlp,11068,717,518
3063,11,1.resid.39272,1,resid,39272,129,1
3064,11,10.mlp.27528,10,mlp,27528,449,0
3065,11,1.resid.16522,1,resid,16522,27,2
3066,11,10.mlp.18985,10,mlp,18985,328,0
3067,11,1.resid.1099,1,resid,1099,108,1
3068,11,10.mlp.16693,10,mlp,16693,704,519
3069,11,1.resid.29196,1,resid,29196,130,1
3070,11,10.mlp.36154,10,mlp,36154,432,0
3071,11,1.resid.20910,1,resid,20910,65,1
3072,11,10.mlp.31941,10,mlp,31941,512,520
3073,11,1.resid.39486,1,resid,39486,56,1
3074,11,10.mlp.34113,10,mlp,34113,616,521
3075,11,1.resid.25267,1,resid,25267,133,1
3076,11,10.mlp.18110,10,mlp,18110,567,0
3077,11,1.resid.25478,1,resid,25478,93,1
3078,11,10.mlp.23701,10,mlp,23701,556,522
3079,11,1.resid.32600,1,resid,32600,63,1
3080,11,10.mlp.299,10,mlp,299,445,0
3081,11,1.resid.22163,1,resid,22163,95,1
3082,11,10.mlp.33528,10,mlp,33528,549,523
3083,11,1.resid.39175,1,resid,39175,63,1
3084,11,10.mlp.36798,10,mlp,36798,782,524
3085,11,1.resid.3592,1,resid,3592,143,1
3086,11,10.mlp.25764,10,mlp,25764,529,0
3087,11,1.resid.14378,1,resid,14378,87,1
3088,11,10.mlp.29809,10,mlp,29809,566,0
3089,11,1.resid.32079,1,resid,32079,130,1
3090,11,10.mlp.4833,10,mlp,4833,420,0
3091,11,1.resid.30391,1,resid,30391,111,1
3092,11,10.mlp.9109,10,mlp,9109,552,0
3093,11,10.attn.3299,10,attn,3299,403,0
3094,11,2.attn.2993,2,attn,2993,215,2
3095,11,2.attn.23603,2,attn,23603,130,1
3096,11,10.attn.30910,10,attn,30910,991,525
3097,11,2.attn.21750,2,attn,21750,133,2
3098,11,10.attn.7358,10,attn,7358,630,526
3099,11,2.attn.16634,2,attn,16634,134,1
3100,11,10.attn.36809,10,attn,36809,539,0
3101,11,2.attn.36565,2,attn,36565,214,2
3102,11,10.attn.15768,10,attn,15768,255,0
3103,11,2.attn.38643,2,attn,38643,61,2
3104,11,10.attn.295,10,attn,295,825,527
3105,11,10.attn.20796,10,attn,20796,197,2
3106,11,2.attn.1249,2,attn,1249,70,0
3107,11,10.attn.39088,10,attn,39088,388,0
3108,11,10.attn.27734,10,attn,27734,377,0
3109,11,2.attn.18801,2,attn,18801,84,2
3110,11,10.attn.1714,10,attn,1714,235,0
3111,11,2.attn.19771,2,attn,19771,473,0
3112,11,10.attn.11364,10,attn,11364,694,528
3113,11,2.attn.34126,2,attn,34126,176,0
3114,11,10.attn.32255,10,attn,32255,325,2
3115,11,2.attn.14727,2,attn,14727,170,2
3116,11,10.attn.18814,10,attn,18814,891,529
3117,11,2.attn.30777,2,attn,30777,128,2
3118,11,10.attn.15350,10,attn,15350,1064,530
3119,11,2.attn.2709,2,attn,2709,182,2
3120,11,10.attn.6192,10,attn,6192,854,531
3121,11,2.attn.36905,2,attn,36905,95,1
3122,11,10.attn.30770,10,attn,30770,474,0
3123,11,2.attn.38760,2,attn,38760,143,2
3124,11,10.attn.32193,10,attn,32193,238,2
3125,11,10.attn.21477,10,attn,21477,321,0
3126,11,2.attn.12980,2,attn,12980,183,0
3127,11,10.attn.5264,10,attn,5264,483,0
3128,11,10.attn.2594,10,attn,2594,249,2
3129,11,2.attn.911,2,attn,911,53,0
3130,11,10.attn.8901,10,attn,8901,317,0
3131,11,2.attn.27411,2,attn,27411,178,1
3132,11,10.attn.24730,10,attn,24730,589,532
3133,11,10.attn.38067,10,attn,38067,246,2
3134,11,2.attn.17102,2,attn,17102,183,0
3135,11,10.attn.33695,10,attn,33695,396,0
3136,11,2.attn.4239,2,attn,4239,140,2
3137,11,10.attn.32241,10,attn,32241,477,0
3138,11,2.attn.35811,2,attn,35811,91,2
3139,11,10.attn.10243,10,attn,10243,844,533
3140,11,2.mlp.9618,2,mlp,9618,210,0
3141,11,10.attn.31771,10,attn,31771,844,534
3142,11,2.mlp.4636,2,mlp,4636,283,0
3143,11,9.resid.27585,9,resid,27585,584,535
3144,11,2.mlp.38831,2,mlp,38831,150,1
3145,11,9.resid.18031,9,resid,18031,521,536
3146,11,2.mlp.4722,2,mlp,4722,170,2
3147,11,9.resid.40252,9,resid,40252,536,537
3148,11,2.mlp.6458,2,mlp,6458,193,0
3149,11,9.resid.22625,9,resid,22625,725,538
3150,11,2.mlp.13069,2,mlp,13069,319,0
3151,11,9.resid.33063,9,resid,33063,651,539
3152,11,2.mlp.948,2,mlp,948,234,0
3153,11,9.resid.11600,9,resid,11600,556,540
3154,11,2.mlp.24421,2,mlp,24421,237,0
3155,11,9.resid.37786,9,resid,37786,427,0
3156,11,2.mlp.35337,2,mlp,35337,222,0
3157,11,9.resid.15443,9,resid,15443,610,541
3158,11,2.mlp.31102,2,mlp,31102,231,0
3159,11,9.resid.13326,9,resid,13326,531,542
3160,11,2.mlp.30287,2,mlp,30287,164,0
3161,11,9.resid.25697,9,resid,25697,495,543
3162,11,2.mlp.33738,2,mlp,33738,155,2
3163,11,9.resid.26858,9,resid,26858,583,544
3164,11,2.mlp.32798,2,mlp,32798,166,0
3165,11,9.resid.575,9,resid,575,532,545
3166,11,2.mlp.32017,2,mlp,32017,136,1
3167,11,9.resid.18214,9,resid,18214,583,546
3168,11,2.mlp.1440,2,mlp,1440,269,0
3169,11,9.resid.33488,9,resid,33488,646,547
3170,11,2.mlp.8448,2,mlp,8448,124,1
3171,11,9.resid.19988,9,resid,19988,404,0
3172,11,2.mlp.23049,2,mlp,23049,183,0
3173,11,9.resid.11834,9,resid,11834,574,548
3174,11,2.mlp.26823,2,mlp,26823,242,0
3175,11,9.resid.37027,9,resid,37027,512,549
3176,11,2.mlp.6564,2,mlp,6564,197,0
3177,11,9.resid.15524,9,resid,15524,527,550
3178,11,2.mlp.30122,2,mlp,30122,141,1
3179,11,9.resid.40406,9,resid,40406,630,551
3180,11,2.mlp.37022,2,mlp,37022,362,0
3181,11,9.resid.34898,9,resid,34898,636,552
3182,11,2.mlp.10487,2,mlp,10487,142,1
3183,11,9.resid.32658,9,resid,32658,650,553
3184,11,2.mlp.27017,2,mlp,27017,229,0
3185,11,9.resid.28021,9,resid,28021,646,554
3186,11,2.mlp.10736,2,mlp,10736,166,0
3187,11,9.resid.19070,9,resid,19070,403,0
3188,11,2.mlp.18595,2,mlp,18595,136,1
3189,11,9.resid.11845,9,resid,11845,583,555
3190,11,2.mlp.10730,2,mlp,10730,102,1
3191,11,9.resid.9936,9,resid,9936,534,0
3192,11,2.mlp.17153,2,mlp,17153,178,2
3193,11,9.resid.26833,9,resid,26833,210,0
3194,11,2.mlp.3144,2,mlp,3144,190,0
3195,11,9.resid.29803,9,resid,29803,511,556
3196,11,2.mlp.35750,2,mlp,35750,378,0
3197,11,9.resid.26670,9,resid,26670,519,557
3198,11,2.resid.18148,2,resid,18148,116,1
3199,11,9.mlp.9144,9,mlp,9144,463,0
3200,11,2.resid.5332,2,resid,5332,198,0
3201,11,9.mlp.13336,9,mlp,13336,625,558
3202,11,2.resid.8158,2,resid,8158,77,1
3203,11,9.mlp.34216,9,mlp,34216,454,0
3204,11,2.resid.744,2,resid,744,219,0
3205,11,9.mlp.26833,9,mlp,26833,439,0
3206,11,2.resid.2139,2,resid,2139,47,2
3207,11,9.mlp.504,9,mlp,504,337,0
3208,11,2.resid.29868,2,resid,29868,184,1
3209,11,9.mlp.39737,9,mlp,39737,518,559
3210,11,2.resid.32866,2,resid,32866,292,0
3211,11,9.mlp.17499,9,mlp,17499,636,560
3212,11,2.resid.18757,2,resid,18757,337,0
3213,11,9.mlp.27172,9,mlp,27172,599,561
3214,11,2.resid.2330,2,resid,2330,176,0
3215,11,9.mlp.12048,9,mlp,12048,715,562
3216,11,2.resid.15727,2,resid,15727,206,0
3217,11,9.mlp.40344,9,mlp,40344,335,0
3218,11,2.resid.31378,2,resid,31378,119,1
3219,11,9.mlp.26872,9,mlp,26872,505,0
3220,11,2.resid.4319,2,resid,4319,137,1
3221,11,9.mlp.7789,9,mlp,7789,637,563
3222,11,2.resid.15714,2,resid,15714,243,0
3223,11,9.mlp.26300,9,mlp,26300,490,0
3224,11,2.resid.37832,2,resid,37832,167,0
3225,11,9.mlp.13723,9,mlp,13723,385,0
3226,11,2.resid.3491,2,resid,3491,203,0
3227,11,9.mlp.10650,9,mlp,10650,552,0
3228,11,2.resid.28655,2,resid,28655,208,0
3229,11,9.mlp.33422,9,mlp,33422,512,0
3230,11,2.resid.21823,2,resid,21823,179,0
3231,11,9.mlp.37684,9,mlp,37684,540,0
3232,11,2.resid.8818,2,resid,8818,252,0
3233,11,9.mlp.23870,9,mlp,23870,424,0
3234,11,2.resid.39563,2,resid,39563,206,0
3235,11,9.mlp.18918,9,mlp,18918,384,0
3236,11,2.resid.1697,2,resid,1697,103,1
3237,11,9.mlp.486,9,mlp,486,588,564
3238,11,2.resid.36960,2,resid,36960,175,0
3239,11,9.mlp.9034,9,mlp,9034,458,0
3240,11,2.resid.21889,2,resid,21889,151,1
3241,11,9.mlp.22518,9,mlp,22518,537,0
3242,11,2.resid.17475,2,resid,17475,221,0
3243,11,9.mlp.23761,9,mlp,23761,527,0
3244,11,2.resid.11060,2,resid,11060,183,0
3245,11,9.mlp.22268,9,mlp,22268,671,565
3246,11,2.resid.17790,2,resid,17790,150,1
3247,11,9.mlp.1612,9,mlp,1612,435,0
3248,11,2.resid.28743,2,resid,28743,110,1
3249,11,9.mlp.24835,9,mlp,24835,420,0
3250,11,2.resid.25995,2,resid,25995,144,1
3251,11,9.mlp.8676,9,mlp,8676,423,0
3252,11,2.resid.26583,2,resid,26583,147,0
3253,11,9.mlp.3038,9,mlp,3038,542,566
3254,11,3.attn.12225,3,attn,12225,121,2
3255,11,9.attn.8981,9,attn,8981,291,2
3256,11,3.attn.10120,3,attn,10120,193,2
3257,11,9.attn.3440,9,attn,3440,331,0
3258,11,3.attn.6987,3,attn,6987,189,2
3259,11,9.attn.6711,9,attn,6711,443,0
3260,11,3.attn.12560,3,attn,12560,377,0
3261,11,9.attn.32465,9,attn,32465,439,0
3262,11,3.attn.15673,3,attn,15673,198,2
3263,11,9.attn.34787,9,attn,34787,467,567
3264,11,3.attn.40357,3,attn,40357,257,2
3265,11,9.attn.14523,9,attn,14523,774,568
3266,11,9.attn.33359,9,attn,33359,551,0
3267,11,3.attn.10734,3,attn,10734,167,2
3268,11,9.attn.38089,9,attn,38089,411,0
3269,11,3.attn.31840,3,attn,31840,265,0
3270,11,9.attn.11700,9,attn,11700,252,0
3271,11,3.attn.9312,3,attn,9312,161,2
3272,11,3.attn.2785,3,attn,2785,134,2
3273,11,9.attn.37739,9,attn,37739,542,0
3274,11,3.attn.1858,3,attn,1858,148,2
3275,11,9.attn.21168,9,attn,21168,810,569
3276,11,3.attn.39326,3,attn,39326,179,2
3277,11,9.attn.1421,9,attn,1421,515,0
3278,11,3.attn.33863,3,attn,33863,187,2
3279,11,9.attn.34980,9,attn,34980,266,0
3280,11,3.attn.5076,3,attn,5076,194,2
3281,11,9.attn.15931,9,attn,15931,521,0
3282,11,3.attn.27496,3,attn,27496,182,2
3283,11,9.attn.21705,9,attn,21705,553,0
3284,11,3.attn.37782,3,attn,37782,325,2
3285,11,9.attn.22192,9,attn,22192,941,570
3286,11,3.attn.713,3,attn,713,195,2
3287,11,9.attn.2299,9,attn,2299,424,2
3288,11,3.attn.27480,3,attn,27480,237,0
3289,11,9.attn.7570,9,attn,7570,753,571
3290,11,3.attn.3998,3,attn,3998,217,0
3291,11,9.attn.31530,9,attn,31530,241,0
3292,11,3.attn.30262,3,attn,30262,185,2
3293,11,9.attn.35439,9,attn,35439,423,0
3294,11,3.attn.16862,3,attn,16862,263,2
3295,11,9.attn.35186,9,attn,35186,670,572
3296,11,3.attn.16111,3,attn,16111,159,2
3297,11,9.attn.39808,9,attn,39808,695,573
3298,11,3.attn.26974,3,attn,26974,359,0
3299,11,9.attn.21292,9,attn,21292,551,574
3300,11,3.attn.29752,3,attn,29752,116,2
3301,11,9.attn.20937,9,attn,20937,391,0
3302,11,3.attn.9070,3,attn,9070,156,2
3303,11,9.attn.27875,9,attn,27875,557,575
3304,11,3.attn.18582,3,attn,18582,200,2
3305,11,9.attn.33463,9,attn,33463,666,576
3306,11,3.attn.37630,3,attn,37630,198,2
3307,11,9.attn.70,9,attn,70,558,577
3308,11,3.attn.26753,3,attn,26753,432,0
3309,11,9.attn.15903,9,attn,15903,366,0
3310,11,3.mlp.4494,3,mlp,4494,258,0
3311,11,8.resid.7331,8,resid,7331,570,0
3312,11,3.mlp.30136,3,mlp,30136,164,0
3313,11,8.resid.39262,8,resid,39262,574,578
3314,11,3.mlp.23303,3,mlp,23303,205,0
3315,11,8.resid.28006,8,resid,28006,421,0
3316,11,3.mlp.2196,3,mlp,2196,333,0
3317,11,8.resid.39963,8,resid,39963,578,579
3318,11,3.mlp.38486,3,mlp,38486,143,1
3319,11,8.resid.18681,8,resid,18681,436,0
3320,11,3.mlp.17051,3,mlp,17051,225,0
3321,11,8.resid.20306,8,resid,20306,495,0
3322,11,3.mlp.32146,3,mlp,32146,239,0
3323,11,8.resid.30284,8,resid,30284,386,0
3324,11,3.mlp.11246,3,mlp,11246,222,0
3325,11,8.resid.2707,8,resid,2707,359,0
3326,11,3.mlp.20172,3,mlp,20172,148,0
3327,11,8.resid.10837,8,resid,10837,677,580
3328,11,3.mlp.26930,3,mlp,26930,188,0
3329,11,8.resid.18581,8,resid,18581,594,581
3330,11,3.mlp.4711,3,mlp,4711,244,0
3331,11,8.resid.35435,8,resid,35435,444,0
3332,11,3.mlp.7405,3,mlp,7405,183,0
3333,11,8.resid.31624,8,resid,31624,488,0
3334,11,3.mlp.19382,3,mlp,19382,197,0
3335,11,8.resid.1902,8,resid,1902,587,582
3336,11,3.mlp.16845,3,mlp,16845,196,2
3337,11,8.resid.10389,8,resid,10389,673,583
3338,11,3.mlp.36089,3,mlp,36089,156,0
3339,11,8.resid.13419,8,resid,13419,333,0
3340,11,3.mlp.19661,3,mlp,19661,184,0
3341,11,8.resid.32569,8,resid,32569,307,0
3342,11,3.mlp.40302,3,mlp,40302,186,0
3343,11,8.resid.34307,8,resid,34307,569,0
3344,11,3.mlp.9627,3,mlp,9627,252,0
3345,11,8.resid.29742,8,resid,29742,400,0
3346,11,3.mlp.7529,3,mlp,7529,277,0
3347,11,8.resid.3701,8,resid,3701,648,584
3348,11,3.mlp.582,3,mlp,582,245,0
3349,11,8.resid.37975,8,resid,37975,406,0
3350,11,3.mlp.24213,3,mlp,24213,250,0
3351,11,8.resid.40209,8,resid,40209,740,585
3352,11,3.mlp.679,3,mlp,679,225,0
3353,11,8.resid.4749,8,resid,4749,406,0
3354,11,3.mlp.20126,3,mlp,20126,181,0
3355,11,8.resid.35056,8,resid,35056,541,586
3356,11,3.mlp.8241,3,mlp,8241,309,0
3357,11,8.resid.22662,8,resid,22662,407,0
3358,11,3.mlp.23820,3,mlp,23820,254,0
3359,11,8.resid.26181,8,resid,26181,347,0
3360,11,3.mlp.26311,3,mlp,26311,266,0
3361,11,8.resid.11256,8,resid,11256,501,0
3362,11,3.mlp.16045,3,mlp,16045,255,0
3363,11,8.resid.38980,8,resid,38980,578,587
3364,11,3.mlp.33681,3,mlp,33681,141,2
3365,11,8.resid.17232,8,resid,17232,573,588
3366,11,3.resid.26238,3,resid,26238,142,1
3367,11,8.mlp.11561,8,mlp,11561,500,589
3368,11,3.resid.7759,3,resid,7759,167,0
3369,11,8.mlp.4250,8,mlp,4250,505,0
3370,11,3.resid.25845,3,resid,25845,259,0
3371,11,8.mlp.22445,8,mlp,22445,471,0
3372,11,3.resid.36060,3,resid,36060,197,2
3373,11,8.mlp.2688,8,mlp,2688,455,0
3374,11,3.resid.7796,3,resid,7796,162,0
3375,11,8.mlp.2861,8,mlp,2861,478,0
3376,11,3.resid.28282,3,resid,28282,175,0
3377,11,8.mlp.7072,8,mlp,7072,519,0
3378,11,3.resid.3933,3,resid,3933,194,0
3379,11,8.mlp.23967,8,mlp,23967,568,590
3380,11,3.resid.35622,3,resid,35622,208,0
3381,11,8.mlp.5219,8,mlp,5219,399,0
3382,11,3.resid.7703,3,resid,7703,141,1
3383,11,8.mlp.12592,8,mlp,12592,446,0
3384,11,3.resid.38501,3,resid,38501,183,0
3385,11,8.mlp.17761,8,mlp,17761,498,591
3386,11,3.resid.28486,3,resid,28486,180,0
3387,11,8.mlp.35458,8,mlp,35458,392,0
3388,11,3.resid.9707,3,resid,9707,221,0
3389,11,8.mlp.9822,8,mlp,9822,546,0
3390,11,3.resid.30283,3,resid,30283,283,0
3391,11,8.mlp.36359,8,mlp,36359,454,592
3392,11,3.resid.38700,3,resid,38700,255,0
3393,11,8.mlp.24206,8,mlp,24206,345,0
3394,11,3.resid.17632,3,resid,17632,197,0
3395,11,8.mlp.28319,8,mlp,28319,592,593
3396,11,3.resid.13269,3,resid,13269,205,0
3397,11,8.mlp.28381,8,mlp,28381,420,0
3398,11,3.resid.5452,3,resid,5452,194,0
3399,11,8.mlp.891,8,mlp,891,376,0
3400,11,3.resid.33146,3,resid,33146,195,0
3401,11,8.mlp.35503,8,mlp,35503,489,594
3402,11,3.resid.3890,3,resid,3890,241,0
3403,11,8.mlp.18846,8,mlp,18846,491,0
3404,11,3.resid.5105,3,resid,5105,229,0
3405,11,8.mlp.40216,8,mlp,40216,298,0
3406,11,3.resid.34145,3,resid,34145,187,0
3407,11,8.mlp.2011,8,mlp,2011,477,0
3408,11,3.resid.1617,3,resid,1617,196,0
3409,11,8.mlp.16555,8,mlp,16555,587,595
3410,11,3.resid.22548,3,resid,22548,169,0
3411,11,8.mlp.6245,8,mlp,6245,429,0
3412,11,3.resid.38462,3,resid,38462,102,1
3413,11,8.mlp.28165,8,mlp,28165,378,0
3414,11,3.resid.4553,3,resid,4553,352,0
3415,11,8.mlp.9173,8,mlp,9173,538,0
3416,11,3.resid.12263,3,resid,12263,221,0
3417,11,8.mlp.2806,8,mlp,2806,380,0
3418,11,3.resid.34131,3,resid,34131,119,2
3419,11,8.mlp.2043,8,mlp,2043,374,0
3420,11,3.resid.13982,3,resid,13982,315,0
3421,11,8.mlp.4808,8,mlp,4808,453,0
3422,11,3.resid.20510,3,resid,20510,143,1
3423,11,8.mlp.37720,8,mlp,37720,442,0
3424,11,4.attn.26450,4,attn,26450,296,0
3425,11,8.attn.22353,8,attn,22353,602,596
3426,11,4.attn.36353,4,attn,36353,208,2
3427,11,8.attn.40394,8,attn,40394,347,0
3428,11,4.attn.12750,4,attn,12750,253,0
3429,11,8.attn.31556,8,attn,31556,352,0
3430,11,4.attn.28138,4,attn,28138,150,2
3431,11,8.attn.14888,8,attn,14888,296,2
3432,11,4.attn.36340,4,attn,36340,173,2
3433,11,4.attn.314,4,attn,314,286,2
3434,11,8.attn.23371,8,attn,23371,538,0
3435,11,4.attn.27595,4,attn,27595,239,2
3436,11,4.attn.8077,4,attn,8077,229,0
3437,11,4.attn.33522,4,attn,33522,216,2
3438,11,8.attn.33988,8,attn,33988,386,0
3439,11,4.attn.26007,4,attn,26007,354,0
3440,11,8.attn.23861,8,attn,23861,544,0
3441,11,4.attn.34296,4,attn,34296,140,2
3442,11,8.attn.21754,8,attn,21754,434,0
3443,11,4.attn.2359,4,attn,2359,217,0
3444,11,4.attn.8375,4,attn,8375,243,2
3445,11,8.attn.24071,8,attn,24071,602,597
3446,11,4.attn.28162,4,attn,28162,219,2
3447,11,4.attn.8024,4,attn,8024,192,2
3448,11,8.attn.34114,8,attn,34114,689,598
3449,11,4.attn.37288,4,attn,37288,277,0
3450,11,8.attn.38041,8,attn,38041,368,0
3451,11,4.attn.36767,4,attn,36767,182,2
3452,11,8.attn.21688,8,attn,21688,327,2
3453,11,4.attn.15743,4,attn,15743,266,0
3454,11,8.attn.6533,8,attn,6533,557,0
3455,11,4.attn.33605,4,attn,33605,267,2
3456,11,8.attn.38071,8,attn,38071,743,599
3457,11,4.attn.31271,4,attn,31271,303,2
3458,11,4.attn.16237,4,attn,16237,207,2
3459,11,8.attn.6512,8,attn,6512,274,2
3460,11,4.attn.39254,4,attn,39254,170,2
3461,11,4.attn.17472,4,attn,17472,231,2
3462,11,8.attn.19280,8,attn,19280,504,0
3463,11,4.attn.15762,4,attn,15762,278,0
3464,11,8.attn.33458,8,attn,33458,422,0
3465,11,4.attn.13800,4,attn,13800,215,0
3466,11,8.attn.27691,8,attn,27691,293,2
3467,11,4.attn.3170,4,attn,3170,222,0
3468,11,8.attn.32170,8,attn,32170,468,0
3469,11,4.attn.31135,4,attn,31135,205,2
3470,11,8.attn.17736,8,attn,17736,293,2
3471,11,4.attn.31641,4,attn,31641,139,2
3472,11,4.mlp.13443,4,mlp,13443,249,0
3473,11,7.resid.1693,7,resid,1693,309,2
3474,11,4.mlp.17402,4,mlp,17402,563,0
3475,11,7.resid.301,7,resid,301,896,600
3476,11,4.mlp.30495,4,mlp,30495,355,0
3477,11,7.resid.4391,7,resid,4391,436,0
3478,11,4.mlp.7710,4,mlp,7710,198,0
3479,11,7.resid.1092,7,resid,1092,702,601
3480,11,4.mlp.1234,4,mlp,1234,391,0
3481,11,7.resid.5604,7,resid,5604,628,602
3482,11,4.mlp.31697,4,mlp,31697,217,0
3483,11,7.resid.15037,7,resid,15037,445,0
3484,11,4.mlp.2843,4,mlp,2843,304,0
3485,11,7.resid.16193,7,resid,16193,453,0
3486,11,4.mlp.33779,4,mlp,33779,247,0
3487,11,7.resid.2813,7,resid,2813,367,0
3488,11,4.mlp.21686,4,mlp,21686,185,0
3489,11,7.resid.31432,7,resid,31432,551,0
3490,11,4.mlp.210,4,mlp,210,296,0
3491,11,7.resid.18610,7,resid,18610,328,0
3492,11,4.mlp.15148,4,mlp,15148,278,0
3493,11,7.resid.10641,7,resid,10641,170,0
3494,11,4.mlp.2484,4,mlp,2484,278,0
3495,11,7.resid.25289,7,resid,25289,565,0
3496,11,4.mlp.15199,4,mlp,15199,237,0
3497,11,7.resid.14687,7,resid,14687,248,0
3498,11,4.mlp.13039,4,mlp,13039,284,0
3499,11,7.resid.31171,7,resid,31171,497,603
3500,11,4.mlp.6131,4,mlp,6131,250,0
3501,11,7.resid.32451,7,resid,32451,437,0
3502,11,4.mlp.12802,4,mlp,12802,310,0
3503,11,7.resid.10757,7,resid,10757,709,604
3504,11,4.mlp.22718,4,mlp,22718,279,0
3505,11,7.resid.34824,7,resid,34824,611,605
3506,11,4.mlp.17181,4,mlp,17181,235,0
3507,11,7.resid.13805,7,resid,13805,487,0
3508,11,4.mlp.9882,4,mlp,9882,238,0
3509,11,7.resid.10111,7,resid,10111,412,0
3510,11,4.mlp.29380,4,mlp,29380,194,0
3511,11,7.resid.3493,7,resid,3493,381,0
3512,11,4.mlp.40934,4,mlp,40934,517,0
3513,11,7.resid.21259,7,resid,21259,574,606
3514,11,4.mlp.12853,4,mlp,12853,328,0
3515,11,7.resid.33919,7,resid,33919,455,0
3516,11,4.mlp.26896,4,mlp,26896,321,0
3517,11,7.resid.22644,7,resid,22644,470,0
3518,11,4.mlp.11261,4,mlp,11261,357,0
3519,11,7.resid.34552,7,resid,34552,384,607
3520,11,4.mlp.19545,4,mlp,19545,373,0
3521,11,7.resid.10218,7,resid,10218,621,608
3522,11,4.mlp.32428,4,mlp,32428,238,0
3523,11,7.resid.18789,7,resid,18789,375,0
3524,11,4.mlp.1704,4,mlp,1704,338,0
3525,11,7.resid.21419,7,resid,21419,597,609
3526,11,4.mlp.24603,4,mlp,24603,257,0
3527,11,7.resid.12986,7,resid,12986,325,0
3528,11,4.resid.32426,4,resid,32426,334,0
3529,11,7.resid.31892,7,resid,31892,510,0
3530,11,4.resid.32773,4,resid,32773,198,0
3531,11,7.mlp.15105,7,mlp,15105,359,0
3532,11,4.resid.11724,4,resid,11724,298,0
3533,11,7.mlp.40047,7,mlp,40047,338,0
3534,11,4.resid.30102,4,resid,30102,170,0
3535,11,7.mlp.8115,7,mlp,8115,334,0
3536,11,4.resid.22542,4,resid,22542,247,0
3537,11,7.mlp.22626,7,mlp,22626,398,0
3538,11,4.resid.22786,4,resid,22786,212,0
3539,11,7.mlp.10927,7,mlp,10927,550,610
3540,11,4.resid.23820,4,resid,23820,244,0
3541,11,7.mlp.25262,7,mlp,25262,356,0
3542,11,4.resid.15536,4,resid,15536,247,0
3543,11,7.mlp.2640,7,mlp,2640,433,0
3544,11,4.resid.16361,4,resid,16361,239,0
3545,11,7.mlp.14284,7,mlp,14284,383,611
3546,11,4.resid.6910,4,resid,6910,246,0
3547,11,7.mlp.14560,7,mlp,14560,569,0
3548,11,4.resid.23464,4,resid,23464,217,0
3549,11,7.mlp.1008,7,mlp,1008,553,0
3550,11,4.resid.18573,4,resid,18573,316,0
3551,11,7.mlp.25027,7,mlp,25027,167,0
3552,11,4.resid.5755,4,resid,5755,313,0
3553,11,7.mlp.12454,7,mlp,12454,363,0
3554,11,4.resid.16287,4,resid,16287,294,0
3555,11,7.mlp.3425,7,mlp,3425,241,0
3556,11,4.resid.13939,4,resid,13939,292,0
3557,11,7.mlp.36334,7,mlp,36334,305,0
3558,11,4.resid.11005,4,resid,11005,278,0
3559,11,7.mlp.17324,7,mlp,17324,499,0
3560,11,4.resid.40890,4,resid,40890,401,0
3561,11,7.mlp.1090,7,mlp,1090,463,0
3562,11,4.resid.30049,4,resid,30049,315,0
3563,11,7.mlp.25094,7,mlp,25094,372,0
3564,11,4.resid.13957,4,resid,13957,167,0
3565,11,7.mlp.17866,7,mlp,17866,187,0
3566,11,4.resid.22565,4,resid,22565,271,0
3567,11,7.mlp.6645,7,mlp,6645,552,612
3568,11,4.resid.20040,4,resid,20040,213,0
3569,11,7.mlp.4289,7,mlp,4289,447,0
3570,11,4.resid.30524,4,resid,30524,242,0
3571,11,7.mlp.13305,7,mlp,13305,225,0
3572,11,4.resid.35357,4,resid,35357,267,0
3573,11,7.mlp.29766,7,mlp,29766,402,0
3574,11,4.resid.7539,4,resid,7539,219,0
3575,11,7.mlp.12737,7,mlp,12737,323,0
3576,11,4.resid.34923,4,resid,34923,280,0
3577,11,7.mlp.1889,7,mlp,1889,279,0
3578,11,4.resid.9948,4,resid,9948,212,2
3579,11,7.mlp.5472,7,mlp,5472,511,613
3580,11,4.resid.23082,4,resid,23082,417,0
3581,11,7.mlp.20453,7,mlp,20453,443,0
3582,11,4.resid.38894,4,resid,38894,330,0
3583,11,7.mlp.5839,7,mlp,5839,554,0
3584,11,4.resid.36692,4,resid,36692,224,0
3585,11,7.mlp.23179,7,mlp,23179,312,0
3586,11,5.attn.12861,5,attn,12861,289,2
3587,11,7.attn.32200,7,attn,32200,389,0
3588,11,5.attn.9575,5,attn,9575,242,2
3589,11,7.attn.4812,7,attn,4812,535,0
3590,11,5.attn.32493,5,attn,32493,214,2
3591,11,7.attn.14953,7,attn,14953,202,2
3592,11,5.attn.9272,5,attn,9272,165,2
3593,11,7.attn.17249,7,attn,17249,233,2
3594,11,5.attn.16681,5,attn,16681,270,0
3595,11,7.attn.33157,7,attn,33157,299,2
3596,11,5.attn.39219,5,attn,39219,213,2
3597,11,7.attn.6600,7,attn,6600,249,2
3598,11,5.attn.13744,5,attn,13744,324,0
3599,11,7.attn.38311,7,attn,38311,451,0
3600,11,5.attn.19237,5,attn,19237,430,0
3601,11,7.attn.11567,7,attn,11567,355,0
3602,11,5.attn.19540,5,attn,19540,372,2
3603,11,7.attn.21542,7,attn,21542,400,0
3604,11,5.attn.36341,5,attn,36341,370,0
3605,11,5.attn.1087,5,attn,1087,356,0
3606,11,7.attn.413,7,attn,413,388,0
3607,11,7.attn.11480,7,attn,11480,289,2
3608,11,5.attn.16335,5,attn,16335,358,0
3609,11,7.attn.23910,7,attn,23910,479,0
3610,11,5.attn.8090,5,attn,8090,232,2
3611,11,7.attn.3870,7,attn,3870,387,0
3612,11,5.attn.13954,5,attn,13954,226,2
3613,11,7.attn.36971,7,attn,36971,438,0
3614,11,5.attn.11294,5,attn,11294,191,2
3615,11,7.attn.9041,7,attn,9041,605,614
3616,11,5.attn.9878,5,attn,9878,494,0
3617,11,7.attn.17231,7,attn,17231,168,0
3618,11,7.attn.23756,7,attn,23756,225,2
3619,11,7.attn.21184,7,attn,21184,479,0
3620,11,5.attn.25832,5,attn,25832,321,2
3621,11,7.attn.10711,7,attn,10711,327,2
3622,11,5.attn.13962,5,attn,13962,189,2
3623,11,7.attn.16783,7,attn,16783,383,2
3624,11,5.attn.13187,5,attn,13187,194,2
3625,11,7.attn.40194,7,attn,40194,497,0
3626,11,5.attn.37367,5,attn,37367,416,0
3627,11,7.attn.26538,7,attn,26538,522,615
3628,11,5.attn.19231,5,attn,19231,324,2
3629,11,7.attn.10922,7,attn,10922,445,0
3630,11,5.mlp.20488,5,mlp,20488,228,0
3631,11,6.resid.7809,6,resid,7809,566,0
3632,11,5.mlp.30653,5,mlp,30653,309,0
3633,11,6.resid.25223,6,resid,25223,437,0
3634,11,5.mlp.37672,5,mlp,37672,396,0
3635,11,6.resid.37543,6,resid,37543,459,0
3636,11,5.mlp.54,5,mlp,54,382,0
3637,11,6.resid.6518,6,resid,6518,476,0
3638,11,5.mlp.21463,5,mlp,21463,338,0
3639,11,6.resid.23540,6,resid,23540,201,0
3640,11,5.mlp.14119,5,mlp,14119,249,0
3641,11,6.resid.30144,6,resid,30144,364,0
3642,11,5.mlp.34146,5,mlp,34146,437,0
3643,11,6.resid.12874,6,resid,12874,428,0
3644,11,5.mlp.14750,5,mlp,14750,229,0
3645,11,6.resid.36079,6,resid,36079,481,0
3646,11,5.mlp.38502,5,mlp,38502,188,0
3647,11,6.resid.13747,6,resid,13747,328,0
3648,11,5.mlp.39769,5,mlp,39769,335,0
3649,11,6.resid.29337,6,resid,29337,357,0
3650,11,5.mlp.7319,5,mlp,7319,297,0
3651,11,6.resid.29020,6,resid,29020,331,0
3652,11,5.mlp.13750,5,mlp,13750,307,0
3653,11,6.resid.12865,6,resid,12865,324,0
3654,11,5.mlp.413,5,mlp,413,231,0
3655,11,6.resid.20404,6,resid,20404,394,0
3656,11,5.mlp.22123,5,mlp,22123,354,0
3657,11,6.resid.22936,6,resid,22936,410,0
3658,11,5.mlp.12646,5,mlp,12646,445,0
3659,11,6.resid.35258,6,resid,35258,393,0
3660,11,5.mlp.1792,5,mlp,1792,246,0
3661,11,6.resid.36056,6,resid,36056,480,0
3662,11,5.mlp.5529,5,mlp,5529,231,0
3663,11,6.resid.6496,6,resid,6496,341,0
3664,11,5.mlp.37198,5,mlp,37198,446,0
3665,11,6.resid.26016,6,resid,26016,419,0
3666,11,5.mlp.17723,5,mlp,17723,303,0
3667,11,6.resid.19496,6,resid,19496,308,0
3668,11,5.mlp.12607,5,mlp,12607,229,2
3669,11,6.resid.8524,6,resid,8524,558,616
3670,11,5.mlp.6517,5,mlp,6517,539,0
3671,11,6.resid.9403,6,resid,9403,495,0
3672,11,5.mlp.38758,5,mlp,38758,289,0
3673,11,6.resid.20241,6,resid,20241,384,0
3674,11,5.mlp.13222,5,mlp,13222,90,1
3675,11,6.resid.2942,6,resid,2942,437,0
3676,11,5.mlp.33865,5,mlp,33865,236,0
3677,11,6.resid.7484,6,resid,7484,393,0
3678,11,5.mlp.26320,5,mlp,26320,382,0
3679,11,6.resid.29357,6,resid,29357,526,617
3680,11,5.mlp.31716,5,mlp,31716,265,0
3681,11,6.resid.37865,6,resid,37865,438,618
3682,11,5.mlp.32621,5,mlp,32621,324,0
3683,11,6.resid.20886,6,resid,20886,417,0
3684,11,5.mlp.17599,5,mlp,17599,413,0
3685,11,6.resid.9456,6,resid,9456,466,0
3686,11,5.mlp.28422,5,mlp,28422,364,0
3687,11,6.resid.2428,6,resid,2428,549,619
3688,11,5.resid.19800,5,resid,19800,322,0
3689,11,6.mlp.17212,6,mlp,17212,567,620
3690,11,5.resid.4214,5,resid,4214,581,621
3691,11,6.mlp.13333,6,mlp,13333,406,0
3692,11,5.resid.22350,5,resid,22350,370,0
3693,11,6.mlp.24975,6,mlp,24975,325,0
3694,11,5.resid.37925,5,resid,37925,402,0
3695,11,6.mlp.19608,6,mlp,19608,337,0
3696,11,5.resid.1022,5,resid,1022,335,0
3697,11,6.mlp.28906,6,mlp,28906,371,0
3698,11,5.resid.15173,5,resid,15173,305,0
3699,11,6.mlp.2131,6,mlp,2131,445,0
3700,11,5.resid.6208,5,resid,6208,293,0
3701,11,6.mlp.21608,6,mlp,21608,307,0
3702,11,5.resid.11261,5,resid,11261,305,0
3703,11,6.mlp.22642,6,mlp,22642,274,0
3704,11,5.resid.26094,5,resid,26094,399,0
3705,11,6.mlp.17344,6,mlp,17344,393,0
3706,11,5.resid.14528,5,resid,14528,233,2
3707,11,6.mlp.18854,6,mlp,18854,289,0
3708,11,5.resid.33586,5,resid,33586,294,0
3709,11,6.mlp.32579,6,mlp,32579,328,0
3710,11,5.resid.19849,5,resid,19849,287,0
3711,11,6.mlp.32261,6,mlp,32261,285,0
3712,11,5.resid.15184,5,resid,15184,496,0
3713,11,6.mlp.12198,6,mlp,12198,394,0
3714,11,5.resid.34138,5,resid,34138,437,0
3715,11,6.mlp.40828,6,mlp,40828,363,0
3716,11,5.resid.35443,5,resid,35443,372,0
3717,11,6.mlp.36039,6,mlp,36039,208,0
3718,11,5.resid.38417,5,resid,38417,293,0
3719,11,6.mlp.24893,6,mlp,24893,397,0
3720,11,5.resid.40638,5,resid,40638,235,0
3721,11,6.mlp.28485,6,mlp,28485,366,0
3722,11,5.resid.18637,5,resid,18637,349,0
3723,11,6.mlp.14100,6,mlp,14100,362,0
3724,11,5.resid.23326,5,resid,23326,291,0
3725,11,6.mlp.27236,6,mlp,27236,387,0
3726,11,5.resid.21368,5,resid,21368,336,0
3727,11,6.mlp.25497,6,mlp,25497,414,0
3728,11,5.resid.22795,5,resid,22795,391,0
3729,11,6.mlp.24408,6,mlp,24408,259,0
3730,11,5.resid.10465,5,resid,10465,493,0
3731,11,6.mlp.24852,6,mlp,24852,225,0
3732,11,5.resid.31149,5,resid,31149,328,0
3733,11,6.mlp.15496,6,mlp,15496,463,0
3734,11,5.resid.6332,5,resid,6332,271,0
3735,11,6.mlp.21415,6,mlp,21415,267,0
3736,11,5.resid.31263,5,resid,31263,455,0
3737,11,6.mlp.26338,6,mlp,26338,422,0
3738,11,5.resid.15883,5,resid,15883,311,0
3739,11,6.mlp.29732,6,mlp,29732,276,0
3740,11,5.resid.30088,5,resid,30088,358,0
3741,11,6.mlp.29696,6,mlp,29696,270,0
3742,11,5.resid.32453,5,resid,32453,312,0
3743,11,6.mlp.31423,6,mlp,31423,570,0
3744,11,6.attn.26015,6,attn,26015,278,2
3745,11,6.attn.26710,6,attn,26710,229,2
3746,11,6.attn.12344,6,attn,12344,178,2
3747,11,6.attn.29242,6,attn,29242,363,622
3748,11,6.attn.39232,6,attn,39232,283,2
3749,11,6.attn.40444,6,attn,40444,352,0
3750,11,6.attn.20210,6,attn,20210,193,2
3751,11,6.attn.12799,6,attn,12799,259,2
3752,11,6.attn.19432,6,attn,19432,351,2
3753,11,6.attn.11279,6,attn,11279,422,0
3754,11,6.attn.31790,6,attn,31790,267,2
3755,11,6.attn.8,6,attn,8,251,2
3756,11,6.attn.1184,6,attn,1184,272,2
3757,11,6.attn.28053,6,attn,28053,116,2
3758,11,6.attn.25611,6,attn,25611,139,0
3759,11,6.attn.32100,6,attn,32100,275,2
3760,11,6.attn.6443,6,attn,6443,395,2
3761,11,6.attn.15730,6,attn,15730,262,2
3762,11,6.attn.39724,6,attn,39724,206,2
3763,11,6.attn.33004,6,attn,33004,267,2
3764,11,6.attn.15083,6,attn,15083,204,2
3765,11,6.attn.16305,6,attn,16305,389,0
3766,11,6.attn.23340,6,attn,23340,285,2
3767,11,6.attn.19555,6,attn,19555,281,2
3768,11,6.attn.31448,6,attn,31448,312,0
3769,11,6.attn.8257,6,attn,8257,407,0
3770,11,6.attn.16960,6,attn,16960,499,0
3771,11,0.mlp.1043,0,mlp,1043,32,1
3772,12,0.mlp.20950,0,mlp,20950,9,0
3773,12,11.resid.40838,11,resid,40838,351,0
3774,12,0.mlp.37693,0,mlp,37693,55,1
3775,12,11.resid.34384,11,resid,34384,592,623
3776,12,0.mlp.34258,0,mlp,34258,25,1
3777,12,11.resid.19502,11,resid,19502,299,0
3778,12,0.mlp.959,0,mlp,959,7,0
3779,12,11.resid.34791,11,resid,34791,838,624
3780,12,0.mlp.12647,0,mlp,12647,34,1
3781,12,11.resid.9594,11,resid,9594,717,625
3782,12,0.mlp.7226,0,mlp,7226,15,1
3783,12,11.resid.36756,11,resid,36756,339,0
3784,12,0.mlp.11909,0,mlp,11909,46,1
3785,12,11.resid.21016,11,resid,21016,491,0
3786,12,0.mlp.33931,0,mlp,33931,25,1
3787,12,11.resid.3936,11,resid,3936,684,626
3788,12,0.mlp.35822,0,mlp,35822,11,0
3789,12,11.resid.326,11,resid,326,517,627
3790,12,0.mlp.20194,0,mlp,20194,8,0
3791,12,11.resid.8003,11,resid,8003,307,0
3792,12,0.mlp.34425,0,mlp,34425,20,1
3793,12,11.resid.30441,11,resid,30441,564,628
3794,12,0.mlp.16208,0,mlp,16208,9,0
3795,12,11.resid.962,11,resid,962,524,629
3796,12,0.mlp.33229,0,mlp,33229,31,1
3797,12,11.resid.35534,11,resid,35534,691,630
3798,12,0.mlp.34669,0,mlp,34669,90,1
3799,12,11.resid.8678,11,resid,8678,567,631
3800,12,0.mlp.4821,0,mlp,4821,25,1
3801,12,11.resid.13428,11,resid,13428,576,632
3802,12,0.mlp.26864,0,mlp,26864,6,0
3803,12,11.resid.27714,11,resid,27714,648,633
3804,12,0.mlp.5196,0,mlp,5196,8,0
3805,12,11.resid.7575,11,resid,7575,285,0
3806,12,0.mlp.27605,0,mlp,27605,8,0
3807,12,11.resid.22717,11,resid,22717,435,0
3808,12,0.mlp.27979,0,mlp,27979,33,1
3809,12,11.resid.12492,11,resid,12492,688,634
3810,12,0.mlp.681,0,mlp,681,15,1
3811,12,11.resid.4888,11,resid,4888,234,0
3812,12,0.mlp.12412,0,mlp,12412,24,1
3813,12,11.resid.17714,11,resid,17714,397,0
3814,12,0.mlp.9400,0,mlp,9400,25,1
3815,12,11.resid.7111,11,resid,7111,310,0
3816,12,0.mlp.4526,0,mlp,4526,8,0
3817,12,11.resid.15522,11,resid,15522,391,0
3818,12,0.mlp.40873,0,mlp,40873,24,1
3819,12,11.resid.11020,11,resid,11020,514,635
3820,12,0.mlp.31382,0,mlp,31382,79,1
3821,12,11.resid.5047,11,resid,5047,289,0
3822,12,0.mlp.30553,0,mlp,30553,11,0
3823,12,11.resid.23147,11,resid,23147,260,0
3824,12,0.mlp.8187,0,mlp,8187,23,1
3825,12,11.resid.18587,11,resid,18587,288,0
3826,12,0.mlp.11463,0,mlp,11463,15,1
3827,12,11.resid.33267,11,resid,33267,801,636
3828,12,0.resid.18765,0,resid,18765,75,1
3829,12,11.mlp.1225,11,mlp,1225,396,0
3830,12,0.resid.33760,0,resid,33760,8,0
3831,12,11.mlp.14648,11,mlp,14648,330,0
3832,12,0.resid.21319,0,resid,21319,39,1
3833,12,11.mlp.38674,11,mlp,38674,283,0
3834,12,0.resid.20314,0,resid,20314,37,1
3835,12,11.mlp.6370,11,mlp,6370,730,637
3836,12,0.resid.2461,0,resid,2461,27,1
3837,12,11.mlp.36944,11,mlp,36944,367,0
3838,12,0.resid.18294,0,resid,18294,10,0
3839,12,11.mlp.6959,11,mlp,6959,551,638
3840,12,0.resid.15147,0,resid,15147,25,1
3841,12,11.mlp.31945,11,mlp,31945,419,0
3842,12,0.resid.9841,0,resid,9841,42,1
3843,12,11.mlp.36869,11,mlp,36869,593,639
3844,12,0.resid.36161,0,resid,36161,66,1
3845,12,11.mlp.6922,11,mlp,6922,376,0
3846,12,0.resid.36574,0,resid,36574,16,0
3847,12,11.mlp.2372,11,mlp,2372,407,0
3848,12,0.resid.270,0,resid,270,21,1
3849,12,11.mlp.20292,11,mlp,20292,330,0
3850,12,0.resid.18570,0,resid,18570,33,0
3851,12,11.mlp.19544,11,mlp,19544,245,0
3852,12,0.resid.25689,0,resid,25689,27,1
3853,12,11.mlp.27205,11,mlp,27205,376,0
3854,12,0.resid.2910,0,resid,2910,10,0
3855,12,11.mlp.28054,11,mlp,28054,550,0
3856,12,0.resid.2347,0,resid,2347,154,1
3857,12,11.mlp.33114,11,mlp,33114,580,640
3858,12,0.resid.13681,0,resid,13681,40,1
3859,12,11.mlp.5609,11,mlp,5609,284,0
3860,12,0.resid.31236,0,resid,31236,25,1
3861,12,11.mlp.30415,11,mlp,30415,394,0
3862,12,0.resid.16278,0,resid,16278,34,1
3863,12,11.mlp.31072,11,mlp,31072,357,0
3864,12,0.resid.26330,0,resid,26330,25,1
3865,12,11.mlp.7495,11,mlp,7495,533,641
3866,12,0.resid.7491,0,resid,7491,34,1
3867,12,11.mlp.37919,11,mlp,37919,707,642
3868,12,0.resid.8566,0,resid,8566,130,1
3869,12,11.mlp.28367,11,mlp,28367,306,0
3870,12,0.resid.31862,0,resid,31862,46,1
3871,12,11.mlp.32305,11,mlp,32305,500,0
3872,12,0.resid.37901,0,resid,37901,19,0
3873,12,11.mlp.17156,11,mlp,17156,376,0
3874,12,0.resid.11029,0,resid,11029,86,1
3875,12,11.mlp.29381,11,mlp,29381,507,0
3876,12,0.resid.10347,0,resid,10347,101,1
3877,12,11.mlp.21136,11,mlp,21136,661,643
3878,12,0.resid.19773,0,resid,19773,18,1
3879,12,11.mlp.37849,11,mlp,37849,599,644
3880,12,0.resid.11812,0,resid,11812,137,1
3881,12,11.mlp.39759,11,mlp,39759,510,0
3882,12,0.resid.34026,0,resid,34026,78,1
3883,12,11.mlp.33563,11,mlp,33563,419,0
3884,12,0.resid.39330,0,resid,39330,47,1
3885,12,11.mlp.35410,11,mlp,35410,563,645
3886,12,1.attn.24685,1,attn,24685,93,1
3887,12,11.attn.3084,11,attn,3084,198,0
3888,12,1.attn.16012,1,attn,16012,119,1
3889,12,11.attn.15133,11,attn,15133,314,2
3890,12,11.attn.21022,11,attn,21022,421,0
3891,12,1.attn.649,1,attn,649,93,1
3892,12,11.attn.17627,11,attn,17627,208,0
3893,12,11.attn.30099,11,attn,30099,248,0
3894,12,11.attn.21382,11,attn,21382,402,0
3895,12,11.attn.32290,11,attn,32290,513,0
3896,12,11.attn.30586,11,attn,30586,442,0
3897,12,11.attn.3366,11,attn,3366,606,646
3898,12,11.attn.24028,11,attn,24028,405,0
3899,12,1.attn.27315,1,attn,27315,50,0
3900,12,11.attn.32488,11,attn,32488,378,0
3901,12,11.attn.33061,11,attn,33061,513,0
3902,12,1.attn.40817,1,attn,40817,66,1
3903,12,11.attn.24685,11,attn,24685,340,0
3904,12,1.attn.27154,1,attn,27154,111,1
3905,12,11.attn.6710,11,attn,6710,445,2
3906,12,11.attn.7879,11,attn,7879,501,647
3907,12,11.attn.15279,11,attn,15279,350,0
3908,12,11.attn.4039,11,attn,4039,287,0
3909,12,11.attn.12898,11,attn,12898,389,2
3910,12,11.attn.23067,11,attn,23067,490,0
3911,12,11.attn.16685,11,attn,16685,453,0
3912,12,11.attn.21917,11,attn,21917,251,2
3913,12,11.attn.22843,11,attn,22843,366,0
3914,12,11.attn.26260,11,attn,26260,388,2
3915,12,11.attn.27088,11,attn,27088,275,0
3916,12,1.attn.34198,1,attn,34198,147,1
3917,12,11.attn.21483,11,attn,21483,217,0
3918,12,11.attn.23743,11,attn,23743,498,0
3919,12,1.attn.7573,1,attn,7573,56,1
3920,12,11.attn.1034,11,attn,1034,404,2
3921,12,1.mlp.422,1,mlp,422,104,1
3922,12,10.resid.27537,10,resid,27537,673,648
3923,12,1.mlp.25868,1,mlp,25868,94,1
3924,12,10.resid.1770,10,resid,1770,542,0
3925,12,1.mlp.21597,1,mlp,21597,145,1
3926,12,10.resid.22820,10,resid,22820,389,0
3927,12,1.mlp.23758,1,mlp,23758,109,1
3928,12,10.resid.15036,10,resid,15036,452,0
3929,12,1.mlp.20028,1,mlp,20028,71,1
3930,12,10.resid.29479,10,resid,29479,512,0
3931,12,1.mlp.23601,1,mlp,23601,147,1
3932,12,10.resid.9668,10,resid,9668,692,649
3933,12,1.mlp.2790,1,mlp,2790,80,1
3934,12,10.resid.10184,10,resid,10184,722,650
3935,12,1.mlp.22357,1,mlp,22357,175,1
3936,12,10.resid.11632,10,resid,11632,603,651
3937,12,1.mlp.6982,1,mlp,6982,72,1
3938,12,10.resid.3485,10,resid,3485,728,652
3939,12,1.mlp.21315,1,mlp,21315,108,1
3940,12,10.resid.25490,10,resid,25490,698,653
3941,12,1.mlp.39226,1,mlp,39226,124,1
3942,12,10.resid.28171,10,resid,28171,514,0
3943,12,1.mlp.3317,1,mlp,3317,90,1
3944,12,10.resid.36405,10,resid,36405,361,0
3945,12,1.mlp.17829,1,mlp,17829,214,0
3946,12,10.resid.16860,10,resid,16860,576,654
3947,12,1.mlp.27666,1,mlp,27666,92,1
3948,12,10.resid.10491,10,resid,10491,605,655
3949,12,1.mlp.19092,1,mlp,19092,227,0
3950,12,10.resid.40502,10,resid,40502,757,656
3951,12,1.mlp.21188,1,mlp,21188,261,0
3952,12,10.resid.24849,10,resid,24849,522,0
3953,12,1.mlp.17032,1,mlp,17032,106,1
3954,12,10.resid.5160,10,resid,5160,600,657
3955,12,1.mlp.7349,1,mlp,7349,145,1
3956,12,10.resid.25533,10,resid,25533,472,0
3957,12,1.mlp.32604,1,mlp,32604,136,1
3958,12,10.resid.23850,10,resid,23850,815,658
3959,12,1.mlp.2963,1,mlp,2963,89,1
3960,12,10.resid.33994,10,resid,33994,788,659
3961,12,1.mlp.588,1,mlp,588,123,1
3962,12,10.resid.26664,10,resid,26664,499,0
3963,12,1.mlp.19941,1,mlp,19941,251,0
3964,12,10.resid.9348,10,resid,9348,593,660
3965,12,1.mlp.438,1,mlp,438,177,1
3966,12,10.resid.839,10,resid,839,509,0
3967,12,1.mlp.28766,1,mlp,28766,172,1
3968,12,10.resid.27563,10,resid,27563,990,661
3969,12,1.mlp.17070,1,mlp,17070,91,1
3970,12,10.resid.13333,10,resid,13333,396,2
3971,12,1.mlp.13418,1,mlp,13418,216,0
3972,12,10.resid.23442,10,resid,23442,219,2
3973,12,1.mlp.11198,1,mlp,11198,93,1
3974,12,10.resid.40364,10,resid,40364,697,662
3975,12,1.mlp.18095,1,mlp,18095,111,1
3976,12,10.resid.24175,10,resid,24175,656,663
3977,12,1.resid.22381,1,resid,22381,73,1
3978,12,10.resid.36026,10,resid,36026,520,664
3979,12,1.resid.13551,1,resid,13551,97,1
3980,12,10.mlp.40274,10,mlp,40274,658,665
3981,12,1.resid.4533,1,resid,4533,110,1
3982,12,10.mlp.32849,10,mlp,32849,479,0
3983,12,1.resid.20090,1,resid,20090,57,1
3984,12,10.mlp.7316,10,mlp,7316,439,0
3985,12,1.resid.18041,1,resid,18041,112,1
3986,12,10.mlp.11131,10,mlp,11131,559,0
3987,12,1.resid.35271,1,resid,35271,60,1
3988,12,10.mlp.23525,10,mlp,23525,580,666
3989,12,1.resid.31085,1,resid,31085,53,1
3990,12,10.mlp.34922,10,mlp,34922,453,0
3991,12,1.resid.10288,1,resid,10288,117,1
3992,12,10.mlp.38259,10,mlp,38259,421,0
3993,12,1.resid.18072,1,resid,18072,54,1
3994,12,10.mlp.39376,10,mlp,39376,622,667
3995,12,1.resid.14844,1,resid,14844,68,1
3996,12,10.mlp.34588,10,mlp,34588,607,668
3997,12,1.resid.15968,1,resid,15968,167,1
3998,12,10.mlp.25462,10,mlp,25462,294,0
3999,12,1.resid.26931,1,resid,26931,93,1
4000,12,10.mlp.5059,10,mlp,5059,284,0
4001,12,1.resid.19694,1,resid,19694,229,0
4002,12,10.mlp.5000,10,mlp,5000,616,669
4003,12,1.resid.32159,1,resid,32159,55,1
4004,12,10.mlp.16789,10,mlp,16789,552,0
4005,12,1.resid.34977,1,resid,34977,143,1
4006,12,10.mlp.38434,10,mlp,38434,576,670
4007,12,1.resid.36525,1,resid,36525,96,1
4008,12,10.mlp.37051,10,mlp,37051,525,0
4009,12,1.resid.2867,1,resid,2867,69,1
4010,12,10.mlp.37647,10,mlp,37647,427,0
4011,12,1.resid.4406,1,resid,4406,117,1
4012,12,10.mlp.18097,10,mlp,18097,468,0
4013,12,1.resid.26305,1,resid,26305,56,2
4014,12,10.mlp.5068,10,mlp,5068,615,671
4015,12,1.resid.27724,1,resid,27724,169,1
4016,12,10.mlp.38607,10,mlp,38607,295,0
4017,12,1.resid.15176,1,resid,15176,43,2
4018,12,10.mlp.21997,10,mlp,21997,407,0
4019,12,1.resid.10696,1,resid,10696,67,1
4020,12,10.mlp.24299,10,mlp,24299,353,0
4021,12,1.resid.5471,1,resid,5471,55,1
4022,12,10.mlp.13720,10,mlp,13720,537,0
4023,12,1.resid.18788,1,resid,18788,102,1
4024,12,10.mlp.23403,10,mlp,23403,473,672
4025,12,1.resid.36652,1,resid,36652,86,1
4026,12,10.mlp.9751,10,mlp,9751,551,0
4027,12,1.resid.26198,1,resid,26198,178,0
4028,12,10.mlp.27021,10,mlp,27021,573,673
4029,12,1.resid.30212,1,resid,30212,87,1
4030,12,10.mlp.24731,10,mlp,24731,518,674
4031,12,1.resid.15261,1,resid,15261,118,1
4032,12,10.mlp.1682,10,mlp,1682,518,0
4033,12,1.resid.6584,1,resid,6584,84,1
4034,12,10.mlp.27080,10,mlp,27080,378,0
4035,12,10.attn.13758,10,attn,13758,589,675
4036,12,2.attn.32852,2,attn,32852,106,2
4037,12,10.attn.23985,10,attn,23985,457,0
4038,12,10.attn.8523,10,attn,8523,661,676
4039,12,2.attn.2518,2,attn,2518,171,0
4040,12,10.attn.34111,10,attn,34111,954,677
4041,12,10.attn.38751,10,attn,38751,603,678
4042,12,10.attn.38563,10,attn,38563,377,2
4043,12,2.attn.21293,2,attn,21293,92,2
4044,12,10.attn.12730,10,attn,12730,333,0
4045,12,10.attn.11330,10,attn,11330,527,0
4046,12,2.attn.29959,2,attn,29959,142,2
4047,12,10.attn.19205,10,attn,19205,234,2
4048,12,2.attn.5611,2,attn,5611,141,1
4049,12,10.attn.30312,10,attn,30312,235,2
4050,12,10.attn.3953,10,attn,3953,446,0
4051,12,2.attn.37256,2,attn,37256,135,1
4052,12,10.attn.17381,10,attn,17381,454,0
4053,12,2.attn.38344,2,attn,38344,167,1
4054,12,10.attn.16070,10,attn,16070,269,0
4055,12,2.attn.2689,2,attn,2689,123,2
4056,12,10.attn.27853,10,attn,27853,663,679
4057,12,2.attn.26969,2,attn,26969,276,0
4058,12,10.attn.16271,10,attn,16271,308,0
4059,12,2.attn.22674,2,attn,22674,55,0
4060,12,10.attn.38472,10,attn,38472,385,0
4061,12,2.attn.12290,2,attn,12290,113,2
4062,12,10.attn.27934,10,attn,27934,316,0
4063,12,2.attn.10251,2,attn,10251,142,2
4064,12,10.attn.29010,10,attn,29010,615,680
4065,12,2.attn.3921,2,attn,3921,93,1
4066,12,10.attn.18828,10,attn,18828,912,681
4067,12,2.attn.11536,2,attn,11536,179,2
4068,12,10.attn.5811,10,attn,5811,650,682
4069,12,2.attn.17966,2,attn,17966,125,2
4070,12,10.attn.6771,10,attn,6771,588,683
4071,12,10.attn.35886,10,attn,35886,293,2
4072,12,2.attn.9167,2,attn,9167,130,2
4073,12,10.attn.34645,10,attn,34645,325,2
4074,12,2.attn.16005,2,attn,16005,124,2
4075,12,10.attn.26472,10,attn,26472,313,0
4076,12,2.attn.38848,2,attn,38848,182,2
4077,12,10.attn.12081,10,attn,12081,678,684
4078,12,10.attn.27744,10,attn,27744,536,0
4079,12,2.mlp.38670,2,mlp,38670,102,1
4080,12,10.attn.28202,10,attn,28202,886,685
4081,12,2.mlp.15179,2,mlp,15179,96,1
4082,12,9.resid.22501,9,resid,22501,627,686
4083,12,2.mlp.30546,2,mlp,30546,194,0
4084,12,9.resid.30382,9,resid,30382,511,0
4085,12,2.mlp.21399,2,mlp,21399,183,0
4086,12,9.resid.30334,9,resid,30334,637,687
4087,12,2.mlp.2261,2,mlp,2261,144,0
4088,12,9.resid.67,9,resid,67,547,688
4089,12,2.mlp.40349,2,mlp,40349,233,0
4090,12,9.resid.33467,9,resid,33467,631,689
4091,12,2.mlp.10615,2,mlp,10615,282,0
4092,12,9.resid.27657,9,resid,27657,721,690
4093,12,2.mlp.3277,2,mlp,3277,165,0
4094,12,9.resid.13754,9,resid,13754,470,0
4095,12,2.mlp.4441,2,mlp,4441,228,0
4096,12,9.resid.14557,9,resid,14557,442,0
4097,12,2.mlp.20771,2,mlp,20771,126,1
4098,12,9.resid.32706,9,resid,32706,546,691
4099,12,2.mlp.26053,2,mlp,26053,171,0
4100,12,9.resid.15376,9,resid,15376,469,0
4101,12,2.mlp.3015,2,mlp,3015,145,2
4102,12,9.resid.2866,9,resid,2866,526,692
4103,12,2.mlp.35507,2,mlp,35507,134,1
4104,12,9.resid.34177,9,resid,34177,542,0
4105,12,2.mlp.19586,2,mlp,19586,232,0
4106,12,9.resid.7978,9,resid,7978,688,693
4107,12,2.mlp.36540,2,mlp,36540,292,0
4108,12,9.resid.21288,9,resid,21288,460,0
4109,12,2.mlp.24185,2,mlp,24185,112,1
4110,12,9.resid.37933,9,resid,37933,483,0
4111,12,2.mlp.32296,2,mlp,32296,137,1
4112,12,9.resid.9327,9,resid,9327,380,0
4113,12,2.mlp.23149,2,mlp,23149,306,0
4114,12,9.resid.2062,9,resid,2062,646,694
4115,12,2.mlp.35053,2,mlp,35053,169,0
4116,12,9.resid.31602,9,resid,31602,710,695
4117,12,2.mlp.32556,2,mlp,32556,149,0
4118,12,9.resid.30267,9,resid,30267,552,696
4119,12,2.mlp.37287,2,mlp,37287,161,2
4120,12,9.resid.24686,9,resid,24686,449,0
4121,12,2.mlp.4251,2,mlp,4251,214,0
4122,12,9.resid.15739,9,resid,15739,455,0
4123,12,2.mlp.27528,2,mlp,27528,147,1
4124,12,9.resid.33368,9,resid,33368,612,697
4125,12,2.mlp.10761,2,mlp,10761,234,2
4126,12,9.resid.35230,9,resid,35230,585,698
4127,12,2.mlp.36494,2,mlp,36494,203,0
4128,12,9.resid.9145,9,resid,9145,455,0
4129,12,2.mlp.11732,2,mlp,11732,219,0
4130,12,9.resid.11417,9,resid,11417,663,699
4131,12,2.mlp.35695,2,mlp,35695,200,0
4132,12,9.resid.9332,9,resid,9332,576,700
4133,12,2.mlp.39995,2,mlp,39995,168,0
4134,12,9.resid.39619,9,resid,39619,588,701
4135,12,2.mlp.35133,2,mlp,35133,141,1
4136,12,9.resid.8761,9,resid,8761,638,702
4137,12,2.resid.12143,2,resid,12143,85,1
4138,12,9.mlp.21504,9,mlp,21504,619,703
4139,12,2.resid.10415,2,resid,10415,164,1
4140,12,9.mlp.12695,9,mlp,12695,744,704
4141,12,2.resid.29259,2,resid,29259,106,1
4142,12,9.mlp.36872,9,mlp,36872,470,0
4143,12,2.resid.22077,2,resid,22077,224,0
4144,12,9.mlp.28058,9,mlp,28058,455,705
4145,12,2.resid.6444,2,resid,6444,148,1
4146,12,9.mlp.37206,9,mlp,37206,380,0
4147,12,2.resid.7349,2,resid,7349,186,0
4148,12,9.mlp.24426,9,mlp,24426,638,706
4149,12,2.resid.32809,2,resid,32809,168,0
4150,12,9.mlp.27970,9,mlp,27970,393,0
4151,12,2.resid.14946,2,resid,14946,107,1
4152,12,9.mlp.18697,9,mlp,18697,404,0
4153,12,2.resid.28539,2,resid,28539,176,1
4154,12,9.mlp.20312,9,mlp,20312,311,0
4155,12,2.resid.32561,2,resid,32561,135,1
4156,12,9.mlp.33549,9,mlp,33549,498,0
4157,12,2.resid.33970,2,resid,33970,122,1
4158,12,9.mlp.26252,9,mlp,26252,576,707
4159,12,2.resid.34339,2,resid,34339,139,1
4160,12,9.mlp.1674,9,mlp,1674,203,0
4161,12,2.resid.15965,2,resid,15965,73,2
4162,12,9.mlp.850,9,mlp,850,427,0
4163,12,2.resid.18905,2,resid,18905,101,1
4164,12,9.mlp.24019,9,mlp,24019,533,0
4165,12,2.resid.31565,2,resid,31565,103,1
4166,12,9.mlp.40383,9,mlp,40383,475,0
4167,12,2.resid.40246,2,resid,40246,84,1
4168,12,9.mlp.5125,9,mlp,5125,510,0
4169,12,2.resid.12892,2,resid,12892,162,1
4170,12,9.mlp.3267,9,mlp,3267,388,0
4171,12,2.resid.2200,2,resid,2200,174,0
4172,12,9.mlp.1468,9,mlp,1468,389,0
4173,12,2.resid.14749,2,resid,14749,196,0
4174,12,9.mlp.11734,9,mlp,11734,493,0
4175,12,2.resid.37505,2,resid,37505,173,0
4176,12,9.mlp.36033,9,mlp,36033,645,708
4177,12,2.resid.22066,2,resid,22066,188,0
4178,12,9.mlp.12279,9,mlp,12279,692,709
4179,12,2.resid.901,2,resid,901,105,1
4180,12,9.mlp.21695,9,mlp,21695,462,0
4181,12,2.resid.38609,2,resid,38609,203,0
4182,12,9.mlp.4459,9,mlp,4459,392,0
4183,12,2.resid.13159,2,resid,13159,172,0
4184,12,9.mlp.33426,9,mlp,33426,624,710
4185,12,2.resid.11786,2,resid,11786,103,1
4186,12,9.mlp.12523,9,mlp,12523,553,0
4187,12,2.resid.18299,2,resid,18299,93,1
4188,12,9.mlp.36317,9,mlp,36317,360,0
4189,12,2.resid.40723,2,resid,40723,114,1
4190,12,9.mlp.28133,9,mlp,28133,689,711
4191,12,2.resid.17493,2,resid,17493,142,1
4192,12,9.mlp.2380,9,mlp,2380,526,0
4193,12,3.attn.28362,3,attn,28362,231,2
4194,12,9.attn.32335,9,attn,32335,542,0
4195,12,3.attn.40378,3,attn,40378,148,2
4196,12,9.attn.26259,9,attn,26259,301,2
4197,12,3.attn.29455,3,attn,29455,251,0
4198,12,9.attn.32429,9,attn,32429,321,0
4199,12,3.attn.24796,3,attn,24796,155,2
4200,12,9.attn.15708,9,attn,15708,548,712
4201,12,3.attn.33020,3,attn,33020,188,2
4202,12,9.attn.22384,9,attn,22384,626,713
4203,12,3.attn.18515,3,attn,18515,268,2
4204,12,9.attn.19283,9,attn,19283,253,2
4205,12,3.attn.4371,3,attn,4371,321,0
4206,12,9.attn.35915,9,attn,35915,244,0
4207,12,3.attn.32355,3,attn,32355,141,2
4208,12,9.attn.11003,9,attn,11003,116,0
4209,12,3.attn.27127,3,attn,27127,235,0
4210,12,9.attn.14510,9,attn,14510,428,0
4211,12,3.attn.17933,3,attn,17933,201,2
4212,12,9.attn.418,9,attn,418,315,0
4213,12,3.attn.35304,3,attn,35304,188,2
4214,12,9.attn.27749,9,attn,27749,678,714
4215,12,3.attn.31852,3,attn,31852,162,2
4216,12,9.attn.24553,9,attn,24553,290,0
4217,12,3.attn.26549,3,attn,26549,220,2
4218,12,9.attn.40012,9,attn,40012,428,0
4219,12,3.attn.33305,3,attn,33305,186,2
4220,12,9.attn.13554,9,attn,13554,666,715
4221,12,3.attn.12516,3,attn,12516,157,2
4222,12,9.attn.27077,9,attn,27077,273,2
4223,12,3.attn.37629,3,attn,37629,385,0
4224,12,9.attn.5627,9,attn,5627,191,0
4225,12,3.attn.25084,3,attn,25084,234,0
4226,12,9.attn.28659,9,attn,28659,343,2
4227,12,3.attn.20903,3,attn,20903,340,2
4228,12,9.attn.15018,9,attn,15018,197,2
4229,12,3.attn.7021,3,attn,7021,201,2
4230,12,9.attn.18609,9,attn,18609,339,0
4231,12,3.attn.30674,3,attn,30674,211,2
4232,12,9.attn.20456,9,attn,20456,460,0
4233,12,3.attn.39570,3,attn,39570,248,2
4234,12,9.attn.36968,9,attn,36968,567,0
4235,12,3.attn.32191,3,attn,32191,217,2
4236,12,9.attn.40262,9,attn,40262,315,0
4237,12,3.attn.18566,3,attn,18566,260,2
4238,12,9.attn.36148,9,attn,36148,232,2
4239,12,3.attn.15414,3,attn,15414,176,0
4240,12,9.attn.39877,9,attn,39877,354,0
4241,12,3.attn.22336,3,attn,22336,96,2
4242,12,9.attn.30451,9,attn,30451,667,716
4243,12,3.attn.7798,3,attn,7798,173,2
4244,12,9.attn.1504,9,attn,1504,333,0
4245,12,3.attn.343,3,attn,343,105,2
4246,12,9.attn.17708,9,attn,17708,745,717
4247,12,3.attn.20802,3,attn,20802,162,2
4248,12,9.attn.24510,9,attn,24510,650,718
4249,12,3.attn.15383,3,attn,15383,158,2
4250,12,9.attn.11899,9,attn,11899,268,2
4251,12,3.mlp.32827,3,mlp,32827,127,1
4252,12,8.resid.31948,8,resid,31948,492,0
4253,12,3.mlp.33337,3,mlp,33337,373,0
4254,12,8.resid.8012,8,resid,8012,269,2
4255,12,3.mlp.24963,3,mlp,24963,167,2
4256,12,8.resid.2989,8,resid,2989,356,0
4257,12,3.mlp.6459,3,mlp,6459,268,0
4258,12,8.resid.2943,8,resid,2943,458,0
4259,12,3.mlp.11141,3,mlp,11141,302,0
4260,12,8.resid.9121,8,resid,9121,442,0
4261,12,3.mlp.13240,3,mlp,13240,204,0
4262,12,8.resid.15479,8,resid,15479,690,719
4263,12,3.mlp.16606,3,mlp,16606,265,0
4264,12,8.resid.22769,8,resid,22769,297,0
4265,12,3.mlp.33690,3,mlp,33690,225,0
4266,12,8.resid.33602,8,resid,33602,455,0
4267,12,3.mlp.25339,3,mlp,25339,190,0
4268,12,8.resid.11538,8,resid,11538,364,2
4269,12,3.mlp.19066,3,mlp,19066,189,0
4270,12,8.resid.30610,8,resid,30610,583,720
4271,12,3.mlp.1316,3,mlp,1316,227,0
4272,12,8.resid.7195,8,resid,7195,391,0
4273,12,3.mlp.16748,3,mlp,16748,218,0
4274,12,8.resid.18722,8,resid,18722,769,721
4275,12,3.mlp.28798,3,mlp,28798,314,0
4276,12,8.resid.20955,8,resid,20955,495,0
4277,12,3.mlp.13246,3,mlp,13246,267,0
4278,12,8.resid.28109,8,resid,28109,498,0
4279,12,3.mlp.24969,3,mlp,24969,234,0
4280,12,8.resid.2332,8,resid,2332,402,0
4281,12,3.mlp.30436,3,mlp,30436,257,0
4282,12,8.resid.10356,8,resid,10356,553,0
4283,12,3.mlp.34487,3,mlp,34487,197,0
4284,12,8.resid.23038,8,resid,23038,147,2
4285,12,3.mlp.29828,3,mlp,29828,194,0
4286,12,8.resid.39798,8,resid,39798,444,0
4287,12,3.mlp.4381,3,mlp,4381,219,0
4288,12,8.resid.306,8,resid,306,873,722
4289,12,3.mlp.38752,3,mlp,38752,322,0
4290,12,8.resid.38789,8,resid,38789,609,723
4291,12,3.mlp.32185,3,mlp,32185,204,0
4292,12,8.resid.27466,8,resid,27466,677,724
4293,12,3.mlp.37441,3,mlp,37441,305,0
4294,12,8.resid.28710,8,resid,28710,674,725
4295,12,3.mlp.34524,3,mlp,34524,433,726
4296,12,8.resid.35938,8,resid,35938,502,727
4297,12,3.mlp.20068,3,mlp,20068,226,0
4298,12,8.resid.31262,8,resid,31262,604,728
4299,12,3.mlp.31157,3,mlp,31157,250,0
4300,12,8.resid.20141,8,resid,20141,542,0
4301,12,3.mlp.14740,3,mlp,14740,270,0
4302,12,8.resid.17752,8,resid,17752,567,729
4303,12,3.mlp.37220,3,mlp,37220,308,0
4304,12,8.resid.40031,8,resid,40031,474,0
4305,12,3.mlp.23064,3,mlp,23064,201,0
4306,12,8.resid.17970,8,resid,17970,436,0
4307,12,3.resid.8003,3,resid,8003,191,0
4308,12,8.mlp.1933,8,mlp,1933,580,730
4309,12,3.resid.21378,3,resid,21378,242,0
4310,12,8.mlp.34398,8,mlp,34398,367,0
4311,12,3.resid.268,3,resid,268,183,0
4312,12,8.mlp.5041,8,mlp,5041,524,0
4313,12,3.resid.37731,3,resid,37731,225,0
4314,12,8.mlp.27575,8,mlp,27575,403,0
4315,12,3.resid.33098,3,resid,33098,226,0
4316,12,8.mlp.9675,8,mlp,9675,512,0
4317,12,3.resid.107,3,resid,107,253,0
4318,12,8.mlp.18152,8,mlp,18152,402,0
4319,12,3.resid.343,3,resid,343,277,0
4320,12,8.mlp.5713,8,mlp,5713,635,731
4321,12,3.resid.31435,3,resid,31435,176,0
4322,12,8.mlp.25928,8,mlp,25928,481,732
4323,12,3.resid.13477,3,resid,13477,329,0
4324,12,8.mlp.24835,8,mlp,24835,417,0
4325,12,3.resid.31232,3,resid,31232,300,0
4326,12,8.mlp.4964,8,mlp,4964,676,733
4327,12,3.resid.8362,3,resid,8362,248,0
4328,12,8.mlp.18809,8,mlp,18809,304,0
4329,12,3.resid.26586,3,resid,26586,285,0
4330,12,8.mlp.16100,8,mlp,16100,606,734
4331,12,3.resid.9555,3,resid,9555,304,0
4332,12,8.mlp.19703,8,mlp,19703,306,0
4333,12,3.resid.24470,3,resid,24470,224,0
4334,12,8.mlp.12450,8,mlp,12450,380,0
4335,12,3.resid.39808,3,resid,39808,184,0
4336,12,8.mlp.39761,8,mlp,39761,513,0
4337,12,3.resid.31187,3,resid,31187,159,0
4338,12,8.mlp.22303,8,mlp,22303,415,0
4339,12,3.resid.12890,3,resid,12890,261,0
4340,12,8.mlp.5176,8,mlp,5176,236,2
4341,12,3.resid.17147,3,resid,17147,253,0
4342,12,8.mlp.29780,8,mlp,29780,534,0
4343,12,3.resid.6349,3,resid,6349,177,0
4344,12,8.mlp.10460,8,mlp,10460,447,0
4345,12,3.resid.24203,3,resid,24203,149,0
4346,12,8.mlp.34993,8,mlp,34993,524,0
4347,12,3.resid.28711,3,resid,28711,232,0
4348,12,8.mlp.31678,8,mlp,31678,336,0
4349,12,3.resid.23549,3,resid,23549,302,0
4350,12,8.mlp.14367,8,mlp,14367,540,0
4351,12,3.resid.23828,3,resid,23828,174,0
4352,12,8.mlp.38793,8,mlp,38793,372,0
4353,12,3.resid.27526,3,resid,27526,166,0
4354,12,8.mlp.34156,8,mlp,34156,359,0
4355,12,3.resid.20552,3,resid,20552,335,0
4356,12,8.mlp.2347,8,mlp,2347,325,0
4357,12,3.resid.36498,3,resid,36498,211,0
4358,12,8.mlp.8486,8,mlp,8486,401,0
4359,12,3.resid.20105,3,resid,20105,322,0
4360,12,8.mlp.3540,8,mlp,3540,317,0
4361,12,3.resid.10348,3,resid,10348,196,0
4362,12,8.mlp.1408,8,mlp,1408,490,0
4363,12,3.resid.2530,3,resid,2530,155,1
4364,12,8.mlp.3108,8,mlp,3108,416,0
4365,12,4.attn.21714,4,attn,21714,114,2
4366,12,4.attn.40209,4,attn,40209,170,2
4367,12,4.attn.20535,4,attn,20535,229,2
4368,12,8.attn.9668,8,attn,9668,409,2
4369,12,4.attn.10322,4,attn,10322,345,0
4370,12,8.attn.27448,8,attn,27448,471,0
4371,12,4.attn.16510,4,attn,16510,161,2
4372,12,4.attn.3304,4,attn,3304,282,0
4373,12,8.attn.35427,8,attn,35427,411,0
4374,12,4.attn.37603,4,attn,37603,242,0
4375,12,8.attn.18215,8,attn,18215,326,0
4376,12,4.attn.816,4,attn,816,193,2
4377,12,8.attn.32353,8,attn,32353,550,0
4378,12,4.attn.24323,4,attn,24323,182,2
4379,12,8.attn.25639,8,attn,25639,397,0
4380,12,4.attn.9539,4,attn,9539,231,2
4381,12,4.attn.37391,4,attn,37391,343,0
4382,12,8.attn.14368,8,attn,14368,298,2
4383,12,4.attn.31338,4,attn,31338,269,0
4384,12,8.attn.40464,8,attn,40464,441,0
4385,12,4.attn.7632,4,attn,7632,127,2
4386,12,4.attn.4737,4,attn,4737,154,2
4387,12,4.attn.36775,4,attn,36775,233,2
4388,12,8.attn.10827,8,attn,10827,165,0
4389,12,4.attn.27305,4,attn,27305,248,2
4390,12,8.attn.15090,8,attn,15090,398,0
4391,12,4.attn.5394,4,attn,5394,196,2
4392,12,4.attn.19096,4,attn,19096,146,2
4393,12,8.attn.30603,8,attn,30603,282,2
4394,12,4.attn.38496,4,attn,38496,313,0
4395,12,8.attn.36290,8,attn,36290,241,2
4396,12,4.attn.1581,4,attn,1581,319,0
4397,12,8.attn.8653,8,attn,8653,600,735
4398,12,4.attn.12276,4,attn,12276,224,0
4399,12,8.attn.36760,8,attn,36760,204,2
4400,12,4.attn.11949,4,attn,11949,251,0
4401,12,8.attn.8385,8,attn,8385,461,0
4402,12,4.attn.4103,4,attn,4103,219,2
4403,12,4.attn.16464,4,attn,16464,460,0
4404,12,8.attn.31764,8,attn,31764,543,736
4405,12,4.attn.36281,4,attn,36281,285,0
4406,12,8.attn.14699,8,attn,14699,631,737
4407,12,4.attn.35142,4,attn,35142,264,2
4408,12,8.attn.30489,8,attn,30489,661,738
4409,12,4.attn.20681,4,attn,20681,369,0
4410,12,4.attn.13528,4,attn,13528,184,2
4411,12,4.mlp.27791,4,mlp,27791,209,0
4412,12,7.resid.4835,7,resid,4835,410,0
4413,12,4.mlp.29082,4,mlp,29082,164,0
4414,12,7.resid.40287,7,resid,40287,423,0
4415,12,4.mlp.36931,4,mlp,36931,353,0
4416,12,7.resid.38298,7,resid,38298,390,0
4417,12,4.mlp.22040,4,mlp,22040,354,0
4418,12,7.resid.13895,7,resid,13895,353,0
4419,12,4.mlp.2396,4,mlp,2396,238,0
4420,12,7.resid.5350,7,resid,5350,500,739
4421,12,4.mlp.11938,4,mlp,11938,271,0
4422,12,7.resid.13232,7,resid,13232,436,0
4423,12,4.mlp.7332,4,mlp,7332,478,740
4424,12,7.resid.1126,7,resid,1126,428,0
4425,12,4.mlp.8318,4,mlp,8318,429,0
4426,12,7.resid.28115,7,resid,28115,574,741
4427,12,4.mlp.11745,4,mlp,11745,401,0
4428,12,7.resid.39608,7,resid,39608,530,0
4429,12,4.mlp.7925,4,mlp,7925,196,0
4430,12,7.resid.27027,7,resid,27027,484,0
4431,12,4.mlp.34642,4,mlp,34642,240,0
4432,12,7.resid.9350,7,resid,9350,412,0
4433,12,4.mlp.5214,4,mlp,5214,343,0
4434,12,7.resid.10273,7,resid,10273,595,742
4435,12,4.mlp.30846,4,mlp,30846,264,0
4436,12,7.resid.2309,7,resid,2309,387,0
4437,12,4.mlp.622,4,mlp,622,503,743
4438,12,7.resid.20066,7,resid,20066,458,0
4439,12,4.mlp.3752,4,mlp,3752,176,0
4440,12,7.resid.22939,7,resid,22939,393,0
4441,12,4.mlp.34732,4,mlp,34732,472,0
4442,12,7.resid.23860,7,resid,23860,557,0
4443,12,4.mlp.1699,4,mlp,1699,254,0
4444,12,7.resid.17870,7,resid,17870,484,0
4445,12,4.mlp.9065,4,mlp,9065,270,0
4446,12,7.resid.10194,7,resid,10194,444,0
4447,12,4.mlp.7461,4,mlp,7461,270,0
4448,12,7.resid.12801,7,resid,12801,604,744
4449,12,4.mlp.40899,4,mlp,40899,341,0
4450,12,7.resid.16640,7,resid,16640,357,0
4451,12,4.mlp.7275,4,mlp,7275,256,0
4452,12,7.resid.13167,7,resid,13167,429,0
4453,12,4.mlp.36922,4,mlp,36922,274,0
4454,12,7.resid.28887,7,resid,28887,471,0
4455,12,4.mlp.5102,4,mlp,5102,323,0
4456,12,7.resid.16590,7,resid,16590,685,745
4457,12,4.mlp.27829,4,mlp,27829,238,0
4458,12,7.resid.37703,7,resid,37703,322,0
4459,12,4.mlp.21980,4,mlp,21980,416,0
4460,12,7.resid.12202,7,resid,12202,601,746
4461,12,4.mlp.5449,4,mlp,5449,260,0
4462,12,7.resid.16228,7,resid,16228,444,0
4463,12,4.mlp.24204,4,mlp,24204,193,0
4464,12,7.resid.26642,7,resid,26642,334,0
4465,12,4.mlp.20054,4,mlp,20054,190,2
4466,12,7.resid.12228,7,resid,12228,575,747
4467,12,4.resid.17514,4,resid,17514,284,0
4468,12,7.resid.26101,7,resid,26101,355,0
4469,12,4.resid.8694,4,resid,8694,227,0
4470,12,7.mlp.40233,7,mlp,40233,397,0
4471,12,4.resid.19194,4,resid,19194,327,0
4472,12,7.mlp.30721,7,mlp,30721,485,0
4473,12,4.resid.16672,4,resid,16672,358,0
4474,12,7.mlp.13853,7,mlp,13853,410,0
4475,12,4.resid.21658,4,resid,21658,216,0
4476,12,7.mlp.1656,7,mlp,1656,475,0
4477,12,4.resid.23500,4,resid,23500,230,0
4478,12,7.mlp.31018,7,mlp,31018,388,0
4479,12,4.resid.6347,4,resid,6347,277,0
4480,12,7.mlp.24551,7,mlp,24551,340,0
4481,12,4.resid.24547,4,resid,24547,249,0
4482,12,7.mlp.32662,7,mlp,32662,258,0
4483,12,4.resid.37941,4,resid,37941,266,0
4484,12,7.mlp.39987,7,mlp,39987,432,0
4485,12,4.resid.25609,4,resid,25609,240,0
4486,12,7.mlp.31962,7,mlp,31962,546,0
4487,12,4.resid.9370,4,resid,9370,204,0
4488,12,7.mlp.39033,7,mlp,39033,575,748
4489,12,4.resid.10045,4,resid,10045,410,0
4490,12,7.mlp.32702,7,mlp,32702,133,0
4491,12,4.resid.23919,4,resid,23919,235,0
4492,12,7.mlp.16577,7,mlp,16577,533,0
4493,12,4.resid.19384,4,resid,19384,315,0
4494,12,7.mlp.21974,7,mlp,21974,426,0
4495,12,4.resid.38213,4,resid,38213,345,0
4496,12,7.mlp.25221,7,mlp,25221,260,0
4497,12,4.resid.23496,4,resid,23496,300,0
4498,12,7.mlp.30562,7,mlp,30562,263,0
4499,12,4.resid.23602,4,resid,23602,173,0
4500,12,7.mlp.26687,7,mlp,26687,377,0
4501,12,4.resid.39221,4,resid,39221,251,0
4502,12,7.mlp.19263,7,mlp,19263,450,0
4503,12,4.resid.23300,4,resid,23300,201,0
4504,12,7.mlp.8956,7,mlp,8956,362,0
4505,12,4.resid.10293,4,resid,10293,295,0
4506,12,7.mlp.40929,7,mlp,40929,525,0
4507,12,4.resid.2746,4,resid,2746,372,0
4508,12,7.mlp.28326,7,mlp,28326,483,0
4509,12,4.resid.14338,4,resid,14338,322,0
4510,12,7.mlp.10675,7,mlp,10675,454,0
4511,12,4.resid.10739,4,resid,10739,207,2
4512,12,7.mlp.10959,7,mlp,10959,593,749
4513,12,4.resid.8848,4,resid,8848,284,0
4514,12,7.mlp.15936,7,mlp,15936,347,0
4515,12,4.resid.19464,4,resid,19464,203,0
4516,12,7.mlp.28807,7,mlp,28807,328,0
4517,12,4.resid.40287,4,resid,40287,206,0
4518,12,7.mlp.24614,7,mlp,24614,412,0
4519,12,4.resid.28778,4,resid,28778,350,0
4520,12,7.mlp.27820,7,mlp,27820,273,0
4521,12,4.resid.22115,4,resid,22115,260,0
4522,12,7.mlp.426,7,mlp,426,565,0
4523,12,4.resid.34791,4,resid,34791,134,0
4524,12,7.mlp.12251,7,mlp,12251,272,0
4525,12,5.attn.9657,5,attn,9657,257,2
4526,12,7.attn.36498,7,attn,36498,286,2
4527,12,5.attn.4382,5,attn,4382,216,2
4528,12,7.attn.25233,7,attn,25233,641,750
4529,12,5.attn.34164,5,attn,34164,314,2
4530,12,7.attn.40795,7,attn,40795,615,751
4531,12,5.attn.34661,5,attn,34661,301,0
4532,12,7.attn.23004,7,attn,23004,362,0
4533,12,5.attn.37109,5,attn,37109,197,2
4534,12,7.attn.22314,7,attn,22314,683,752
4535,12,5.attn.10033,5,attn,10033,338,0
4536,12,7.attn.31860,7,attn,31860,191,0
4537,12,5.attn.29103,5,attn,29103,303,2
4538,12,7.attn.38662,7,attn,38662,250,2
4539,12,5.attn.7528,5,attn,7528,374,2
4540,12,7.attn.20344,7,attn,20344,242,2
4541,12,5.attn.17756,5,attn,17756,447,0
4542,12,7.attn.30765,7,attn,30765,417,0
4543,12,7.attn.345,7,attn,345,457,0
4544,12,5.attn.8496,5,attn,8496,177,2
4545,12,7.attn.13045,7,attn,13045,153,0
4546,12,5.attn.40724,5,attn,40724,216,2
4547,12,7.attn.3898,7,attn,3898,177,0
4548,12,5.attn.18248,5,attn,18248,222,0
4549,12,5.attn.15052,5,attn,15052,471,0
4550,12,7.attn.30844,7,attn,30844,498,0
4551,12,5.attn.3721,5,attn,3721,152,2
4552,12,7.attn.20714,7,attn,20714,483,0
4553,12,5.attn.9585,5,attn,9585,317,0
4554,12,7.attn.32218,7,attn,32218,419,0
4555,12,5.attn.18665,5,attn,18665,227,0
4556,12,7.attn.32733,7,attn,32733,354,0
4557,12,5.attn.16457,5,attn,16457,227,2
4558,12,7.attn.9029,7,attn,9029,93,2
4559,12,5.attn.31785,5,attn,31785,138,2
4560,12,5.attn.27463,5,attn,27463,247,2
4561,12,7.attn.31504,7,attn,31504,389,0
4562,12,7.attn.6537,7,attn,6537,332,2
4563,12,7.attn.9931,7,attn,9931,318,2
4564,12,5.attn.27329,5,attn,27329,411,0
4565,12,7.attn.22881,7,attn,22881,337,2
4566,12,5.attn.39132,5,attn,39132,645,753
4567,12,7.attn.39336,7,attn,39336,149,2
4568,12,5.attn.36062,5,attn,36062,465,0
4569,12,7.attn.27151,7,attn,27151,303,2
4570,12,5.attn.17481,5,attn,17481,280,0
4571,12,7.attn.14643,7,attn,14643,376,0
4572,12,7.attn.40110,7,attn,40110,228,0
4573,12,5.mlp.8095,5,mlp,8095,225,0
4574,12,7.attn.34013,7,attn,34013,310,0
4575,12,5.mlp.10412,5,mlp,10412,437,0
4576,12,6.resid.17181,6,resid,17181,448,0
4577,12,5.mlp.11495,5,mlp,11495,236,0
4578,12,6.resid.10874,6,resid,10874,452,0
4579,12,5.mlp.31658,5,mlp,31658,292,0
4580,12,6.resid.14110,6,resid,14110,381,0
4581,12,5.mlp.20998,5,mlp,20998,353,0
4582,12,6.resid.3881,6,resid,3881,573,754
4583,12,5.mlp.14035,5,mlp,14035,226,0
4584,12,6.resid.16600,6,resid,16600,418,0
4585,12,5.mlp.35348,5,mlp,35348,285,0
4586,12,6.resid.25419,6,resid,25419,418,0
4587,12,5.mlp.40519,5,mlp,40519,359,0
4588,12,6.resid.18946,6,resid,18946,429,0
4589,12,5.mlp.7014,5,mlp,7014,284,0
4590,12,6.resid.35122,6,resid,35122,562,0
4591,12,5.mlp.13298,5,mlp,13298,541,0
4592,12,6.resid.40568,6,resid,40568,449,0
4593,12,5.mlp.5545,5,mlp,5545,274,0
4594,12,6.resid.9911,6,resid,9911,314,0
4595,12,5.mlp.27449,5,mlp,27449,251,0
4596,12,6.resid.23940,6,resid,23940,509,755
4597,12,5.mlp.34302,5,mlp,34302,277,0
4598,12,6.resid.12817,6,resid,12817,349,0
4599,12,5.mlp.17967,5,mlp,17967,268,0
4600,12,6.resid.19987,6,resid,19987,353,0
4601,12,5.mlp.22614,5,mlp,22614,292,0
4602,12,6.resid.21224,6,resid,21224,416,0
4603,12,5.mlp.5802,5,mlp,5802,222,0
4604,12,6.resid.26490,6,resid,26490,479,0
4605,12,5.mlp.14072,5,mlp,14072,239,0
4606,12,6.resid.30436,6,resid,30436,465,0
4607,12,5.mlp.22834,5,mlp,22834,301,0
4608,12,6.resid.27256,6,resid,27256,420,0
4609,12,5.mlp.13288,5,mlp,13288,147,0
4610,12,6.resid.16543,6,resid,16543,346,0
4611,12,5.mlp.14573,5,mlp,14573,479,0
4612,12,6.resid.7621,6,resid,7621,424,0
4613,12,5.mlp.33006,5,mlp,33006,511,0
4614,12,6.resid.40476,6,resid,40476,350,0
4615,12,5.mlp.28849,5,mlp,28849,414,0
4616,12,6.resid.10773,6,resid,10773,276,0
4617,12,5.mlp.12746,5,mlp,12746,341,0
4618,12,6.resid.39355,6,resid,39355,337,0
4619,12,5.mlp.12901,5,mlp,12901,304,0
4620,12,6.resid.21018,6,resid,21018,477,756
4621,12,5.mlp.18392,5,mlp,18392,472,0
4622,12,6.resid.37359,6,resid,37359,396,0
4623,12,5.mlp.4394,5,mlp,4394,484,0
4624,12,6.resid.3115,6,resid,3115,316,0
4625,12,5.mlp.20831,5,mlp,20831,220,0
4626,12,6.resid.9922,6,resid,9922,320,2
4627,12,5.mlp.18377,5,mlp,18377,265,0
4628,12,6.resid.7651,6,resid,7651,366,0
4629,12,5.mlp.9660,5,mlp,9660,350,0
4630,12,6.resid.19333,6,resid,19333,379,0
4631,12,5.resid.37831,5,resid,37831,332,0
4632,12,6.mlp.32336,6,mlp,32336,371,0
4633,12,5.resid.7189,5,resid,7189,358,0
4634,12,6.mlp.23548,6,mlp,23548,249,0
4635,12,5.resid.27339,5,resid,27339,277,0
4636,12,6.mlp.25275,6,mlp,25275,506,757
4637,12,5.resid.38861,5,resid,38861,293,0
4638,12,6.mlp.4742,6,mlp,4742,219,0
4639,12,5.resid.30797,5,resid,30797,307,0
4640,12,6.mlp.30870,6,mlp,30870,424,0
4641,12,5.resid.35002,5,resid,35002,539,0
4642,12,6.mlp.33631,6,mlp,33631,360,0
4643,12,5.resid.1980,5,resid,1980,274,0
4644,12,6.mlp.9696,6,mlp,9696,407,0
4645,12,5.resid.38375,5,resid,38375,282,0
4646,12,6.mlp.19577,6,mlp,19577,374,0
4647,12,5.resid.15726,5,resid,15726,283,0
4648,12,6.mlp.3350,6,mlp,3350,473,0
4649,12,5.resid.28984,5,resid,28984,251,0
4650,12,6.mlp.19332,6,mlp,19332,498,0
4651,12,5.resid.22988,5,resid,22988,235,0
4652,12,6.mlp.1591,6,mlp,1591,260,0
4653,12,5.resid.9636,5,resid,9636,284,0
4654,12,6.mlp.10883,6,mlp,10883,265,0
4655,12,5.resid.34364,5,resid,34364,327,0
4656,12,6.mlp.27415,6,mlp,27415,660,758
4657,12,5.resid.36648,5,resid,36648,242,0
4658,12,6.mlp.15505,6,mlp,15505,393,0
4659,12,5.resid.8284,5,resid,8284,310,0
4660,12,6.mlp.20047,6,mlp,20047,249,0
4661,12,5.resid.28864,5,resid,28864,289,0
4662,12,6.mlp.11054,6,mlp,11054,329,0
4663,12,5.resid.20523,5,resid,20523,286,0
4664,12,6.mlp.11721,6,mlp,11721,452,0
4665,12,5.resid.3341,5,resid,3341,317,0
4666,12,6.mlp.1366,6,mlp,1366,391,0
4667,12,5.resid.22976,5,resid,22976,348,0
4668,12,6.mlp.32264,6,mlp,32264,220,0
4669,12,5.resid.12424,5,resid,12424,407,0
4670,12,6.mlp.35526,6,mlp,35526,435,0
4671,12,5.resid.35189,5,resid,35189,252,0
4672,12,6.mlp.7003,6,mlp,7003,562,759
4673,12,5.resid.31487,5,resid,31487,429,760
4674,12,6.mlp.25593,6,mlp,25593,493,0
4675,12,5.resid.29108,5,resid,29108,292,0
4676,12,6.mlp.32749,6,mlp,32749,502,0
4677,12,5.resid.12894,5,resid,12894,480,0
4678,12,6.mlp.2165,6,mlp,2165,201,0
4679,12,5.resid.32846,5,resid,32846,413,0
4680,12,6.mlp.40007,6,mlp,40007,622,761
4681,12,5.resid.1265,5,resid,1265,413,0
4682,12,6.mlp.4502,6,mlp,4502,493,0
4683,12,5.resid.8458,5,resid,8458,495,762
4684,12,6.mlp.39766,6,mlp,39766,462,0
4685,12,5.resid.40572,5,resid,40572,274,0
4686,12,6.mlp.37476,6,mlp,37476,484,0
4687,12,6.attn.36136,6,attn,36136,309,2
4688,12,6.attn.32645,6,attn,32645,236,2
4689,12,6.attn.17076,6,attn,17076,314,2
4690,12,6.attn.11317,6,attn,11317,481,0
4691,12,6.attn.20401,6,attn,20401,367,0
4692,12,6.attn.5665,6,attn,5665,305,2
4693,12,6.attn.18839,6,attn,18839,212,2
4694,12,6.attn.4250,6,attn,4250,232,2
4695,12,6.attn.39221,6,attn,39221,421,0
4696,12,6.attn.36316,6,attn,36316,451,0
4697,12,6.attn.27376,6,attn,27376,367,2
4698,12,6.attn.28811,6,attn,28811,350,0
4699,12,6.attn.9053,6,attn,9053,281,2
4700,12,6.attn.26492,6,attn,26492,206,2
4701,12,6.attn.36465,6,attn,36465,233,2
4702,12,6.attn.21701,6,attn,21701,192,2
4703,12,6.attn.12611,6,attn,12611,382,0
4704,12,6.attn.39984,6,attn,39984,327,0
4705,12,6.attn.10303,6,attn,10303,469,0
4706,12,6.attn.21793,6,attn,21793,316,0
4707,12,6.attn.253,6,attn,253,183,2
4708,12,6.attn.19690,6,attn,19690,342,0
4709,12,6.attn.4814,6,attn,4814,272,2
4710,13,11.resid.5097,11,resid,5097,845,763
4711,13,0.mlp.38044,0,mlp,38044,46,1
4712,13,11.resid.40417,11,resid,40417,582,764
4713,13,0.mlp.29941,0,mlp,29941,36,1
4714,13,11.resid.30378,11,resid,30378,369,0
4715,13,0.mlp.16593,0,mlp,16593,24,1
4716,13,11.resid.8328,11,resid,8328,588,765
4717,13,0.mlp.11983,0,mlp,11983,10,1
4718,13,11.resid.40719,11,resid,40719,724,766
4719,13,0.mlp.21540,0,mlp,21540,23,1
4720,13,11.resid.8767,11,resid,8767,730,767
4721,13,0.mlp.11254,0,mlp,11254,56,1
4722,13,11.resid.22484,11,resid,22484,381,0
4723,13,0.mlp.13304,0,mlp,13304,16,1
4724,13,11.resid.6710,11,resid,6710,303,2
4725,13,0.mlp.29406,0,mlp,29406,29,1
4726,13,11.resid.29334,11,resid,29334,229,2
4727,13,0.mlp.25951,0,mlp,25951,68,1
4728,13,11.resid.34404,11,resid,34404,532,768
4729,13,0.mlp.12669,0,mlp,12669,39,1
4730,13,11.resid.29942,11,resid,29942,371,0
4731,13,0.mlp.16560,0,mlp,16560,9,0
4732,13,11.resid.36758,11,resid,36758,559,0
4733,13,0.mlp.12662,0,mlp,12662,15,1
4734,13,11.resid.11925,11,resid,11925,338,0
4735,13,0.mlp.38712,0,mlp,38712,9,0
4736,13,11.resid.40098,11,resid,40098,421,0
4737,13,0.mlp.37060,0,mlp,37060,83,1
4738,13,11.resid.3626,11,resid,3626,563,769
4739,13,0.mlp.6000,0,mlp,6000,9,0
4740,13,11.resid.20907,11,resid,20907,598,770
4741,13,0.mlp.19970,0,mlp,19970,11,0
4742,13,11.resid.36336,11,resid,36336,387,0
4743,13,0.mlp.5304,0,mlp,5304,8,0
4744,13,11.resid.5488,11,resid,5488,684,771
4745,13,0.mlp.38446,0,mlp,38446,78,1
4746,13,11.resid.37028,11,resid,37028,559,0
4747,13,0.mlp.826,0,mlp,826,26,1
4748,13,11.resid.30873,11,resid,30873,608,772
4749,13,0.mlp.14893,0,mlp,14893,25,1
4750,13,11.resid.33668,11,resid,33668,655,773
4751,13,0.mlp.34068,0,mlp,34068,13,1
4752,13,11.resid.17881,11,resid,17881,641,774
4753,13,0.mlp.19572,0,mlp,19572,9,0
4754,13,11.resid.10845,11,resid,10845,605,775
4755,13,0.mlp.1624,0,mlp,1624,113,1
4756,13,11.resid.26282,11,resid,26282,417,776
4757,13,0.mlp.19340,0,mlp,19340,13,0
4758,13,11.resid.32335,11,resid,32335,614,777
4759,13,0.mlp.37128,0,mlp,37128,52,1
4760,13,11.resid.19164,11,resid,19164,381,0
4761,13,0.mlp.33696,0,mlp,33696,13,1
4762,13,11.resid.16413,11,resid,16413,704,778
4763,13,0.mlp.32316,0,mlp,32316,36,1
4764,13,11.resid.3956,11,resid,3956,448,0
4765,13,0.resid.3726,0,resid,3726,43,1
4766,13,11.mlp.40466,11,mlp,40466,331,0
4767,13,0.resid.15977,0,resid,15977,22,1
4768,13,11.mlp.32999,11,mlp,32999,320,2
4769,13,0.resid.1723,0,resid,1723,172,1
4770,13,11.mlp.24731,11,mlp,24731,244,0
4771,13,0.resid.20107,0,resid,20107,22,1
4772,13,11.mlp.15446,11,mlp,15446,560,779
4773,13,0.resid.11260,0,resid,11260,24,1
4774,13,11.mlp.9637,11,mlp,9637,414,0
4775,13,0.resid.5550,0,resid,5550,33,1
4776,13,11.mlp.39885,11,mlp,39885,445,0
4777,13,0.resid.35225,0,resid,35225,69,1
4778,13,11.mlp.17574,11,mlp,17574,551,0
4779,13,0.resid.117,0,resid,117,16,1
4780,13,11.mlp.13109,11,mlp,13109,520,780
4781,13,0.resid.1043,0,resid,1043,48,1
4782,13,11.mlp.7993,11,mlp,7993,584,781
4783,13,0.resid.18423,0,resid,18423,19,1
4784,13,11.mlp.30538,11,mlp,30538,651,782
4785,13,0.resid.33711,0,resid,33711,58,1
4786,13,11.mlp.17303,11,mlp,17303,328,0
4787,13,0.resid.836,0,resid,836,27,1
4788,13,11.mlp.39065,11,mlp,39065,394,0
4789,13,0.resid.5133,0,resid,5133,27,1
4790,13,11.mlp.8475,11,mlp,8475,273,0
4791,13,0.resid.8230,0,resid,8230,10,0
4792,13,11.mlp.26949,11,mlp,26949,392,0
4793,13,0.resid.18230,0,resid,18230,17,1
4794,13,11.mlp.4455,11,mlp,4455,348,0
4795,13,0.resid.1511,0,resid,1511,65,1
4796,13,11.mlp.23505,11,mlp,23505,291,0
4797,13,0.resid.9895,0,resid,9895,32,1
4798,13,11.mlp.37557,11,mlp,37557,643,783
4799,13,0.resid.30382,0,resid,30382,19,1
4800,13,11.mlp.8055,11,mlp,8055,494,0
4801,13,0.resid.4386,0,resid,4386,120,1
4802,13,11.mlp.25240,11,mlp,25240,460,0
4803,13,0.resid.8589,0,resid,8589,33,1
4804,13,11.mlp.34379,11,mlp,34379,355,0
4805,13,0.resid.33149,0,resid,33149,153,1
4806,13,11.mlp.37874,11,mlp,37874,522,784
4807,13,0.resid.1152,0,resid,1152,49,1
4808,13,11.mlp.21783,11,mlp,21783,302,0
4809,13,0.resid.27416,0,resid,27416,17,1
4810,13,11.mlp.36622,11,mlp,36622,559,0
4811,13,0.resid.27661,0,resid,27661,14,2
4812,13,11.mlp.7639,11,mlp,7639,451,0
4813,13,0.resid.23823,0,resid,23823,33,1
4814,13,11.mlp.12820,11,mlp,12820,738,785
4815,13,0.resid.29498,0,resid,29498,59,1
4816,13,11.mlp.18818,11,mlp,18818,524,0
4817,13,0.resid.12730,0,resid,12730,41,1
4818,13,11.mlp.23389,11,mlp,23389,577,786
4819,13,0.resid.16619,0,resid,16619,73,1
4820,13,11.mlp.14043,11,mlp,14043,452,0
4821,13,0.resid.36071,0,resid,36071,169,1
4822,13,11.mlp.19693,11,mlp,19693,631,787
4823,13,11.attn.2746,11,attn,2746,337,2
4824,13,11.attn.12482,11,attn,12482,565,0
4825,13,11.attn.33782,11,attn,33782,1041,788
4826,13,11.attn.33930,11,attn,33930,521,0
4827,13,11.attn.6311,11,attn,6311,1010,789
4828,13,11.attn.27755,11,attn,27755,236,0
4829,13,11.attn.8094,11,attn,8094,312,2
4830,13,11.attn.5504,11,attn,5504,251,2
4831,13,11.attn.32862,11,attn,32862,758,790
4832,13,11.attn.37039,11,attn,37039,615,791
4833,13,11.attn.34369,11,attn,34369,336,0
4834,13,11.attn.9111,11,attn,9111,530,0
4835,13,1.attn.9409,1,attn,9409,59,2
4836,13,11.attn.28483,11,attn,28483,1047,792
4837,13,11.attn.11003,11,attn,11003,607,793
4838,13,1.attn.13590,1,attn,13590,118,1
4839,13,11.attn.18031,11,attn,18031,474,0
4840,13,11.attn.11375,11,attn,11375,669,794
4841,13,1.attn.10289,1,attn,10289,42,0
4842,13,11.attn.6019,11,attn,6019,587,795
4843,13,11.attn.20991,11,attn,20991,299,0
4844,13,11.attn.4931,11,attn,4931,257,0
4845,13,11.attn.22508,11,attn,22508,477,0
4846,13,11.attn.23028,11,attn,23028,451,0
4847,13,11.attn.25336,11,attn,25336,654,796
4848,13,11.attn.16497,11,attn,16497,53,0
4849,13,1.attn.25516,1,attn,25516,41,1
4850,13,11.attn.38511,11,attn,38511,818,797
4851,13,1.attn.39315,1,attn,39315,77,1
4852,13,11.attn.1493,11,attn,1493,539,798
4853,13,11.attn.9220,11,attn,9220,511,0
4854,13,1.mlp.864,1,mlp,864,217,0
4855,13,10.resid.20841,10,resid,20841,663,799
4856,13,1.mlp.32098,1,mlp,32098,162,1
4857,13,10.resid.12680,10,resid,12680,907,800
4858,13,1.mlp.5039,1,mlp,5039,407,0
4859,13,10.resid.23497,10,resid,23497,526,0
4860,13,1.mlp.32090,1,mlp,32090,168,1
4861,13,10.resid.22183,10,resid,22183,405,0
4862,13,1.mlp.25522,1,mlp,25522,134,1
4863,13,10.resid.10568,10,resid,10568,644,801
4864,13,1.mlp.19165,1,mlp,19165,186,1
4865,13,10.resid.13036,10,resid,13036,632,802
4866,13,1.mlp.1676,1,mlp,1676,119,1
4867,13,10.resid.23481,10,resid,23481,380,0
4868,13,1.mlp.6384,1,mlp,6384,189,1
4869,13,10.resid.27147,10,resid,27147,440,0
4870,13,1.mlp.17624,1,mlp,17624,228,0
4871,13,10.resid.37695,10,resid,37695,760,803
4872,13,1.mlp.18122,1,mlp,18122,106,1
4873,13,10.resid.40093,10,resid,40093,758,804
4874,13,1.mlp.767,1,mlp,767,187,0
4875,13,10.resid.37799,10,resid,37799,754,805
4876,13,1.mlp.7385,1,mlp,7385,101,1
4877,13,10.resid.36357,10,resid,36357,362,0
4878,13,1.mlp.16686,1,mlp,16686,231,0
4879,13,10.resid.21614,10,resid,21614,641,806
4880,13,1.mlp.26071,1,mlp,26071,158,1
4881,13,10.resid.10797,10,resid,10797,675,807
4882,13,1.mlp.21022,1,mlp,21022,117,1
4883,13,10.resid.15390,10,resid,15390,609,808
4884,13,1.mlp.39877,1,mlp,39877,167,1
4885,13,10.resid.22035,10,resid,22035,720,809
4886,13,1.mlp.6273,1,mlp,6273,97,1
4887,13,10.resid.19110,10,resid,19110,322,0
4888,13,1.mlp.35318,1,mlp,35318,123,1
4889,13,10.resid.6508,10,resid,6508,682,810
4890,13,1.mlp.2020,1,mlp,2020,90,1
4891,13,10.resid.19616,10,resid,19616,603,811
4892,13,1.mlp.32390,1,mlp,32390,250,0
4893,13,10.resid.22534,10,resid,22534,605,812
4894,13,1.mlp.36950,1,mlp,36950,108,1
4895,13,10.resid.8194,10,resid,8194,607,813
4896,13,1.mlp.34480,1,mlp,34480,139,1
4897,13,10.resid.23965,10,resid,23965,533,0
4898,13,1.mlp.6151,1,mlp,6151,138,1
4899,13,10.resid.20442,10,resid,20442,592,814
4900,13,1.mlp.15266,1,mlp,15266,220,0
4901,13,10.resid.16908,10,resid,16908,710,815
4902,13,1.mlp.15941,1,mlp,15941,77,1
4903,13,10.resid.15501,10,resid,15501,445,816
4904,13,1.mlp.25599,1,mlp,25599,90,1
4905,13,10.resid.15564,10,resid,15564,329,0
4906,13,1.mlp.2221,1,mlp,2221,132,1
4907,13,10.resid.23602,10,resid,23602,519,0
4908,13,1.mlp.3752,1,mlp,3752,139,1
4909,13,10.resid.25196,10,resid,25196,659,817
4910,13,1.resid.29795,1,resid,29795,62,1
4911,13,10.resid.35676,10,resid,35676,682,818
4912,13,1.resid.24687,1,resid,24687,107,1
4913,13,10.mlp.2107,10,mlp,2107,452,0
4914,13,1.resid.35995,1,resid,35995,97,1
4915,13,10.mlp.27221,10,mlp,27221,633,819
4916,13,1.resid.5028,1,resid,5028,93,1
4917,13,10.mlp.2958,10,mlp,2958,526,820
4918,13,1.resid.34464,1,resid,34464,76,1
4919,13,10.mlp.8426,10,mlp,8426,438,0
4920,13,1.resid.5799,1,resid,5799,75,1
4921,13,10.mlp.17143,10,mlp,17143,371,821
4922,13,1.resid.40892,1,resid,40892,125,1
4923,13,10.mlp.27491,10,mlp,27491,669,822
4924,13,1.resid.11450,1,resid,11450,107,1
4925,13,10.mlp.9516,10,mlp,9516,292,0
4926,13,1.resid.14617,1,resid,14617,131,1
4927,13,10.mlp.10376,10,mlp,10376,459,0
4928,13,1.resid.17403,1,resid,17403,39,1
4929,13,10.mlp.7353,10,mlp,7353,401,0
4930,13,1.resid.25692,1,resid,25692,49,1
4931,13,10.mlp.1288,10,mlp,1288,449,0
4932,13,1.resid.17607,1,resid,17607,59,1
4933,13,10.mlp.32017,10,mlp,32017,574,823
4934,13,1.resid.8354,1,resid,8354,69,1
4935,13,10.mlp.36014,10,mlp,36014,491,0
4936,13,1.resid.35629,1,resid,35629,110,1
4937,13,10.mlp.14078,10,mlp,14078,548,0
4938,13,1.resid.5076,1,resid,5076,98,1
4939,13,10.mlp.5477,10,mlp,5477,604,824
4940,13,1.resid.5013,1,resid,5013,77,1
4941,13,10.mlp.31551,10,mlp,31551,758,825
4942,13,1.resid.5439,1,resid,5439,67,1
4943,13,10.mlp.27955,10,mlp,27955,409,0
4944,13,1.resid.22760,1,resid,22760,103,1
4945,13,10.mlp.39334,10,mlp,39334,661,826
4946,13,1.resid.9000,1,resid,9000,117,1
4947,13,10.mlp.13789,10,mlp,13789,411,0
4948,13,1.resid.27030,1,resid,27030,112,1
4949,13,10.mlp.7850,10,mlp,7850,311,2
4950,13,1.resid.30849,1,resid,30849,113,1
4951,13,10.mlp.27002,10,mlp,27002,720,827
4952,13,1.resid.4615,1,resid,4615,45,1
4953,13,10.mlp.17685,10,mlp,17685,523,828
4954,13,1.resid.33071,1,resid,33071,145,1
4955,13,10.mlp.40533,10,mlp,40533,545,829
4956,13,1.resid.10705,1,resid,10705,50,1
4957,13,10.mlp.23086,10,mlp,23086,438,0
4958,13,1.resid.14753,1,resid,14753,32,2
4959,13,10.mlp.36718,10,mlp,36718,444,0
4960,13,1.resid.33027,1,resid,33027,74,1
4961,13,10.mlp.24865,10,mlp,24865,513,0
4962,13,1.resid.22202,1,resid,22202,217,0
4963,13,10.mlp.30483,10,mlp,30483,340,0
4964,13,1.resid.26182,1,resid,26182,47,1
4965,13,10.mlp.30506,10,mlp,30506,759,830
4966,13,1.resid.24816,1,resid,24816,112,2
4967,13,10.mlp.28025,10,mlp,28025,524,0
4968,13,2.attn.6976,2,attn,6976,116,2
4969,13,10.attn.2901,10,attn,2901,401,0
4970,13,2.attn.7991,2,attn,7991,395,0
4971,13,10.attn.35759,10,attn,35759,225,0
4972,13,10.attn.29291,10,attn,29291,332,2
4973,13,2.attn.23178,2,attn,23178,115,2
4974,13,10.attn.15886,10,attn,15886,469,0
4975,13,2.attn.31188,2,attn,31188,139,2
4976,13,10.attn.29997,10,attn,29997,762,831
4977,13,2.attn.26125,2,attn,26125,92,2
4978,13,10.attn.34641,10,attn,34641,313,2
4979,13,2.attn.5764,2,attn,5764,157,2
4980,13,10.attn.18394,10,attn,18394,434,0
4981,13,2.attn.20834,2,attn,20834,165,2
4982,13,10.attn.34067,10,attn,34067,404,0
4983,13,10.attn.6609,10,attn,6609,570,0
4984,13,2.attn.23791,2,attn,23791,103,2
4985,13,10.attn.38927,10,attn,38927,881,832
4986,13,10.attn.28212,10,attn,28212,322,2
4987,13,2.attn.40761,2,attn,40761,236,2
4988,13,10.attn.36181,10,attn,36181,427,0
4989,13,2.attn.36780,2,attn,36780,173,2
4990,13,10.attn.19612,10,attn,19612,335,2
4991,13,2.attn.1342,2,attn,1342,106,2
4992,13,10.attn.34890,10,attn,34890,252,0
4993,13,2.attn.31095,2,attn,31095,93,1
4994,13,10.attn.33835,10,attn,33835,580,833
4995,13,2.attn.30487,2,attn,30487,120,2
4996,13,2.attn.7049,2,attn,7049,203,2
4997,13,10.attn.16198,10,attn,16198,321,2
4998,13,2.attn.3746,2,attn,3746,190,0
4999,13,10.attn.23676,10,attn,23676,369,2
5000,13,2.attn.1643,2,attn,1643,179,0
5001,13,10.attn.14758,10,attn,14758,512,0
5002,13,10.attn.28893,10,attn,28893,323,0
5003,13,10.attn.28379,10,attn,28379,364,2
5004,13,2.attn.31810,2,attn,31810,119,2
5005,13,10.attn.37083,10,attn,37083,324,0
5006,13,2.attn.28500,2,attn,28500,216,0
5007,13,10.attn.5929,10,attn,5929,639,834
5008,13,10.attn.21565,10,attn,21565,720,835
5009,13,2.attn.10365,2,attn,10365,157,2
5010,13,10.attn.1505,10,attn,1505,368,2
5011,13,2.attn.13091,2,attn,13091,293,2
5012,13,10.attn.15548,10,attn,15548,520,0
5013,13,2.attn.26294,2,attn,26294,287,2
5014,13,10.attn.10418,10,attn,10418,599,836
5015,13,10.attn.36117,10,attn,36117,295,2
5016,13,2.mlp.22774,2,mlp,22774,200,0
5017,13,10.attn.18378,10,attn,18378,350,0
5018,13,2.mlp.28478,2,mlp,28478,192,0
5019,13,9.resid.32974,9,resid,32974,663,837
5020,13,2.mlp.20594,2,mlp,20594,279,0
5021,13,9.resid.14794,9,resid,14794,769,838
5022,13,2.mlp.35662,2,mlp,35662,345,0
5023,13,9.resid.9739,9,resid,9739,549,839
5024,13,2.mlp.29035,2,mlp,29035,144,2
5025,13,9.resid.39368,9,resid,39368,527,0
5026,13,2.mlp.23604,2,mlp,23604,188,0
5027,13,9.resid.24750,9,resid,24750,325,0
5028,13,2.mlp.7763,2,mlp,7763,112,2
5029,13,9.resid.23924,9,resid,23924,579,840
5030,13,2.mlp.40780,2,mlp,40780,283,0
5031,13,9.resid.32465,9,resid,32465,718,841
5032,13,2.mlp.24311,2,mlp,24311,191,0
5033,13,9.resid.17554,9,resid,17554,468,0
5034,13,2.mlp.3303,2,mlp,3303,153,0
5035,13,9.resid.7066,9,resid,7066,364,0
5036,13,2.mlp.10150,2,mlp,10150,137,1
5037,13,9.resid.30313,9,resid,30313,474,0
5038,13,2.mlp.38184,2,mlp,38184,218,0
5039,13,9.resid.15811,9,resid,15811,483,842
5040,13,2.mlp.32152,2,mlp,32152,145,1
5041,13,9.resid.17147,9,resid,17147,588,843
5042,13,2.mlp.29513,2,mlp,29513,164,0
5043,13,9.resid.1953,9,resid,1953,449,0
5044,13,2.mlp.34736,2,mlp,34736,135,1
5045,13,9.resid.22052,9,resid,22052,436,0
5046,13,2.mlp.29627,2,mlp,29627,141,1
5047,13,9.resid.33878,9,resid,33878,568,0
5048,13,2.mlp.3734,2,mlp,3734,283,0
5049,13,9.resid.14108,9,resid,14108,651,844
5050,13,2.mlp.12992,2,mlp,12992,276,0
5051,13,9.resid.30491,9,resid,30491,489,0
5052,13,2.mlp.2597,2,mlp,2597,119,1
5053,13,9.resid.2766,9,resid,2766,636,845
5054,13,2.mlp.3299,2,mlp,3299,237,0
5055,13,9.resid.35546,9,resid,35546,812,846
5056,13,2.mlp.24026,2,mlp,24026,235,0
5057,13,9.resid.37369,9,resid,37369,509,0
5058,13,2.mlp.13205,2,mlp,13205,108,1
5059,13,9.resid.1558,9,resid,1558,576,847
5060,13,2.mlp.38557,2,mlp,38557,113,1
5061,13,9.resid.33060,9,resid,33060,314,2
5062,13,2.mlp.29914,2,mlp,29914,310,0
5063,13,9.resid.3635,9,resid,3635,677,848
5064,13,2.mlp.28995,2,mlp,28995,211,0
5065,13,9.resid.2772,9,resid,2772,660,849
5066,13,2.mlp.6527,2,mlp,6527,312,0
5067,13,9.resid.11107,9,resid,11107,496,0
5068,13,2.mlp.3184,2,mlp,3184,158,0
5069,13,9.resid.22181,9,resid,22181,650,850
5070,13,2.mlp.496,2,mlp,496,163,0
5071,13,9.resid.5667,9,resid,5667,734,851
5072,13,2.mlp.8061,2,mlp,8061,163,0
5073,13,9.resid.22276,9,resid,22276,659,852
5074,13,2.resid.34969,2,resid,34969,207,0
5075,13,9.mlp.23116,9,mlp,23116,467,0
5076,13,2.resid.32568,2,resid,32568,74,1
5077,13,9.mlp.3836,9,mlp,3836,520,853
5078,13,2.resid.26177,2,resid,26177,108,1
5079,13,9.mlp.23811,9,mlp,23811,436,0
5080,13,2.resid.33664,2,resid,33664,114,1
5081,13,9.mlp.34578,9,mlp,34578,719,854
5082,13,2.resid.14716,2,resid,14716,173,0
5083,13,9.mlp.2358,9,mlp,2358,378,0
5084,13,2.resid.7712,2,resid,7712,178,0
5085,13,9.mlp.26308,9,mlp,26308,442,0
5086,13,2.resid.16266,2,resid,16266,204,0
5087,13,9.mlp.10213,9,mlp,10213,542,0
5088,13,2.resid.36613,2,resid,36613,142,1
5089,13,9.mlp.9180,9,mlp,9180,332,0
5090,13,2.resid.28316,2,resid,28316,233,0
5091,13,9.mlp.24416,9,mlp,24416,544,855
5092,13,2.resid.20522,2,resid,20522,91,1
5093,13,9.mlp.21241,9,mlp,21241,384,0
5094,13,2.resid.36315,2,resid,36315,227,0
5095,13,9.mlp.19669,9,mlp,19669,401,0
5096,13,2.resid.8656,2,resid,8656,93,1
5097,13,9.mlp.24879,9,mlp,24879,550,0
5098,13,2.resid.6432,2,resid,6432,123,1
5099,13,9.mlp.27174,9,mlp,27174,404,0
5100,13,2.resid.1764,2,resid,1764,183,0
5101,13,9.mlp.10610,9,mlp,10610,562,0
5102,13,2.resid.21037,2,resid,21037,178,0
5103,13,9.mlp.8134,9,mlp,8134,266,0
5104,13,2.resid.20921,2,resid,20921,87,1
5105,13,9.mlp.31169,9,mlp,31169,773,856
5106,13,2.resid.16251,2,resid,16251,78,1
5107,13,9.mlp.32455,9,mlp,32455,476,0
5108,13,2.resid.32365,2,resid,32365,135,1
5109,13,9.mlp.38206,9,mlp,38206,726,857
5110,13,2.resid.32815,2,resid,32815,82,1
5111,13,9.mlp.29705,9,mlp,29705,359,2
5112,13,2.resid.31971,2,resid,31971,230,0
5113,13,9.mlp.37378,9,mlp,37378,465,0
5114,13,2.resid.13106,2,resid,13106,143,0
5115,13,9.mlp.7802,9,mlp,7802,448,0
5116,13,2.resid.687,2,resid,687,133,0
5117,13,9.mlp.31249,9,mlp,31249,388,0
5118,13,2.resid.34887,2,resid,34887,143,1
5119,13,9.mlp.9211,9,mlp,9211,601,858
5120,13,2.resid.17136,2,resid,17136,88,1
5121,13,9.mlp.36992,9,mlp,36992,599,859
5122,13,2.resid.7019,2,resid,7019,242,0
5123,13,9.mlp.28537,9,mlp,28537,462,0
5124,13,2.resid.6404,2,resid,6404,203,0
5125,13,9.mlp.9697,9,mlp,9697,475,0
5126,13,2.resid.38091,2,resid,38091,194,1
5127,13,9.mlp.28793,9,mlp,28793,467,0
5128,13,2.resid.20831,2,resid,20831,117,1
5129,13,9.mlp.9043,9,mlp,9043,478,0
5130,13,3.attn.28984,3,attn,28984,186,2
5131,13,9.mlp.6959,9,mlp,6959,398,0
5132,13,3.attn.4350,3,attn,4350,126,2
5133,13,9.attn.26282,9,attn,26282,252,2
5134,13,3.attn.36304,3,attn,36304,155,2
5135,13,9.attn.13544,9,attn,13544,133,0
5136,13,3.attn.20517,3,attn,20517,299,2
5137,13,9.attn.7697,9,attn,7697,850,860
5138,13,3.attn.35945,3,attn,35945,296,2
5139,13,9.attn.2814,9,attn,2814,426,0
5140,13,3.attn.8644,3,attn,8644,171,2
5141,13,9.attn.2896,9,attn,2896,575,861
5142,13,3.attn.907,3,attn,907,240,2
5143,13,9.attn.26501,9,attn,26501,311,0
5144,13,3.attn.36353,3,attn,36353,142,2
5145,13,3.attn.37985,3,attn,37985,352,0
5146,13,9.attn.7926,9,attn,7926,339,0
5147,13,3.attn.6659,3,attn,6659,395,0
5148,13,9.attn.20421,9,attn,20421,501,862
5149,13,3.attn.3281,3,attn,3281,171,0
5150,13,9.attn.24229,9,attn,24229,211,0
5151,13,3.attn.10180,3,attn,10180,138,1
5152,13,9.attn.36674,9,attn,36674,564,0
5153,13,3.attn.29119,3,attn,29119,325,2
5154,13,9.attn.36639,9,attn,36639,506,0
5155,13,3.attn.14564,3,attn,14564,135,2
5156,13,9.attn.9191,9,attn,9191,381,0
5157,13,3.attn.6779,3,attn,6779,347,2
5158,13,9.attn.13402,9,attn,13402,259,2
5159,13,3.attn.23156,3,attn,23156,117,2
5160,13,9.attn.30006,9,attn,30006,212,0
5161,13,3.attn.906,3,attn,906,148,2
5162,13,9.attn.12489,9,attn,12489,598,863
5163,13,3.attn.2379,3,attn,2379,282,2
5164,13,9.attn.2892,9,attn,2892,298,2
5165,13,3.attn.4241,3,attn,4241,193,2
5166,13,9.attn.7864,9,attn,7864,391,0
5167,13,3.attn.31055,3,attn,31055,280,2
5168,13,9.attn.2148,9,attn,2148,648,864
5169,13,3.attn.14940,3,attn,14940,248,2
5170,13,9.attn.24482,9,attn,24482,383,0
5171,13,3.attn.23557,3,attn,23557,157,2
5172,13,9.attn.3778,9,attn,3778,483,0
5173,13,3.attn.28651,3,attn,28651,135,1
5174,13,9.attn.32787,9,attn,32787,876,865
5175,13,3.attn.8684,3,attn,8684,236,0
5176,13,9.attn.17257,9,attn,17257,537,0
5177,13,3.attn.10921,3,attn,10921,231,2
5178,13,9.attn.33201,9,attn,33201,272,0
5179,13,3.attn.13063,3,attn,13063,223,0
5180,13,9.attn.40028,9,attn,40028,439,0
5181,13,9.attn.25095,9,attn,25095,334,0
5182,13,3.attn.37017,3,attn,37017,139,2
5183,13,9.attn.20398,9,attn,20398,723,866
5184,13,3.attn.39182,3,attn,39182,131,2
5185,13,9.attn.23277,9,attn,23277,557,867
5186,13,3.mlp.8091,3,mlp,8091,222,2
5187,13,8.resid.20694,8,resid,20694,650,868
5188,13,3.mlp.15548,3,mlp,15548,408,0
5189,13,8.resid.25348,8,resid,25348,557,0
5190,13,3.mlp.16910,3,mlp,16910,237,0
5191,13,8.resid.29658,8,resid,29658,792,869
5192,13,3.mlp.30009,3,mlp,30009,176,2
5193,13,8.resid.23461,8,resid,23461,675,870
5194,13,3.mlp.1856,3,mlp,1856,187,0
5195,13,8.resid.8653,8,resid,8653,297,2
5196,13,3.mlp.32279,3,mlp,32279,236,0
5197,13,8.resid.25919,8,resid,25919,491,0
5198,13,3.mlp.14917,3,mlp,14917,311,0
5199,13,8.resid.8036,8,resid,8036,620,871
5200,13,3.mlp.35734,3,mlp,35734,161,0
5201,13,8.resid.27999,8,resid,27999,438,0
5202,13,3.mlp.16249,3,mlp,16249,217,0
5203,13,8.resid.13727,8,resid,13727,639,872
5204,13,3.mlp.23075,3,mlp,23075,350,0
5205,13,8.resid.39305,8,resid,39305,501,0
5206,13,3.mlp.20443,3,mlp,20443,348,0
5207,13,8.resid.12160,8,resid,12160,505,873
5208,13,3.mlp.23754,3,mlp,23754,250,0
5209,13,8.resid.16108,8,resid,16108,526,0
5210,13,3.mlp.10218,3,mlp,10218,298,0
5211,13,8.resid.19322,8,resid,19322,327,0
5212,13,3.mlp.10303,3,mlp,10303,226,0
5213,13,8.resid.23885,8,resid,23885,463,874
5214,13,3.mlp.10573,3,mlp,10573,240,0
5215,13,8.resid.6186,8,resid,6186,362,0
5216,13,3.mlp.33807,3,mlp,33807,282,0
5217,13,8.resid.17168,8,resid,17168,376,0
5218,13,3.mlp.22466,3,mlp,22466,258,0
5219,13,8.resid.3899,8,resid,3899,531,0
5220,13,3.mlp.10599,3,mlp,10599,376,0
5221,13,8.resid.39146,8,resid,39146,451,0
5222,13,3.mlp.22774,3,mlp,22774,218,0
5223,13,8.resid.17351,8,resid,17351,361,0
5224,13,3.mlp.11001,3,mlp,11001,167,0
5225,13,8.resid.28074,8,resid,28074,555,0
5226,13,3.mlp.23158,3,mlp,23158,153,0
5227,13,8.resid.25402,8,resid,25402,585,875
5228,13,3.mlp.37691,3,mlp,37691,389,0
5229,13,8.resid.24293,8,resid,24293,565,876
5230,13,3.mlp.36189,3,mlp,36189,215,0
5231,13,8.resid.18127,8,resid,18127,297,0
5232,13,3.mlp.19148,3,mlp,19148,147,1
5233,13,8.resid.27130,8,resid,27130,640,877
5234,13,3.mlp.13804,3,mlp,13804,180,0
5235,13,8.resid.26979,8,resid,26979,515,0
5236,13,3.mlp.34620,3,mlp,34620,238,0
5237,13,8.resid.39110,8,resid,39110,273,0
5238,13,3.mlp.9749,3,mlp,9749,297,0
5239,13,8.resid.37887,8,resid,37887,777,878
5240,13,3.mlp.31697,3,mlp,31697,262,0
5241,13,8.resid.6961,8,resid,6961,638,879
5242,13,3.resid.33753,3,resid,33753,144,0
5243,13,8.mlp.28118,8,mlp,28118,540,880
5244,13,3.resid.12175,3,resid,12175,310,0
5245,13,8.mlp.15705,8,mlp,15705,491,0
5246,13,3.resid.36199,3,resid,36199,121,1
5247,13,8.mlp.32134,8,mlp,32134,278,0
5248,13,3.resid.4587,3,resid,4587,219,0
5249,13,8.mlp.5901,8,mlp,5901,489,881
5250,13,3.resid.38373,3,resid,38373,136,1
5251,13,8.mlp.11654,8,mlp,11654,463,0
5252,13,3.resid.17551,3,resid,17551,211,0
5253,13,8.mlp.25926,8,mlp,25926,423,0
5254,13,3.resid.35214,3,resid,35214,195,0
5255,13,8.mlp.35459,8,mlp,35459,318,0
5256,13,3.resid.35415,3,resid,35415,168,0
5257,13,8.mlp.23498,8,mlp,23498,479,0
5258,13,3.resid.25131,3,resid,25131,178,0
5259,13,8.mlp.13256,8,mlp,13256,369,0
5260,13,3.resid.38792,3,resid,38792,124,2
5261,13,8.mlp.35505,8,mlp,35505,321,0
5262,13,3.resid.17423,3,resid,17423,161,0
5263,13,8.mlp.38125,8,mlp,38125,458,0
5264,13,3.resid.16212,3,resid,16212,206,2
5265,13,8.mlp.26603,8,mlp,26603,469,0
5266,13,3.resid.3581,3,resid,3581,162,0
5267,13,8.mlp.14831,8,mlp,14831,525,0
5268,13,3.resid.19,3,resid,19,285,0
5269,13,8.mlp.20967,8,mlp,20967,505,0
5270,13,3.resid.5729,3,resid,5729,235,0
5271,13,8.mlp.35467,8,mlp,35467,485,882
5272,13,3.resid.10399,3,resid,10399,126,0
5273,13,8.mlp.27249,8,mlp,27249,411,883
5274,13,3.resid.35998,3,resid,35998,253,0
5275,13,8.mlp.30913,8,mlp,30913,315,0
5276,13,3.resid.12250,3,resid,12250,278,0
5277,13,8.mlp.39707,8,mlp,39707,390,0
5278,13,3.resid.12161,3,resid,12161,300,0
5279,13,8.mlp.26040,8,mlp,26040,403,0
5280,13,3.resid.28233,3,resid,28233,188,0
5281,13,8.mlp.10602,8,mlp,10602,434,0
5282,13,3.resid.8433,3,resid,8433,313,0
5283,13,8.mlp.33689,8,mlp,33689,388,0
5284,13,3.resid.19675,3,resid,19675,172,0
5285,13,8.mlp.14049,8,mlp,14049,464,0
5286,13,3.resid.5854,3,resid,5854,172,0
5287,13,8.mlp.29647,8,mlp,29647,408,0
5288,13,3.resid.5350,3,resid,5350,321,0
5289,13,8.mlp.15708,8,mlp,15708,318,0
5290,13,3.resid.5925,3,resid,5925,204,0
5291,13,8.mlp.25655,8,mlp,25655,444,0
5292,13,3.resid.24795,3,resid,24795,218,0
5293,13,8.mlp.14774,8,mlp,14774,391,0
5294,13,3.resid.1337,3,resid,1337,357,0
5295,13,8.mlp.2996,8,mlp,2996,272,0
5296,13,3.resid.21608,3,resid,21608,190,0
5297,13,8.mlp.6363,8,mlp,6363,282,2
5298,13,4.attn.12544,4,attn,12544,251,2
5299,13,8.mlp.31501,8,mlp,31501,579,884
5300,13,4.attn.7003,4,attn,7003,282,0
5301,13,8.attn.13597,8,attn,13597,375,0
5302,13,4.attn.23168,4,attn,23168,136,2
5303,13,8.attn.4874,8,attn,4874,414,0
5304,13,4.attn.17707,4,attn,17707,224,2
5305,13,4.attn.27370,4,attn,27370,213,2
5306,13,8.attn.21835,8,attn,21835,243,0
5307,13,4.attn.15834,4,attn,15834,179,2
5308,13,8.attn.29239,8,attn,29239,501,0
5309,13,4.attn.36822,4,attn,36822,192,2
5310,13,4.attn.40789,4,attn,40789,90,2
5311,13,8.attn.29991,8,attn,29991,429,0
5312,13,4.attn.12387,4,attn,12387,194,2
5313,13,4.attn.11895,4,attn,11895,198,2
5314,13,8.attn.20798,8,attn,20798,338,0
5315,13,4.attn.7099,4,attn,7099,214,2
5316,13,8.attn.18481,8,attn,18481,276,0
5317,13,4.attn.2343,4,attn,2343,224,2
5318,13,8.attn.4413,8,attn,4413,382,0
5319,13,4.attn.6483,4,attn,6483,119,2
5320,13,4.attn.31939,4,attn,31939,233,0
5321,13,8.attn.16688,8,attn,16688,685,885
5322,13,4.attn.35845,4,attn,35845,234,0
5323,13,8.attn.35691,8,attn,35691,639,886
5324,13,4.attn.38382,4,attn,38382,266,0
5325,13,8.attn.16372,8,attn,16372,359,2
5326,13,4.attn.31852,4,attn,31852,308,0
5327,13,8.attn.18675,8,attn,18675,262,2
5328,13,4.attn.20776,4,attn,20776,155,2
5329,13,8.attn.28482,8,attn,28482,567,887
5330,13,4.attn.14155,4,attn,14155,321,2
5331,13,8.attn.37830,8,attn,37830,425,0
5332,13,4.attn.30179,4,attn,30179,255,2
5333,13,8.attn.30666,8,attn,30666,355,2
5334,13,4.attn.26667,4,attn,26667,220,2
5335,13,8.attn.15443,8,attn,15443,301,2
5336,13,4.attn.8517,4,attn,8517,209,2
5337,13,8.attn.33967,8,attn,33967,143,2
5338,13,4.attn.34603,4,attn,34603,176,2
5339,13,8.attn.31554,8,attn,31554,251,2
5340,13,4.attn.5832,4,attn,5832,263,0
5341,13,8.attn.29323,8,attn,29323,446,0
5342,13,4.attn.27761,4,attn,27761,186,0
5343,13,4.attn.15302,4,attn,15302,223,0
5344,13,8.attn.18087,8,attn,18087,268,2
5345,13,4.attn.35219,4,attn,35219,255,0
5346,13,8.attn.16876,8,attn,16876,259,0
5347,13,4.attn.15514,4,attn,15514,160,2
5348,13,8.attn.29110,8,attn,29110,372,2
5349,13,4.attn.14122,4,attn,14122,193,2
5350,13,4.mlp.20758,4,mlp,20758,304,0
5351,13,7.resid.11194,7,resid,11194,272,0
5352,13,4.mlp.8648,4,mlp,8648,197,0
5353,13,7.resid.39877,7,resid,39877,564,888
5354,13,4.mlp.19785,4,mlp,19785,447,0
5355,13,7.resid.30413,7,resid,30413,429,0
5356,13,4.mlp.28517,4,mlp,28517,187,0
5357,13,7.resid.11705,7,resid,11705,424,0
5358,13,4.mlp.31698,4,mlp,31698,227,0
5359,13,7.resid.21603,7,resid,21603,472,0
5360,13,4.mlp.20219,4,mlp,20219,412,0
5361,13,7.resid.36672,7,resid,36672,511,0
5362,13,4.mlp.11388,4,mlp,11388,451,0
5363,13,7.resid.4869,7,resid,4869,282,2
5364,13,4.mlp.3307,4,mlp,3307,187,0
5365,13,7.resid.14683,7,resid,14683,489,0
5366,13,4.mlp.691,4,mlp,691,261,0
5367,13,7.resid.26348,7,resid,26348,510,0
5368,13,4.mlp.1851,4,mlp,1851,277,0
5369,13,7.resid.27541,7,resid,27541,350,0
5370,13,4.mlp.12773,4,mlp,12773,265,0
5371,13,7.resid.12016,7,resid,12016,559,0
5372,13,4.mlp.5198,4,mlp,5198,151,1
5373,13,7.resid.33527,7,resid,33527,452,0
5374,13,4.mlp.4257,4,mlp,4257,378,0
5375,13,7.resid.6442,7,resid,6442,369,0
5376,13,4.mlp.24967,4,mlp,24967,307,0
5377,13,7.resid.31212,7,resid,31212,439,0
5378,13,4.mlp.21969,4,mlp,21969,382,0
5379,13,7.resid.25654,7,resid,25654,292,0
5380,13,4.mlp.3628,4,mlp,3628,216,0
5381,13,7.resid.18798,7,resid,18798,572,0
5382,13,4.mlp.40171,4,mlp,40171,215,0
5383,13,7.resid.16444,7,resid,16444,408,0
5384,13,4.mlp.30000,4,mlp,30000,302,0
5385,13,7.resid.25645,7,resid,25645,437,0
5386,13,4.mlp.15976,4,mlp,15976,560,0
5387,13,7.resid.21980,7,resid,21980,475,889
5388,13,4.mlp.17759,4,mlp,17759,292,0
5389,13,7.resid.38964,7,resid,38964,393,0
5390,13,4.mlp.27680,4,mlp,27680,449,0
5391,13,7.resid.21451,7,resid,21451,427,890
5392,13,4.mlp.12897,4,mlp,12897,351,0
5393,13,7.resid.39916,7,resid,39916,423,0
5394,13,4.mlp.37965,4,mlp,37965,271,0
5395,13,7.resid.25121,7,resid,25121,641,891
5396,13,4.mlp.21802,4,mlp,21802,276,0
5397,13,7.resid.32376,7,resid,32376,464,0
5398,13,4.mlp.37311,4,mlp,37311,329,0
5399,13,7.resid.14251,7,resid,14251,522,0
5400,13,4.mlp.35907,4,mlp,35907,256,0
5401,13,7.resid.13517,7,resid,13517,619,892
5402,13,4.mlp.25528,4,mlp,25528,250,0
5403,13,7.resid.35977,7,resid,35977,662,893
5404,13,4.mlp.4554,4,mlp,4554,279,0
5405,13,7.resid.10074,7,resid,10074,290,0
5406,13,4.resid.1647,4,resid,1647,284,0
5407,13,7.resid.18962,7,resid,18962,436,0
5408,13,4.resid.14071,4,resid,14071,309,0
5409,13,7.mlp.16402,7,mlp,16402,406,0
5410,13,4.resid.7535,4,resid,7535,276,0
5411,13,7.mlp.16933,7,mlp,16933,329,0
5412,13,4.resid.27659,4,resid,27659,291,0
5413,13,7.mlp.39495,7,mlp,39495,495,0
5414,13,4.resid.27291,4,resid,27291,141,1
5415,13,7.mlp.25530,7,mlp,25530,375,0
5416,13,4.resid.33895,4,resid,33895,243,0
5417,13,7.mlp.14037,7,mlp,14037,271,0
5418,13,4.resid.26794,4,resid,26794,282,0
5419,13,7.mlp.26780,7,mlp,26780,484,0
5420,13,4.resid.1184,4,resid,1184,263,0
5421,13,7.mlp.24413,7,mlp,24413,326,0
5422,13,4.resid.34008,4,resid,34008,391,894
5423,13,7.mlp.5463,7,mlp,5463,155,0
5424,13,4.resid.7912,4,resid,7912,313,0
5425,13,7.mlp.9834,7,mlp,9834,470,0
5426,13,4.resid.36311,4,resid,36311,369,0
5427,13,7.mlp.13819,7,mlp,13819,495,0
5428,13,4.resid.34333,4,resid,34333,247,0
5429,13,7.mlp.39707,7,mlp,39707,475,0
5430,13,4.resid.14880,4,resid,14880,344,0
5431,13,7.mlp.29538,7,mlp,29538,481,895
5432,13,4.resid.24517,4,resid,24517,196,0
5433,13,7.mlp.26112,7,mlp,26112,352,0
5434,13,4.resid.26536,4,resid,26536,172,2
5435,13,7.mlp.25018,7,mlp,25018,367,0
5436,13,4.resid.20680,4,resid,20680,464,0
5437,13,7.mlp.15625,7,mlp,15625,486,0
5438,13,4.resid.1869,4,resid,1869,205,0
5439,13,7.mlp.19515,7,mlp,19515,478,0
5440,13,4.resid.24460,4,resid,24460,178,0
5441,13,7.mlp.28377,7,mlp,28377,288,0
5442,13,4.resid.2205,4,resid,2205,269,0
5443,13,7.mlp.25619,7,mlp,25619,494,0
5444,13,4.resid.3869,4,resid,3869,251,0
5445,13,7.mlp.9959,7,mlp,9959,728,896
5446,13,4.resid.25347,4,resid,25347,344,0
5447,13,7.mlp.13206,7,mlp,13206,400,0
5448,13,4.resid.28789,4,resid,28789,383,0
5449,13,7.mlp.15702,7,mlp,15702,366,0
5450,13,4.resid.31471,4,resid,31471,331,0
5451,13,7.mlp.38223,7,mlp,38223,409,0
5452,13,4.resid.37667,4,resid,37667,429,0
5453,13,7.mlp.16040,7,mlp,16040,417,0
5454,13,4.resid.11027,4,resid,11027,398,0
5455,13,7.mlp.36988,7,mlp,36988,222,0
5456,13,4.resid.9111,4,resid,9111,179,2
5457,13,7.mlp.26659,7,mlp,26659,520,897
5458,13,4.resid.20231,4,resid,20231,239,0
5459,13,7.mlp.12786,7,mlp,12786,451,0
5460,13,4.resid.13764,4,resid,13764,409,0
5461,13,7.mlp.4715,7,mlp,4715,359,0
5462,13,4.resid.24578,4,resid,24578,186,0
5463,13,7.mlp.30825,7,mlp,30825,284,0
5464,13,5.attn.3146,5,attn,3146,179,2
5465,13,7.attn.36057,7,attn,36057,511,898
5466,13,5.attn.29151,5,attn,29151,337,0
5467,13,7.attn.7853,7,attn,7853,380,0
5468,13,5.attn.25273,5,attn,25273,205,2
5469,13,7.attn.39863,7,attn,39863,548,0
5470,13,5.attn.28259,5,attn,28259,105,1
5471,13,7.attn.33084,7,attn,33084,512,899
5472,13,5.attn.16593,5,attn,16593,186,2
5473,13,7.attn.17962,7,attn,17962,315,0
5474,13,5.attn.33988,5,attn,33988,315,0
5475,13,7.attn.40722,7,attn,40722,365,0
5476,13,5.attn.39463,5,attn,39463,245,2
5477,13,7.attn.26697,7,attn,26697,159,0
5478,13,5.attn.18661,5,attn,18661,359,0
5479,13,7.attn.16599,7,attn,16599,558,0
5480,13,5.attn.34353,5,attn,34353,402,2
5481,13,7.attn.3265,7,attn,3265,210,0
5482,13,5.attn.12816,5,attn,12816,396,0
5483,13,7.attn.3894,7,attn,3894,352,0
5484,13,7.attn.7485,7,attn,7485,443,0
5485,13,5.attn.26739,5,attn,26739,224,2
5486,13,7.attn.10545,7,attn,10545,582,900
5487,13,5.attn.20903,5,attn,20903,290,0
5488,13,7.attn.16178,7,attn,16178,296,2
5489,13,5.attn.28063,5,attn,28063,181,2
5490,13,7.attn.10604,7,attn,10604,418,0
5491,13,5.attn.30065,5,attn,30065,215,0
5492,13,5.attn.20468,5,attn,20468,417,0
5493,13,7.attn.17893,7,attn,17893,363,0
5494,13,5.attn.16703,5,attn,16703,264,0
5495,13,7.attn.16531,7,attn,16531,453,0
5496,13,5.attn.23868,5,attn,23868,185,2
5497,13,5.attn.35392,5,attn,35392,266,0
5498,13,7.attn.25432,7,attn,25432,291,2
5499,13,5.attn.12084,5,attn,12084,258,2
5500,13,7.attn.33880,7,attn,33880,569,0
5501,13,5.attn.3712,5,attn,3712,259,2
5502,13,7.attn.34526,7,attn,34526,398,0
5503,13,5.attn.12932,5,attn,12932,339,2
5504,13,7.attn.18497,7,attn,18497,289,0
5505,13,7.attn.24176,7,attn,24176,305,2
5506,13,5.attn.23174,5,attn,23174,349,0
5507,13,7.attn.11375,7,attn,11375,188,0
5508,13,5.attn.16448,5,attn,16448,304,0
5509,13,7.attn.2861,7,attn,2861,391,0
5510,13,5.mlp.3261,5,mlp,3261,297,0
5511,13,7.attn.10473,7,attn,10473,325,2
5512,13,5.mlp.12812,5,mlp,12812,297,0
5513,13,6.resid.33336,6,resid,33336,353,0
5514,13,5.mlp.12862,5,mlp,12862,317,0
5515,13,6.resid.39521,6,resid,39521,417,0
5516,13,5.mlp.13511,5,mlp,13511,422,0
5517,13,6.resid.29182,6,resid,29182,498,0
5518,13,5.mlp.19864,5,mlp,19864,611,901
5519,13,6.resid.14476,6,resid,14476,444,0
5520,13,5.mlp.20764,5,mlp,20764,505,902
5521,13,6.resid.141,6,resid,141,484,0
5522,13,5.mlp.15049,5,mlp,15049,222,0
5523,13,6.resid.17027,6,resid,17027,399,0
5524,13,5.mlp.12823,5,mlp,12823,447,0
5525,13,6.resid.5231,6,resid,5231,409,0
5526,13,5.mlp.9966,5,mlp,9966,242,0
5527,13,6.resid.36958,6,resid,36958,450,0
5528,13,5.mlp.26491,5,mlp,26491,365,0
5529,13,6.resid.22410,6,resid,22410,382,0
5530,13,5.mlp.40450,5,mlp,40450,203,0
5531,13,6.resid.38303,6,resid,38303,419,0
5532,13,5.mlp.10168,5,mlp,10168,325,0
5533,13,6.resid.1917,6,resid,1917,401,0
5534,13,5.mlp.20213,5,mlp,20213,524,0
5535,13,6.resid.3078,6,resid,3078,389,0
5536,13,5.mlp.39927,5,mlp,39927,309,0
5537,13,6.resid.29067,6,resid,29067,396,0
5538,13,5.mlp.22191,5,mlp,22191,355,0
5539,13,6.resid.4477,6,resid,4477,465,0
5540,13,5.mlp.34102,5,mlp,34102,286,0
5541,13,6.resid.9139,6,resid,9139,358,0
5542,13,5.mlp.34339,5,mlp,34339,396,0
5543,13,6.resid.31104,6,resid,31104,425,0
5544,13,5.mlp.10805,5,mlp,10805,402,0
5545,13,6.resid.14349,6,resid,14349,342,0
5546,13,5.mlp.21258,5,mlp,21258,215,0
5547,13,6.resid.15554,6,resid,15554,361,0
5548,13,5.mlp.19262,5,mlp,19262,313,0
5549,13,6.resid.39811,6,resid,39811,411,0
5550,13,5.mlp.35992,5,mlp,35992,363,0
5551,13,6.resid.26247,6,resid,26247,612,903
5552,13,5.mlp.23242,5,mlp,23242,497,0
5553,13,6.resid.35678,6,resid,35678,378,0
5554,13,5.mlp.38092,5,mlp,38092,382,0
5555,13,6.resid.20003,6,resid,20003,242,0
5556,13,5.mlp.35180,5,mlp,35180,180,0
5557,13,6.resid.9854,6,resid,9854,390,0
5558,13,5.mlp.24965,5,mlp,24965,271,0
5559,13,6.resid.29308,6,resid,29308,431,0
5560,13,5.mlp.22904,5,mlp,22904,392,0
5561,13,6.resid.13250,6,resid,13250,385,0
5562,13,5.mlp.26326,5,mlp,26326,376,0
5563,13,6.resid.24207,6,resid,24207,296,0
5564,13,5.mlp.11433,5,mlp,11433,286,0
5565,13,6.resid.10103,6,resid,10103,300,0
5566,13,5.mlp.10953,5,mlp,10953,335,0
5567,13,6.resid.40348,6,resid,40348,416,0
5568,13,5.resid.34426,5,resid,34426,267,0
5569,13,6.mlp.16874,6,mlp,16874,485,0
5570,13,5.resid.25214,5,resid,25214,248,0
5571,13,6.mlp.8858,6,mlp,8858,427,0
5572,13,5.resid.8051,5,resid,8051,298,0
5573,13,6.mlp.7612,6,mlp,7612,482,904
5574,13,5.resid.35260,5,resid,35260,301,0
5575,13,6.mlp.32827,6,mlp,32827,559,0
5576,13,5.resid.3680,5,resid,3680,377,0
5577,13,6.mlp.30690,6,mlp,30690,413,0
5578,13,5.resid.22182,5,resid,22182,348,0
5579,13,6.mlp.23672,6,mlp,23672,347,0
5580,13,5.resid.22051,5,resid,22051,285,0
5581,13,6.mlp.29028,6,mlp,29028,390,0
5582,13,5.resid.16237,5,resid,16237,384,0
5583,13,6.mlp.34527,6,mlp,34527,342,0
5584,13,5.resid.23475,5,resid,23475,388,0
5585,13,6.mlp.32833,6,mlp,32833,205,0
5586,13,5.resid.24011,5,resid,24011,358,0
5587,13,6.mlp.7946,6,mlp,7946,440,0
5588,13,5.resid.6465,5,resid,6465,391,0
5589,13,6.mlp.22360,6,mlp,22360,352,0
5590,13,5.resid.22192,5,resid,22192,335,0
5591,13,6.mlp.15217,6,mlp,15217,467,0
5592,13,5.resid.33027,5,resid,33027,330,0
5593,13,6.mlp.31812,6,mlp,31812,567,905
5594,13,5.resid.32286,5,resid,32286,367,0
5595,13,6.mlp.16694,6,mlp,16694,366,0
5596,13,5.resid.27296,5,resid,27296,300,0
5597,13,6.mlp.1140,6,mlp,1140,418,0
5598,13,5.resid.39464,5,resid,39464,306,0
5599,13,6.mlp.33644,6,mlp,33644,272,0
5600,13,5.resid.29186,5,resid,29186,396,0
5601,13,6.mlp.104,6,mlp,104,379,0
5602,13,5.resid.33009,5,resid,33009,327,0
5603,13,6.mlp.16891,6,mlp,16891,464,0
5604,13,5.resid.5581,5,resid,5581,261,0
5605,13,6.mlp.852,6,mlp,852,441,0
5606,13,5.resid.9013,5,resid,9013,288,0
5607,13,6.mlp.17061,6,mlp,17061,307,0
5608,13,5.resid.27223,5,resid,27223,341,0
5609,13,6.mlp.1836,6,mlp,1836,473,0
5610,13,5.resid.19058,5,resid,19058,453,0
5611,13,6.mlp.13259,6,mlp,13259,205,0
5612,13,5.resid.35178,5,resid,35178,375,0
5613,13,6.mlp.26031,6,mlp,26031,315,0
5614,13,5.resid.8948,5,resid,8948,366,0
5615,13,6.mlp.40427,6,mlp,40427,254,0
5616,13,5.resid.853,5,resid,853,528,0
5617,13,6.mlp.38107,6,mlp,38107,430,0
5618,13,5.resid.38169,5,resid,38169,296,0
5619,13,6.mlp.23174,6,mlp,23174,380,0
5620,13,5.resid.17662,5,resid,17662,318,0
5621,13,6.mlp.22460,6,mlp,22460,423,0
5622,13,5.resid.5362,5,resid,5362,236,0
5623,13,6.mlp.16236,6,mlp,16236,403,0
5624,13,6.attn.26583,6,attn,26583,229,2
5625,13,6.attn.32036,6,attn,32036,266,0
5626,13,6.attn.9039,6,attn,9039,209,2
5627,13,6.attn.6889,6,attn,6889,281,2
5628,13,6.attn.18249,6,attn,18249,322,0
5629,13,6.attn.6598,6,attn,6598,482,0
5630,13,6.attn.12323,6,attn,12323,485,906
5631,13,6.attn.25810,6,attn,25810,201,2
5632,13,6.attn.38069,6,attn,38069,242,2
5633,13,6.attn.3527,6,attn,3527,260,2
5634,13,6.attn.9424,6,attn,9424,408,0
5635,13,6.attn.37366,6,attn,37366,348,0
5636,13,6.attn.16699,6,attn,16699,193,0
5637,13,6.attn.33753,6,attn,33753,509,907
5638,13,6.attn.23452,6,attn,23452,377,0
5639,13,6.attn.20116,6,attn,20116,207,2
5640,13,6.attn.16022,6,attn,16022,308,2
5641,13,6.attn.38441,6,attn,38441,303,2
5642,13,6.attn.21197,6,attn,21197,376,0
5643,13,6.attn.31592,6,attn,31592,277,2
5644,13,6.attn.28913,6,attn,28913,292,2
5645,13,6.attn.8550,6,attn,8550,252,2
5646,13,6.attn.15112,6,attn,15112,335,2
5647,13,6.attn.10605,6,attn,10605,221,2
5648,13,6.attn.27260,6,attn,27260,368,0
5649,13,6.attn.11934,6,attn,11934,197,2
5650,13,0.mlp.1219,0,mlp,1219,27,1
5651,14,0.mlp.3113,0,mlp,3113,19,1
5652,14,11.resid.30373,11,resid,30373,592,908
5653,14,0.mlp.26949,0,mlp,26949,9,0
5654,14,11.resid.27380,11,resid,27380,446,0
5655,14,0.mlp.8221,0,mlp,8221,16,1
5656,14,11.resid.10373,11,resid,10373,616,909
5657,14,0.mlp.25181,0,mlp,25181,19,1
5658,14,11.resid.13086,11,resid,13086,253,0
5659,14,0.mlp.33290,0,mlp,33290,42,1
5660,14,11.resid.34045,11,resid,34045,737,910
5661,14,0.mlp.1796,0,mlp,1796,53,1
5662,14,11.resid.13472,11,resid,13472,546,911
5663,14,0.mlp.26430,0,mlp,26430,36,1
5664,14,11.resid.24479,11,resid,24479,670,912
5665,14,0.mlp.10381,0,mlp,10381,19,1
5666,14,11.resid.29305,11,resid,29305,630,913
5667,14,0.mlp.27736,0,mlp,27736,17,1
5668,14,11.resid.32701,11,resid,32701,631,914
5669,14,0.mlp.4380,0,mlp,4380,15,0
5670,14,11.resid.40663,11,resid,40663,777,915
5671,14,0.mlp.10563,0,mlp,10563,19,1
5672,14,11.resid.13145,11,resid,13145,840,916
5673,14,0.mlp.17849,0,mlp,17849,15,1
5674,14,11.resid.11513,11,resid,11513,494,917
5675,14,0.mlp.13055,0,mlp,13055,10,0
5676,14,11.resid.20240,11,resid,20240,646,918
5677,14,0.mlp.26734,0,mlp,26734,52,1
5678,14,11.resid.32965,11,resid,32965,584,919
5679,14,0.mlp.3828,0,mlp,3828,23,1
5680,14,11.resid.28561,11,resid,28561,696,920
5681,14,0.mlp.11790,0,mlp,11790,12,1
5682,14,11.resid.5677,11,resid,5677,437,0
5683,14,0.mlp.31594,0,mlp,31594,22,1
5684,14,11.resid.337,11,resid,337,483,0
5685,14,0.mlp.8083,0,mlp,8083,8,0
5686,14,11.resid.33546,11,resid,33546,546,921
5687,14,0.mlp.31023,0,mlp,31023,14,1
5688,14,11.resid.10145,11,resid,10145,472,0
5689,14,0.mlp.18367,0,mlp,18367,50,1
5690,14,11.resid.18315,11,resid,18315,267,0
5691,14,0.mlp.6938,0,mlp,6938,10,0
5692,14,11.resid.20898,11,resid,20898,421,922
5693,14,0.mlp.25911,0,mlp,25911,27,1
5694,14,11.resid.25366,11,resid,25366,423,0
5695,14,0.mlp.824,0,mlp,824,15,1
5696,14,11.resid.14333,11,resid,14333,338,0
5697,14,0.mlp.32276,0,mlp,32276,24,1
5698,14,11.resid.3455,11,resid,3455,452,0
5699,14,0.mlp.4619,0,mlp,4619,18,1
5700,14,11.resid.4273,11,resid,4273,758,923
5701,14,0.mlp.10086,0,mlp,10086,39,1
5702,14,11.resid.32804,11,resid,32804,538,0
5703,14,0.mlp.17672,0,mlp,17672,9,0
5704,14,11.resid.38029,11,resid,38029,480,924
5705,14,0.mlp.27323,0,mlp,27323,18,1
5706,14,11.resid.25614,11,resid,25614,776,925
5707,14,0.resid.8502,0,resid,8502,16,1
5708,14,11.resid.35168,11,resid,35168,430,0
5709,14,0.resid.39596,0,resid,39596,27,1
5710,14,11.mlp.38550,11,mlp,38550,332,0
5711,14,0.resid.38022,0,resid,38022,67,1
5712,14,11.mlp.22060,11,mlp,22060,410,926
5713,14,0.resid.2689,0,resid,2689,55,1
5714,14,11.mlp.28189,11,mlp,28189,554,927
5715,14,0.resid.14146,0,resid,14146,17,2
5716,14,11.mlp.747,11,mlp,747,666,928
5717,14,0.resid.14406,0,resid,14406,116,1
5718,14,11.mlp.13421,11,mlp,13421,650,929
5719,14,0.resid.6397,0,resid,6397,27,1
5720,14,11.mlp.23721,11,mlp,23721,551,930
5721,14,0.resid.8360,0,resid,8360,70,1
5722,14,11.mlp.16298,11,mlp,16298,627,931
5723,14,0.resid.14661,0,resid,14661,82,1
5724,14,11.mlp.35167,11,mlp,35167,731,932
5725,14,0.resid.4905,0,resid,4905,50,1
5726,14,11.mlp.3311,11,mlp,3311,765,933
5727,14,0.resid.12693,0,resid,12693,15,0
5728,14,11.mlp.20508,11,mlp,20508,399,0
5729,14,0.resid.35801,0,resid,35801,52,1
5730,14,11.mlp.27850,11,mlp,27850,333,0
5731,14,0.resid.36295,0,resid,36295,30,2
5732,14,11.mlp.10775,11,mlp,10775,578,934
5733,14,0.resid.9251,0,resid,9251,56,1
5734,14,11.mlp.25456,11,mlp,25456,610,935
5735,14,0.resid.11949,0,resid,11949,17,1
5736,14,11.mlp.29858,11,mlp,29858,528,0
5737,14,0.resid.28245,0,resid,28245,136,1
5738,14,11.mlp.40276,11,mlp,40276,305,0
5739,14,0.resid.24621,0,resid,24621,25,1
5740,14,11.mlp.5961,11,mlp,5961,327,0
5741,14,0.resid.70,0,resid,70,34,1
5742,14,11.mlp.7375,11,mlp,7375,351,0
5743,14,0.resid.26547,0,resid,26547,24,1
5744,14,11.mlp.25533,11,mlp,25533,430,0
5745,14,0.resid.35276,0,resid,35276,37,1
5746,14,11.mlp.15675,11,mlp,15675,381,0
5747,14,0.resid.27712,0,resid,27712,80,1
5748,14,11.mlp.587,11,mlp,587,710,936
5749,14,0.resid.17316,0,resid,17316,39,1
5750,14,11.mlp.30282,11,mlp,30282,617,937
5751,14,0.resid.17063,0,resid,17063,153,1
5752,14,11.mlp.11704,11,mlp,11704,664,938
5753,14,0.resid.24667,0,resid,24667,92,1
5754,14,11.mlp.28722,11,mlp,28722,261,0
5755,14,0.resid.21536,0,resid,21536,32,1
5756,14,11.mlp.16006,11,mlp,16006,360,0
5757,14,0.resid.29463,0,resid,29463,20,1
5758,14,11.mlp.26213,11,mlp,26213,612,939
5759,14,0.resid.224,0,resid,224,145,1
5760,14,11.mlp.17369,11,mlp,17369,323,0
5761,14,0.resid.20835,0,resid,20835,28,1
5762,14,11.mlp.34093,11,mlp,34093,567,0
5763,14,11.mlp.7311,11,mlp,7311,393,0
5764,14,11.attn.18973,11,attn,18973,447,0
5765,14,11.attn.25308,11,attn,25308,390,0
5766,14,11.attn.10647,11,attn,10647,274,0
5767,14,11.attn.8759,11,attn,8759,260,2
5768,14,11.attn.33608,11,attn,33608,712,940
5769,14,11.attn.30154,11,attn,30154,755,941
5770,14,11.attn.27617,11,attn,27617,1017,942
5771,14,11.attn.12431,11,attn,12431,367,2
5772,14,11.attn.30600,11,attn,30600,306,2
5773,14,1.attn.39307,1,attn,39307,124,1
5774,14,11.attn.38435,11,attn,38435,584,943
5775,14,11.attn.6172,11,attn,6172,623,944
5776,14,11.attn.11775,11,attn,11775,856,945
5777,14,11.attn.1690,11,attn,1690,596,946
5778,14,11.attn.17388,11,attn,17388,259,2
5779,14,11.attn.7406,11,attn,7406,371,0
5780,14,11.attn.37456,11,attn,37456,708,947
5781,14,11.attn.6381,11,attn,6381,310,0
5782,14,11.attn.23835,11,attn,23835,366,0
5783,14,1.attn.19768,1,attn,19768,35,1
5784,14,11.attn.21401,11,attn,21401,748,948
5785,14,11.attn.21603,11,attn,21603,1140,949
5786,14,1.attn.23243,1,attn,23243,127,1
5787,14,11.attn.8811,11,attn,8811,625,950
5788,14,1.attn.19390,1,attn,19390,97,1
5789,14,11.attn.17068,11,attn,17068,261,0
5790,14,1.attn.36796,1,attn,36796,129,1
5791,14,11.attn.26048,11,attn,26048,348,2
5792,14,1.attn.20384,1,attn,20384,53,1
5793,14,11.attn.30926,11,attn,30926,516,0
5794,14,1.attn.25434,1,attn,25434,63,1
5795,14,11.attn.30308,11,attn,30308,697,951
5796,14,1.mlp.17447,1,mlp,17447,162,1
5797,14,10.resid.15566,10,resid,15566,692,952
5798,14,1.mlp.21342,1,mlp,21342,162,1
5799,14,10.resid.14610,10,resid,14610,699,953
5800,14,1.mlp.426,1,mlp,426,109,1
5801,14,10.resid.15327,10,resid,15327,554,0
5802,14,1.mlp.6558,1,mlp,6558,170,1
5803,14,10.resid.36667,10,resid,36667,871,954
5804,14,1.mlp.2153,1,mlp,2153,131,1
5805,14,10.resid.1334,10,resid,1334,608,955
5806,14,1.mlp.19314,1,mlp,19314,113,1
5807,14,10.resid.21494,10,resid,21494,381,0
5808,14,1.mlp.23609,1,mlp,23609,96,1
5809,14,10.resid.36682,10,resid,36682,510,956
5810,14,1.mlp.34765,1,mlp,34765,133,1
5811,14,10.resid.25751,10,resid,25751,345,0
5812,14,1.mlp.6415,1,mlp,6415,174,0
5813,14,10.resid.21741,10,resid,21741,596,957
5814,14,1.mlp.23337,1,mlp,23337,162,1
5815,14,10.resid.40164,10,resid,40164,685,958
5816,14,1.mlp.13937,1,mlp,13937,181,1
5817,14,10.resid.12083,10,resid,12083,564,959
5818,14,1.mlp.22442,1,mlp,22442,106,1
5819,14,10.resid.560,10,resid,560,376,0
5820,14,1.mlp.33160,1,mlp,33160,114,1
5821,14,10.resid.40520,10,resid,40520,844,960
5822,14,1.mlp.19874,1,mlp,19874,130,1
5823,14,10.resid.2538,10,resid,2538,809,961
5824,14,1.mlp.24678,1,mlp,24678,164,1
5825,14,10.resid.14982,10,resid,14982,463,962
5826,14,1.mlp.2677,1,mlp,2677,254,0
5827,14,10.resid.25378,10,resid,25378,731,963
5828,14,1.mlp.10625,1,mlp,10625,181,1
5829,14,10.resid.8281,10,resid,8281,644,964
5830,14,1.mlp.14712,1,mlp,14712,96,1
5831,14,10.resid.4163,10,resid,4163,845,965
5832,14,1.mlp.32883,1,mlp,32883,210,0
5833,14,10.resid.31256,10,resid,31256,423,0
5834,14,1.mlp.17127,1,mlp,17127,159,1
5835,14,10.resid.8016,10,resid,8016,603,966
5836,14,1.mlp.29234,1,mlp,29234,224,0
5837,14,10.resid.547,10,resid,547,447,0
5838,14,1.mlp.17227,1,mlp,17227,85,1
5839,14,10.resid.26207,10,resid,26207,697,967
5840,14,1.mlp.3909,1,mlp,3909,142,1
5841,14,10.resid.30298,10,resid,30298,378,0
5842,14,1.mlp.3446,1,mlp,3446,232,0
5843,14,10.resid.20408,10,resid,20408,722,968
5844,14,1.mlp.10760,1,mlp,10760,110,1
5845,14,10.resid.19064,10,resid,19064,741,969
5846,14,1.mlp.38883,1,mlp,38883,118,1
5847,14,10.resid.4573,10,resid,4573,581,970
5848,14,1.mlp.10486,1,mlp,10486,104,1
5849,14,10.resid.21523,10,resid,21523,619,971
5850,14,1.mlp.15153,1,mlp,15153,90,1
5851,14,10.resid.22165,10,resid,22165,749,972
5852,14,1.resid.29360,1,resid,29360,57,1
5853,14,10.resid.16337,10,resid,16337,878,973
5854,14,1.resid.11128,1,resid,11128,45,1
5855,14,10.mlp.14874,10,mlp,14874,751,974
5856,14,1.resid.25066,1,resid,25066,127,1
5857,14,10.mlp.18713,10,mlp,18713,481,0
5858,14,1.resid.23745,1,resid,23745,51,1
5859,14,10.mlp.14925,10,mlp,14925,443,0
5860,14,1.resid.26288,1,resid,26288,146,1
5861,14,10.mlp.36208,10,mlp,36208,601,975
5862,14,1.resid.32723,1,resid,32723,107,1
5863,14,10.mlp.32186,10,mlp,32186,604,976
5864,14,1.resid.14649,1,resid,14649,113,1
5865,14,10.mlp.36809,10,mlp,36809,696,977
5866,14,1.resid.38301,1,resid,38301,107,1
5867,14,10.mlp.10573,10,mlp,10573,221,0
5868,14,1.resid.35993,1,resid,35993,72,1
5869,14,10.mlp.8398,10,mlp,8398,271,2
5870,14,1.resid.22520,1,resid,22520,63,1
5871,14,10.mlp.4923,10,mlp,4923,345,0
5872,14,1.resid.31955,1,resid,31955,72,1
5873,14,10.mlp.18334,10,mlp,18334,323,0
5874,14,1.resid.11129,1,resid,11129,73,1
5875,14,10.mlp.25544,10,mlp,25544,406,0
5876,14,1.resid.6472,1,resid,6472,43,1
5877,14,10.mlp.5867,10,mlp,5867,781,978
5878,14,1.resid.9016,1,resid,9016,68,1
5879,14,10.mlp.7747,10,mlp,7747,509,0
5880,14,1.resid.15545,1,resid,15545,109,1
5881,14,10.mlp.24237,10,mlp,24237,556,0
5882,14,1.resid.28191,1,resid,28191,154,1
5883,14,10.mlp.8951,10,mlp,8951,384,0
5884,14,1.resid.125,1,resid,125,91,1
5885,14,10.mlp.10945,10,mlp,10945,390,0
5886,14,1.resid.28442,1,resid,28442,152,1
5887,14,10.mlp.3072,10,mlp,3072,627,979
5888,14,1.resid.28053,1,resid,28053,153,1
5889,14,10.mlp.1619,10,mlp,1619,475,0
5890,14,1.resid.21389,1,resid,21389,58,1
5891,14,10.mlp.25100,10,mlp,25100,473,0
5892,14,1.resid.17902,1,resid,17902,83,1
5893,14,10.mlp.21183,10,mlp,21183,347,0
5894,14,1.resid.14622,1,resid,14622,127,1
5895,14,10.mlp.25879,10,mlp,25879,464,0
5896,14,1.resid.33259,1,resid,33259,88,1
5897,14,10.mlp.11064,10,mlp,11064,464,0
5898,14,1.resid.9266,1,resid,9266,41,2
5899,14,10.mlp.11526,10,mlp,11526,477,980
5900,14,1.resid.6702,1,resid,6702,112,1
5901,14,10.mlp.30745,10,mlp,30745,660,981
5902,14,1.resid.17316,1,resid,17316,62,1
5903,14,10.mlp.34702,10,mlp,34702,605,982
5904,14,1.resid.12005,1,resid,12005,176,1
5905,14,10.mlp.4006,10,mlp,4006,622,983
5906,14,1.resid.917,1,resid,917,78,2
5907,14,10.mlp.36235,10,mlp,36235,616,984
5908,14,1.resid.5532,1,resid,5532,43,1
5909,14,10.mlp.1172,10,mlp,1172,476,0
5910,14,10.attn.29665,10,attn,29665,268,2
5911,14,2.attn.32494,2,attn,32494,166,2
5912,14,10.attn.23886,10,attn,23886,726,985
5913,14,2.attn.8408,2,attn,8408,159,2
5914,14,10.attn.4798,10,attn,4798,252,0
5915,14,10.attn.3630,10,attn,3630,347,2
5916,14,2.attn.37184,2,attn,37184,80,2
5917,14,10.attn.16803,10,attn,16803,341,2
5918,14,2.attn.16331,2,attn,16331,99,2
5919,14,10.attn.27033,10,attn,27033,512,0
5920,14,2.attn.38286,2,attn,38286,137,2
5921,14,10.attn.23748,10,attn,23748,646,986
5922,14,10.attn.17047,10,attn,17047,549,0
5923,14,2.attn.29277,2,attn,29277,230,2
5924,14,10.attn.40096,10,attn,40096,485,0
5925,14,2.attn.33758,2,attn,33758,111,2
5926,14,10.attn.9575,10,attn,9575,582,987
5927,14,2.attn.14400,2,attn,14400,184,2
5928,14,10.attn.19115,10,attn,19115,404,0
5929,14,2.attn.24047,2,attn,24047,111,2
5930,14,10.attn.7439,10,attn,7439,280,2
5931,14,2.attn.24302,2,attn,24302,94,2
5932,14,10.attn.36324,10,attn,36324,286,0
5933,14,2.attn.25675,2,attn,25675,120,2
5934,14,10.attn.27845,10,attn,27845,305,2
5935,14,10.attn.13346,10,attn,13346,248,0
5936,14,10.attn.18047,10,attn,18047,511,988
5937,14,2.attn.16643,2,attn,16643,158,2
5938,14,10.attn.31142,10,attn,31142,231,2
5939,14,10.attn.14996,10,attn,14996,510,0
5940,14,2.attn.35716,2,attn,35716,182,0
5941,14,10.attn.38205,10,attn,38205,237,2
5942,14,2.attn.22452,2,attn,22452,140,2
5943,14,2.attn.21521,2,attn,21521,117,2
5944,14,10.attn.14475,10,attn,14475,295,2
5945,14,10.attn.27575,10,attn,27575,190,0
5946,14,10.attn.25641,10,attn,25641,866,989
5947,14,10.attn.10458,10,attn,10458,498,0
5948,14,2.attn.29137,2,attn,29137,84,2
5949,14,10.attn.4270,10,attn,4270,282,0
5950,14,2.attn.28778,2,attn,28778,155,2
5951,14,10.attn.11768,10,attn,11768,819,990
5952,14,2.mlp.16899,2,mlp,16899,199,0
5953,14,10.attn.1496,10,attn,1496,492,0
5954,14,2.mlp.9586,2,mlp,9586,203,2
5955,14,9.resid.7116,9,resid,7116,699,991
5956,14,2.mlp.32544,2,mlp,32544,259,0
5957,14,9.resid.39647,9,resid,39647,592,992
5958,14,2.mlp.38677,2,mlp,38677,110,1
5959,14,9.resid.12537,9,resid,12537,624,993
5960,14,2.mlp.17282,2,mlp,17282,209,0
5961,14,9.resid.13262,9,resid,13262,636,994
5962,14,2.mlp.23058,2,mlp,23058,211,0
5963,14,9.resid.16652,9,resid,16652,529,995
5964,14,2.mlp.37486,2,mlp,37486,154,0
5965,14,9.resid.5724,9,resid,5724,395,0
5966,14,2.mlp.14274,2,mlp,14274,258,0
5967,14,9.resid.34939,9,resid,34939,377,0
5968,14,2.mlp.38678,2,mlp,38678,112,1
5969,14,9.resid.28846,9,resid,28846,555,996
5970,14,2.mlp.32377,2,mlp,32377,335,0
5971,14,9.resid.35519,9,resid,35519,478,0
5972,14,2.mlp.6504,2,mlp,6504,183,0
5973,14,9.resid.19822,9,resid,19822,878,997
5974,14,2.mlp.2039,2,mlp,2039,97,1
5975,14,9.resid.14243,9,resid,14243,892,998
5976,14,2.mlp.7478,2,mlp,7478,183,0
5977,14,9.resid.2665,9,resid,2665,573,999
5978,14,2.mlp.11388,2,mlp,11388,141,1
5979,14,9.resid.6333,9,resid,6333,607,1000
5980,14,2.mlp.4433,2,mlp,4433,177,0
5981,14,9.resid.16341,9,resid,16341,322,0
5982,14,2.mlp.13737,2,mlp,13737,313,0
5983,14,9.resid.7210,9,resid,7210,664,1001
5984,14,2.mlp.41,2,mlp,41,274,0
5985,14,9.resid.16465,9,resid,16465,526,0
5986,14,2.mlp.37257,2,mlp,37257,243,0
5987,14,9.resid.2072,9,resid,2072,648,1002
5988,14,2.mlp.14630,2,mlp,14630,126,1
5989,14,9.resid.36662,9,resid,36662,719,1003
5990,14,2.mlp.33845,2,mlp,33845,215,0
5991,14,9.resid.3030,9,resid,3030,644,1004
5992,14,2.mlp.14457,2,mlp,14457,136,1
5993,14,9.resid.20996,9,resid,20996,434,0
5994,14,2.mlp.14286,2,mlp,14286,148,0
5995,14,9.resid.3490,9,resid,3490,371,0
5996,14,2.mlp.10091,2,mlp,10091,111,1
5997,14,9.resid.33013,9,resid,33013,478,1005
5998,14,2.mlp.8363,2,mlp,8363,139,2
5999,14,9.resid.31723,9,resid,31723,522,1006
6000,14,2.mlp.22652,2,mlp,22652,152,0
6001,14,9.resid.11506,9,resid,11506,725,1007
6002,14,2.mlp.11608,2,mlp,11608,208,0
6003,14,9.resid.35009,9,resid,35009,355,0
6004,14,2.mlp.36319,2,mlp,36319,283,0
6005,14,9.resid.25849,9,resid,25849,552,0
6006,14,2.mlp.3763,2,mlp,3763,177,0
6007,14,9.resid.7799,9,resid,7799,624,1008
6008,14,2.mlp.11652,2,mlp,11652,309,0
6009,14,9.resid.341,9,resid,341,487,0
6010,14,2.resid.36253,2,resid,36253,157,1
6011,14,9.mlp.31412,9,mlp,31412,439,0
6012,14,2.resid.14906,2,resid,14906,249,0
6013,14,9.mlp.22342,9,mlp,22342,531,1009
6014,14,2.resid.18456,2,resid,18456,197,0
6015,14,9.mlp.975,9,mlp,975,482,0
6016,14,2.resid.32443,2,resid,32443,261,0
6017,14,9.mlp.16706,9,mlp,16706,466,0
6018,14,2.resid.38509,2,resid,38509,89,1
6019,14,9.mlp.24663,9,mlp,24663,350,0
6020,14,2.resid.14118,2,resid,14118,140,1
6021,14,9.mlp.24612,9,mlp,24612,329,0
6022,14,2.resid.27132,2,resid,27132,94,1
6023,14,9.mlp.34475,9,mlp,34475,430,0
6024,14,2.resid.37399,2,resid,37399,157,0
6025,14,9.mlp.29630,9,mlp,29630,558,1010
6026,14,2.resid.3430,2,resid,3430,149,0
6027,14,9.mlp.7092,9,mlp,7092,485,0
6028,14,2.resid.4163,2,resid,4163,152,0
6029,14,9.mlp.33646,9,mlp,33646,637,1011
6030,14,2.resid.17278,2,resid,17278,161,1
6031,14,9.mlp.2541,9,mlp,2541,362,0
6032,14,2.resid.8070,2,resid,8070,134,1
6033,14,9.mlp.4152,9,mlp,4152,296,0
6034,14,2.resid.36802,2,resid,36802,105,1
6035,14,9.mlp.22053,9,mlp,22053,525,0
6036,14,2.resid.16736,2,resid,16736,105,1
6037,14,9.mlp.35249,9,mlp,35249,416,0
6038,14,2.resid.6512,2,resid,6512,191,0
6039,14,9.mlp.21783,9,mlp,21783,358,1012
6040,14,2.resid.604,2,resid,604,174,0
6041,14,9.mlp.30530,9,mlp,30530,268,0
6042,14,2.resid.38351,2,resid,38351,197,0
6043,14,9.mlp.29806,9,mlp,29806,442,0
6044,14,2.resid.17374,2,resid,17374,122,1
6045,14,9.mlp.19075,9,mlp,19075,721,1013
6046,14,2.resid.10746,2,resid,10746,226,0
6047,14,9.mlp.80,9,mlp,80,357,0
6048,14,2.resid.31814,2,resid,31814,164,1
6049,14,9.mlp.32343,9,mlp,32343,459,0
6050,14,2.resid.10477,2,resid,10477,128,1
6051,14,9.mlp.32504,9,mlp,32504,440,0
6052,14,2.resid.13958,2,resid,13958,164,1
6053,14,9.mlp.17646,9,mlp,17646,307,0
6054,14,2.resid.35081,2,resid,35081,210,0
6055,14,9.mlp.39516,9,mlp,39516,601,1014
6056,14,2.resid.22649,2,resid,22649,121,1
6057,14,9.mlp.19340,9,mlp,19340,678,1015
6058,14,2.resid.10019,2,resid,10019,179,0
6059,14,9.mlp.12956,9,mlp,12956,643,1016
6060,14,2.resid.18815,2,resid,18815,179,0
6061,14,9.mlp.15791,9,mlp,15791,634,1017
6062,14,2.resid.35629,2,resid,35629,198,0
6063,14,9.mlp.4017,9,mlp,4017,620,1018
6064,14,2.resid.15480,2,resid,15480,163,1
6065,14,9.mlp.5740,9,mlp,5740,581,1019
6066,14,3.attn.31456,3,attn,31456,142,2
6067,14,9.mlp.807,9,mlp,807,555,0
6068,14,3.attn.32167,3,attn,32167,117,1
6069,14,9.attn.19131,9,attn,19131,286,2
6070,14,3.attn.23828,3,attn,23828,363,2
6071,14,9.attn.8693,9,attn,8693,525,1020
6072,14,9.attn.32390,9,attn,32390,432,0
6073,14,3.attn.14435,3,attn,14435,132,1
6074,14,9.attn.21770,9,attn,21770,684,1021
6075,14,3.attn.12112,3,attn,12112,181,2
6076,14,9.attn.15069,9,attn,15069,1211,1022
6077,14,3.attn.21610,3,attn,21610,208,2
6078,14,9.attn.813,9,attn,813,488,0
6079,14,3.attn.34725,3,attn,34725,180,2
6080,14,9.attn.6069,9,attn,6069,767,1023
6081,14,3.attn.22346,3,attn,22346,138,2
6082,14,9.attn.2160,9,attn,2160,490,0
6083,14,9.attn.20028,9,attn,20028,235,0
6084,14,3.attn.35734,3,attn,35734,202,2
6085,14,9.attn.4433,9,attn,4433,432,0
6086,14,3.attn.9032,3,attn,9032,381,0
6087,14,9.attn.35621,9,attn,35621,347,0
6088,14,3.attn.36249,3,attn,36249,248,0
6089,14,9.attn.17548,9,attn,17548,330,0
6090,14,3.attn.6042,3,attn,6042,265,2
6091,14,9.attn.22913,9,attn,22913,254,2
6092,14,3.attn.9449,3,attn,9449,215,2
6093,14,9.attn.27492,9,attn,27492,651,1024
6094,14,3.attn.1654,3,attn,1654,199,2
6095,14,9.attn.26589,9,attn,26589,197,2
6096,14,3.attn.1105,3,attn,1105,194,2
6097,14,9.attn.14311,9,attn,14311,464,0
6098,14,9.attn.7307,9,attn,7307,847,1025
6099,14,9.attn.16275,9,attn,16275,800,1026
6100,14,3.attn.10409,3,attn,10409,129,2
6101,14,9.attn.30097,9,attn,30097,1073,1027
6102,14,3.attn.28943,3,attn,28943,458,0
6103,14,9.attn.16993,9,attn,16993,565,0
6104,14,3.attn.5447,3,attn,5447,184,2
6105,14,9.attn.36266,9,attn,36266,254,2
6106,14,3.attn.18441,3,attn,18441,182,2
6107,14,9.attn.5163,9,attn,5163,489,0
6108,14,3.attn.7563,3,attn,7563,164,2
6109,14,9.attn.31220,9,attn,31220,145,0
6110,14,3.attn.16787,3,attn,16787,105,2
6111,14,9.attn.19155,9,attn,19155,312,0
6112,14,9.attn.2117,9,attn,2117,990,1028
6113,14,3.attn.35363,3,attn,35363,223,2
6114,14,3.attn.38462,3,attn,38462,193,2
6115,14,9.attn.4481,9,attn,4481,289,0
6116,14,3.attn.36420,3,attn,36420,162,2
6117,14,9.attn.22861,9,attn,22861,471,0
6118,14,3.mlp.35341,3,mlp,35341,307,0
6119,14,8.resid.27885,8,resid,27885,486,0
6120,14,3.mlp.8571,3,mlp,8571,182,0
6121,14,8.resid.7196,8,resid,7196,421,0
6122,14,3.mlp.2828,3,mlp,2828,228,0
6123,14,8.resid.3532,8,resid,3532,473,0
6124,14,3.mlp.39687,3,mlp,39687,250,0
6125,14,8.resid.31739,8,resid,31739,446,0
6126,14,3.mlp.20320,3,mlp,20320,137,0
6127,14,8.resid.20209,8,resid,20209,413,0
6128,14,3.mlp.8823,3,mlp,8823,329,0
6129,14,8.resid.36822,8,resid,36822,677,1029
6130,14,3.mlp.31054,3,mlp,31054,166,0
6131,14,8.resid.3176,8,resid,3176,551,0
6132,14,3.mlp.26783,3,mlp,26783,279,0
6133,14,8.resid.5608,8,resid,5608,215,2
6134,14,3.mlp.32570,3,mlp,32570,248,0
6135,14,8.resid.11722,8,resid,11722,566,0
6136,14,3.mlp.12908,3,mlp,12908,386,0
6137,14,8.resid.38332,8,resid,38332,571,1030
6138,14,3.mlp.5534,3,mlp,5534,197,0
6139,14,8.resid.28553,8,resid,28553,515,1031
6140,14,3.mlp.24193,3,mlp,24193,205,0
6141,14,8.resid.18843,8,resid,18843,557,1032
6142,14,3.mlp.7509,3,mlp,7509,236,0
6143,14,8.resid.13429,8,resid,13429,520,1033
6144,14,3.mlp.16020,3,mlp,16020,184,0
6145,14,8.resid.11078,8,resid,11078,540,1034
6146,14,3.mlp.6526,3,mlp,6526,285,0
6147,14,8.resid.17932,8,resid,17932,562,0
6148,14,3.mlp.1318,3,mlp,1318,279,0
6149,14,8.resid.27315,8,resid,27315,432,0
6150,14,3.mlp.7993,3,mlp,7993,302,0
6151,14,8.resid.35280,8,resid,35280,653,1035
6152,14,3.mlp.13798,3,mlp,13798,202,0
6153,14,8.resid.36750,8,resid,36750,418,0
6154,14,3.mlp.33533,3,mlp,33533,245,0
6155,14,8.resid.16274,8,resid,16274,586,1036
6156,14,3.mlp.22365,3,mlp,22365,209,0
6157,14,8.resid.210,8,resid,210,573,1037
6158,14,3.mlp.29112,3,mlp,29112,262,0
6159,14,8.resid.33953,8,resid,33953,411,0
6160,14,3.mlp.27857,3,mlp,27857,488,0
6161,14,8.resid.35000,8,resid,35000,514,1038
6162,14,3.mlp.10634,3,mlp,10634,165,0
6163,14,8.resid.35245,8,resid,35245,747,1039
6164,14,3.mlp.1495,3,mlp,1495,218,0
6165,14,8.resid.24677,8,resid,24677,521,0
6166,14,3.mlp.32628,3,mlp,32628,206,0
6167,14,8.resid.931,8,resid,931,538,0
6168,14,3.mlp.1976,3,mlp,1976,228,0
6169,14,8.resid.24673,8,resid,24673,346,0
6170,14,3.mlp.14291,3,mlp,14291,173,0
6171,14,8.resid.9122,8,resid,9122,532,0
6172,14,3.mlp.13788,3,mlp,13788,344,0
6173,14,8.resid.24846,8,resid,24846,604,1040
6174,14,3.resid.10200,3,resid,10200,261,0
6175,14,8.mlp.27204,8,mlp,27204,325,0
6176,14,3.resid.29296,3,resid,29296,171,0
6177,14,8.mlp.10628,8,mlp,10628,577,1041
6178,14,3.resid.6156,3,resid,6156,209,0
6179,14,8.mlp.38011,8,mlp,38011,553,1042
6180,14,3.resid.14181,3,resid,14181,208,0
6181,14,8.mlp.34544,8,mlp,34544,469,0
6182,14,3.resid.26207,3,resid,26207,153,0
6183,14,8.mlp.11815,8,mlp,11815,438,0
6184,14,3.resid.20760,3,resid,20760,218,0
6185,14,8.mlp.21851,8,mlp,21851,517,1043
6186,14,3.resid.30904,3,resid,30904,285,0
6187,14,8.mlp.262,8,mlp,262,358,0
6188,14,3.resid.36302,3,resid,36302,271,0
6189,14,8.mlp.33125,8,mlp,33125,539,0
6190,14,3.resid.6971,3,resid,6971,316,0
6191,14,8.mlp.7718,8,mlp,7718,469,0
6192,14,3.resid.21088,3,resid,21088,166,0
6193,14,8.mlp.13494,8,mlp,13494,425,0
6194,14,3.resid.35430,3,resid,35430,236,0
6195,14,8.mlp.38309,8,mlp,38309,429,0
6196,14,3.resid.16263,3,resid,16263,191,0
6197,14,8.mlp.39406,8,mlp,39406,557,0
6198,14,3.resid.10836,3,resid,10836,152,0
6199,14,8.mlp.36484,8,mlp,36484,374,0
6200,14,3.resid.13086,3,resid,13086,220,0
6201,14,8.mlp.20845,8,mlp,20845,461,0
6202,14,3.resid.17247,3,resid,17247,221,0
6203,14,8.mlp.7097,8,mlp,7097,433,0
6204,14,3.resid.20444,3,resid,20444,283,0
6205,14,8.mlp.15937,8,mlp,15937,472,0
6206,14,3.resid.35727,3,resid,35727,193,0
6207,14,8.mlp.21573,8,mlp,21573,452,0
6208,14,3.resid.19120,3,resid,19120,231,0
6209,14,8.mlp.31580,8,mlp,31580,610,1044
6210,14,3.resid.16859,3,resid,16859,142,0
6211,14,8.mlp.35626,8,mlp,35626,398,0
6212,14,3.resid.12775,3,resid,12775,211,0
6213,14,8.mlp.25198,8,mlp,25198,686,1045
6214,14,3.resid.33733,3,resid,33733,242,0
6215,14,8.mlp.9497,8,mlp,9497,413,0
6216,14,3.resid.73,3,resid,73,163,0
6217,14,8.mlp.40111,8,mlp,40111,258,0
6218,14,3.resid.16585,3,resid,16585,290,0
6219,14,8.mlp.934,8,mlp,934,413,0
6220,14,3.resid.30837,3,resid,30837,230,0
6221,14,8.mlp.22781,8,mlp,22781,535,0
6222,14,3.resid.22844,3,resid,22844,208,0
6223,14,8.mlp.39538,8,mlp,39538,365,0
6224,14,3.resid.13938,3,resid,13938,173,0
6225,14,8.mlp.19291,8,mlp,19291,331,0
6226,14,3.resid.37288,3,resid,37288,141,1
6227,14,8.mlp.37421,8,mlp,37421,467,0
6228,14,3.resid.39730,3,resid,39730,338,0
6229,14,8.mlp.8127,8,mlp,8127,462,0
6230,14,4.attn.8960,4,attn,8960,199,2
6231,14,8.mlp.16077,8,mlp,16077,510,0
6232,14,4.attn.40202,4,attn,40202,229,2
6233,14,8.attn.3419,8,attn,3419,604,1046
6234,14,4.attn.39966,4,attn,39966,230,2
6235,14,4.attn.18377,4,attn,18377,301,0
6236,14,8.attn.33968,8,attn,33968,407,0
6237,14,4.attn.17898,4,attn,17898,236,0
6238,14,8.attn.21205,8,attn,21205,319,2
6239,14,4.attn.40511,4,attn,40511,281,0
6240,14,8.attn.10760,8,attn,10760,287,2
6241,14,4.attn.7732,4,attn,7732,152,2
6242,14,8.attn.3443,8,attn,3443,203,2
6243,14,4.attn.5377,4,attn,5377,238,0
6244,14,4.attn.3783,4,attn,3783,175,2
6245,14,8.attn.19790,8,attn,19790,232,2
6246,14,4.attn.9048,4,attn,9048,171,0
6247,14,8.attn.4264,8,attn,4264,287,2
6248,14,4.attn.900,4,attn,900,172,2
6249,14,8.attn.32822,8,attn,32822,285,2
6250,14,4.attn.12815,4,attn,12815,140,2
6251,14,4.attn.10745,4,attn,10745,119,2
6252,14,4.attn.15623,4,attn,15623,157,2
6253,14,8.attn.7365,8,attn,7365,337,2
6254,14,8.attn.39265,8,attn,39265,276,2
6255,14,4.attn.11990,4,attn,11990,177,2
6256,14,8.attn.13386,8,attn,13386,587,1047
6257,14,4.attn.13822,4,attn,13822,219,2
6258,14,8.attn.27796,8,attn,27796,496,0
6259,14,4.attn.6955,4,attn,6955,183,2
6260,14,8.attn.13941,8,attn,13941,473,0
6261,14,4.attn.35225,4,attn,35225,358,0
6262,14,8.attn.33239,8,attn,33239,804,1048
6263,14,4.attn.7739,4,attn,7739,236,2
6264,14,4.attn.10619,4,attn,10619,144,2
6265,14,4.attn.3184,4,attn,3184,127,2
6266,14,8.attn.25798,8,attn,25798,219,2
6267,14,4.attn.27991,4,attn,27991,182,2
6268,14,8.attn.18039,8,attn,18039,434,0
6269,14,4.attn.4942,4,attn,4942,188,2
6270,14,8.attn.32990,8,attn,32990,229,2
6271,14,4.attn.29260,4,attn,29260,165,2
6272,14,4.attn.31919,4,attn,31919,284,2
6273,14,8.attn.11860,8,attn,11860,160,0
6274,14,4.attn.6632,4,attn,6632,186,2
6275,14,8.attn.30017,8,attn,30017,471,0
6276,14,4.attn.36442,4,attn,36442,228,2
6277,14,4.attn.4010,4,attn,4010,312,0
6278,14,8.attn.27650,8,attn,27650,587,1049
6279,14,4.mlp.4681,4,mlp,4681,259,0
6280,14,7.resid.10498,7,resid,10498,444,0
6281,14,4.mlp.20786,4,mlp,20786,248,0
6282,14,7.resid.29172,7,resid,29172,447,0
6283,14,4.mlp.3206,4,mlp,3206,388,1
6284,14,7.resid.7739,7,resid,7739,803,1050
6285,14,4.mlp.18590,4,mlp,18590,248,0
6286,14,7.resid.10306,7,resid,10306,702,1051
6287,14,4.mlp.1450,4,mlp,1450,223,0
6288,14,7.resid.34140,7,resid,34140,601,1052
6289,14,4.mlp.33383,4,mlp,33383,166,0
6290,14,7.resid.37740,7,resid,37740,601,1053
6291,14,4.mlp.38853,4,mlp,38853,389,0
6292,14,7.resid.22761,7,resid,22761,485,1054
6293,14,4.mlp.34256,4,mlp,34256,325,0
6294,14,7.resid.35450,7,resid,35450,834,1055
6295,14,4.mlp.13897,4,mlp,13897,159,0
6296,14,7.resid.26427,7,resid,26427,426,0
6297,14,4.mlp.31003,4,mlp,31003,272,0
6298,14,7.resid.18909,7,resid,18909,680,1056
6299,14,4.mlp.31463,4,mlp,31463,268,0
6300,14,7.resid.9113,7,resid,9113,371,0
6301,14,4.mlp.24143,4,mlp,24143,492,1057
6302,14,7.resid.12649,7,resid,12649,664,1058
6303,14,4.mlp.19179,4,mlp,19179,293,0
6304,14,7.resid.17364,7,resid,17364,494,0
6305,14,4.mlp.29304,4,mlp,29304,338,0
6306,14,7.resid.27532,7,resid,27532,514,0
6307,14,4.mlp.38354,4,mlp,38354,256,0
6308,14,7.resid.40172,7,resid,40172,471,0
6309,14,4.mlp.32537,4,mlp,32537,229,0
6310,14,7.resid.40187,7,resid,40187,628,1059
6311,14,4.mlp.39098,4,mlp,39098,166,0
6312,14,7.resid.8267,7,resid,8267,596,1060
6313,14,4.mlp.36401,4,mlp,36401,286,2
6314,14,7.resid.37795,7,resid,37795,484,1061
6315,14,4.mlp.37284,4,mlp,37284,396,0
6316,14,7.resid.24861,7,resid,24861,408,0
6317,14,4.mlp.11075,4,mlp,11075,396,0
6318,14,7.resid.36761,7,resid,36761,421,0
6319,14,4.mlp.11593,4,mlp,11593,339,0
6320,14,7.resid.39312,7,resid,39312,579,1062
6321,14,4.mlp.35391,4,mlp,35391,208,0
6322,14,7.resid.32134,7,resid,32134,529,1063
6323,14,4.mlp.145,4,mlp,145,186,0
6324,14,7.resid.38794,7,resid,38794,706,1064
6325,14,4.mlp.28221,4,mlp,28221,388,0
6326,14,7.resid.8998,7,resid,8998,333,0
6327,14,4.mlp.14098,4,mlp,14098,230,0
6328,14,7.resid.7832,7,resid,7832,544,0
6329,14,4.mlp.30874,4,mlp,30874,315,0
6330,14,7.resid.37750,7,resid,37750,450,0
6331,14,4.mlp.25441,4,mlp,25441,364,0
6332,14,7.resid.3158,7,resid,3158,655,1065
6333,14,4.mlp.35142,4,mlp,35142,327,0
6334,14,7.resid.39259,7,resid,39259,333,0
6335,14,4.resid.8201,4,resid,8201,256,0
6336,14,7.resid.34649,7,resid,34649,559,0
6337,14,4.resid.27085,4,resid,27085,367,0
6338,14,7.mlp.13224,7,mlp,13224,469,0
6339,14,4.resid.39403,4,resid,39403,233,0
6340,14,7.mlp.26297,7,mlp,26297,342,0
6341,14,4.resid.16641,4,resid,16641,296,0
6342,14,7.mlp.16641,7,mlp,16641,338,0
6343,14,4.resid.3963,4,resid,3963,296,0
6344,14,7.mlp.2799,7,mlp,2799,480,0
6345,14,4.resid.28488,4,resid,28488,171,0
6346,14,7.mlp.24091,7,mlp,24091,370,0
6347,14,4.resid.18359,4,resid,18359,229,0
6348,14,7.mlp.19259,7,mlp,19259,321,0
6349,14,4.resid.20182,4,resid,20182,206,0
6350,14,7.mlp.3430,7,mlp,3430,389,0
6351,14,4.resid.23969,4,resid,23969,219,0
6352,14,7.mlp.28183,7,mlp,28183,602,1066
6353,14,4.resid.11470,4,resid,11470,314,0
6354,14,7.mlp.1497,7,mlp,1497,273,0
6355,14,4.resid.7853,4,resid,7853,335,0
6356,14,7.mlp.188,7,mlp,188,547,0
6357,14,4.resid.31682,4,resid,31682,328,0
6358,14,7.mlp.12526,7,mlp,12526,438,0
6359,14,4.resid.1121,4,resid,1121,215,0
6360,14,7.mlp.35937,7,mlp,35937,461,0
6361,14,4.resid.29644,4,resid,29644,390,0
6362,14,7.mlp.39587,7,mlp,39587,466,0
6363,14,4.resid.24841,4,resid,24841,407,0
6364,14,7.mlp.23153,7,mlp,23153,510,0
6365,14,4.resid.4542,4,resid,4542,220,0
6366,14,7.mlp.35503,7,mlp,35503,402,0
6367,14,4.resid.16202,4,resid,16202,293,0
6368,14,7.mlp.39372,7,mlp,39372,488,0
6369,14,4.resid.6815,4,resid,6815,201,0
6370,14,7.mlp.40335,7,mlp,40335,541,1067
6371,14,4.resid.36386,4,resid,36386,236,0
6372,14,7.mlp.33313,7,mlp,33313,514,1068
6373,14,4.resid.10810,4,resid,10810,361,0
6374,14,7.mlp.17085,7,mlp,17085,480,0
6375,14,4.resid.25803,4,resid,25803,210,0
6376,14,7.mlp.8710,7,mlp,8710,537,1069
6377,14,4.resid.31516,4,resid,31516,375,0
6378,14,7.mlp.35147,7,mlp,35147,517,0
6379,14,4.resid.13163,4,resid,13163,159,0
6380,14,7.mlp.27652,7,mlp,27652,436,0
6381,14,4.resid.26669,4,resid,26669,329,0
6382,14,7.mlp.29953,7,mlp,29953,383,0
6383,14,4.resid.21213,4,resid,21213,364,0
6384,14,7.mlp.37607,7,mlp,37607,323,0
6385,14,4.resid.27271,4,resid,27271,314,0
6386,14,7.mlp.33213,7,mlp,33213,257,0
6387,14,4.resid.37737,4,resid,37737,215,0
6388,14,7.mlp.21483,7,mlp,21483,385,0
6389,14,4.resid.40250,4,resid,40250,231,0
6390,14,7.mlp.15528,7,mlp,15528,487,1070
6391,14,4.resid.21816,4,resid,21816,400,0
6392,14,7.mlp.37533,7,mlp,37533,294,2
6393,14,5.attn.21401,5,attn,21401,318,0
6394,14,5.attn.36085,5,attn,36085,193,0
6395,14,7.attn.28577,7,attn,28577,491,0
6396,14,5.attn.20282,5,attn,20282,371,0
6397,14,7.attn.7094,7,attn,7094,475,0
6398,14,5.attn.20091,5,attn,20091,142,2
6399,14,5.attn.9399,5,attn,9399,336,2
6400,14,7.attn.8709,7,attn,8709,421,0
6401,14,5.attn.27988,5,attn,27988,301,2
6402,14,7.attn.23372,7,attn,23372,356,2
6403,14,5.attn.38920,5,attn,38920,284,0
6404,14,7.attn.21817,7,attn,21817,411,0
6405,14,7.attn.11344,7,attn,11344,278,0
6406,14,5.attn.3821,5,attn,3821,247,2
6407,14,5.attn.27606,5,attn,27606,363,0
6408,14,7.attn.24107,7,attn,24107,184,2
6409,14,5.attn.19012,5,attn,19012,247,2
6410,14,7.attn.16735,7,attn,16735,95,0
6411,14,5.attn.38669,5,attn,38669,211,2
6412,14,7.attn.29920,7,attn,29920,321,2
6413,14,5.attn.13568,5,attn,13568,454,0
6414,14,7.attn.32113,7,attn,32113,414,0
6415,14,5.attn.1864,5,attn,1864,178,2
6416,14,7.attn.26418,7,attn,26418,461,0
6417,14,5.attn.39610,5,attn,39610,407,0
6418,14,7.attn.4037,7,attn,4037,313,0
6419,14,5.attn.14934,5,attn,14934,338,0
6420,14,5.attn.31145,5,attn,31145,143,0
6421,14,7.attn.26629,7,attn,26629,297,2
6422,14,5.attn.947,5,attn,947,188,2
6423,14,7.attn.24270,7,attn,24270,505,0
6424,14,5.attn.40131,5,attn,40131,234,2
6425,14,7.attn.40315,7,attn,40315,122,0
6426,14,5.attn.30926,5,attn,30926,397,0
6427,14,5.attn.1703,5,attn,1703,181,2
6428,14,7.attn.28730,7,attn,28730,264,2
6429,14,5.attn.22666,5,attn,22666,241,2
6430,14,7.attn.40172,7,attn,40172,373,0
6431,14,5.attn.20157,5,attn,20157,318,0
6432,14,7.attn.39196,7,attn,39196,334,2
6433,14,5.attn.19209,5,attn,19209,506,0
6434,14,7.attn.29676,7,attn,29676,183,0
6435,14,5.attn.15147,5,attn,15147,619,1071
6436,14,7.attn.27255,7,attn,27255,227,2
6437,14,7.attn.15115,7,attn,15115,381,0
6438,14,5.attn.10770,5,attn,10770,376,0
6439,14,7.attn.34944,7,attn,34944,321,2
6440,14,5.attn.4535,5,attn,4535,190,0
6441,14,7.attn.22962,7,attn,22962,313,2
6442,14,5.mlp.10803,5,mlp,10803,344,0
6443,14,7.attn.18102,7,attn,18102,266,2
6444,14,5.mlp.36866,5,mlp,36866,265,0
6445,14,6.resid.3563,6,resid,3563,469,0
6446,14,5.mlp.8401,5,mlp,8401,339,0
6447,14,6.resid.40397,6,resid,40397,378,0
6448,14,5.mlp.18506,5,mlp,18506,395,0
6449,14,6.resid.30076,6,resid,30076,382,0
6450,14,5.mlp.24101,5,mlp,24101,258,0
6451,14,6.resid.2337,6,resid,2337,358,0
6452,14,5.mlp.25250,5,mlp,25250,420,0
6453,14,6.resid.26810,6,resid,26810,495,0
6454,14,5.mlp.7868,5,mlp,7868,420,0
6455,14,6.resid.27710,6,resid,27710,316,0
6456,14,5.mlp.28456,5,mlp,28456,332,0
6457,14,6.resid.4173,6,resid,4173,419,0
6458,14,5.mlp.34068,5,mlp,34068,324,0
6459,14,6.resid.40818,6,resid,40818,448,0
6460,14,5.mlp.24097,5,mlp,24097,232,0
6461,14,6.resid.22679,6,resid,22679,339,0
6462,14,5.mlp.4763,5,mlp,4763,473,0
6463,14,6.resid.22615,6,resid,22615,361,0
6464,14,5.mlp.33505,5,mlp,33505,270,0
6465,14,6.resid.13081,6,resid,13081,630,1072
6466,14,5.mlp.22785,5,mlp,22785,217,0
6467,14,6.resid.37016,6,resid,37016,333,0
6468,14,5.mlp.40889,5,mlp,40889,277,0
6469,14,6.resid.32925,6,resid,32925,456,0
6470,14,5.mlp.12243,5,mlp,12243,400,0
6471,14,6.resid.6930,6,resid,6930,436,0
6472,14,5.mlp.11680,5,mlp,11680,416,0
6473,14,6.resid.21493,6,resid,21493,408,0
6474,14,5.mlp.12739,5,mlp,12739,259,0
6475,14,6.resid.8487,6,resid,8487,351,0
6476,14,5.mlp.19343,5,mlp,19343,301,0
6477,14,6.resid.35138,6,resid,35138,661,1073
6478,14,5.mlp.24598,5,mlp,24598,581,1074
6479,14,6.resid.16524,6,resid,16524,412,0
6480,14,5.mlp.38890,5,mlp,38890,340,0
6481,14,6.resid.31945,6,resid,31945,434,0
6482,14,5.mlp.21669,5,mlp,21669,281,0
6483,14,6.resid.17787,6,resid,17787,343,0
6484,14,5.mlp.4946,5,mlp,4946,373,0
6485,14,6.resid.26821,6,resid,26821,430,0
6486,14,5.mlp.19330,5,mlp,19330,550,0
6487,14,6.resid.20662,6,resid,20662,433,0
6488,14,5.mlp.11089,5,mlp,11089,290,0
6489,14,6.resid.22589,6,resid,22589,352,0
6490,14,5.mlp.38698,5,mlp,38698,288,0
6491,14,6.resid.29888,6,resid,29888,412,0
6492,14,5.mlp.7707,5,mlp,7707,290,0
6493,14,6.resid.15194,6,resid,15194,385,0
6494,14,5.mlp.40657,5,mlp,40657,699,1075
6495,14,6.resid.2884,6,resid,2884,327,0
6496,14,5.mlp.9142,5,mlp,9142,483,0
6497,14,6.resid.23267,6,resid,23267,562,1076
6498,14,5.mlp.4034,5,mlp,4034,436,0
6499,14,6.resid.4859,6,resid,4859,299,0
6500,14,5.resid.35449,5,resid,35449,275,0
6501,14,6.mlp.14046,6,mlp,14046,463,0
6502,14,5.resid.26010,5,resid,26010,316,0
6503,14,6.mlp.39483,6,mlp,39483,293,0
6504,14,5.resid.28159,5,resid,28159,332,0
6505,14,6.mlp.36664,6,mlp,36664,535,0
6506,14,5.resid.1474,5,resid,1474,475,0
6507,14,6.mlp.31905,6,mlp,31905,340,0
6508,14,5.resid.19423,5,resid,19423,347,0
6509,14,6.mlp.33288,6,mlp,33288,389,0
6510,14,5.resid.27462,5,resid,27462,385,0
6511,14,6.mlp.12485,6,mlp,12485,324,0
6512,14,5.resid.33675,5,resid,33675,303,0
6513,14,6.mlp.10849,6,mlp,10849,452,0
6514,14,5.resid.35233,5,resid,35233,465,0
6515,14,6.mlp.32666,6,mlp,32666,535,0
6516,14,5.resid.32066,5,resid,32066,247,0
6517,14,6.mlp.24596,6,mlp,24596,545,1077
6518,14,5.resid.4170,5,resid,4170,274,0
6519,14,6.mlp.17024,6,mlp,17024,265,0
6520,14,5.resid.40492,5,resid,40492,252,0
6521,14,6.mlp.39292,6,mlp,39292,431,0
6522,14,5.resid.29552,5,resid,29552,266,0
6523,14,6.mlp.20545,6,mlp,20545,398,0
6524,14,5.resid.35268,5,resid,35268,285,0
6525,14,6.mlp.209,6,mlp,209,347,0
6526,14,5.resid.38694,5,resid,38694,425,0
6527,14,6.mlp.6038,6,mlp,6038,267,0
6528,14,5.resid.5710,5,resid,5710,285,0
6529,14,6.mlp.40844,6,mlp,40844,628,1078
6530,14,5.resid.4015,5,resid,4015,292,0
6531,14,6.mlp.22994,6,mlp,22994,461,0
6532,14,5.resid.8054,5,resid,8054,425,0
6533,14,6.mlp.15495,6,mlp,15495,225,0
6534,14,5.resid.37249,5,resid,37249,199,0
6535,14,6.mlp.17177,6,mlp,17177,403,0
6536,14,5.resid.22825,5,resid,22825,277,0
6537,14,6.mlp.9119,6,mlp,9119,403,0
6538,14,5.resid.29364,5,resid,29364,395,0
6539,14,6.mlp.29953,6,mlp,29953,521,1079
6540,14,5.resid.33881,5,resid,33881,265,0
6541,14,6.mlp.10748,6,mlp,10748,400,0
6542,14,5.resid.2572,5,resid,2572,335,0
6543,14,6.mlp.6496,6,mlp,6496,491,0
6544,14,5.resid.8064,5,resid,8064,330,0
6545,14,6.mlp.7615,6,mlp,7615,321,0
6546,14,5.resid.2027,5,resid,2027,368,0
6547,14,6.mlp.21326,6,mlp,21326,228,0
6548,14,5.resid.11342,5,resid,11342,322,0
6549,14,6.mlp.14884,6,mlp,14884,287,0
6550,14,5.resid.5326,5,resid,5326,391,0
6551,14,6.mlp.15517,6,mlp,15517,635,1080
6552,14,5.resid.1724,5,resid,1724,302,0
6553,14,6.mlp.29617,6,mlp,29617,244,0
6554,14,5.resid.26127,5,resid,26127,394,0
6555,14,6.mlp.3958,6,mlp,3958,260,0
6556,14,6.attn.214,6,attn,214,293,2
6557,14,6.mlp.32819,6,mlp,32819,499,0
6558,14,6.attn.12861,6,attn,12861,288,0
6559,14,6.attn.10113,6,attn,10113,322,2
6560,14,6.attn.13705,6,attn,13705,338,2
6561,14,6.attn.4579,6,attn,4579,423,0
6562,14,6.attn.14641,6,attn,14641,504,0
6563,14,6.attn.23034,6,attn,23034,414,0
6564,14,6.attn.19323,6,attn,19323,351,2
6565,14,6.attn.12285,6,attn,12285,480,0
6566,14,6.attn.8988,6,attn,8988,215,2
6567,14,6.attn.17168,6,attn,17168,486,0
6568,14,6.attn.6872,6,attn,6872,248,2
6569,14,6.attn.37034,6,attn,37034,369,0
6570,14,6.attn.3199,6,attn,3199,432,2
6571,14,6.attn.1796,6,attn,1796,370,0
6572,14,6.attn.1230,6,attn,1230,320,2
6573,14,6.attn.12063,6,attn,12063,335,2
6574,14,6.attn.17453,6,attn,17453,381,0
6575,14,6.attn.12909,6,attn,12909,189,2
6576,14,6.attn.10222,6,attn,10222,409,0
6577,14,6.attn.40071,6,attn,40071,213,2
6578,14,6.attn.1562,6,attn,1562,275,2
6579,14,6.attn.34030,6,attn,34030,141,2
6580,14,6.attn.27256,6,attn,27256,645,1081
6581,14,6.attn.21310,6,attn,21310,496,0
6582,14,6.attn.13074,6,attn,13074,215,2
6583,15,11.resid.22325,11,resid,22325,1279,1082
6584,15,0.mlp.23227,0,mlp,23227,13,0
6585,15,11.resid.1040,11,resid,1040,598,1083
6586,15,0.mlp.30191,0,mlp,30191,17,1
6587,15,11.resid.303,11,resid,303,500,0
6588,15,0.mlp.11128,0,mlp,11128,20,1
6589,15,11.resid.12728,11,resid,12728,424,0
6590,15,0.mlp.35387,0,mlp,35387,9,0
6591,15,11.resid.3010,11,resid,3010,428,0
6592,15,0.mlp.8603,0,mlp,8603,20,1
6593,15,11.resid.34746,11,resid,34746,555,1084
6594,15,0.mlp.30498,0,mlp,30498,71,1
6595,15,11.resid.13451,11,resid,13451,539,0
6596,15,0.mlp.3680,0,mlp,3680,74,1
6597,15,11.resid.11361,11,resid,11361,624,1085
6598,15,0.mlp.18787,0,mlp,18787,20,1
6599,15,11.resid.6334,11,resid,6334,395,0
6600,15,0.mlp.22965,0,mlp,22965,28,1
6601,15,11.resid.32946,11,resid,32946,267,0
6602,15,0.mlp.33703,0,mlp,33703,21,1
6603,15,11.resid.12011,11,resid,12011,442,0
6604,15,0.mlp.9037,0,mlp,9037,11,1
6605,15,11.resid.33293,11,resid,33293,603,1086
6606,15,0.mlp.19001,0,mlp,19001,19,1
6607,15,11.resid.24874,11,resid,24874,254,0
6608,15,0.mlp.36863,0,mlp,36863,10,1
6609,15,11.resid.9050,11,resid,9050,226,0
6610,15,0.mlp.2422,0,mlp,2422,21,1
6611,15,11.resid.25729,11,resid,25729,424,0
6612,15,0.mlp.3905,0,mlp,3905,11,0
6613,15,11.resid.984,11,resid,984,545,1087
6614,15,0.mlp.20609,0,mlp,20609,6,0
6615,15,11.resid.38903,11,resid,38903,439,0
6616,15,0.mlp.27404,0,mlp,27404,11,0
6617,15,11.resid.29015,11,resid,29015,524,0
6618,15,0.mlp.25904,0,mlp,25904,11,0
6619,15,11.resid.22928,11,resid,22928,398,0
6620,15,0.mlp.34089,0,mlp,34089,13,1
6621,15,11.resid.21497,11,resid,21497,461,0
6622,15,0.mlp.3011,0,mlp,3011,11,0
6623,15,11.resid.3827,11,resid,3827,436,0
6624,15,0.mlp.36466,0,mlp,36466,17,1
6625,15,11.resid.3824,11,resid,3824,251,0
6626,15,0.mlp.32703,0,mlp,32703,16,1
6627,15,11.resid.34166,11,resid,34166,528,0
6628,15,0.mlp.16567,0,mlp,16567,19,1
6629,15,11.resid.34761,11,resid,34761,528,0
6630,15,0.mlp.2723,0,mlp,2723,10,0
6631,15,11.resid.13385,11,resid,13385,715,1088
6632,15,0.mlp.28888,0,mlp,28888,23,1
6633,15,11.resid.27021,11,resid,27021,362,0
6634,15,0.mlp.31978,0,mlp,31978,6,1089
6635,15,11.resid.35290,11,resid,35290,443,0
6636,15,0.mlp.18451,0,mlp,18451,96,1
6637,15,11.resid.11442,11,resid,11442,382,0
6638,15,0.resid.20159,0,resid,20159,36,1
6639,15,11.resid.9200,11,resid,9200,243,0
6640,15,0.resid.3921,0,resid,3921,100,1
6641,15,11.mlp.31503,11,mlp,31503,465,0
6642,15,0.resid.4239,0,resid,4239,61,1
6643,15,11.mlp.37543,11,mlp,37543,510,0
6644,15,0.resid.38913,0,resid,38913,18,1
6645,15,11.mlp.2995,11,mlp,2995,714,1090
6646,15,0.resid.36310,0,resid,36310,84,1
6647,15,11.mlp.39491,11,mlp,39491,362,0
6648,15,0.resid.25088,0,resid,25088,87,1
6649,15,11.mlp.25102,11,mlp,25102,325,0
6650,15,0.resid.21293,0,resid,21293,36,1
6651,15,11.mlp.6222,11,mlp,6222,564,0
6652,15,0.resid.4632,0,resid,4632,23,1
6653,15,11.mlp.39805,11,mlp,39805,369,0
6654,15,0.resid.18377,0,resid,18377,80,1
6655,15,11.mlp.31807,11,mlp,31807,252,0
6656,15,0.resid.6977,0,resid,6977,28,1
6657,15,11.mlp.12848,11,mlp,12848,485,1091
6658,15,0.resid.25980,0,resid,25980,64,2
6659,15,11.mlp.181,11,mlp,181,390,0
6660,15,0.resid.22480,0,resid,22480,33,1
6661,15,11.mlp.32883,11,mlp,32883,266,0
6662,15,0.resid.40036,0,resid,40036,11,0
6663,15,11.mlp.16093,11,mlp,16093,572,0
6664,15,0.resid.24601,0,resid,24601,63,1
6665,15,11.mlp.11568,11,mlp,11568,467,0
6666,15,0.resid.32142,0,resid,32142,24,1
6667,15,11.mlp.34390,11,mlp,34390,416,0
6668,15,0.resid.26044,0,resid,26044,10,1
6669,15,11.mlp.10665,11,mlp,10665,513,1092
6670,15,0.resid.30799,0,resid,30799,96,1
6671,15,11.mlp.13468,11,mlp,13468,373,0
6672,15,0.resid.26181,0,resid,26181,51,1
6673,15,11.mlp.408,11,mlp,408,368,0
6674,15,0.resid.38917,0,resid,38917,25,1
6675,15,11.mlp.10585,11,mlp,10585,352,0
6676,15,0.resid.40321,0,resid,40321,30,1
6677,15,11.mlp.30743,11,mlp,30743,497,1093
6678,15,0.resid.37408,0,resid,37408,78,1
6679,15,11.mlp.33730,11,mlp,33730,661,1094
6680,15,0.resid.25535,0,resid,25535,32,1
6681,15,11.mlp.22523,11,mlp,22523,330,0
6682,15,0.resid.2862,0,resid,2862,127,1
6683,15,11.mlp.3588,11,mlp,3588,441,1095
6684,15,0.resid.26693,0,resid,26693,33,1
6685,15,11.mlp.37333,11,mlp,37333,352,0
6686,15,0.resid.8251,0,resid,8251,57,1
6687,15,11.mlp.40060,11,mlp,40060,347,0
6688,15,0.resid.7693,0,resid,7693,27,1
6689,15,11.mlp.23129,11,mlp,23129,558,0
6690,15,0.resid.38600,0,resid,38600,22,1
6691,15,11.mlp.5738,11,mlp,5738,456,1096
6692,15,0.resid.10299,0,resid,10299,21,1
6693,15,11.mlp.7604,11,mlp,7604,400,0
6694,15,11.mlp.30045,11,mlp,30045,272,0
6695,15,1.attn.31587,1,attn,31587,71,1
6696,15,11.attn.6134,11,attn,6134,494,1097
6697,15,1.attn.38574,1,attn,38574,84,1
6698,15,11.attn.18788,11,attn,18788,142,0
6699,15,11.attn.40146,11,attn,40146,681,1098
6700,15,11.attn.20345,11,attn,20345,524,0
6701,15,11.attn.22830,11,attn,22830,305,0
6702,15,1.attn.4549,1,attn,4549,154,1
6703,15,11.attn.25915,11,attn,25915,377,0
6704,15,11.attn.2510,11,attn,2510,620,1099
6705,15,11.attn.15696,11,attn,15696,663,1100
6706,15,11.attn.29563,11,attn,29563,576,1101
6707,15,1.attn.29136,1,attn,29136,26,1
6708,15,11.attn.27714,11,attn,27714,306,2
6709,15,11.attn.16258,11,attn,16258,169,0
6710,15,11.attn.15251,11,attn,15251,840,1102
6711,15,11.attn.27904,11,attn,27904,371,0
6712,15,1.attn.23660,1,attn,23660,78,2
6713,15,11.attn.27747,11,attn,27747,311,2
6714,15,1.attn.12839,1,attn,12839,158,1
6715,15,11.attn.29893,11,attn,29893,1002,1103
6716,15,11.attn.26394,11,attn,26394,248,0
6717,15,1.attn.3314,1,attn,3314,58,0
6718,15,11.attn.17637,11,attn,17637,548,0
6719,15,11.attn.868,11,attn,868,300,2
6720,15,1.attn.21980,1,attn,21980,66,1
6721,15,11.attn.33980,11,attn,33980,622,1104
6722,15,11.attn.2406,11,attn,2406,421,0
6723,15,1.attn.8182,1,attn,8182,68,1
6724,15,11.attn.14554,11,attn,14554,386,0
6725,15,1.attn.16210,1,attn,16210,131,1
6726,15,11.attn.16298,11,attn,16298,1083,1105
6727,15,11.attn.35308,11,attn,35308,183,0
6728,15,11.attn.31177,11,attn,31177,398,2
6729,15,11.attn.21898,11,attn,21898,502,0
6730,15,11.attn.35361,11,attn,35361,182,0
6731,15,11.attn.18983,11,attn,18983,376,0
6732,15,1.attn.15618,1,attn,15618,61,1
6733,15,11.attn.30093,11,attn,30093,528,0
6734,15,1.mlp.23230,1,mlp,23230,240,0
6735,15,10.resid.31231,10,resid,31231,618,1106
6736,15,1.mlp.271,1,mlp,271,181,0
6737,15,10.resid.15842,10,resid,15842,405,0
6738,15,1.mlp.25847,1,mlp,25847,90,1
6739,15,10.resid.23987,10,resid,23987,626,1107
6740,15,1.mlp.30756,1,mlp,30756,132,1
6741,15,10.resid.142,10,resid,142,447,0
6742,15,1.mlp.36979,1,mlp,36979,279,0
6743,15,10.resid.2969,10,resid,2969,875,1108
6744,15,1.mlp.34664,1,mlp,34664,97,1
6745,15,10.resid.4503,10,resid,4503,401,0
6746,15,1.mlp.35047,1,mlp,35047,104,1
6747,15,10.resid.6231,10,resid,6231,304,2
6748,15,1.mlp.21637,1,mlp,21637,141,1
6749,15,10.resid.621,10,resid,621,784,1109
6750,15,1.mlp.2877,1,mlp,2877,74,1
6751,15,10.resid.9147,10,resid,9147,507,1110
6752,15,1.mlp.37640,1,mlp,37640,96,1
6753,15,10.resid.31351,10,resid,31351,620,1111
6754,15,1.mlp.30660,1,mlp,30660,209,1
6755,15,10.resid.29519,10,resid,29519,718,1112
6756,15,1.mlp.1435,1,mlp,1435,82,1
6757,15,10.resid.16402,10,resid,16402,275,2
6758,15,1.mlp.15846,1,mlp,15846,138,1
6759,15,10.resid.31707,10,resid,31707,611,1113
6760,15,1.mlp.10152,1,mlp,10152,101,1
6761,15,10.resid.24391,10,resid,24391,564,0
6762,15,1.mlp.31476,1,mlp,31476,106,1
6763,15,10.resid.20721,10,resid,20721,377,0
6764,15,1.mlp.16358,1,mlp,16358,101,1
6765,15,10.resid.11481,10,resid,11481,370,0
6766,15,1.mlp.4614,1,mlp,4614,125,1
6767,15,10.resid.18922,10,resid,18922,549,1114
6768,15,1.mlp.7430,1,mlp,7430,164,1
6769,15,10.resid.463,10,resid,463,486,1115
6770,15,1.mlp.25106,1,mlp,25106,114,1
6771,15,10.resid.21485,10,resid,21485,556,1116
6772,15,1.mlp.16609,1,mlp,16609,88,1
6773,15,10.resid.2638,10,resid,2638,546,0
6774,15,1.mlp.20225,1,mlp,20225,162,1
6775,15,10.resid.25816,10,resid,25816,348,0
6776,15,1.mlp.5455,1,mlp,5455,210,1
6777,15,10.resid.8021,10,resid,8021,616,1117
6778,15,1.mlp.6349,1,mlp,6349,109,1
6779,15,10.resid.12446,10,resid,12446,807,1118
6780,15,1.mlp.22821,1,mlp,22821,143,1
6781,15,10.resid.18917,10,resid,18917,397,0
6782,15,1.mlp.35529,1,mlp,35529,148,1
6783,15,10.resid.18460,10,resid,18460,289,0
6784,15,1.mlp.27041,1,mlp,27041,122,1
6785,15,10.resid.12840,10,resid,12840,612,1119
6786,15,1.mlp.14003,1,mlp,14003,105,1
6787,15,10.resid.3811,10,resid,3811,815,1120
6788,15,1.mlp.27145,1,mlp,27145,151,1
6789,15,10.resid.14014,10,resid,14014,455,0
6790,15,1.resid.13568,1,resid,13568,112,1
6791,15,10.resid.40373,10,resid,40373,513,0
6792,15,1.resid.20475,1,resid,20475,178,1
6793,15,10.mlp.33547,10,mlp,33547,500,0
6794,15,1.resid.33611,1,resid,33611,99,1
6795,15,10.mlp.38788,10,mlp,38788,615,1121
6796,15,1.resid.20172,1,resid,20172,104,1
6797,15,10.mlp.16853,10,mlp,16853,601,1122
6798,15,1.resid.6403,1,resid,6403,185,1
6799,15,10.mlp.570,10,mlp,570,265,0
6800,15,1.resid.30914,1,resid,30914,45,1
6801,15,10.mlp.27212,10,mlp,27212,585,1123
6802,15,1.resid.25287,1,resid,25287,60,1
6803,15,10.mlp.8281,10,mlp,8281,307,0
6804,15,1.resid.3222,1,resid,3222,86,1
6805,15,10.mlp.21091,10,mlp,21091,734,1124
6806,15,1.resid.28407,1,resid,28407,54,1
6807,15,10.mlp.26366,10,mlp,26366,819,1125
6808,15,1.resid.13218,1,resid,13218,133,1
6809,15,10.mlp.27182,10,mlp,27182,430,0
6810,15,1.resid.6137,1,resid,6137,159,1
6811,15,10.mlp.18232,10,mlp,18232,476,0
6812,15,1.resid.941,1,resid,941,38,1
6813,15,10.mlp.37968,10,mlp,37968,409,0
6814,15,1.resid.33769,1,resid,33769,75,1
6815,15,10.mlp.779,10,mlp,779,354,0
6816,15,1.resid.28237,1,resid,28237,125,1
6817,15,10.mlp.4593,10,mlp,4593,413,0
6818,15,1.resid.37588,1,resid,37588,73,1
6819,15,10.mlp.11226,10,mlp,11226,565,1126
6820,15,1.resid.11869,1,resid,11869,97,1
6821,15,10.mlp.33618,10,mlp,33618,578,1127
6822,15,1.resid.11365,1,resid,11365,63,1
6823,15,10.mlp.18490,10,mlp,18490,458,0
6824,15,1.resid.14334,1,resid,14334,68,1
6825,15,10.mlp.31926,10,mlp,31926,558,1128
6826,15,1.resid.287,1,resid,287,107,1
6827,15,10.mlp.14404,10,mlp,14404,507,1129
6828,15,1.resid.39196,1,resid,39196,66,1
6829,15,10.mlp.2814,10,mlp,2814,594,1130
6830,15,1.resid.36459,1,resid,36459,101,1
6831,15,10.mlp.11063,10,mlp,11063,354,0
6832,15,1.resid.34322,1,resid,34322,31,2
6833,15,10.mlp.3158,10,mlp,3158,348,0
6834,15,1.resid.31222,1,resid,31222,132,1
6835,15,10.mlp.32089,10,mlp,32089,344,0
6836,15,1.resid.17333,1,resid,17333,131,1
6837,15,10.mlp.4771,10,mlp,4771,325,0
6838,15,1.resid.5051,1,resid,5051,113,1
6839,15,10.mlp.8873,10,mlp,8873,347,0
6840,15,1.resid.19432,1,resid,19432,38,1
6841,15,10.mlp.34541,10,mlp,34541,597,1131
6842,15,1.resid.1530,1,resid,1530,145,1
6843,15,10.mlp.20244,10,mlp,20244,704,1132
6844,15,1.resid.7707,1,resid,7707,52,1
6845,15,10.mlp.16592,10,mlp,16592,661,1133
6846,15,1.resid.35008,1,resid,35008,26,2
6847,15,10.mlp.18782,10,mlp,18782,427,0
6848,15,10.attn.2823,10,attn,2823,340,2
6849,15,2.attn.10434,2,attn,10434,124,1
6850,15,10.attn.20665,10,attn,20665,615,1134
6851,15,10.attn.21322,10,attn,21322,387,0
6852,15,10.attn.38860,10,attn,38860,335,2
6853,15,2.attn.33915,2,attn,33915,193,2
6854,15,10.attn.33561,10,attn,33561,360,0
6855,15,10.attn.8004,10,attn,8004,780,1135
6856,15,2.attn.33365,2,attn,33365,254,2
6857,15,10.attn.29716,10,attn,29716,294,0
6858,15,2.attn.11852,2,attn,11852,127,2
6859,15,10.attn.34458,10,attn,34458,435,0
6860,15,2.attn.23322,2,attn,23322,114,1
6861,15,10.attn.22547,10,attn,22547,542,0
6862,15,10.attn.2981,10,attn,2981,341,2
6863,15,2.attn.4987,2,attn,4987,99,2
6864,15,10.attn.223,10,attn,223,317,2
6865,15,10.attn.20049,10,attn,20049,1369,1136
6866,15,2.attn.24322,2,attn,24322,80,2
6867,15,10.attn.2148,10,attn,2148,362,2
6868,15,2.attn.25072,2,attn,25072,127,2
6869,15,10.attn.26339,10,attn,26339,797,1137
6870,15,2.attn.9168,2,attn,9168,109,1
6871,15,10.attn.23753,10,attn,23753,569,0
6872,15,10.attn.37798,10,attn,37798,235,2
6873,15,2.attn.25181,2,attn,25181,189,2
6874,15,10.attn.30845,10,attn,30845,570,1138
6875,15,2.attn.28916,2,attn,28916,171,0
6876,15,10.attn.11580,10,attn,11580,607,1139
6877,15,2.attn.2984,2,attn,2984,114,1
6878,15,10.attn.2019,10,attn,2019,356,2
6879,15,2.attn.5085,2,attn,5085,107,1
6880,15,10.attn.14976,10,attn,14976,420,0
6881,15,10.attn.20825,10,attn,20825,279,2
6882,15,10.attn.9969,10,attn,9969,837,1140
6883,15,10.attn.10872,10,attn,10872,488,1141
6884,15,2.attn.36285,2,attn,36285,121,1
6885,15,10.attn.8043,10,attn,8043,1015,1142
6886,15,2.attn.1238,2,attn,1238,135,2
6887,15,10.attn.5927,10,attn,5927,456,0
6888,15,10.attn.33973,10,attn,33973,708,1143
6889,15,2.attn.34021,2,attn,34021,124,2
6890,15,10.attn.16846,10,attn,16846,1165,1144
6891,15,2.attn.21876,2,attn,21876,196,2
6892,15,10.attn.25103,10,attn,25103,626,1145
6893,15,2.mlp.36057,2,mlp,36057,134,2
6894,15,10.attn.30220,10,attn,30220,702,1146
6895,15,2.mlp.6540,2,mlp,6540,164,0
6896,15,9.resid.28465,9,resid,28465,645,1147
6897,15,2.mlp.3928,2,mlp,3928,211,0
6898,15,9.resid.29865,9,resid,29865,374,0
6899,15,2.mlp.36663,2,mlp,36663,126,1
6900,15,9.resid.1339,9,resid,1339,647,1148
6901,15,2.mlp.24552,2,mlp,24552,172,0
6902,15,9.resid.18663,9,resid,18663,582,1149
6903,15,2.mlp.30848,2,mlp,30848,171,2
6904,15,9.resid.40367,9,resid,40367,625,1150
6905,15,2.mlp.33964,2,mlp,33964,251,0
6906,15,9.resid.40073,9,resid,40073,415,0
6907,15,2.mlp.36689,2,mlp,36689,155,0
6908,15,9.resid.1756,9,resid,1756,647,1151
6909,15,2.mlp.15581,2,mlp,15581,186,0
6910,15,9.resid.35841,9,resid,35841,269,2
6911,15,2.mlp.17827,2,mlp,17827,336,0
6912,15,9.resid.30573,9,resid,30573,743,1152
6913,15,2.mlp.6114,2,mlp,6114,119,1
6914,15,9.resid.8422,9,resid,8422,651,1153
6915,15,2.mlp.14523,2,mlp,14523,179,1
6916,15,9.resid.5494,9,resid,5494,422,0
6917,15,2.mlp.34742,2,mlp,34742,250,0
6918,15,9.resid.7640,9,resid,7640,245,2
6919,15,2.mlp.16013,2,mlp,16013,240,0
6920,15,9.resid.7184,9,resid,7184,431,0
6921,15,2.mlp.26002,2,mlp,26002,237,0
6922,15,9.resid.23778,9,resid,23778,356,0
6923,15,2.mlp.5882,2,mlp,5882,149,1
6924,15,9.resid.40415,9,resid,40415,436,0
6925,15,2.mlp.381,2,mlp,381,298,0
6926,15,9.resid.38926,9,resid,38926,270,2
6927,15,2.mlp.21486,2,mlp,21486,193,0
6928,15,9.resid.37613,9,resid,37613,356,0
6929,15,2.mlp.31850,2,mlp,31850,168,1
6930,15,9.resid.19303,9,resid,19303,492,0
6931,15,2.mlp.36899,2,mlp,36899,156,1
6932,15,9.resid.9852,9,resid,9852,338,0
6933,15,2.mlp.5884,2,mlp,5884,230,0
6934,15,9.resid.224,9,resid,224,322,0
6935,15,2.mlp.16878,2,mlp,16878,132,1
6936,15,9.resid.39204,9,resid,39204,604,1154
6937,15,2.mlp.36713,2,mlp,36713,171,0
6938,15,9.resid.9360,9,resid,9360,651,1155
6939,15,2.mlp.39186,2,mlp,39186,176,0
6940,15,9.resid.35985,9,resid,35985,704,1156
6941,15,2.mlp.17739,2,mlp,17739,166,0
6942,15,9.resid.28077,9,resid,28077,631,1157
6943,15,2.mlp.28949,2,mlp,28949,160,0
6944,15,9.resid.353,9,resid,353,589,1158
6945,15,2.mlp.12145,2,mlp,12145,230,0
6946,15,9.resid.32203,9,resid,32203,679,1159
6947,15,2.mlp.27995,2,mlp,27995,176,0
6948,15,9.resid.39411,9,resid,39411,638,1160
6949,15,2.mlp.20359,2,mlp,20359,251,0
6950,15,9.resid.29291,9,resid,29291,538,0
6951,15,2.resid.24664,2,resid,24664,202,0
6952,15,9.mlp.20985,9,mlp,20985,292,0
6953,15,2.resid.3709,2,resid,3709,164,1
6954,15,9.mlp.1295,9,mlp,1295,485,0
6955,15,2.resid.27392,2,resid,27392,148,0
6956,15,9.mlp.28448,9,mlp,28448,496,1161
6957,15,2.resid.32239,2,resid,32239,63,1
6958,15,9.mlp.14873,9,mlp,14873,443,0
6959,15,2.resid.24317,2,resid,24317,175,0
6960,15,9.mlp.12007,9,mlp,12007,545,1162
6961,15,2.resid.29625,2,resid,29625,246,0
6962,15,9.mlp.3507,9,mlp,3507,423,1163
6963,15,2.resid.38067,2,resid,38067,202,0
6964,15,9.mlp.8353,9,mlp,8353,534,0
6965,15,2.resid.30426,2,resid,30426,112,2
6966,15,9.mlp.10513,9,mlp,10513,530,0
6967,15,2.resid.21132,2,resid,21132,200,0
6968,15,9.mlp.40042,9,mlp,40042,369,0
6969,15,2.resid.4037,2,resid,4037,204,0
6970,15,9.mlp.33593,9,mlp,33593,336,0
6971,15,2.resid.4809,2,resid,4809,118,1
6972,15,9.mlp.27468,9,mlp,27468,450,0
6973,15,2.resid.11844,2,resid,11844,158,1
6974,15,9.mlp.35576,9,mlp,35576,465,0
6975,15,2.resid.22755,2,resid,22755,200,0
6976,15,9.mlp.7980,9,mlp,7980,490,1164
6977,15,2.resid.6582,2,resid,6582,224,0
6978,15,9.mlp.29168,9,mlp,29168,508,0
6979,15,2.resid.32171,2,resid,32171,169,1
6980,15,9.mlp.13098,9,mlp,13098,445,0
6981,15,2.resid.16087,2,resid,16087,91,1
6982,15,9.mlp.5103,9,mlp,5103,430,0
6983,15,2.resid.40672,2,resid,40672,142,1
6984,15,9.mlp.23544,9,mlp,23544,633,1165
6985,15,2.resid.40619,2,resid,40619,169,1
6986,15,9.mlp.21946,9,mlp,21946,353,1166
6987,15,2.resid.39263,2,resid,39263,57,1
6988,15,9.mlp.4040,9,mlp,4040,428,0
6989,15,2.resid.25213,2,resid,25213,163,0
6990,15,9.mlp.3890,9,mlp,3890,362,0
6991,15,2.resid.541,2,resid,541,125,1
6992,15,9.mlp.36887,9,mlp,36887,557,0
6993,15,2.resid.23796,2,resid,23796,160,0
6994,15,9.mlp.5833,9,mlp,5833,355,0
6995,15,2.resid.32107,2,resid,32107,247,0
6996,15,9.mlp.35689,9,mlp,35689,406,0
6997,15,2.resid.29140,2,resid,29140,101,1
6998,15,9.mlp.7551,9,mlp,7551,621,1167
6999,15,2.resid.36365,2,resid,36365,65,1
7000,15,9.mlp.6451,9,mlp,6451,855,1168
7001,15,2.resid.7673,2,resid,7673,92,1
7002,15,9.mlp.28919,9,mlp,28919,522,0
7003,15,2.resid.30038,2,resid,30038,199,0
7004,15,9.mlp.3149,9,mlp,3149,488,1169
7005,15,2.resid.40113,2,resid,40113,142,1
7006,15,9.mlp.2498,9,mlp,2498,724,1170
7007,15,3.attn.16329,3,attn,16329,156,2
7008,15,9.mlp.21432,9,mlp,21432,491,0
7009,15,3.attn.40113,3,attn,40113,179,2
7010,15,9.attn.12487,9,attn,12487,517,0
7011,15,3.attn.11039,3,attn,11039,147,2
7012,15,9.attn.12331,9,attn,12331,665,1171
7013,15,9.attn.31746,9,attn,31746,529,0
7014,15,3.attn.17119,3,attn,17119,199,2
7015,15,9.attn.31342,9,attn,31342,280,2
7016,15,3.attn.32534,3,attn,32534,225,2
7017,15,9.attn.1264,9,attn,1264,372,0
7018,15,3.attn.22658,3,attn,22658,204,2
7019,15,9.attn.26793,9,attn,26793,643,1172
7020,15,3.attn.32169,3,attn,32169,140,1
7021,15,9.attn.28912,9,attn,28912,193,0
7022,15,3.attn.35645,3,attn,35645,213,2
7023,15,9.attn.10695,9,attn,10695,293,2
7024,15,3.attn.13573,3,attn,13573,357,0
7025,15,9.attn.4231,9,attn,4231,213,2
7026,15,3.attn.6934,3,attn,6934,180,2
7027,15,9.attn.13822,9,attn,13822,401,0
7028,15,3.attn.12672,3,attn,12672,218,2
7029,15,9.attn.18880,9,attn,18880,388,0
7030,15,3.attn.12750,3,attn,12750,153,2
7031,15,9.attn.6708,9,attn,6708,228,0
7032,15,3.attn.11385,3,attn,11385,312,2
7033,15,9.attn.25486,9,attn,25486,262,2
7034,15,3.attn.9496,3,attn,9496,157,2
7035,15,9.attn.29690,9,attn,29690,310,2
7036,15,3.attn.39730,3,attn,39730,198,2
7037,15,9.attn.719,9,attn,719,625,1173
7038,15,3.attn.38168,3,attn,38168,162,2
7039,15,9.attn.16671,9,attn,16671,754,1174
7040,15,3.attn.25252,3,attn,25252,142,2
7041,15,9.attn.35869,9,attn,35869,573,1175
7042,15,3.attn.13314,3,attn,13314,175,2
7043,15,9.attn.28319,9,attn,28319,321,2
7044,15,3.attn.13343,3,attn,13343,152,2
7045,15,9.attn.5438,9,attn,5438,320,0
7046,15,3.attn.23664,3,attn,23664,284,2
7047,15,9.attn.9152,9,attn,9152,429,0
7048,15,3.attn.5560,3,attn,5560,148,2
7049,15,9.attn.14133,9,attn,14133,476,0
7050,15,3.attn.27188,3,attn,27188,185,2
7051,15,9.attn.19880,9,attn,19880,282,2
7052,15,9.attn.16245,9,attn,16245,638,1176
7053,15,3.attn.28709,3,attn,28709,279,2
7054,15,9.attn.18780,9,attn,18780,315,2
7055,15,3.attn.17813,3,attn,17813,233,2
7056,15,9.attn.27817,9,attn,27817,269,2
7057,15,3.attn.17673,3,attn,17673,145,2
7058,15,9.attn.20415,9,attn,20415,455,0
7059,15,3.attn.34834,3,attn,34834,167,2
7060,15,9.attn.7712,9,attn,7712,399,0
7061,15,3.mlp.24156,3,mlp,24156,269,0
7062,15,9.attn.10067,9,attn,10067,634,1177
7063,15,3.mlp.6136,3,mlp,6136,83,1
7064,15,8.resid.25752,8,resid,25752,512,0
7065,15,3.mlp.29656,3,mlp,29656,263,0
7066,15,8.resid.18626,8,resid,18626,563,0
7067,15,3.mlp.31216,3,mlp,31216,422,0
7068,15,8.resid.22469,8,resid,22469,643,1178
7069,15,3.mlp.32128,3,mlp,32128,202,0
7070,15,8.resid.15368,8,resid,15368,391,0
7071,15,3.mlp.5510,3,mlp,5510,393,0
7072,15,8.resid.3204,8,resid,3204,370,0
7073,15,3.mlp.25432,3,mlp,25432,160,0
7074,15,8.resid.8024,8,resid,8024,482,0
7075,15,3.mlp.12272,3,mlp,12272,173,0
7076,15,8.resid.35075,8,resid,35075,687,1179
7077,15,3.mlp.37318,3,mlp,37318,220,0
7078,15,8.resid.27300,8,resid,27300,370,0
7079,15,3.mlp.40612,3,mlp,40612,206,0
7080,15,8.resid.1116,8,resid,1116,492,0
7081,15,3.mlp.7569,3,mlp,7569,179,0
7082,15,8.resid.21998,8,resid,21998,828,1180
7083,15,3.mlp.11530,3,mlp,11530,207,0
7084,15,8.resid.22220,8,resid,22220,704,1181
7085,15,3.mlp.2437,3,mlp,2437,575,1182
7086,15,8.resid.7337,8,resid,7337,678,1183
7087,15,3.mlp.16261,3,mlp,16261,256,0
7088,15,8.resid.33693,8,resid,33693,468,0
7089,15,3.mlp.33428,3,mlp,33428,339,0
7090,15,8.resid.6944,8,resid,6944,357,0
7091,15,3.mlp.13336,3,mlp,13336,150,0
7092,15,8.resid.14741,8,resid,14741,487,1184
7093,15,3.mlp.113,3,mlp,113,313,0
7094,15,8.resid.39722,8,resid,39722,519,0
7095,15,3.mlp.23498,3,mlp,23498,168,0
7096,15,8.resid.3555,8,resid,3555,206,0
7097,15,3.mlp.15096,3,mlp,15096,237,0
7098,15,8.resid.29499,8,resid,29499,510,1185
7099,15,3.mlp.39578,3,mlp,39578,212,0
7100,15,8.resid.14152,8,resid,14152,501,0
7101,15,3.mlp.35225,3,mlp,35225,320,0
7102,15,8.resid.4206,8,resid,4206,233,2
7103,15,3.mlp.17270,3,mlp,17270,314,0
7104,15,8.resid.25731,8,resid,25731,509,0
7105,15,3.mlp.17535,3,mlp,17535,130,0
7106,15,8.resid.21192,8,resid,21192,444,0
7107,15,3.mlp.16427,3,mlp,16427,254,0
7108,15,8.resid.40072,8,resid,40072,440,0
7109,15,3.mlp.30113,3,mlp,30113,332,0
7110,15,8.resid.24367,8,resid,24367,590,1186
7111,15,3.mlp.7557,3,mlp,7557,210,0
7112,15,8.resid.2478,8,resid,2478,281,2
7113,15,3.mlp.37430,3,mlp,37430,186,0
7114,15,8.resid.40238,8,resid,40238,360,0
7115,15,3.mlp.13957,3,mlp,13957,241,0
7116,15,8.resid.15228,8,resid,15228,457,0
7117,15,3.mlp.16131,3,mlp,16131,189,0
7118,15,8.resid.4417,8,resid,4417,661,1187
7119,15,3.resid.14280,3,resid,14280,206,0
7120,15,8.resid.15112,8,resid,15112,439,0
7121,15,3.resid.28540,3,resid,28540,251,0
7122,15,8.mlp.4108,8,mlp,4108,613,1188
7123,15,3.resid.32481,3,resid,32481,211,0
7124,15,8.mlp.33959,8,mlp,33959,548,1189
7125,15,3.resid.25455,3,resid,25455,264,0
7126,15,8.mlp.1399,8,mlp,1399,502,0
7127,15,3.resid.19017,3,resid,19017,279,0
7128,15,8.mlp.25422,8,mlp,25422,362,0
7129,15,3.resid.9677,3,resid,9677,134,1
7130,15,8.mlp.28263,8,mlp,28263,680,1190
7131,15,3.resid.27588,3,resid,27588,130,1
7132,15,8.mlp.29733,8,mlp,29733,415,0
7133,15,3.resid.27759,3,resid,27759,243,0
7134,15,8.mlp.18836,8,mlp,18836,479,0
7135,15,3.resid.22065,3,resid,22065,175,0
7136,15,8.mlp.11026,8,mlp,11026,517,1191
7137,15,3.resid.23476,3,resid,23476,248,0
7138,15,8.mlp.28944,8,mlp,28944,490,0
7139,15,3.resid.19587,3,resid,19587,175,0
7140,15,8.mlp.9351,8,mlp,9351,779,1192
7141,15,3.resid.22491,3,resid,22491,173,0
7142,15,8.mlp.9299,8,mlp,9299,673,1193
7143,15,3.resid.10921,3,resid,10921,226,0
7144,15,8.mlp.326,8,mlp,326,469,0
7145,15,3.resid.22706,3,resid,22706,172,0
7146,15,8.mlp.8675,8,mlp,8675,501,1194
7147,15,3.resid.31311,3,resid,31311,183,0
7148,15,8.mlp.6900,8,mlp,6900,453,0
7149,15,3.resid.17300,3,resid,17300,319,0
7150,15,8.mlp.17303,8,mlp,17303,459,0
7151,15,3.resid.9315,3,resid,9315,202,0
7152,15,8.mlp.2782,8,mlp,2782,466,0
7153,15,3.resid.38516,3,resid,38516,120,1
7154,15,8.mlp.14536,8,mlp,14536,532,1195
7155,15,3.resid.39589,3,resid,39589,179,1
7156,15,8.mlp.15858,8,mlp,15858,389,0
7157,15,3.resid.34257,3,resid,34257,193,0
7158,15,8.mlp.36277,8,mlp,36277,435,0
7159,15,3.resid.6703,3,resid,6703,259,0
7160,15,8.mlp.22842,8,mlp,22842,515,0
7161,15,3.resid.16993,3,resid,16993,264,0
7162,15,8.mlp.16303,8,mlp,16303,456,0
7163,15,3.resid.37053,3,resid,37053,150,0
7164,15,8.mlp.27792,8,mlp,27792,413,0
7165,15,3.resid.30976,3,resid,30976,82,2
7166,15,8.mlp.10715,8,mlp,10715,464,0
7167,15,3.resid.668,3,resid,668,174,2
7168,15,8.mlp.23958,8,mlp,23958,392,0
7169,15,3.resid.19297,3,resid,19297,165,0
7170,15,8.mlp.25395,8,mlp,25395,543,1196
7171,15,3.resid.3247,3,resid,3247,320,0
7172,15,8.mlp.10303,8,mlp,10303,343,0
7173,15,3.resid.11496,3,resid,11496,189,0
7174,15,8.mlp.16451,8,mlp,16451,528,1197
7175,15,4.attn.24046,4,attn,24046,194,2
7176,15,8.mlp.39275,8,mlp,39275,582,1198
7177,15,4.attn.35051,4,attn,35051,316,0
7178,15,8.attn.18274,8,attn,18274,603,1199
7179,15,4.attn.36024,4,attn,36024,275,0
7180,15,8.attn.566,8,attn,566,491,0
7181,15,4.attn.22883,4,attn,22883,201,0
7182,15,8.attn.39566,8,attn,39566,988,1200
7183,15,4.attn.5744,4,attn,5744,113,2
7184,15,4.attn.13042,4,attn,13042,155,2
7185,15,8.attn.11089,8,attn,11089,428,0
7186,15,4.attn.25331,4,attn,25331,154,2
7187,15,8.attn.11843,8,attn,11843,344,2
7188,15,4.attn.19778,4,attn,19778,207,2
7189,15,8.attn.7800,8,attn,7800,336,0
7190,15,4.attn.22021,4,attn,22021,149,2
7191,15,4.attn.34358,4,attn,34358,227,0
7192,15,8.attn.31825,8,attn,31825,813,1201
7193,15,4.attn.40957,4,attn,40957,185,2
7194,15,4.attn.26572,4,attn,26572,135,2
7195,15,4.attn.12704,4,attn,12704,231,2
7196,15,8.attn.11721,8,attn,11721,260,0
7197,15,4.attn.9777,4,attn,9777,289,2
7198,15,8.attn.16443,8,attn,16443,524,0
7199,15,4.attn.33604,4,attn,33604,283,0
7200,15,8.attn.12156,8,attn,12156,463,0
7201,15,4.attn.24655,4,attn,24655,324,0
7202,15,8.attn.24619,8,attn,24619,237,0
7203,15,4.attn.21727,4,attn,21727,284,0
7204,15,8.attn.19196,8,attn,19196,449,0
7205,15,4.attn.14990,4,attn,14990,142,0
7206,15,8.attn.16018,8,attn,16018,173,0
7207,15,4.attn.2229,4,attn,2229,376,0
7208,15,8.attn.20544,8,attn,20544,434,0
7209,15,4.attn.16906,4,attn,16906,292,0
7210,15,8.attn.25718,8,attn,25718,314,2
7211,15,4.attn.7222,4,attn,7222,269,0
7212,15,8.attn.14654,8,attn,14654,662,1202
7213,15,4.attn.36303,4,attn,36303,231,2
7214,15,4.attn.19397,4,attn,19397,318,0
7215,15,8.attn.3870,8,attn,3870,260,2
7216,15,4.attn.7524,4,attn,7524,203,2
7217,15,4.attn.29304,4,attn,29304,220,2
7218,15,8.attn.11583,8,attn,11583,460,0
7219,15,4.attn.24133,4,attn,24133,228,2
7220,15,8.attn.20862,8,attn,20862,409,2
7221,15,4.attn.21408,4,attn,21408,254,0
7222,15,8.attn.7985,8,attn,7985,463,0
7223,15,4.attn.13985,4,attn,13985,177,0
7224,15,8.attn.37751,8,attn,37751,556,0
7225,15,4.attn.30416,4,attn,30416,255,2
7226,15,4.mlp.37998,4,mlp,37998,292,0
7227,15,7.resid.31894,7,resid,31894,421,0
7228,15,4.mlp.39212,4,mlp,39212,299,0
7229,15,7.resid.16273,7,resid,16273,410,0
7230,15,4.mlp.7859,4,mlp,7859,306,0
7231,15,7.resid.34428,7,resid,34428,434,0
7232,15,4.mlp.7165,4,mlp,7165,354,0
7233,15,7.resid.31756,7,resid,31756,275,0
7234,15,4.mlp.32078,4,mlp,32078,359,0
7235,15,7.resid.11450,7,resid,11450,484,1203
7236,15,4.mlp.5409,4,mlp,5409,353,0
7237,15,7.resid.29770,7,resid,29770,550,1204
7238,15,4.mlp.37629,4,mlp,37629,315,0
7239,15,7.resid.31508,7,resid,31508,520,0
7240,15,4.mlp.36568,4,mlp,36568,373,0
7241,15,7.resid.37534,7,resid,37534,337,0
7242,15,4.mlp.21059,4,mlp,21059,576,1205
7243,15,7.resid.27473,7,resid,27473,485,0
7244,15,4.mlp.25033,4,mlp,25033,288,0
7245,15,7.resid.30251,7,resid,30251,658,1206
7246,15,4.mlp.9417,4,mlp,9417,327,0
7247,15,7.resid.15516,7,resid,15516,428,0
7248,15,4.mlp.38488,4,mlp,38488,569,1207
7249,15,7.resid.7506,7,resid,7506,494,0
7250,15,4.mlp.23622,4,mlp,23622,387,0
7251,15,7.resid.31916,7,resid,31916,521,1208
7252,15,4.mlp.7761,4,mlp,7761,375,0
7253,15,7.resid.21413,7,resid,21413,487,0
7254,15,4.mlp.199,4,mlp,199,497,1209
7255,15,7.resid.27663,7,resid,27663,574,1210
7256,15,4.mlp.25655,4,mlp,25655,233,0
7257,15,7.resid.25280,7,resid,25280,486,0
7258,15,4.mlp.7748,4,mlp,7748,436,0
7259,15,7.resid.12008,7,resid,12008,250,0
7260,15,4.mlp.19092,4,mlp,19092,176,0
7261,15,7.resid.22708,7,resid,22708,472,0
7262,15,4.mlp.7717,4,mlp,7717,372,0
7263,15,7.resid.4550,7,resid,4550,642,1211
7264,15,4.mlp.7358,4,mlp,7358,479,0
7265,15,7.resid.30700,7,resid,30700,314,0
7266,15,4.mlp.19333,4,mlp,19333,313,0
7267,15,7.resid.27526,7,resid,27526,349,0
7268,15,4.mlp.14004,4,mlp,14004,418,0
7269,15,7.resid.5698,7,resid,5698,548,0
7270,15,4.mlp.56,4,mlp,56,208,0
7271,15,7.resid.18949,7,resid,18949,317,0
7272,15,4.mlp.8666,4,mlp,8666,99,1
7273,15,7.resid.14989,7,resid,14989,541,0
7274,15,4.mlp.2094,4,mlp,2094,356,0
7275,15,7.resid.24589,7,resid,24589,376,0
7276,15,4.mlp.28216,4,mlp,28216,425,0
7277,15,7.resid.23740,7,resid,23740,404,0
7278,15,4.mlp.20433,4,mlp,20433,348,0
7279,15,7.resid.5733,7,resid,5733,387,0
7280,15,4.mlp.30672,4,mlp,30672,402,0
7281,15,7.resid.32054,7,resid,32054,504,0
7282,15,4.resid.23085,4,resid,23085,201,0
7283,15,7.resid.4899,7,resid,4899,554,0
7284,15,4.resid.12702,4,resid,12702,293,0
7285,15,7.mlp.26120,7,mlp,26120,417,0
7286,15,4.resid.16953,4,resid,16953,273,0
7287,15,7.mlp.12288,7,mlp,12288,366,0
7288,15,4.resid.16480,4,resid,16480,248,0
7289,15,7.mlp.6306,7,mlp,6306,356,0
7290,15,4.resid.8404,4,resid,8404,166,0
7291,15,7.mlp.16452,7,mlp,16452,584,1212
7292,15,4.resid.18566,4,resid,18566,313,0
7293,15,7.mlp.16009,7,mlp,16009,288,0
7294,15,4.resid.15246,4,resid,15246,239,0
7295,15,7.mlp.3167,7,mlp,3167,464,0
7296,15,4.resid.3626,4,resid,3626,282,0
7297,15,7.mlp.4556,7,mlp,4556,381,0
7298,15,4.resid.24389,4,resid,24389,183,0
7299,15,7.mlp.2621,7,mlp,2621,366,0
7300,15,4.resid.32872,4,resid,32872,266,0
7301,15,7.mlp.16270,7,mlp,16270,392,0
7302,15,4.resid.23295,4,resid,23295,339,0
7303,15,7.mlp.29796,7,mlp,29796,382,0
7304,15,4.resid.31938,4,resid,31938,397,0
7305,15,7.mlp.22428,7,mlp,22428,267,0
7306,15,4.resid.40108,4,resid,40108,274,0
7307,15,7.mlp.19094,7,mlp,19094,500,0
7308,15,4.resid.31569,4,resid,31569,250,0
7309,15,7.mlp.13273,7,mlp,13273,412,0
7310,15,4.resid.31095,4,resid,31095,169,0
7311,15,7.mlp.39765,7,mlp,39765,403,0
7312,15,4.resid.21183,4,resid,21183,281,0
7313,15,7.mlp.38842,7,mlp,38842,559,0
7314,15,4.resid.32281,4,resid,32281,388,0
7315,15,7.mlp.35541,7,mlp,35541,386,0
7316,15,4.resid.23632,4,resid,23632,291,0
7317,15,7.mlp.17684,7,mlp,17684,421,0
7318,15,4.resid.2226,4,resid,2226,374,0
7319,15,7.mlp.18003,7,mlp,18003,314,0
7320,15,4.resid.19420,4,resid,19420,345,0
7321,15,7.mlp.28652,7,mlp,28652,400,0
7322,15,4.resid.12043,4,resid,12043,331,0
7323,15,7.mlp.17893,7,mlp,17893,362,0
7324,15,4.resid.17473,4,resid,17473,353,0
7325,15,7.mlp.19648,7,mlp,19648,363,0
7326,15,4.resid.5891,4,resid,5891,304,0
7327,15,7.mlp.38300,7,mlp,38300,366,0
7328,15,4.resid.20822,4,resid,20822,511,0
7329,15,7.mlp.22396,7,mlp,22396,500,1213
7330,15,4.resid.13823,4,resid,13823,264,0
7331,15,7.mlp.38111,7,mlp,38111,400,0
7332,15,4.resid.31049,4,resid,31049,400,0
7333,15,7.mlp.29710,7,mlp,29710,559,0
7334,15,4.resid.33157,4,resid,33157,334,0
7335,15,7.mlp.9519,7,mlp,9519,426,0
7336,15,4.resid.32509,4,resid,32509,215,0
7337,15,7.mlp.17554,7,mlp,17554,489,0
7338,15,4.resid.32008,4,resid,32008,369,0
7339,15,7.mlp.16148,7,mlp,16148,410,0
7340,15,5.attn.27589,5,attn,27589,366,0
7341,15,7.attn.33075,7,attn,33075,369,0
7342,15,5.attn.9077,5,attn,9077,184,2
7343,15,7.attn.16255,7,attn,16255,361,0
7344,15,5.attn.23050,5,attn,23050,249,2
7345,15,7.attn.36542,7,attn,36542,503,1214
7346,15,7.attn.7287,7,attn,7287,436,0
7347,15,7.attn.15279,7,attn,15279,294,2
7348,15,5.attn.35480,5,attn,35480,310,2
7349,15,7.attn.17162,7,attn,17162,564,1215
7350,15,5.attn.10465,5,attn,10465,346,2
7351,15,7.attn.18105,7,attn,18105,260,2
7352,15,7.attn.15736,7,attn,15736,621,1216
7353,15,5.attn.34532,5,attn,34532,245,2
7354,15,7.attn.30720,7,attn,30720,306,2
7355,15,5.attn.39,5,attn,39,177,2
7356,15,7.attn.30904,7,attn,30904,424,0
7357,15,5.attn.1442,5,attn,1442,209,2
7358,15,7.attn.19658,7,attn,19658,586,1217
7359,15,5.attn.21321,5,attn,21321,182,2
7360,15,7.attn.15187,7,attn,15187,415,0
7361,15,5.attn.32976,5,attn,32976,179,2
7362,15,7.attn.2672,7,attn,2672,371,2
7363,15,5.attn.5578,5,attn,5578,175,2
7364,15,5.attn.7779,5,attn,7779,241,2
7365,15,7.attn.17054,7,attn,17054,675,1218
7366,15,5.attn.6690,5,attn,6690,356,2
7367,15,7.attn.35935,7,attn,35935,443,0
7368,15,5.attn.14947,5,attn,14947,313,2
7369,15,7.attn.18966,7,attn,18966,402,0
7370,15,5.attn.4921,5,attn,4921,321,0
7371,15,7.attn.15127,7,attn,15127,281,2
7372,15,5.attn.11118,5,attn,11118,326,0
7373,15,7.attn.29006,7,attn,29006,657,1219
7374,15,5.attn.38380,5,attn,38380,220,2
7375,15,7.attn.4862,7,attn,4862,142,0
7376,15,5.attn.25526,5,attn,25526,281,0
7377,15,7.attn.12626,7,attn,12626,284,0
7378,15,5.attn.5630,5,attn,5630,275,0
7379,15,7.attn.16277,7,attn,16277,311,2
7380,15,7.attn.25722,7,attn,25722,430,0
7381,15,5.attn.5862,5,attn,5862,181,2
7382,15,7.attn.15921,7,attn,15921,323,0
7383,15,5.attn.13390,5,attn,13390,355,0
7384,15,7.attn.21865,7,attn,21865,371,0
7385,15,5.attn.39432,5,attn,39432,362,0
7386,15,7.attn.35632,7,attn,35632,362,0
7387,15,5.attn.4221,5,attn,4221,356,0
7388,15,5.mlp.19095,5,mlp,19095,261,0
7389,15,7.attn.10250,7,attn,10250,495,0
7390,15,5.mlp.40182,5,mlp,40182,455,0
7391,15,6.resid.151,6,resid,151,354,0
7392,15,5.mlp.30418,5,mlp,30418,340,0
7393,15,6.resid.1640,6,resid,1640,386,0
7394,15,5.mlp.9556,5,mlp,9556,408,0
7395,15,6.resid.21992,6,resid,21992,511,1220
7396,15,5.mlp.29295,5,mlp,29295,365,0
7397,15,6.resid.22017,6,resid,22017,600,1221
7398,15,5.mlp.12076,5,mlp,12076,232,0
7399,15,6.resid.26762,6,resid,26762,449,0
7400,15,5.mlp.22750,5,mlp,22750,343,0
7401,15,6.resid.22318,6,resid,22318,362,0
7402,15,5.mlp.4074,5,mlp,4074,281,0
7403,15,6.resid.3773,6,resid,3773,431,0
7404,15,5.mlp.6334,5,mlp,6334,475,0
7405,15,6.resid.6604,6,resid,6604,402,0
7406,15,5.mlp.37554,5,mlp,37554,337,0
7407,15,6.resid.2422,6,resid,2422,383,0
7408,15,5.mlp.32064,5,mlp,32064,483,0
7409,15,6.resid.19235,6,resid,19235,424,0
7410,15,5.mlp.18547,5,mlp,18547,292,0
7411,15,6.resid.29872,6,resid,29872,280,0
7412,15,5.mlp.3748,5,mlp,3748,426,0
7413,15,6.resid.39295,6,resid,39295,358,0
7414,15,5.mlp.1957,5,mlp,1957,274,0
7415,15,6.resid.17677,6,resid,17677,366,0
7416,15,5.mlp.17996,5,mlp,17996,506,0
7417,15,6.resid.2792,6,resid,2792,495,0
7418,15,5.mlp.31640,5,mlp,31640,302,0
7419,15,6.resid.12357,6,resid,12357,575,1222
7420,15,5.mlp.30904,5,mlp,30904,304,0
7421,15,6.resid.31364,6,resid,31364,372,0
7422,15,5.mlp.23957,5,mlp,23957,406,0
7423,15,6.resid.10992,6,resid,10992,411,0
7424,15,5.mlp.12921,5,mlp,12921,575,1223
7425,15,6.resid.10650,6,resid,10650,458,0
7426,15,5.mlp.12867,5,mlp,12867,527,0
7427,15,6.resid.7458,6,resid,7458,386,0
7428,15,5.mlp.29564,5,mlp,29564,483,0
7429,15,6.resid.34603,6,resid,34603,433,0
7430,15,5.mlp.29255,5,mlp,29255,249,0
7431,15,6.resid.38574,6,resid,38574,327,0
7432,15,5.mlp.16529,5,mlp,16529,428,0
7433,15,6.resid.31129,6,resid,31129,387,0
7434,15,5.mlp.4661,5,mlp,4661,248,0
7435,15,6.resid.28224,6,resid,28224,520,1224
7436,15,5.mlp.22457,5,mlp,22457,283,0
7437,15,6.resid.5555,6,resid,5555,373,0
7438,15,5.mlp.29907,5,mlp,29907,496,0
7439,15,6.resid.8427,6,resid,8427,435,0
7440,15,5.mlp.22577,5,mlp,22577,430,0
7441,15,6.resid.19134,6,resid,19134,412,0
7442,15,5.mlp.16140,5,mlp,16140,392,0
7443,15,6.resid.13489,6,resid,13489,379,0
7444,15,5.mlp.36311,5,mlp,36311,363,0
7445,15,6.resid.11423,6,resid,11423,338,0
7446,15,5.resid.33409,5,resid,33409,457,0
7447,15,6.mlp.15498,6,mlp,15498,250,0
7448,15,5.resid.28884,5,resid,28884,399,0
7449,15,6.mlp.1953,6,mlp,1953,477,0
7450,15,5.resid.11544,5,resid,11544,255,0
7451,15,6.mlp.12184,6,mlp,12184,380,0
7452,15,5.resid.15392,5,resid,15392,347,0
7453,15,6.mlp.23332,6,mlp,23332,315,0
7454,15,5.resid.580,5,resid,580,475,0
7455,15,6.mlp.9703,6,mlp,9703,475,0
7456,15,5.resid.36693,5,resid,36693,356,0
7457,15,6.mlp.30588,6,mlp,30588,1038,1225
7458,15,5.resid.34233,5,resid,34233,475,0
7459,15,6.mlp.19859,6,mlp,19859,289,0
7460,15,5.resid.38268,5,resid,38268,305,0
7461,15,6.mlp.10957,6,mlp,10957,235,0
7462,15,5.resid.21126,5,resid,21126,380,0
7463,15,6.mlp.12845,6,mlp,12845,537,0
7464,15,5.resid.36106,5,resid,36106,362,0
7465,15,6.mlp.35663,6,mlp,35663,524,0
7466,15,5.resid.37724,5,resid,37724,244,0
7467,15,6.mlp.29897,6,mlp,29897,599,1226
7468,15,5.resid.18203,5,resid,18203,429,0
7469,15,6.mlp.12612,6,mlp,12612,397,0
7470,15,5.resid.2708,5,resid,2708,362,0
7471,15,6.mlp.15156,6,mlp,15156,383,0
7472,15,5.resid.13861,5,resid,13861,199,0
7473,15,6.mlp.18168,6,mlp,18168,448,0
7474,15,5.resid.27527,5,resid,27527,205,0
7475,15,6.mlp.27448,6,mlp,27448,256,0
7476,15,5.resid.29669,5,resid,29669,299,0
7477,15,6.mlp.25028,6,mlp,25028,511,0
7478,15,5.resid.5444,5,resid,5444,359,0
7479,15,6.mlp.14308,6,mlp,14308,457,0
7480,15,5.resid.4902,5,resid,4902,373,0
7481,15,6.mlp.27720,6,mlp,27720,387,0
7482,15,5.resid.32758,5,resid,32758,263,0
7483,15,6.mlp.4389,6,mlp,4389,576,1227
7484,15,5.resid.10199,5,resid,10199,510,0
7485,15,6.mlp.39371,6,mlp,39371,376,0
7486,15,5.resid.850,5,resid,850,347,0
7487,15,6.mlp.28603,6,mlp,28603,466,0
7488,15,5.resid.32941,5,resid,32941,341,0
7489,15,6.mlp.595,6,mlp,595,364,0
7490,15,5.resid.29014,5,resid,29014,367,0
7491,15,6.mlp.20578,6,mlp,20578,157,0
7492,15,5.resid.2565,5,resid,2565,382,0
7493,15,6.mlp.26061,6,mlp,26061,637,1228
7494,15,5.resid.33053,5,resid,33053,233,0
7495,15,6.mlp.8536,6,mlp,8536,627,1229
7496,15,5.resid.10880,5,resid,10880,265,0
7497,15,6.mlp.6343,6,mlp,6343,282,0
7498,15,5.resid.28819,5,resid,28819,361,0
7499,15,6.mlp.11660,6,mlp,11660,534,1230
7500,15,5.resid.6737,5,resid,6737,445,0
7501,15,6.mlp.4638,6,mlp,4638,349,0
7502,15,6.attn.8240,6,attn,8240,196,2
7503,15,6.mlp.32811,6,mlp,32811,294,0
7504,15,6.attn.11432,6,attn,11432,422,0
7505,15,6.attn.5748,6,attn,5748,343,0
7506,15,6.attn.23235,6,attn,23235,449,0
7507,15,6.attn.23398,6,attn,23398,494,0
7508,15,6.attn.11582,6,attn,11582,202,0
7509,15,6.attn.38037,6,attn,38037,342,0
7510,15,6.attn.27108,6,attn,27108,304,2
7511,15,6.attn.37266,6,attn,37266,308,0
7512,15,6.attn.16846,6,attn,16846,390,0
7513,15,6.attn.14099,6,attn,14099,468,0
7514,15,6.attn.22623,6,attn,22623,143,2
7515,15,6.attn.3466,6,attn,3466,226,2
7516,15,6.attn.8521,6,attn,8521,219,2
7517,15,6.attn.24714,6,attn,24714,407,0
7518,15,6.attn.38418,6,attn,38418,274,2
7519,15,6.attn.4602,6,attn,4602,409,1231
7520,15,6.attn.40621,6,attn,40621,364,2
7521,15,6.attn.10048,6,attn,10048,400,2
7522,15,6.attn.31360,6,attn,31360,342,0
7523,15,6.attn.32540,6,attn,32540,229,2
7524,15,6.attn.13851,6,attn,13851,487,0
7525,15,6.attn.35754,6,attn,35754,433,0
7526,15,6.attn.12355,6,attn,12355,326,2
7527,15,6.attn.16977,6,attn,16977,199,2
7528,15,6.attn.24785,6,attn,24785,209,2
7529,15,6.attn.34169,6,attn,34169,243,2
7530,15,6.attn.26912,6,attn,26912,222,2
7531,15,0.mlp.35724,0,mlp,35724,19,1
7532,2,0.mlp.27329,0,mlp,27329,10,0
7533,2,11.resid.7008,11,resid,7008,636,1232
7534,2,0.mlp.40867,0,mlp,40867,51,1
7535,2,11.resid.18628,11,resid,18628,440,0
7536,2,0.mlp.8483,0,mlp,8483,18,1
7537,2,11.resid.14865,11,resid,14865,250,0
7538,2,0.mlp.20419,0,mlp,20419,36,1
7539,2,11.resid.1193,11,resid,1193,353,0
7540,2,0.mlp.18150,0,mlp,18150,39,1
7541,2,11.resid.34359,11,resid,34359,519,1233
7542,2,0.mlp.7965,0,mlp,7965,14,1
7543,2,11.resid.10765,11,resid,10765,623,1234
7544,2,0.mlp.27189,0,mlp,27189,7,1235
7545,2,11.resid.27940,11,resid,27940,459,0
7546,2,0.mlp.33214,0,mlp,33214,39,1
7547,2,11.resid.22837,11,resid,22837,306,0
7548,2,0.mlp.33790,0,mlp,33790,9,1
7549,2,11.resid.14348,11,resid,14348,249,0
7550,2,0.mlp.10205,0,mlp,10205,12,1
7551,2,11.resid.29119,11,resid,29119,638,1236
7552,2,0.mlp.27961,0,mlp,27961,12,0
7553,2,11.resid.32771,11,resid,32771,440,0
7554,2,0.mlp.8279,0,mlp,8279,62,1
7555,2,11.resid.24654,11,resid,24654,414,0
7556,2,0.mlp.17701,0,mlp,17701,12,1
7557,2,11.resid.40380,11,resid,40380,218,0
7558,2,0.mlp.32630,0,mlp,32630,22,1
7559,2,11.resid.20830,11,resid,20830,768,1237
7560,2,0.mlp.5171,0,mlp,5171,10,0
7561,2,11.resid.6484,11,resid,6484,487,0
7562,2,0.mlp.7337,0,mlp,7337,7,1238
7563,2,11.resid.37386,11,resid,37386,214,2
7564,2,0.mlp.37714,0,mlp,37714,27,1
7565,2,11.resid.19616,11,resid,19616,630,1239
7566,2,0.mlp.32284,0,mlp,32284,19,1
7567,2,11.resid.20067,11,resid,20067,662,1240
7568,2,0.mlp.8786,0,mlp,8786,10,1
7569,2,11.resid.39553,11,resid,39553,508,0
7570,2,0.mlp.8142,0,mlp,8142,24,1
7571,2,11.resid.6102,11,resid,6102,453,0
7572,2,0.mlp.1316,0,mlp,1316,53,1
7573,2,11.resid.36301,11,resid,36301,532,0
7574,2,0.mlp.14147,0,mlp,14147,15,1
7575,2,11.resid.40096,11,resid,40096,447,0
7576,2,0.mlp.4877,0,mlp,4877,33,1
7577,2,11.resid.39103,11,resid,39103,370,0
7578,2,0.mlp.3842,0,mlp,3842,25,1
7579,2,11.resid.2586,11,resid,2586,400,0
7580,2,0.mlp.3034,0,mlp,3034,11,0
7581,2,11.resid.35762,11,resid,35762,582,1241
7582,2,0.mlp.22742,0,mlp,22742,72,1
7583,2,11.resid.11112,11,resid,11112,422,0
7584,2,0.mlp.7413,0,mlp,7413,13,1
7585,2,11.resid.38825,11,resid,38825,514,0
7586,2,0.mlp.19146,0,mlp,19146,18,1
7587,2,11.resid.31488,11,resid,31488,349,0
7588,2,0.mlp.2269,0,mlp,2269,5,0
7589,2,11.resid.1667,11,resid,1667,361,0
7590,2,0.resid.26125,0,resid,26125,43,1
7591,2,11.mlp.9913,11,mlp,9913,836,1242
7592,2,0.resid.25822,0,resid,25822,48,1
7593,2,11.mlp.39066,11,mlp,39066,544,0
7594,2,0.resid.6622,0,resid,6622,27,1
7595,2,11.mlp.2397,11,mlp,2397,563,1243
7596,2,0.resid.14785,0,resid,14785,26,1
7597,2,11.mlp.26282,11,mlp,26282,399,0
7598,2,0.resid.13310,0,resid,13310,61,1
7599,2,11.mlp.10508,11,mlp,10508,353,1244
7600,2,0.resid.11738,0,resid,11738,77,1
7601,2,11.mlp.14027,11,mlp,14027,574,1245
7602,2,0.resid.31517,0,resid,31517,31,1
7603,2,11.mlp.12092,11,mlp,12092,444,0
7604,2,0.resid.6505,0,resid,6505,25,1
7605,2,11.mlp.10819,11,mlp,10819,351,0
7606,2,0.resid.23016,0,resid,23016,23,2
7607,2,11.mlp.19334,11,mlp,19334,247,0
7608,2,0.resid.29966,0,resid,29966,16,0
7609,2,11.mlp.39113,11,mlp,39113,326,2
7610,2,0.resid.1119,0,resid,1119,35,1
7611,2,11.mlp.4384,11,mlp,4384,330,0
7612,2,0.resid.6699,0,resid,6699,27,1
7613,2,11.mlp.17337,11,mlp,17337,250,0
7614,2,0.resid.4178,0,resid,4178,22,1
7615,2,11.mlp.260,11,mlp,260,422,0
7616,2,0.resid.40160,0,resid,40160,10,0
7617,2,11.mlp.21943,11,mlp,21943,392,0
7618,2,0.resid.20544,0,resid,20544,136,1
7619,2,11.mlp.4405,11,mlp,4405,444,0
7620,2,0.resid.6819,0,resid,6819,29,1
7621,2,11.mlp.37580,11,mlp,37580,321,0
7622,2,0.resid.26869,0,resid,26869,220,0
7623,2,11.mlp.33333,11,mlp,33333,753,1246
7624,2,0.resid.31301,0,resid,31301,25,1
7625,2,11.mlp.39610,11,mlp,39610,314,0
7626,2,0.resid.39163,0,resid,39163,38,1
7627,2,11.mlp.15124,11,mlp,15124,465,0
7628,2,0.resid.40182,0,resid,40182,54,1
7629,2,11.mlp.26429,11,mlp,26429,322,0
7630,2,0.resid.12650,0,resid,12650,60,1
7631,2,11.mlp.38091,11,mlp,38091,564,0
7632,2,0.resid.22943,0,resid,22943,84,1
7633,2,11.mlp.12563,11,mlp,12563,571,0
7634,2,0.resid.29665,0,resid,29665,37,1
7635,2,11.mlp.5009,11,mlp,5009,596,1247
7636,2,0.resid.35320,0,resid,35320,35,1
7637,2,11.mlp.34675,11,mlp,34675,478,1248
7638,2,0.resid.1744,0,resid,1744,102,1
7639,2,11.mlp.29146,11,mlp,29146,329,0
7640,2,0.resid.6609,0,resid,6609,116,1
7641,2,11.mlp.15821,11,mlp,15821,386,0
7642,2,0.resid.17997,0,resid,17997,88,1
7643,2,11.mlp.11295,11,mlp,11295,422,0
7644,2,0.resid.29358,0,resid,29358,22,1
7645,2,11.mlp.16482,11,mlp,16482,410,0
7646,2,11.attn.9241,11,attn,9241,495,0
7647,2,11.attn.27443,11,attn,27443,1050,1249
7648,2,1.attn.7256,1,attn,7256,62,2
7649,2,11.attn.24717,11,attn,24717,441,0
7650,2,11.attn.20723,11,attn,20723,599,1250
7651,2,11.attn.18582,11,attn,18582,363,2
7652,2,11.attn.2400,11,attn,2400,301,0
7653,2,11.attn.27718,11,attn,27718,567,1251
7654,2,11.attn.34895,11,attn,34895,315,0
7655,2,11.attn.25068,11,attn,25068,670,1252
7656,2,11.attn.13030,11,attn,13030,581,1253
7657,2,11.attn.19627,11,attn,19627,170,2
7658,2,11.attn.26385,11,attn,26385,693,1254
7659,2,11.attn.29586,11,attn,29586,435,0
7660,2,1.attn.24367,1,attn,24367,68,1
7661,2,11.attn.10015,11,attn,10015,147,0
7662,2,11.attn.16279,11,attn,16279,575,1255
7663,2,1.attn.20855,1,attn,20855,90,2
7664,2,11.attn.17052,11,attn,17052,135,0
7665,2,1.attn.18861,1,attn,18861,106,1
7666,2,11.attn.18425,11,attn,18425,316,2
7667,2,11.attn.10133,11,attn,10133,360,2
7668,2,11.attn.5399,11,attn,5399,282,0
7669,2,11.attn.27337,11,attn,27337,839,1256
7670,2,11.attn.31786,11,attn,31786,660,1257
7671,2,11.attn.7252,11,attn,7252,472,0
7672,2,1.attn.2217,1,attn,2217,93,1
7673,2,11.attn.35052,11,attn,35052,812,1258
7674,2,11.attn.20311,11,attn,20311,133,2
7675,2,11.attn.7016,11,attn,7016,502,0
7676,2,1.attn.17708,1,attn,17708,60,1
7677,2,11.attn.7319,11,attn,7319,450,0
7678,2,11.attn.1179,11,attn,1179,380,0
7679,2,1.mlp.36895,1,mlp,36895,91,1
7680,2,10.resid.29235,10,resid,29235,452,0
7681,2,1.mlp.4355,1,mlp,4355,86,1
7682,2,10.resid.15285,10,resid,15285,690,1259
7683,2,1.mlp.27504,1,mlp,27504,105,1
7684,2,10.resid.11335,10,resid,11335,621,1260
7685,2,1.mlp.10848,1,mlp,10848,63,2
7686,2,10.resid.3214,10,resid,3214,524,1261
7687,2,1.mlp.858,1,mlp,858,91,1
7688,2,10.resid.31442,10,resid,31442,379,0
7689,2,1.mlp.38837,1,mlp,38837,103,1
7690,2,10.resid.22306,10,resid,22306,509,0
7691,2,1.mlp.7679,1,mlp,7679,258,0
7692,2,10.resid.28400,10,resid,28400,709,1262
7693,2,1.mlp.1565,1,mlp,1565,246,0
7694,2,10.resid.40723,10,resid,40723,608,1263
7695,2,1.mlp.16823,1,mlp,16823,181,1
7696,2,10.resid.6843,10,resid,6843,614,1264
7697,2,1.mlp.16507,1,mlp,16507,177,1
7698,2,10.resid.39739,10,resid,39739,560,0
7699,2,1.mlp.26679,1,mlp,26679,66,1
7700,2,10.resid.23333,10,resid,23333,258,2
7701,2,1.mlp.1703,1,mlp,1703,119,1
7702,2,10.resid.16338,10,resid,16338,626,1265
7703,2,1.mlp.23013,1,mlp,23013,236,0
7704,2,10.resid.25884,10,resid,25884,748,1266
7705,2,1.mlp.28675,1,mlp,28675,201,0
7706,2,10.resid.40900,10,resid,40900,650,1267
7707,2,1.mlp.28619,1,mlp,28619,94,1
7708,2,10.resid.18242,10,resid,18242,610,1268
7709,2,1.mlp.9253,1,mlp,9253,151,1
7710,2,10.resid.37104,10,resid,37104,630,1269
7711,2,1.mlp.21322,1,mlp,21322,108,1
7712,2,10.resid.37849,10,resid,37849,615,1270
7713,2,1.mlp.26308,1,mlp,26308,89,1
7714,2,10.resid.7292,10,resid,7292,602,1271
7715,2,1.mlp.6365,1,mlp,6365,117,1
7716,2,10.resid.29892,10,resid,29892,371,0
7717,2,1.mlp.15346,1,mlp,15346,170,1
7718,2,10.resid.23146,10,resid,23146,292,2
7719,2,1.mlp.38457,1,mlp,38457,232,0
7720,2,10.resid.38306,10,resid,38306,470,1272
7721,2,1.mlp.14500,1,mlp,14500,163,1
7722,2,10.resid.3240,10,resid,3240,483,0
7723,2,1.mlp.10157,1,mlp,10157,155,1
7724,2,10.resid.5693,10,resid,5693,826,1273
7725,2,1.mlp.28554,1,mlp,28554,93,1
7726,2,10.resid.19387,10,resid,19387,344,2
7727,2,1.mlp.19063,1,mlp,19063,138,1
7728,2,10.resid.12562,10,resid,12562,623,1274
7729,2,1.mlp.1779,1,mlp,1779,180,1
7730,2,10.resid.39165,10,resid,39165,669,1275
7731,2,1.mlp.28440,1,mlp,28440,57,1
7732,2,10.resid.30825,10,resid,30825,420,0
7733,2,1.mlp.17915,1,mlp,17915,137,1
7734,2,10.resid.3744,10,resid,3744,552,0
7735,2,1.resid.31886,1,resid,31886,115,1
7736,2,10.mlp.8720,10,mlp,8720,507,0
7737,2,1.resid.29324,1,resid,29324,143,1
7738,2,10.mlp.20700,10,mlp,20700,415,0
7739,2,1.resid.38792,1,resid,38792,185,0
7740,2,10.mlp.38154,10,mlp,38154,628,1276
7741,2,1.resid.20458,1,resid,20458,46,1
7742,2,10.mlp.16861,10,mlp,16861,465,0
7743,2,1.resid.29578,1,resid,29578,109,1
7744,2,10.mlp.18768,10,mlp,18768,522,0
7745,2,1.resid.20219,1,resid,20219,53,1
7746,2,10.mlp.26066,10,mlp,26066,654,1277
7747,2,1.resid.9633,1,resid,9633,99,1
7748,2,10.mlp.17726,10,mlp,17726,503,0
7749,2,1.resid.32126,1,resid,32126,73,1
7750,2,10.mlp.5340,10,mlp,5340,481,0
7751,2,1.resid.8095,1,resid,8095,76,1
7752,2,10.mlp.29750,10,mlp,29750,381,0
7753,2,1.resid.40640,1,resid,40640,80,1
7754,2,10.mlp.16102,10,mlp,16102,334,2
7755,2,1.resid.24282,1,resid,24282,120,1
7756,2,10.mlp.23169,10,mlp,23169,592,1278
7757,2,1.resid.8888,1,resid,8888,130,1
7758,2,10.mlp.33794,10,mlp,33794,632,1279
7759,2,1.resid.16680,1,resid,16680,154,1
7760,2,10.mlp.2064,10,mlp,2064,514,0
7761,2,1.resid.451,1,resid,451,125,1
7762,2,10.mlp.16863,10,mlp,16863,447,0
7763,2,1.resid.3175,1,resid,3175,48,1
7764,2,10.mlp.23216,10,mlp,23216,365,0
7765,2,1.resid.38836,1,resid,38836,74,2
7766,2,10.mlp.36147,10,mlp,36147,249,2
7767,2,1.resid.40714,1,resid,40714,87,1
7768,2,10.mlp.3141,10,mlp,3141,389,0
7769,2,1.resid.18145,1,resid,18145,151,1
7770,2,10.mlp.30090,10,mlp,30090,418,0
7771,2,1.resid.36345,1,resid,36345,182,1
7772,2,10.mlp.16827,10,mlp,16827,360,0
7773,2,1.resid.2986,1,resid,2986,43,1
7774,2,10.mlp.11519,10,mlp,11519,487,1280
7775,2,1.resid.33580,1,resid,33580,103,1
7776,2,10.mlp.6800,10,mlp,6800,628,1281
7777,2,1.resid.34090,1,resid,34090,80,1
7778,2,10.mlp.28052,10,mlp,28052,443,0
7779,2,1.resid.40905,1,resid,40905,95,1
7780,2,10.mlp.10566,10,mlp,10566,425,0
7781,2,1.resid.9292,1,resid,9292,120,1
7782,2,10.mlp.774,10,mlp,774,363,0
7783,2,1.resid.22946,1,resid,22946,153,1
7784,2,10.mlp.40539,10,mlp,40539,387,0
7785,2,1.resid.1043,1,resid,1043,74,1
7786,2,10.mlp.9622,10,mlp,9622,528,0
7787,2,1.resid.33212,1,resid,33212,121,1
7788,2,10.mlp.33165,10,mlp,33165,619,1282
7789,2,1.resid.31163,1,resid,31163,93,1
7790,2,10.mlp.32572,10,mlp,32572,618,1283
7791,2,1.resid.12243,1,resid,12243,134,1
7792,2,10.mlp.9528,10,mlp,9528,510,1284
7793,2,10.attn.30908,10,attn,30908,686,1285
7794,2,10.attn.19668,10,attn,19668,566,0
7795,2,2.attn.6837,2,attn,6837,103,2
7796,2,10.attn.25178,10,attn,25178,377,2
7797,2,10.attn.24673,10,attn,24673,422,0
7798,2,2.attn.30938,2,attn,30938,104,2
7799,2,10.attn.1880,10,attn,1880,269,0
7800,2,2.attn.37565,2,attn,37565,114,2
7801,2,10.attn.25143,10,attn,25143,340,2
7802,2,10.attn.25728,10,attn,25728,213,0
7803,2,2.attn.11443,2,attn,11443,128,2
7804,2,10.attn.34094,10,attn,34094,527,0
7805,2,2.attn.8230,2,attn,8230,174,0
7806,2,2.attn.6464,2,attn,6464,203,0
7807,2,10.attn.14044,10,attn,14044,711,1286
7808,2,2.attn.9193,2,attn,9193,257,2
7809,2,10.attn.2689,10,attn,2689,606,1287
7810,2,10.attn.4851,10,attn,4851,487,0
7811,2,2.attn.25624,2,attn,25624,97,2
7812,2,10.attn.39928,10,attn,39928,480,1288
7813,2,2.attn.10202,2,attn,10202,48,1
7814,2,10.attn.18220,10,attn,18220,323,2
7815,2,2.attn.20239,2,attn,20239,73,2
7816,2,10.attn.28019,10,attn,28019,297,2
7817,2,10.attn.21131,10,attn,21131,484,0
7818,2,2.attn.8035,2,attn,8035,141,0
7819,2,10.attn.38274,10,attn,38274,1200,1289
7820,2,2.attn.9281,2,attn,9281,153,2
7821,2,10.attn.6974,10,attn,6974,549,0
7822,2,10.attn.27185,10,attn,27185,424,0
7823,2,10.attn.38252,10,attn,38252,901,1290
7824,2,2.attn.21112,2,attn,21112,96,2
7825,2,10.attn.34581,10,attn,34581,302,2
7826,2,10.attn.36670,10,attn,36670,1177,1291
7827,2,10.attn.24880,10,attn,24880,374,0
7828,2,10.attn.11697,10,attn,11697,191,0
7829,2,2.attn.11778,2,attn,11778,86,2
7830,2,10.attn.11705,10,attn,11705,261,0
7831,2,2.attn.16369,2,attn,16369,124,2
7832,2,10.attn.12619,10,attn,12619,506,1292
7833,2,10.attn.35915,10,attn,35915,587,1293
7834,2,2.mlp.12645,2,mlp,12645,126,1
7835,2,9.resid.19171,9,resid,19171,487,1294
7836,2,2.mlp.8404,2,mlp,8404,189,0
7837,2,9.resid.8932,9,resid,8932,423,0
7838,2,2.mlp.23215,2,mlp,23215,164,2
7839,2,9.resid.11677,9,resid,11677,500,0
7840,2,2.mlp.6475,2,mlp,6475,187,0
7841,2,9.resid.4044,9,resid,4044,575,1295
7842,2,2.mlp.12568,2,mlp,12568,88,1
7843,2,9.resid.14838,9,resid,14838,592,1296
7844,2,2.mlp.18801,2,mlp,18801,175,0
7845,2,9.resid.3907,9,resid,3907,409,0
7846,2,2.mlp.26556,2,mlp,26556,173,2
7847,2,9.resid.36448,9,resid,36448,274,0
7848,2,2.mlp.16205,2,mlp,16205,116,1
7849,2,9.resid.20784,9,resid,20784,558,0
7850,2,2.mlp.4180,2,mlp,4180,108,1
7851,2,9.resid.37380,9,resid,37380,651,1297
7852,2,2.mlp.31812,2,mlp,31812,145,0
7853,2,9.resid.2723,9,resid,2723,710,1298
7854,2,2.mlp.15458,2,mlp,15458,267,0
7855,2,9.resid.29864,9,resid,29864,478,0
7856,2,2.mlp.4269,2,mlp,4269,239,0
7857,2,9.resid.21835,9,resid,21835,528,0
7858,2,2.mlp.20286,2,mlp,20286,170,0
7859,2,9.resid.24834,9,resid,24834,662,1299
7860,2,2.mlp.4757,2,mlp,4757,207,0
7861,2,9.resid.2753,9,resid,2753,699,1300
7862,2,2.mlp.29720,2,mlp,29720,154,1
7863,2,9.resid.1482,9,resid,1482,732,1301
7864,2,2.mlp.25220,2,mlp,25220,112,1
7865,2,9.resid.32343,9,resid,32343,674,1302
7866,2,2.mlp.32232,2,mlp,32232,280,0
7867,2,9.resid.17183,9,resid,17183,549,0
7868,2,2.mlp.11500,2,mlp,11500,188,0
7869,2,9.resid.6464,9,resid,6464,500,1303
7870,2,2.mlp.23158,2,mlp,23158,179,0
7871,2,9.resid.33670,9,resid,33670,580,1304
7872,2,2.mlp.28246,2,mlp,28246,154,1
7873,2,9.resid.17768,9,resid,17768,430,0
7874,2,2.mlp.40773,2,mlp,40773,107,1
7875,2,9.resid.13945,9,resid,13945,305,0
7876,2,2.mlp.19313,2,mlp,19313,347,0
7877,2,9.resid.9093,9,resid,9093,642,1305
7878,2,2.mlp.33001,2,mlp,33001,256,0
7879,2,9.resid.16961,9,resid,16961,735,1306
7880,2,2.mlp.28806,2,mlp,28806,155,0
7881,2,9.resid.30928,9,resid,30928,676,1307
7882,2,2.mlp.33431,2,mlp,33431,203,0
7883,2,9.resid.26693,9,resid,26693,482,0
7884,2,2.mlp.39387,2,mlp,39387,160,0
7885,2,9.resid.5371,9,resid,5371,666,1308
7886,2,2.mlp.35302,2,mlp,35302,119,2
7887,2,9.resid.10542,9,resid,10542,303,2
7888,2,2.mlp.21288,2,mlp,21288,148,1
7889,2,9.resid.40100,9,resid,40100,443,0
7890,2,2.resid.26715,2,resid,26715,125,1
7891,2,9.mlp.7518,9,mlp,7518,401,0
7892,2,2.resid.36684,2,resid,36684,156,0
7893,2,9.mlp.14984,9,mlp,14984,684,1309
7894,2,2.resid.14986,2,resid,14986,202,0
7895,2,9.mlp.8127,9,mlp,8127,700,1310
7896,2,2.resid.5570,2,resid,5570,100,1
7897,2,9.mlp.13444,9,mlp,13444,529,0
7898,2,2.resid.39302,2,resid,39302,108,1
7899,2,9.mlp.29531,9,mlp,29531,509,0
7900,2,2.resid.26986,2,resid,26986,107,1
7901,2,9.mlp.4907,9,mlp,4907,547,0
7902,2,2.resid.40710,2,resid,40710,137,1
7903,2,9.mlp.10936,9,mlp,10936,466,0
7904,2,2.resid.32546,2,resid,32546,236,0
7905,2,9.mlp.15286,9,mlp,15286,704,1311
7906,2,2.resid.24298,2,resid,24298,114,1
7907,2,9.mlp.32082,9,mlp,32082,444,0
7908,2,2.resid.40211,2,resid,40211,181,0
7909,2,9.mlp.6845,9,mlp,6845,637,1312
7910,2,2.resid.2121,2,resid,2121,169,1
7911,2,9.mlp.4188,9,mlp,4188,556,1313
7912,2,2.resid.13672,2,resid,13672,141,1
7913,2,9.mlp.29797,9,mlp,29797,328,0
7914,2,2.resid.6002,2,resid,6002,102,1
7915,2,9.mlp.12259,9,mlp,12259,365,0
7916,2,2.resid.31658,2,resid,31658,197,0
7917,2,9.mlp.21701,9,mlp,21701,657,1314
7918,2,2.resid.17718,2,resid,17718,116,1
7919,2,9.mlp.38374,9,mlp,38374,497,1315
7920,2,2.resid.13191,2,resid,13191,246,0
7921,2,9.mlp.16423,9,mlp,16423,461,0
7922,2,2.resid.25185,2,resid,25185,245,0
7923,2,9.mlp.36310,9,mlp,36310,515,0
7924,2,2.resid.22009,2,resid,22009,269,0
7925,2,9.mlp.10663,9,mlp,10663,412,0
7926,2,2.resid.38759,2,resid,38759,237,0
7927,2,9.mlp.13390,9,mlp,13390,480,0
7928,2,2.resid.15897,2,resid,15897,229,0
7929,2,9.mlp.20314,9,mlp,20314,428,0
7930,2,2.resid.10267,2,resid,10267,130,1
7931,2,9.mlp.23883,9,mlp,23883,595,1316
7932,2,2.resid.27234,2,resid,27234,199,0
7933,2,9.mlp.28333,9,mlp,28333,594,1317
7934,2,2.resid.20343,2,resid,20343,189,0
7935,2,9.mlp.6562,9,mlp,6562,221,0
7936,2,2.resid.10808,2,resid,10808,101,1
7937,2,9.mlp.30615,9,mlp,30615,471,0
7938,2,2.resid.30879,2,resid,30879,210,0
7939,2,9.mlp.2590,9,mlp,2590,634,1318
7940,2,2.resid.14616,2,resid,14616,181,0
7941,2,9.mlp.18523,9,mlp,18523,456,1319
7942,2,2.resid.3746,2,resid,3746,146,1
7943,2,9.mlp.9044,9,mlp,9044,515,1320
7944,2,2.resid.27397,2,resid,27397,203,0
7945,2,9.mlp.13014,9,mlp,13014,174,0
7946,2,2.resid.22654,2,resid,22654,185,1
7947,2,9.mlp.38283,9,mlp,38283,544,0
7948,2,3.attn.23537,3,attn,23537,129,2
7949,2,9.attn.40793,9,attn,40793,380,0
7950,2,3.attn.38120,3,attn,38120,197,2
7951,2,9.attn.8419,9,attn,8419,240,2
7952,2,3.attn.40870,3,attn,40870,192,2
7953,2,9.attn.18398,9,attn,18398,628,1321
7954,2,3.attn.31075,3,attn,31075,133,2
7955,2,9.attn.1396,9,attn,1396,726,1322
7956,2,3.attn.32859,3,attn,32859,170,2
7957,2,9.attn.17445,9,attn,17445,575,1323
7958,2,3.attn.1187,3,attn,1187,222,2
7959,2,9.attn.6977,9,attn,6977,510,0
7960,2,3.attn.23159,3,attn,23159,156,2
7961,2,9.attn.10998,9,attn,10998,456,0
7962,2,9.attn.9574,9,attn,9574,582,1324
7963,2,3.attn.18614,3,attn,18614,216,0
7964,2,9.attn.7479,9,attn,7479,425,0
7965,2,3.attn.5505,3,attn,5505,150,2
7966,2,9.attn.8863,9,attn,8863,652,1325
7967,2,3.attn.29009,3,attn,29009,161,2
7968,2,9.attn.9845,9,attn,9845,330,0
7969,2,3.attn.28134,3,attn,28134,128,2
7970,2,9.attn.5917,9,attn,5917,229,0
7971,2,3.attn.35723,3,attn,35723,215,2
7972,2,9.attn.40844,9,attn,40844,759,1326
7973,2,3.attn.24436,3,attn,24436,197,2
7974,2,9.attn.830,9,attn,830,215,2
7975,2,3.attn.11307,3,attn,11307,101,2
7976,2,9.attn.36345,9,attn,36345,721,1327
7977,2,3.attn.20195,3,attn,20195,160,2
7978,2,9.attn.20584,9,attn,20584,349,2
7979,2,3.attn.28619,3,attn,28619,205,2
7980,2,9.attn.14825,9,attn,14825,376,0
7981,2,3.attn.27058,3,attn,27058,169,2
7982,2,9.attn.2281,9,attn,2281,249,2
7983,2,3.attn.20322,3,attn,20322,421,0
7984,2,9.attn.33027,9,attn,33027,385,0
7985,2,9.attn.10501,9,attn,10501,262,2
7986,2,3.attn.6315,3,attn,6315,163,2
7987,2,9.attn.20814,9,attn,20814,511,0
7988,2,3.attn.35619,3,attn,35619,156,2
7989,2,9.attn.11054,9,attn,11054,414,0
7990,2,3.attn.3485,3,attn,3485,210,2
7991,2,9.attn.23885,9,attn,23885,798,1328
7992,2,3.attn.14558,3,attn,14558,169,2
7993,2,9.attn.5988,9,attn,5988,362,2
7994,2,3.attn.38855,3,attn,38855,190,0
7995,2,9.attn.23341,9,attn,23341,270,2
7996,2,9.attn.38522,9,attn,38522,369,0
7997,2,3.attn.15174,3,attn,15174,186,2
7998,2,9.attn.14211,9,attn,14211,612,1329
7999,2,3.attn.16155,3,attn,16155,215,2
8000,2,9.attn.7089,9,attn,7089,374,2
8001,2,3.mlp.7370,3,mlp,7370,166,0
8002,2,8.resid.20814,8,resid,20814,704,1330
8003,2,3.mlp.19943,3,mlp,19943,326,0
8004,2,8.resid.31289,8,resid,31289,370,0
8005,2,3.mlp.19749,3,mlp,19749,300,0
8006,2,8.resid.9217,8,resid,9217,852,1331
8007,2,3.mlp.8842,3,mlp,8842,185,0
8008,2,8.resid.24566,8,resid,24566,484,1332
8009,2,3.mlp.37012,3,mlp,37012,91,1
8010,2,8.resid.1629,8,resid,1629,508,0
8011,2,3.mlp.40250,3,mlp,40250,221,0
8012,2,8.resid.22299,8,resid,22299,489,0
8013,2,3.mlp.40607,3,mlp,40607,388,1333
8014,2,8.resid.2828,8,resid,2828,533,1334
8015,2,3.mlp.28614,3,mlp,28614,319,0
8016,2,8.resid.25421,8,resid,25421,423,0
8017,2,3.mlp.12298,3,mlp,12298,94,1
8018,2,8.resid.28610,8,resid,28610,579,1335
8019,2,3.mlp.7429,3,mlp,7429,414,0
8020,2,8.resid.12523,8,resid,12523,656,1336
8021,2,3.mlp.12320,3,mlp,12320,214,0
8022,2,8.resid.24177,8,resid,24177,406,0
8023,2,3.mlp.33022,3,mlp,33022,205,0
8024,2,8.resid.27272,8,resid,27272,482,0
8025,2,3.mlp.2466,3,mlp,2466,252,0
8026,2,8.resid.36798,8,resid,36798,423,0
8027,2,3.mlp.39233,3,mlp,39233,216,0
8028,2,8.resid.9867,8,resid,9867,700,1337
8029,2,3.mlp.4390,3,mlp,4390,222,0
8030,2,8.resid.15025,8,resid,15025,456,0
8031,2,3.mlp.21474,3,mlp,21474,307,0
8032,2,8.resid.4671,8,resid,4671,501,0
8033,2,3.mlp.18078,3,mlp,18078,258,0
8034,2,8.resid.36179,8,resid,36179,567,1338
8035,2,3.mlp.28141,3,mlp,28141,211,0
8036,2,8.resid.20166,8,resid,20166,490,0
8037,2,3.mlp.14602,3,mlp,14602,216,0
8038,2,8.resid.12006,8,resid,12006,660,1339
8039,2,3.mlp.29584,3,mlp,29584,179,0
8040,2,8.resid.25266,8,resid,25266,469,0
8041,2,3.mlp.35468,3,mlp,35468,458,0
8042,2,8.resid.10352,8,resid,10352,563,1340
8043,2,3.mlp.12523,3,mlp,12523,106,1
8044,2,8.resid.10549,8,resid,10549,480,0
8045,2,3.mlp.31901,3,mlp,31901,226,0
8046,2,8.resid.16949,8,resid,16949,436,0
8047,2,3.mlp.40932,3,mlp,40932,238,0
8048,2,8.resid.10567,8,resid,10567,439,0
8049,2,3.mlp.37216,3,mlp,37216,166,0
8050,2,8.resid.32826,8,resid,32826,559,0
8051,2,3.mlp.16655,3,mlp,16655,179,0
8052,2,8.resid.1049,8,resid,1049,855,1341
8053,2,3.mlp.3031,3,mlp,3031,316,0
8054,2,8.resid.17898,8,resid,17898,510,0
8055,2,3.mlp.30235,3,mlp,30235,248,0
8056,2,8.resid.11962,8,resid,11962,518,1342
8057,2,3.mlp.6825,3,mlp,6825,417,0
8058,2,8.resid.28940,8,resid,28940,498,0
8059,2,3.resid.21209,3,resid,21209,79,2
8060,2,8.mlp.18691,8,mlp,18691,406,0
8061,2,3.resid.29399,3,resid,29399,341,0
8062,2,8.mlp.32344,8,mlp,32344,493,1343
8063,2,3.resid.31723,3,resid,31723,324,0
8064,2,8.mlp.17420,8,mlp,17420,256,0
8065,2,3.resid.33913,3,resid,33913,141,2
8066,2,8.mlp.4399,8,mlp,4399,539,0
8067,2,3.resid.12353,3,resid,12353,330,0
8068,2,8.mlp.32114,8,mlp,32114,368,0
8069,2,3.resid.6316,3,resid,6316,225,0
8070,2,8.mlp.32428,8,mlp,32428,298,0
8071,2,3.resid.2585,3,resid,2585,155,0
8072,2,8.mlp.34623,8,mlp,34623,513,0
8073,2,3.resid.19668,3,resid,19668,156,1
8074,2,8.mlp.34801,8,mlp,34801,325,0
8075,2,3.resid.20599,3,resid,20599,247,0
8076,2,8.mlp.29761,8,mlp,29761,470,0
8077,2,3.resid.14869,3,resid,14869,213,0
8078,2,8.mlp.32630,8,mlp,32630,580,1344
8079,2,3.resid.13527,3,resid,13527,281,0
8080,2,8.mlp.40122,8,mlp,40122,735,1345
8081,2,3.resid.4428,3,resid,4428,148,0
8082,2,8.mlp.38909,8,mlp,38909,449,0
8083,2,3.resid.12459,3,resid,12459,173,0
8084,2,8.mlp.26755,8,mlp,26755,565,0
8085,2,3.resid.23010,3,resid,23010,111,1
8086,2,8.mlp.6288,8,mlp,6288,525,0
8087,2,3.resid.19974,3,resid,19974,272,0
8088,2,8.mlp.8820,8,mlp,8820,721,1346
8089,2,3.resid.22221,3,resid,22221,109,1
8090,2,8.mlp.38133,8,mlp,38133,545,0
8091,2,3.resid.8026,3,resid,8026,138,1
8092,2,8.mlp.25373,8,mlp,25373,419,0
8093,2,3.resid.15652,3,resid,15652,205,0
8094,2,8.mlp.17736,8,mlp,17736,421,0
8095,2,3.resid.15454,3,resid,15454,188,0
8096,2,8.mlp.8758,8,mlp,8758,745,1347
8097,2,3.resid.5021,3,resid,5021,329,0
8098,2,8.mlp.420,8,mlp,420,392,0
8099,2,3.resid.10808,3,resid,10808,194,0
8100,2,8.mlp.27654,8,mlp,27654,591,1348
8101,2,3.resid.7490,3,resid,7490,204,0
8102,2,8.mlp.12076,8,mlp,12076,409,0
8103,2,3.resid.33987,3,resid,33987,202,0
8104,2,8.mlp.22734,8,mlp,22734,316,0
8105,2,3.resid.26556,3,resid,26556,114,1
8106,2,8.mlp.16780,8,mlp,16780,552,0
8107,2,3.resid.22104,3,resid,22104,152,1
8108,2,8.mlp.18812,8,mlp,18812,528,0
8109,2,3.resid.15980,3,resid,15980,228,0
8110,2,8.mlp.12364,8,mlp,12364,406,0
8111,2,3.resid.37439,3,resid,37439,242,0
8112,2,8.mlp.35600,8,mlp,35600,426,0
8113,2,3.resid.38202,3,resid,38202,157,1
8114,2,8.mlp.33061,8,mlp,33061,501,1349
8115,2,4.attn.21531,4,attn,21531,303,0
8116,2,4.attn.33434,4,attn,33434,271,0
8117,2,8.attn.31423,8,attn,31423,390,0
8118,2,4.attn.21706,4,attn,21706,256,0
8119,2,8.attn.22197,8,attn,22197,366,0
8120,2,4.attn.3512,4,attn,3512,227,2
8121,2,8.attn.7940,8,attn,7940,368,2
8122,2,8.attn.1922,8,attn,1922,362,0
8123,2,4.attn.26678,4,attn,26678,266,2
8124,2,8.attn.26131,8,attn,26131,363,0
8125,2,4.attn.36365,4,attn,36365,211,2
8126,2,4.attn.16095,4,attn,16095,125,2
8127,2,8.attn.941,8,attn,941,497,0
8128,2,4.attn.25254,4,attn,25254,265,0
8129,2,8.attn.27937,8,attn,27937,274,0
8130,2,4.attn.8598,4,attn,8598,173,0
8131,2,4.attn.19257,4,attn,19257,237,2
8132,2,8.attn.12485,8,attn,12485,322,2
8133,2,4.attn.17585,4,attn,17585,244,2
8134,2,8.attn.2499,8,attn,2499,339,2
8135,2,4.attn.29606,4,attn,29606,232,2
8136,2,8.attn.7251,8,attn,7251,370,0
8137,2,4.attn.26543,4,attn,26543,143,2
8138,2,8.attn.36853,8,attn,36853,415,0
8139,2,4.attn.12304,4,attn,12304,304,0
8140,2,8.attn.23195,8,attn,23195,422,0
8141,2,4.attn.33084,4,attn,33084,277,0
8142,2,8.attn.5075,8,attn,5075,432,0
8143,2,4.attn.20673,4,attn,20673,182,2
8144,2,8.attn.28587,8,attn,28587,281,2
8145,2,4.attn.14637,4,attn,14637,94,0
8146,2,8.attn.23585,8,attn,23585,431,0
8147,2,4.attn.32928,4,attn,32928,211,0
8148,2,4.attn.36382,4,attn,36382,227,2
8149,2,8.attn.33633,8,attn,33633,353,0
8150,2,4.attn.22825,4,attn,22825,163,2
8151,2,8.attn.36273,8,attn,36273,299,2
8152,2,4.attn.3079,4,attn,3079,356,0
8153,2,8.attn.5779,8,attn,5779,449,0
8154,2,4.attn.6299,4,attn,6299,160,2
8155,2,8.attn.21571,8,attn,21571,458,0
8156,2,4.attn.14907,4,attn,14907,179,2
8157,2,8.attn.25587,8,attn,25587,489,0
8158,2,4.attn.32825,4,attn,32825,253,2
8159,2,8.attn.27500,8,attn,27500,395,2
8160,2,4.attn.2534,4,attn,2534,131,2
8161,2,8.attn.26692,8,attn,26692,585,1350
8162,2,4.attn.33587,4,attn,33587,244,2
8163,2,8.attn.15564,8,attn,15564,422,0
8164,2,4.attn.10064,4,attn,10064,140,2
8165,2,8.attn.13575,8,attn,13575,255,2
8166,2,4.attn.16089,4,attn,16089,216,2
8167,2,8.attn.20511,8,attn,20511,191,2
8168,2,4.mlp.39144,4,mlp,39144,250,0
8169,2,7.resid.25518,7,resid,25518,562,1351
8170,2,4.mlp.3784,4,mlp,3784,258,0
8171,2,7.resid.11417,7,resid,11417,597,1352
8172,2,4.mlp.19818,4,mlp,19818,237,0
8173,2,7.resid.6740,7,resid,6740,625,1353
8174,2,4.mlp.11150,4,mlp,11150,229,0
8175,2,7.resid.39965,7,resid,39965,386,0
8176,2,4.mlp.32882,4,mlp,32882,389,0
8177,2,7.resid.33052,7,resid,33052,479,0
8178,2,4.mlp.287,4,mlp,287,180,0
8179,2,7.resid.1595,7,resid,1595,499,0
8180,2,4.mlp.14724,4,mlp,14724,523,1354
8181,2,7.resid.14037,7,resid,14037,300,0
8182,2,4.mlp.40868,4,mlp,40868,281,0
8183,2,7.resid.5034,7,resid,5034,379,0
8184,2,4.mlp.13618,4,mlp,13618,219,0
8185,2,7.resid.33336,7,resid,33336,409,0
8186,2,4.mlp.22836,4,mlp,22836,342,0
8187,2,7.resid.22441,7,resid,22441,494,0
8188,2,4.mlp.8100,4,mlp,8100,477,0
8189,2,7.resid.25604,7,resid,25604,385,0
8190,2,4.mlp.37862,4,mlp,37862,374,0
8191,2,7.resid.17956,7,resid,17956,484,0
8192,2,4.mlp.8725,4,mlp,8725,332,0
8193,2,7.resid.36296,7,resid,36296,328,0
8194,2,4.mlp.9145,4,mlp,9145,441,0
8195,2,7.resid.39384,7,resid,39384,510,0
8196,2,4.mlp.39761,4,mlp,39761,258,0
8197,2,7.resid.17171,7,resid,17171,452,0
8198,2,4.mlp.8161,4,mlp,8161,366,1355
8199,2,7.resid.18500,7,resid,18500,473,0
8200,2,4.mlp.19201,4,mlp,19201,369,0
8201,2,7.resid.28625,7,resid,28625,365,0
8202,2,4.mlp.5728,4,mlp,5728,379,0
8203,2,7.resid.4718,7,resid,4718,497,1356
8204,2,4.mlp.6880,4,mlp,6880,415,0
8205,2,7.resid.15004,7,resid,15004,439,0
8206,2,4.mlp.7222,4,mlp,7222,375,0
8207,2,7.resid.23093,7,resid,23093,398,0
8208,2,4.mlp.29590,4,mlp,29590,269,0
8209,2,7.resid.27559,7,resid,27559,618,1357
8210,2,4.mlp.4180,4,mlp,4180,464,0
8211,2,7.resid.33303,7,resid,33303,419,0
8212,2,4.mlp.5359,4,mlp,5359,174,0
8213,2,7.resid.16843,7,resid,16843,322,0
8214,2,4.mlp.1707,4,mlp,1707,453,0
8215,2,7.resid.25126,7,resid,25126,385,0
8216,2,4.mlp.16733,4,mlp,16733,439,1358
8217,2,7.resid.2672,7,resid,2672,522,1359
8218,2,4.mlp.37653,4,mlp,37653,228,0
8219,2,7.resid.27328,7,resid,27328,517,0
8220,2,4.mlp.11206,4,mlp,11206,192,0
8221,2,7.resid.33127,7,resid,33127,398,0
8222,2,4.mlp.36501,4,mlp,36501,209,0
8223,2,7.resid.21001,7,resid,21001,422,0
8224,2,4.resid.30215,4,resid,30215,247,0
8225,2,7.mlp.3540,7,mlp,3540,540,1360
8226,2,4.resid.16345,4,resid,16345,241,0
8227,2,7.mlp.37341,7,mlp,37341,484,0
8228,2,4.resid.33122,4,resid,33122,266,0
8229,2,7.mlp.31048,7,mlp,31048,330,0
8230,2,4.resid.9179,4,resid,9179,279,0
8231,2,7.mlp.8985,7,mlp,8985,395,0
8232,2,4.resid.8716,4,resid,8716,246,0
8233,2,7.mlp.7869,7,mlp,7869,375,0
8234,2,4.resid.14771,4,resid,14771,217,0
8235,2,7.mlp.12862,7,mlp,12862,415,0
8236,2,4.resid.1343,4,resid,1343,388,0
8237,2,7.mlp.15318,7,mlp,15318,436,0
8238,2,4.resid.24706,4,resid,24706,155,0
8239,2,7.mlp.16969,7,mlp,16969,332,0
8240,2,4.resid.35374,4,resid,35374,278,0
8241,2,7.mlp.34565,7,mlp,34565,230,0
8242,2,4.resid.21475,4,resid,21475,119,2
8243,2,7.mlp.2734,7,mlp,2734,343,0
8244,2,4.resid.237,4,resid,237,254,0
8245,2,7.mlp.3324,7,mlp,3324,355,0
8246,2,4.resid.29871,4,resid,29871,232,0
8247,2,7.mlp.1641,7,mlp,1641,341,0
8248,2,4.resid.3833,4,resid,3833,244,0
8249,2,7.mlp.20835,7,mlp,20835,331,0
8250,2,4.resid.13472,4,resid,13472,370,0
8251,2,7.mlp.32481,7,mlp,32481,427,0
8252,2,4.resid.21520,4,resid,21520,195,2
8253,2,7.mlp.28739,7,mlp,28739,418,0
8254,2,4.resid.34710,4,resid,34710,232,0
8255,2,7.mlp.30989,7,mlp,30989,267,0
8256,2,4.resid.33564,4,resid,33564,309,0
8257,2,7.mlp.25483,7,mlp,25483,292,0
8258,2,4.resid.22234,4,resid,22234,174,0
8259,2,7.mlp.24213,7,mlp,24213,535,1361
8260,2,4.resid.12391,4,resid,12391,228,0
8261,2,7.mlp.4933,7,mlp,4933,456,0
8262,2,4.resid.10233,4,resid,10233,176,0
8263,2,7.mlp.35857,7,mlp,35857,446,0
8264,2,4.resid.38917,4,resid,38917,203,0
8265,2,7.mlp.5758,7,mlp,5758,558,1362
8266,2,4.resid.40363,4,resid,40363,345,0
8267,2,7.mlp.24366,7,mlp,24366,494,0
8268,2,4.resid.9697,4,resid,9697,418,0
8269,2,7.mlp.16179,7,mlp,16179,480,0
8270,2,4.resid.33228,4,resid,33228,219,0
8271,2,7.mlp.7644,7,mlp,7644,310,0
8272,2,4.resid.34192,4,resid,34192,305,0
8273,2,7.mlp.14785,7,mlp,14785,387,0
8274,2,4.resid.4366,4,resid,4366,326,0
8275,2,7.mlp.24625,7,mlp,24625,405,0
8276,2,4.resid.30230,4,resid,30230,311,0
8277,2,7.mlp.19391,7,mlp,19391,585,1363
8278,2,4.resid.5319,4,resid,5319,241,0
8279,2,7.mlp.463,7,mlp,463,493,0
8280,2,5.attn.19883,5,attn,19883,411,0
8281,2,7.attn.3402,7,attn,3402,299,2
8282,2,5.attn.2304,5,attn,2304,380,0
8283,2,7.attn.6266,7,attn,6266,631,1364
8284,2,5.attn.33475,5,attn,33475,453,0
8285,2,7.attn.29512,7,attn,29512,349,0
8286,2,7.attn.26696,7,attn,26696,439,0
8287,2,5.attn.39954,5,attn,39954,446,0
8288,2,7.attn.284,7,attn,284,391,0
8289,2,5.attn.32000,5,attn,32000,383,0
8290,2,7.attn.13963,7,attn,13963,109,0
8291,2,5.attn.10854,5,attn,10854,239,2
8292,2,7.attn.8028,7,attn,8028,224,2
8293,2,5.attn.29656,5,attn,29656,308,2
8294,2,7.attn.8605,7,attn,8605,187,2
8295,2,7.attn.10264,7,attn,10264,506,0
8296,2,5.attn.10168,5,attn,10168,183,2
8297,2,7.attn.38874,7,attn,38874,388,0
8298,2,5.attn.36336,5,attn,36336,229,2
8299,2,7.attn.14337,7,attn,14337,301,0
8300,2,7.attn.10555,7,attn,10555,323,2
8301,2,5.attn.7572,5,attn,7572,156,2
8302,2,7.attn.17947,7,attn,17947,411,0
8303,2,5.attn.34524,5,attn,34524,394,0
8304,2,7.attn.21971,7,attn,21971,333,2
8305,2,5.attn.22648,5,attn,22648,141,0
8306,2,5.attn.3925,5,attn,3925,226,2
8307,2,7.attn.17087,7,attn,17087,251,2
8308,2,5.attn.39295,5,attn,39295,261,2
8309,2,7.attn.30109,7,attn,30109,252,2
8310,2,5.attn.13883,5,attn,13883,381,0
8311,2,7.attn.6636,7,attn,6636,286,2
8312,2,5.attn.36333,5,attn,36333,274,2
8313,2,7.attn.2675,7,attn,2675,556,1365
8314,2,5.attn.21418,5,attn,21418,239,0
8315,2,7.attn.32580,7,attn,32580,376,0
8316,2,7.attn.22541,7,attn,22541,279,0
8317,2,5.attn.24196,5,attn,24196,112,0
8318,2,5.attn.37127,5,attn,37127,239,2
8319,2,7.attn.39354,7,attn,39354,408,0
8320,2,5.attn.22457,5,attn,22457,504,0
8321,2,7.attn.8121,7,attn,8121,185,2
8322,2,5.mlp.15206,5,mlp,15206,217,0
8323,2,6.resid.17093,6,resid,17093,502,0
8324,2,5.mlp.35804,5,mlp,35804,272,0
8325,2,6.resid.35303,6,resid,35303,361,1366
8326,2,5.mlp.4872,5,mlp,4872,209,0
8327,2,6.resid.900,6,resid,900,366,0
8328,2,5.mlp.6955,5,mlp,6955,332,0
8329,2,6.resid.13961,6,resid,13961,390,0
8330,2,5.mlp.14670,5,mlp,14670,264,0
8331,2,6.resid.19384,6,resid,19384,333,0
8332,2,5.mlp.38349,5,mlp,38349,347,0
8333,2,6.resid.5363,6,resid,5363,441,0
8334,2,5.mlp.25674,5,mlp,25674,395,0
8335,2,6.resid.10810,6,resid,10810,390,0
8336,2,5.mlp.14009,5,mlp,14009,371,0
8337,2,6.resid.5100,6,resid,5100,288,0
8338,2,5.mlp.11733,5,mlp,11733,262,0
8339,2,6.resid.37041,6,resid,37041,498,0
8340,2,5.mlp.29029,5,mlp,29029,447,1367
8341,2,6.resid.1292,6,resid,1292,399,0
8342,2,5.mlp.6023,5,mlp,6023,433,0
8343,2,6.resid.20805,6,resid,20805,307,0
8344,2,5.mlp.16713,5,mlp,16713,409,0
8345,2,6.resid.29946,6,resid,29946,426,1368
8346,2,5.mlp.11369,5,mlp,11369,484,0
8347,2,6.resid.24731,6,resid,24731,371,0
8348,2,5.mlp.895,5,mlp,895,275,0
8349,2,6.resid.9279,6,resid,9279,376,0
8350,2,5.mlp.4436,5,mlp,4436,278,0
8351,2,6.resid.29953,6,resid,29953,379,0
8352,2,5.mlp.39206,5,mlp,39206,294,0
8353,2,6.resid.3618,6,resid,3618,361,0
8354,2,5.mlp.25960,5,mlp,25960,504,0
8355,2,6.resid.30505,6,resid,30505,365,0
8356,2,5.mlp.26700,5,mlp,26700,512,1369
8357,2,6.resid.25308,6,resid,25308,425,0
8358,2,5.mlp.28489,5,mlp,28489,320,0
8359,2,6.resid.11250,6,resid,11250,324,0
8360,2,5.mlp.33080,5,mlp,33080,552,0
8361,2,6.resid.19152,6,resid,19152,615,1370
8362,2,5.mlp.34187,5,mlp,34187,280,0
8363,2,6.resid.5300,6,resid,5300,446,0
8364,2,5.mlp.7157,5,mlp,7157,344,0
8365,2,6.resid.22380,6,resid,22380,396,0
8366,2,5.mlp.33640,5,mlp,33640,521,0
8367,2,6.resid.26712,6,resid,26712,692,1371
8368,2,5.mlp.10547,5,mlp,10547,191,0
8369,2,6.resid.15912,6,resid,15912,554,1372
8370,2,5.mlp.30684,5,mlp,30684,474,0
8371,2,6.resid.21971,6,resid,21971,350,0
8372,2,5.mlp.12212,5,mlp,12212,573,1373
8373,2,6.resid.37674,6,resid,37674,276,0
8374,2,5.mlp.23071,5,mlp,23071,350,0
8375,2,6.resid.15702,6,resid,15702,401,0
8376,2,5.mlp.13483,5,mlp,13483,343,0
8377,2,6.resid.36318,6,resid,36318,346,0
8378,2,5.resid.16194,5,resid,16194,234,0
8379,2,6.mlp.4204,6,mlp,4204,255,0
8380,2,5.resid.37488,5,resid,37488,322,0
8381,2,6.mlp.25307,6,mlp,25307,281,0
8382,2,5.resid.14443,5,resid,14443,247,0
8383,2,6.mlp.18366,6,mlp,18366,541,1374
8384,2,5.resid.35873,5,resid,35873,289,0
8385,2,6.mlp.16530,6,mlp,16530,323,0
8386,2,5.resid.38068,5,resid,38068,284,0
8387,2,6.mlp.9623,6,mlp,9623,447,0
8388,2,5.resid.16140,5,resid,16140,337,0
8389,2,6.mlp.11974,6,mlp,11974,249,0
8390,2,5.resid.1844,5,resid,1844,383,0
8391,2,6.mlp.37936,6,mlp,37936,311,0
8392,2,5.resid.40724,5,resid,40724,224,0
8393,2,6.mlp.36512,6,mlp,36512,388,0
8394,2,5.resid.705,5,resid,705,376,0
8395,2,6.mlp.1257,6,mlp,1257,286,0
8396,2,5.resid.6860,5,resid,6860,406,0
8397,2,6.mlp.26919,6,mlp,26919,321,0
8398,2,5.resid.28387,5,resid,28387,224,0
8399,2,6.mlp.33053,6,mlp,33053,383,0
8400,2,5.resid.18460,5,resid,18460,277,0
8401,2,6.mlp.35648,6,mlp,35648,264,0
8402,2,5.resid.6505,5,resid,6505,318,0
8403,2,6.mlp.31539,6,mlp,31539,456,0
8404,2,5.resid.22604,5,resid,22604,477,0
8405,2,6.mlp.10539,6,mlp,10539,396,0
8406,2,5.resid.3769,5,resid,3769,450,0
8407,2,6.mlp.37510,6,mlp,37510,301,0
8408,2,5.resid.33552,5,resid,33552,304,0
8409,2,6.mlp.8265,6,mlp,8265,281,0
8410,2,5.resid.3672,5,resid,3672,338,0
8411,2,6.mlp.40318,6,mlp,40318,352,0
8412,2,5.resid.26035,5,resid,26035,350,0
8413,2,6.mlp.8077,6,mlp,8077,265,0
8414,2,5.resid.3067,5,resid,3067,456,0
8415,2,6.mlp.6001,6,mlp,6001,449,0
8416,2,5.resid.40116,5,resid,40116,275,0
8417,2,6.mlp.8229,6,mlp,8229,268,0
8418,2,5.resid.10280,5,resid,10280,262,0
8419,2,6.mlp.2087,6,mlp,2087,502,1375
8420,2,5.resid.31680,5,resid,31680,405,0
8421,2,6.mlp.12660,6,mlp,12660,552,0
8422,2,5.resid.26523,5,resid,26523,429,0
8423,2,6.mlp.18850,6,mlp,18850,346,0
8424,2,5.resid.5995,5,resid,5995,221,0
8425,2,6.mlp.2870,6,mlp,2870,437,0
8426,2,5.resid.36862,5,resid,36862,339,0
8427,2,6.mlp.29050,6,mlp,29050,371,0
8428,2,5.resid.31282,5,resid,31282,413,0
8429,2,6.mlp.32338,6,mlp,32338,304,0
8430,2,5.resid.40703,5,resid,40703,357,0
8431,2,6.mlp.35071,6,mlp,35071,357,0
8432,2,5.resid.36185,5,resid,36185,308,0
8433,2,6.mlp.21451,6,mlp,21451,408,0
8434,2,5.resid.36858,5,resid,36858,375,0
8435,2,6.mlp.21401,6,mlp,21401,349,0
8436,2,6.attn.6984,6,attn,6984,264,2
8437,2,6.attn.33637,6,attn,33637,483,0
8438,2,6.attn.25919,6,attn,25919,155,2
8439,2,6.attn.20531,6,attn,20531,173,2
8440,2,6.attn.36711,6,attn,36711,396,0
8441,2,6.attn.16472,6,attn,16472,329,2
8442,2,6.attn.36512,6,attn,36512,244,2
8443,2,6.attn.36833,6,attn,36833,363,0
8444,2,6.attn.19187,6,attn,19187,397,0
8445,2,6.attn.6622,6,attn,6622,326,2
8446,2,6.attn.34498,6,attn,34498,232,2
8447,2,6.attn.28036,6,attn,28036,174,2
8448,2,6.attn.39016,6,attn,39016,353,0
8449,2,6.attn.23662,6,attn,23662,368,0
8450,2,6.attn.37733,6,attn,37733,427,0
8451,2,6.attn.25058,6,attn,25058,518,0
8452,2,6.attn.15118,6,attn,15118,367,0
8453,2,6.attn.35397,6,attn,35397,405,0
8454,2,6.attn.21693,6,attn,21693,208,2
8455,2,6.attn.16984,6,attn,16984,271,2
8456,2,6.attn.27146,6,attn,27146,325,2
8457,2,6.attn.38107,6,attn,38107,293,2
8458,2,6.attn.25964,6,attn,25964,249,2
8459,2,6.attn.1556,6,attn,1556,333,0
8460,2,6.attn.18701,6,attn,18701,332,0
8461,2,6.attn.38971,6,attn,38971,229,2
8462,2,6.attn.23488,6,attn,23488,367,0
8463,3,11.resid.11848,11,resid,11848,559,0
8464,3,0.mlp.36356,0,mlp,36356,30,1
8465,3,11.resid.30283,11,resid,30283,384,0
8466,3,0.mlp.23193,0,mlp,23193,31,1
8467,3,11.resid.3513,11,resid,3513,565,0
8468,3,0.mlp.35195,0,mlp,35195,21,1
8469,3,11.resid.40292,11,resid,40292,715,1376
8470,3,0.mlp.2,0,mlp,2,20,1
8471,3,11.resid.13547,11,resid,13547,340,0
8472,3,0.mlp.5000,0,mlp,5000,12,0
8473,3,11.resid.8143,11,resid,8143,378,0
8474,3,0.mlp.27584,0,mlp,27584,20,1
8475,3,11.resid.9401,11,resid,9401,448,0
8476,3,0.mlp.24726,0,mlp,24726,16,1
8477,3,11.resid.18584,11,resid,18584,572,0
8478,3,0.mlp.7964,0,mlp,7964,21,1
8479,3,11.resid.29973,11,resid,29973,803,1377
8480,3,0.mlp.27907,0,mlp,27907,29,1
8481,3,11.resid.24075,11,resid,24075,719,1378
8482,3,0.mlp.11637,0,mlp,11637,15,1
8483,3,11.resid.12468,11,resid,12468,242,0
8484,3,0.mlp.7357,0,mlp,7357,22,1
8485,3,11.resid.10549,11,resid,10549,574,1379
8486,3,0.mlp.1788,0,mlp,1788,26,1
8487,3,11.resid.40608,11,resid,40608,519,1380
8488,3,0.mlp.23592,0,mlp,23592,23,1
8489,3,11.resid.11333,11,resid,11333,408,0
8490,3,0.mlp.16182,0,mlp,16182,13,0
8491,3,11.resid.24826,11,resid,24826,489,1381
8492,3,0.mlp.251,0,mlp,251,14,1
8493,3,11.resid.3395,11,resid,3395,525,1382
8494,3,0.mlp.34052,0,mlp,34052,5,0
8495,3,11.resid.14311,11,resid,14311,797,1383
8496,3,0.mlp.9455,0,mlp,9455,16,1
8497,3,11.resid.24566,11,resid,24566,426,0
8498,3,0.mlp.19192,0,mlp,19192,22,1
8499,3,11.resid.13433,11,resid,13433,632,1384
8500,3,0.mlp.8621,0,mlp,8621,19,1
8501,3,11.resid.17958,11,resid,17958,281,0
8502,3,0.mlp.18331,0,mlp,18331,42,1
8503,3,11.resid.16052,11,resid,16052,717,1385
8504,3,0.mlp.5994,0,mlp,5994,21,1
8505,3,11.resid.9865,11,resid,9865,445,0
8506,3,0.mlp.1030,0,mlp,1030,7,0
8507,3,11.resid.37335,11,resid,37335,575,1386
8508,3,0.mlp.21040,0,mlp,21040,48,1
8509,3,11.resid.28140,11,resid,28140,612,1387
8510,3,0.mlp.11343,0,mlp,11343,23,1
8511,3,11.resid.5021,11,resid,5021,556,1388
8512,3,0.mlp.13516,0,mlp,13516,25,1
8513,3,11.resid.14880,11,resid,14880,748,1389
8514,3,0.mlp.29144,0,mlp,29144,38,1
8515,3,11.resid.13026,11,resid,13026,407,0
8516,3,0.mlp.40655,0,mlp,40655,11,0
8517,3,11.resid.37750,11,resid,37750,223,0
8518,3,0.mlp.12823,0,mlp,12823,7,0
8519,3,11.resid.36128,11,resid,36128,565,1390
8520,3,0.resid.8895,0,resid,8895,29,1
8521,3,11.mlp.34552,11,mlp,34552,429,0
8522,3,0.resid.15211,0,resid,15211,43,1
8523,3,11.mlp.466,11,mlp,466,472,0
8524,3,0.resid.8392,0,resid,8392,151,1
8525,3,11.mlp.22278,11,mlp,22278,349,0
8526,3,0.resid.20015,0,resid,20015,66,1
8527,3,11.mlp.24503,11,mlp,24503,344,0
8528,3,0.resid.36168,0,resid,36168,29,1
8529,3,11.mlp.19238,11,mlp,19238,706,1391
8530,3,0.resid.5127,0,resid,5127,24,1
8531,3,11.mlp.9630,11,mlp,9630,551,1392
8532,3,0.resid.12074,0,resid,12074,29,1
8533,3,11.mlp.18905,11,mlp,18905,482,1393
8534,3,0.resid.38675,0,resid,38675,17,1
8535,3,11.mlp.3807,11,mlp,3807,438,0
8536,3,0.resid.21030,0,resid,21030,50,1
8537,3,11.mlp.28769,11,mlp,28769,553,1394
8538,3,0.resid.32187,0,resid,32187,117,1
8539,3,11.mlp.7027,11,mlp,7027,369,0
8540,3,0.resid.35011,0,resid,35011,39,1
8541,3,11.mlp.28654,11,mlp,28654,587,1395
8542,3,0.resid.5120,0,resid,5120,59,1
8543,3,11.mlp.26964,11,mlp,26964,611,1396
8544,3,0.resid.36150,0,resid,36150,11,0
8545,3,11.mlp.26534,11,mlp,26534,351,0
8546,3,0.resid.28447,0,resid,28447,21,1
8547,3,11.mlp.35174,11,mlp,35174,524,1397
8548,3,0.resid.17352,0,resid,17352,28,1
8549,3,11.mlp.21834,11,mlp,21834,221,0
8550,3,0.resid.25846,0,resid,25846,123,1
8551,3,11.mlp.20904,11,mlp,20904,472,0
8552,3,0.resid.33292,0,resid,33292,23,1
8553,3,11.mlp.34318,11,mlp,34318,234,0
8554,3,0.resid.30957,0,resid,30957,19,1
8555,3,11.mlp.35295,11,mlp,35295,666,1398
8556,3,0.resid.1264,0,resid,1264,16,0
8557,3,11.mlp.2383,11,mlp,2383,428,0
8558,3,0.resid.27990,0,resid,27990,13,0
8559,3,11.mlp.38696,11,mlp,38696,450,1399
8560,3,0.resid.30757,0,resid,30757,18,1
8561,3,11.mlp.36045,11,mlp,36045,750,1400
8562,3,0.resid.4060,0,resid,4060,16,2
8563,3,11.mlp.24211,11,mlp,24211,536,1401
8564,3,0.resid.12668,0,resid,12668,21,1
8565,3,11.mlp.36112,11,mlp,36112,635,1402
8566,3,0.resid.31500,0,resid,31500,21,1
8567,3,11.mlp.1596,11,mlp,1596,616,1403
8568,3,0.resid.10328,0,resid,10328,120,1
8569,3,11.mlp.26834,11,mlp,26834,297,0
8570,3,0.resid.3187,0,resid,3187,29,1
8571,3,11.mlp.30567,11,mlp,30567,303,0
8572,3,0.resid.33618,0,resid,33618,6,0
8573,3,11.mlp.22722,11,mlp,22722,607,1404
8574,3,0.resid.33814,0,resid,33814,20,1
8575,3,11.mlp.4750,11,mlp,4750,543,0
8576,3,11.attn.12618,11,attn,12618,377,2
8577,3,1.attn.40006,1,attn,40006,61,2
8578,3,11.attn.20200,11,attn,20200,373,0
8579,3,1.attn.13436,1,attn,13436,112,1
8580,3,11.attn.32910,11,attn,32910,293,2
8581,3,1.attn.34422,1,attn,34422,65,1
8582,3,11.attn.32630,11,attn,32630,256,0
8583,3,11.attn.36023,11,attn,36023,197,0
8584,3,11.attn.11559,11,attn,11559,416,0
8585,3,11.attn.19144,11,attn,19144,254,0
8586,3,1.attn.20652,1,attn,20652,143,1
8587,3,11.attn.5162,11,attn,5162,266,2
8588,3,11.attn.36714,11,attn,36714,704,1405
8589,3,11.attn.39967,11,attn,39967,863,1406
8590,3,1.attn.33266,1,attn,33266,48,1
8591,3,11.attn.36572,11,attn,36572,385,0
8592,3,11.attn.30364,11,attn,30364,367,0
8593,3,11.attn.33618,11,attn,33618,321,0
8594,3,11.attn.13967,11,attn,13967,665,1407
8595,3,11.attn.27766,11,attn,27766,813,1408
8596,3,11.attn.20484,11,attn,20484,328,2
8597,3,11.attn.5842,11,attn,5842,325,2
8598,3,11.attn.19950,11,attn,19950,420,0
8599,3,1.attn.37386,1,attn,37386,132,1
8600,3,11.attn.22077,11,attn,22077,513,0
8601,3,11.attn.2940,11,attn,2940,347,0
8602,3,11.attn.34354,11,attn,34354,553,0
8603,3,11.attn.13375,11,attn,13375,623,1409
8604,3,1.attn.23931,1,attn,23931,69,1
8605,3,11.attn.11996,11,attn,11996,424,0
8606,3,11.attn.34394,11,attn,34394,390,0
8607,3,1.attn.30449,1,attn,30449,128,1
8608,3,11.attn.34099,11,attn,34099,383,2
8609,3,11.attn.11906,11,attn,11906,284,0
8610,3,11.attn.15593,11,attn,15593,295,0
8611,3,1.mlp.13499,1,mlp,13499,96,1
8612,3,10.resid.1753,10,resid,1753,639,1410
8613,3,1.mlp.37928,1,mlp,37928,270,0
8614,3,10.resid.3707,10,resid,3707,609,1411
8615,3,1.mlp.10912,1,mlp,10912,103,1
8616,3,10.resid.23683,10,resid,23683,287,0
8617,3,1.mlp.26631,1,mlp,26631,224,0
8618,3,10.resid.29592,10,resid,29592,412,0
8619,3,1.mlp.32344,1,mlp,32344,92,1
8620,3,10.resid.26830,10,resid,26830,767,1412
8621,3,1.mlp.39036,1,mlp,39036,146,1
8622,3,10.resid.39351,10,resid,39351,618,1413
8623,3,1.mlp.22130,1,mlp,22130,82,1
8624,3,10.resid.34709,10,resid,34709,375,0
8625,3,1.mlp.23126,1,mlp,23126,92,1
8626,3,10.resid.10423,10,resid,10423,478,1414
8627,3,1.mlp.20608,1,mlp,20608,86,1
8628,3,10.resid.12208,10,resid,12208,615,1415
8629,3,1.mlp.28030,1,mlp,28030,150,1
8630,3,10.resid.39458,10,resid,39458,662,1416
8631,3,1.mlp.38812,1,mlp,38812,206,1
8632,3,10.resid.40583,10,resid,40583,757,1417
8633,3,1.mlp.21751,1,mlp,21751,276,0
8634,3,10.resid.34222,10,resid,34222,591,1418
8635,3,1.mlp.22623,1,mlp,22623,113,1
8636,3,10.resid.5080,10,resid,5080,819,1419
8637,3,1.mlp.3631,1,mlp,3631,188,1
8638,3,10.resid.28162,10,resid,28162,441,0
8639,3,1.mlp.20285,1,mlp,20285,132,1
8640,3,10.resid.8458,10,resid,8458,520,0
8641,3,1.mlp.17805,1,mlp,17805,70,1
8642,3,10.resid.4613,10,resid,4613,926,1420
8643,3,1.mlp.9693,1,mlp,9693,185,1
8644,3,10.resid.17005,10,resid,17005,660,1421
8645,3,1.mlp.24308,1,mlp,24308,171,1
8646,3,10.resid.39884,10,resid,39884,581,1422
8647,3,1.mlp.24137,1,mlp,24137,78,1
8648,3,10.resid.14859,10,resid,14859,664,1423
8649,3,1.mlp.18579,1,mlp,18579,128,1
8650,3,10.resid.18516,10,resid,18516,436,0
8651,3,1.mlp.12084,1,mlp,12084,140,1
8652,3,10.resid.26187,10,resid,26187,630,1424
8653,3,1.mlp.14238,1,mlp,14238,146,1
8654,3,10.resid.38311,10,resid,38311,431,0
8655,3,1.mlp.7102,1,mlp,7102,192,1
8656,3,10.resid.39507,10,resid,39507,610,1425
8657,3,1.mlp.12601,1,mlp,12601,136,1
8658,3,10.resid.30575,10,resid,30575,405,0
8659,3,1.mlp.25126,1,mlp,25126,141,1
8660,3,10.resid.14686,10,resid,14686,879,1426
8661,3,1.mlp.12740,1,mlp,12740,117,1
8662,3,10.resid.38573,10,resid,38573,731,1427
8663,3,1.mlp.25286,1,mlp,25286,116,1
8664,3,10.resid.32657,10,resid,32657,688,1428
8665,3,1.mlp.10857,1,mlp,10857,97,1
8666,3,10.resid.18797,10,resid,18797,712,1429
8667,3,1.resid.40959,1,resid,40959,130,1
8668,3,10.mlp.34200,10,mlp,34200,715,1430
8669,3,1.resid.39639,1,resid,39639,121,1
8670,3,10.mlp.30299,10,mlp,30299,361,0
8671,3,1.resid.17027,1,resid,17027,223,0
8672,3,10.mlp.38201,10,mlp,38201,597,1431
8673,3,1.resid.3779,1,resid,3779,187,1
8674,3,10.mlp.17919,10,mlp,17919,670,1432
8675,3,1.resid.28753,1,resid,28753,62,1
8676,3,10.mlp.33407,10,mlp,33407,501,0
8677,3,1.resid.28364,1,resid,28364,135,1
8678,3,10.mlp.11417,10,mlp,11417,540,0
8679,3,1.resid.14253,1,resid,14253,165,1
8680,3,10.mlp.12647,10,mlp,12647,344,0
8681,3,1.resid.27715,1,resid,27715,82,1
8682,3,10.mlp.16753,10,mlp,16753,372,0
8683,3,1.resid.30367,1,resid,30367,58,1
8684,3,10.mlp.4091,10,mlp,4091,666,1433
8685,3,1.resid.9185,1,resid,9185,162,1
8686,3,10.mlp.6617,10,mlp,6617,409,0
8687,3,1.resid.30981,1,resid,30981,62,1
8688,3,10.mlp.7028,10,mlp,7028,339,0
8689,3,1.resid.12323,1,resid,12323,92,1
8690,3,10.mlp.5089,10,mlp,5089,387,0
8691,3,1.resid.31084,1,resid,31084,159,1
8692,3,10.mlp.10362,10,mlp,10362,436,0
8693,3,1.resid.19685,1,resid,19685,18,2
8694,3,10.mlp.10699,10,mlp,10699,360,0
8695,3,1.resid.39222,1,resid,39222,115,1
8696,3,10.mlp.20326,10,mlp,20326,553,1434
8697,3,1.resid.28698,1,resid,28698,117,1
8698,3,10.mlp.19841,10,mlp,19841,392,0
8699,3,1.resid.15725,1,resid,15725,82,1
8700,3,10.mlp.30686,10,mlp,30686,351,0
8701,3,1.resid.36683,1,resid,36683,91,1
8702,3,10.mlp.419,10,mlp,419,609,1435
8703,3,1.resid.24190,1,resid,24190,70,1
8704,3,10.mlp.11854,10,mlp,11854,397,0
8705,3,1.resid.11122,1,resid,11122,126,1
8706,3,10.mlp.29794,10,mlp,29794,279,0
8707,3,1.resid.27255,1,resid,27255,31,2
8708,3,10.mlp.34108,10,mlp,34108,646,1436
8709,3,1.resid.22765,1,resid,22765,88,1
8710,3,10.mlp.17749,10,mlp,17749,535,1437
8711,3,1.resid.7630,1,resid,7630,99,1
8712,3,10.mlp.21361,10,mlp,21361,538,0
8713,3,1.resid.35442,1,resid,35442,91,1
8714,3,10.mlp.2447,10,mlp,2447,642,1438
8715,3,1.resid.1722,1,resid,1722,134,1
8716,3,10.mlp.22471,10,mlp,22471,556,0
8717,3,1.resid.1851,1,resid,1851,114,1
8718,3,10.mlp.26978,10,mlp,26978,536,1439
8719,3,1.resid.10564,1,resid,10564,72,1
8720,3,10.mlp.5829,10,mlp,5829,466,0
8721,3,1.resid.23771,1,resid,23771,67,1
8722,3,10.mlp.5987,10,mlp,5987,441,0
8723,3,10.mlp.27388,10,mlp,27388,231,0
8724,3,2.attn.21063,2,attn,21063,256,2
8725,3,10.attn.25246,10,attn,25246,473,0
8726,3,10.attn.28352,10,attn,28352,872,1440
8727,3,2.attn.16321,2,attn,16321,151,2
8728,3,2.attn.14210,2,attn,14210,162,2
8729,3,10.attn.27725,10,attn,27725,965,1441
8730,3,2.attn.5712,2,attn,5712,100,2
8731,3,10.attn.9144,10,attn,9144,453,0
8732,3,10.attn.26851,10,attn,26851,283,2
8733,3,2.attn.28364,2,attn,28364,222,0
8734,3,10.attn.40350,10,attn,40350,1049,1442
8735,3,2.attn.39045,2,attn,39045,214,0
8736,3,10.attn.38664,10,attn,38664,574,1443
8737,3,2.attn.18822,2,attn,18822,91,1
8738,3,10.attn.38380,10,attn,38380,554,0
8739,3,2.attn.32033,2,attn,32033,105,1
8740,3,10.attn.17456,10,attn,17456,316,2
8741,3,2.attn.17508,2,attn,17508,64,2
8742,3,2.attn.26492,2,attn,26492,188,2
8743,3,10.attn.5654,10,attn,5654,626,1444
8744,3,10.attn.19104,10,attn,19104,325,2
8745,3,2.attn.20259,2,attn,20259,98,2
8746,3,10.attn.14015,10,attn,14015,509,0
8747,3,2.attn.37127,2,attn,37127,98,2
8748,3,10.attn.32975,10,attn,32975,842,1445
8749,3,2.attn.632,2,attn,632,116,1
8750,3,10.attn.14145,10,attn,14145,191,0
8751,3,2.attn.5265,2,attn,5265,126,2
8752,3,10.attn.14188,10,attn,14188,302,2
8753,3,10.attn.4120,10,attn,4120,278,0
8754,3,2.attn.20962,2,attn,20962,149,0
8755,3,10.attn.24596,10,attn,24596,440,0
8756,3,10.attn.29079,10,attn,29079,258,2
8757,3,2.attn.9453,2,attn,9453,152,1
8758,3,10.attn.32090,10,attn,32090,223,2
8759,3,2.attn.11927,2,attn,11927,322,2
8760,3,10.attn.39376,10,attn,39376,404,0
8761,3,2.attn.19587,2,attn,19587,115,1
8762,3,10.attn.34249,10,attn,34249,147,0
8763,3,2.attn.25484,2,attn,25484,116,1
8764,3,10.attn.18317,10,attn,18317,279,2
8765,3,2.attn.35501,2,attn,35501,165,2
8766,3,10.attn.34089,10,attn,34089,200,2
8767,3,2.attn.10098,2,attn,10098,115,2
8768,3,10.attn.7206,10,attn,7206,796,1446
8769,3,10.attn.26192,10,attn,26192,200,0
8770,3,10.attn.8780,10,attn,8780,281,2
8771,3,2.mlp.33844,2,mlp,33844,235,0
8772,3,9.resid.40186,9,resid,40186,598,1447
8773,3,2.mlp.14362,2,mlp,14362,212,0
8774,3,9.resid.12271,9,resid,12271,758,1448
8775,3,2.mlp.1233,2,mlp,1233,100,1
8776,3,9.resid.10798,9,resid,10798,818,1449
8777,3,2.mlp.33441,2,mlp,33441,209,0
8778,3,9.resid.19989,9,resid,19989,416,0
8779,3,2.mlp.899,2,mlp,899,205,0
8780,3,9.resid.38255,9,resid,38255,686,1450
8781,3,2.mlp.12249,2,mlp,12249,206,0
8782,3,9.resid.17442,9,resid,17442,573,1451
8783,3,2.mlp.11357,2,mlp,11357,115,1
8784,3,9.resid.691,9,resid,691,857,1452
8785,3,2.mlp.13300,2,mlp,13300,228,0
8786,3,9.resid.11398,9,resid,11398,439,0
8787,3,2.mlp.33674,2,mlp,33674,228,0
8788,3,9.resid.33351,9,resid,33351,747,1453
8789,3,2.mlp.31338,2,mlp,31338,220,0
8790,3,9.resid.17530,9,resid,17530,421,0
8791,3,2.mlp.34509,2,mlp,34509,113,1
8792,3,9.resid.15172,9,resid,15172,540,1454
8793,3,2.mlp.15655,2,mlp,15655,220,0
8794,3,9.resid.26764,9,resid,26764,593,1455
8795,3,2.mlp.33718,2,mlp,33718,127,1
8796,3,9.resid.29479,9,resid,29479,397,0
8797,3,2.mlp.31147,2,mlp,31147,249,0
8798,3,9.resid.32528,9,resid,32528,514,1456
8799,3,2.mlp.1173,2,mlp,1173,140,0
8800,3,9.resid.13768,9,resid,13768,532,1457
8801,3,2.mlp.40766,2,mlp,40766,126,1
8802,3,9.resid.29953,9,resid,29953,412,0
8803,3,2.mlp.2570,2,mlp,2570,271,0
8804,3,9.resid.38315,9,resid,38315,395,1458
8805,3,2.mlp.171,2,mlp,171,155,1
8806,3,9.resid.16089,9,resid,16089,636,1459
8807,3,2.mlp.36638,2,mlp,36638,117,1
8808,3,9.resid.33123,9,resid,33123,539,1460
8809,3,2.mlp.33868,2,mlp,33868,284,0
8810,3,9.resid.33048,9,resid,33048,550,0
8811,3,2.mlp.34789,2,mlp,34789,216,0
8812,3,9.resid.3953,9,resid,3953,630,1461
8813,3,2.mlp.27925,2,mlp,27925,221,0
8814,3,9.resid.23472,9,resid,23472,557,1462
8815,3,2.mlp.32193,2,mlp,32193,177,0
8816,3,9.resid.26597,9,resid,26597,628,1463
8817,3,2.mlp.26365,2,mlp,26365,168,2
8818,3,9.resid.13808,9,resid,13808,255,0
8819,3,2.mlp.37861,2,mlp,37861,325,0
8820,3,9.resid.8706,9,resid,8706,340,2
8821,3,2.mlp.18546,2,mlp,18546,259,0
8822,3,9.resid.36119,9,resid,36119,611,1464
8823,3,2.mlp.1664,2,mlp,1664,326,0
8824,3,9.resid.3578,9,resid,3578,606,1465
8825,3,2.mlp.8649,2,mlp,8649,268,0
8826,3,9.resid.392,9,resid,392,788,1466
8827,3,2.resid.33546,2,resid,33546,126,1
8828,3,9.mlp.30610,9,mlp,30610,378,0
8829,3,2.resid.3389,2,resid,3389,166,0
8830,3,9.mlp.20620,9,mlp,20620,317,0
8831,3,2.resid.15019,2,resid,15019,112,1
8832,3,9.mlp.17435,9,mlp,17435,495,0
8833,3,2.resid.27783,2,resid,27783,89,1
8834,3,9.mlp.17984,9,mlp,17984,508,0
8835,3,2.resid.33322,2,resid,33322,72,1
8836,3,9.mlp.5397,9,mlp,5397,403,0
8837,3,2.resid.32993,2,resid,32993,101,1
8838,3,9.mlp.26730,9,mlp,26730,311,0
8839,3,2.resid.1358,2,resid,1358,100,1
8840,3,9.mlp.17733,9,mlp,17733,593,1467
8841,3,2.resid.17383,2,resid,17383,249,0
8842,3,9.mlp.33236,9,mlp,33236,690,1468
8843,3,2.resid.28986,2,resid,28986,89,2
8844,3,9.mlp.34613,9,mlp,34613,459,0
8845,3,2.resid.10630,2,resid,10630,182,0
8846,3,9.mlp.3158,9,mlp,3158,405,1469
8847,3,2.resid.32159,2,resid,32159,106,1
8848,3,9.mlp.5693,9,mlp,5693,438,0
8849,3,2.resid.11545,2,resid,11545,107,1
8850,3,9.mlp.31365,9,mlp,31365,542,0
8851,3,2.resid.5818,2,resid,5818,145,1
8852,3,9.mlp.7826,9,mlp,7826,374,0
8853,3,2.resid.33645,2,resid,33645,95,1
8854,3,9.mlp.32126,9,mlp,32126,506,0
8855,3,2.resid.10208,2,resid,10208,219,0
8856,3,9.mlp.4490,9,mlp,4490,512,1470
8857,3,2.resid.29234,2,resid,29234,196,0
8858,3,9.mlp.15397,9,mlp,15397,745,1471
8859,3,2.resid.23742,2,resid,23742,199,0
8860,3,9.mlp.24987,9,mlp,24987,554,1472
8861,3,2.resid.30122,2,resid,30122,84,1
8862,3,9.mlp.28981,9,mlp,28981,471,0
8863,3,2.resid.33782,2,resid,33782,177,0
8864,3,9.mlp.982,9,mlp,982,427,0
8865,3,2.resid.32526,2,resid,32526,241,0
8866,3,9.mlp.28938,9,mlp,28938,528,0
8867,3,2.resid.32655,2,resid,32655,172,0
8868,3,9.mlp.27176,9,mlp,27176,235,0
8869,3,2.resid.38209,2,resid,38209,171,1
8870,3,9.mlp.37938,9,mlp,37938,515,1473
8871,3,2.resid.37158,2,resid,37158,108,1
8872,3,9.mlp.21834,9,mlp,21834,654,1474
8873,3,2.resid.8378,2,resid,8378,153,0
8874,3,9.mlp.27768,9,mlp,27768,685,1475
8875,3,2.resid.24305,2,resid,24305,179,0
8876,3,9.mlp.57,9,mlp,57,452,0
8877,3,2.resid.10947,2,resid,10947,147,1
8878,3,9.mlp.26691,9,mlp,26691,560,0
8879,3,2.resid.24538,2,resid,24538,99,1
8880,3,9.mlp.13529,9,mlp,13529,470,0
8881,3,2.resid.26314,2,resid,26314,111,1
8882,3,9.mlp.1964,9,mlp,1964,363,0
8883,3,2.resid.25819,2,resid,25819,262,0
8884,3,9.mlp.29847,9,mlp,29847,446,0
8885,3,3.attn.33343,3,attn,33343,155,2
8886,3,9.attn.27908,9,attn,27908,435,0
8887,3,9.attn.18894,9,attn,18894,403,0
8888,3,3.attn.6802,3,attn,6802,120,2
8889,3,9.attn.2410,9,attn,2410,445,0
8890,3,3.attn.10415,3,attn,10415,196,2
8891,3,9.attn.33342,9,attn,33342,591,1476
8892,3,3.attn.39282,3,attn,39282,271,0
8893,3,9.attn.39892,9,attn,39892,789,1477
8894,3,3.attn.13454,3,attn,13454,136,2
8895,3,9.attn.2883,9,attn,2883,343,0
8896,3,3.attn.12611,3,attn,12611,306,0
8897,3,9.attn.34402,9,attn,34402,403,0
8898,3,3.attn.8045,3,attn,8045,199,0
8899,3,9.attn.21759,9,attn,21759,667,1478
8900,3,3.attn.24918,3,attn,24918,195,2
8901,3,9.attn.38862,9,attn,38862,201,0
8902,3,3.attn.20198,3,attn,20198,202,2
8903,3,9.attn.17494,9,attn,17494,696,1479
8904,3,3.attn.38956,3,attn,38956,326,2
8905,3,9.attn.36596,9,attn,36596,443,0
8906,3,3.attn.33760,3,attn,33760,434,0
8907,3,9.attn.26285,9,attn,26285,617,1480
8908,3,9.attn.32992,9,attn,32992,517,1481
8909,3,3.attn.36659,3,attn,36659,131,2
8910,3,9.attn.28140,9,attn,28140,253,2
8911,3,3.attn.13811,3,attn,13811,194,2
8912,3,9.attn.23959,9,attn,23959,837,1482
8913,3,3.attn.37307,3,attn,37307,117,2
8914,3,9.attn.6859,9,attn,6859,624,1483
8915,3,3.attn.7975,3,attn,7975,179,2
8916,3,9.attn.1600,9,attn,1600,778,1484
8917,3,3.attn.37824,3,attn,37824,127,2
8918,3,9.attn.23010,9,attn,23010,576,1485
8919,3,3.attn.32549,3,attn,32549,107,2
8920,3,9.attn.35741,9,attn,35741,279,2
8921,3,3.attn.29637,3,attn,29637,113,2
8922,3,9.attn.12747,9,attn,12747,550,1486
8923,3,3.attn.20801,3,attn,20801,179,2
8924,3,9.attn.38941,9,attn,38941,404,0
8925,3,3.attn.14556,3,attn,14556,152,2
8926,3,9.attn.39791,9,attn,39791,996,1487
8927,3,3.attn.24588,3,attn,24588,118,2
8928,3,9.attn.5182,9,attn,5182,743,1488
8929,3,3.attn.21855,3,attn,21855,219,2
8930,3,9.attn.29289,9,attn,29289,726,1489
8931,3,3.attn.5162,3,attn,5162,197,2
8932,3,9.attn.1092,9,attn,1092,551,0
8933,3,3.attn.7033,3,attn,7033,159,2
8934,3,9.attn.2608,9,attn,2608,261,0
8935,3,3.attn.35384,3,attn,35384,235,0
8936,3,9.attn.10165,9,attn,10165,305,2
8937,3,3.attn.39291,3,attn,39291,140,2
8938,3,9.attn.19727,9,attn,19727,476,0
8939,3,3.mlp.4470,3,mlp,4470,283,0
8940,3,8.resid.17432,8,resid,17432,607,1490
8941,3,3.mlp.18042,3,mlp,18042,286,0
8942,3,8.resid.13546,8,resid,13546,591,1491
8943,3,3.mlp.35612,3,mlp,35612,134,0
8944,3,8.resid.11854,8,resid,11854,574,1492
8945,3,3.mlp.27278,3,mlp,27278,205,0
8946,3,8.resid.9175,8,resid,9175,554,1493
8947,3,3.mlp.7521,3,mlp,7521,264,0
8948,3,8.resid.32964,8,resid,32964,467,0
8949,3,3.mlp.21228,3,mlp,21228,180,0
8950,3,8.resid.39312,8,resid,39312,542,0
8951,3,3.mlp.20258,3,mlp,20258,258,0
8952,3,8.resid.4468,8,resid,4468,458,0
8953,3,3.mlp.30176,3,mlp,30176,265,0
8954,3,8.resid.29738,8,resid,29738,689,1494
8955,3,3.mlp.3771,3,mlp,3771,222,0
8956,3,8.resid.3356,8,resid,3356,608,1495
8957,3,3.mlp.23447,3,mlp,23447,364,0
8958,3,8.resid.16385,8,resid,16385,564,0
8959,3,3.mlp.30578,3,mlp,30578,265,0
8960,3,8.resid.17332,8,resid,17332,513,1496
8961,3,3.mlp.7681,3,mlp,7681,225,0
8962,3,8.resid.34951,8,resid,34951,508,0
8963,3,3.mlp.4329,3,mlp,4329,248,0
8964,3,8.resid.37432,8,resid,37432,277,0
8965,3,3.mlp.5803,3,mlp,5803,382,0
8966,3,8.resid.26330,8,resid,26330,417,0
8967,3,3.mlp.25553,3,mlp,25553,208,0
8968,3,8.resid.14230,8,resid,14230,682,1497
8969,3,3.mlp.14760,3,mlp,14760,269,0
8970,3,8.resid.22204,8,resid,22204,744,1498
8971,3,3.mlp.33332,3,mlp,33332,180,0
8972,3,8.resid.20406,8,resid,20406,649,1499
8973,3,3.mlp.40007,3,mlp,40007,271,0
8974,3,8.resid.20184,8,resid,20184,435,0
8975,3,3.mlp.11753,3,mlp,11753,206,0
8976,3,8.resid.14434,8,resid,14434,427,0
8977,3,3.mlp.28921,3,mlp,28921,220,0
8978,3,8.resid.27904,8,resid,27904,623,1500
8979,3,3.mlp.6118,3,mlp,6118,353,0
8980,3,8.resid.22306,8,resid,22306,668,1501
8981,3,3.mlp.13349,3,mlp,13349,187,0
8982,3,8.resid.32756,8,resid,32756,491,0
8983,3,3.mlp.32833,3,mlp,32833,180,0
8984,3,8.resid.6406,8,resid,6406,568,1502
8985,3,3.mlp.34032,3,mlp,34032,196,0
8986,3,8.resid.16026,8,resid,16026,467,0
8987,3,3.mlp.26540,3,mlp,26540,197,0
8988,3,8.resid.29618,8,resid,29618,571,0
8989,3,3.mlp.13508,3,mlp,13508,322,0
8990,3,8.resid.6924,8,resid,6924,517,1503
8991,3,3.mlp.18228,3,mlp,18228,297,0
8992,3,8.resid.2813,8,resid,2813,503,0
8993,3,3.mlp.20871,3,mlp,20871,154,0
8994,3,8.resid.14397,8,resid,14397,683,1504
8995,3,3.mlp.2150,3,mlp,2150,390,0
8996,3,8.resid.14497,8,resid,14497,534,0
8997,3,3.resid.31690,3,resid,31690,154,0
8998,3,8.mlp.21,8,mlp,21,459,0
8999,3,3.resid.24347,3,resid,24347,250,0
9000,3,8.mlp.21277,8,mlp,21277,484,0
9001,3,3.resid.31549,3,resid,31549,128,1
9002,3,8.mlp.24452,8,mlp,24452,492,0
9003,3,3.resid.38461,3,resid,38461,215,0
9004,3,8.mlp.22398,8,mlp,22398,408,0
9005,3,3.resid.6226,3,resid,6226,285,0
9006,3,8.mlp.2847,8,mlp,2847,520,0
9007,3,3.resid.40625,3,resid,40625,218,0
9008,3,8.mlp.20741,8,mlp,20741,448,0
9009,3,3.resid.13512,3,resid,13512,115,1
9010,3,8.mlp.2675,8,mlp,2675,500,0
9011,3,3.resid.9634,3,resid,9634,297,0
9012,3,8.mlp.3133,8,mlp,3133,531,0
9013,3,3.resid.29610,3,resid,29610,289,0
9014,3,8.mlp.16982,8,mlp,16982,362,0
9015,3,3.resid.36740,3,resid,36740,322,0
9016,3,8.mlp.23250,8,mlp,23250,498,0
9017,3,3.resid.8719,3,resid,8719,149,0
9018,3,8.mlp.23832,8,mlp,23832,510,1505
9019,3,3.resid.33238,3,resid,33238,309,0
9020,3,8.mlp.39711,8,mlp,39711,551,0
9021,3,3.resid.22227,3,resid,22227,112,1
9022,3,8.mlp.36,8,mlp,36,491,1506
9023,3,3.resid.27935,3,resid,27935,261,0
9024,3,8.mlp.19347,8,mlp,19347,736,1507
9025,3,3.resid.911,3,resid,911,144,0
9026,3,8.mlp.5715,8,mlp,5715,362,0
9027,3,3.resid.10769,3,resid,10769,352,0
9028,3,8.mlp.16444,8,mlp,16444,337,0
9029,3,3.resid.12430,3,resid,12430,175,0
9030,3,8.mlp.1464,8,mlp,1464,351,0
9031,3,3.resid.6159,3,resid,6159,175,1
9032,3,8.mlp.35928,8,mlp,35928,415,0
9033,3,3.resid.17061,3,resid,17061,159,0
9034,3,8.mlp.8554,8,mlp,8554,580,1508
9035,3,3.resid.25143,3,resid,25143,170,1
9036,3,8.mlp.15660,8,mlp,15660,477,0
9037,3,3.resid.36984,3,resid,36984,170,0
9038,3,8.mlp.30721,8,mlp,30721,489,0
9039,3,3.resid.25291,3,resid,25291,187,0
9040,3,8.mlp.10114,8,mlp,10114,512,0
9041,3,3.resid.4300,3,resid,4300,268,0
9042,3,8.mlp.5296,8,mlp,5296,404,0
9043,3,3.resid.8668,3,resid,8668,262,0
9044,3,8.mlp.10683,8,mlp,10683,611,1509
9045,3,3.resid.40399,3,resid,40399,255,0
9046,3,8.mlp.16695,8,mlp,16695,429,0
9047,3,3.resid.24283,3,resid,24283,112,1
9048,3,8.mlp.21339,8,mlp,21339,513,1510
9049,3,3.resid.6422,3,resid,6422,289,0
9050,3,8.mlp.36731,8,mlp,36731,500,0
9051,3,3.resid.23002,3,resid,23002,180,0
9052,3,8.mlp.35103,8,mlp,35103,414,0
9053,3,4.attn.5226,4,attn,5226,301,0
9054,3,8.attn.7066,8,attn,7066,255,2
9055,3,8.attn.33644,8,attn,33644,779,1511
9056,3,4.attn.21166,4,attn,21166,250,0
9057,3,4.attn.24385,4,attn,24385,257,2
9058,3,4.attn.32510,4,attn,32510,141,2
9059,3,4.attn.121,4,attn,121,184,2
9060,3,8.attn.3363,8,attn,3363,389,0
9061,3,4.attn.35610,4,attn,35610,299,0
9062,3,8.attn.15921,8,attn,15921,384,0
9063,3,4.attn.25868,4,attn,25868,194,2
9064,3,8.attn.23696,8,attn,23696,289,2
9065,3,4.attn.12445,4,attn,12445,383,2
9066,3,8.attn.13115,8,attn,13115,432,0
9067,3,4.attn.34413,4,attn,34413,204,2
9068,3,8.attn.19164,8,attn,19164,199,2
9069,3,4.attn.8398,4,attn,8398,225,2
9070,3,4.attn.38378,4,attn,38378,268,0
9071,3,8.attn.10051,8,attn,10051,441,0
9072,3,4.attn.256,4,attn,256,283,0
9073,3,8.attn.18523,8,attn,18523,465,0
9074,3,4.attn.6548,4,attn,6548,359,0
9075,3,8.attn.12006,8,attn,12006,513,0
9076,3,4.attn.22570,4,attn,22570,282,0
9077,3,8.attn.5404,8,attn,5404,339,2
9078,3,4.attn.13801,4,attn,13801,236,2
9079,3,8.attn.7754,8,attn,7754,388,2
9080,3,4.attn.532,4,attn,532,242,2
9081,3,8.attn.28760,8,attn,28760,361,2
9082,3,4.attn.8764,4,attn,8764,308,0
9083,3,4.attn.16313,4,attn,16313,200,2
9084,3,4.attn.19272,4,attn,19272,463,0
9085,3,8.attn.22988,8,attn,22988,500,0
9086,3,4.attn.18309,4,attn,18309,168,2
9087,3,4.attn.16476,4,attn,16476,120,2
9088,3,8.attn.13512,8,attn,13512,299,0
9089,3,4.attn.18677,4,attn,18677,175,2
9090,3,8.attn.32215,8,attn,32215,292,2
9091,3,4.attn.18536,4,attn,18536,129,2
9092,3,8.attn.18322,8,attn,18322,696,1512
9093,3,4.attn.4663,4,attn,4663,192,2
9094,3,8.attn.28179,8,attn,28179,600,1513
9095,3,4.attn.38755,4,attn,38755,221,0
9096,3,4.attn.5921,4,attn,5921,356,2
9097,3,8.attn.12971,8,attn,12971,238,0
9098,3,4.attn.26573,4,attn,26573,213,2
9099,3,8.attn.27755,8,attn,27755,430,0
9100,3,4.attn.26352,4,attn,26352,279,0
9101,3,8.attn.21230,8,attn,21230,500,0
9102,3,4.mlp.30926,4,mlp,30926,259,0
9103,3,7.resid.3321,7,resid,3321,345,0
9104,3,4.mlp.21838,4,mlp,21838,187,0
9105,3,7.resid.31156,7,resid,31156,407,0
9106,3,4.mlp.17881,4,mlp,17881,221,0
9107,3,7.resid.14896,7,resid,14896,513,1514
9108,3,4.mlp.10000,4,mlp,10000,245,0
9109,3,7.resid.24898,7,resid,24898,474,0
9110,3,4.mlp.10359,4,mlp,10359,266,0
9111,3,7.resid.23187,7,resid,23187,640,1515
9112,3,4.mlp.22181,4,mlp,22181,259,0
9113,3,7.resid.39292,7,resid,39292,445,0
9114,3,4.mlp.32660,4,mlp,32660,345,0
9115,3,7.resid.33747,7,resid,33747,328,0
9116,3,4.mlp.954,4,mlp,954,243,0
9117,3,7.resid.39801,7,resid,39801,426,0
9118,3,4.mlp.5080,4,mlp,5080,269,0
9119,3,7.resid.1361,7,resid,1361,532,1516
9120,3,4.mlp.251,4,mlp,251,252,0
9121,3,7.resid.29239,7,resid,29239,553,0
9122,3,4.mlp.33302,4,mlp,33302,469,0
9123,3,7.resid.24989,7,resid,24989,426,0
9124,3,4.mlp.21648,4,mlp,21648,254,0
9125,3,7.resid.13772,7,resid,13772,406,0
9126,3,4.mlp.16633,4,mlp,16633,375,0
9127,3,7.resid.5191,7,resid,5191,531,0
9128,3,4.mlp.8232,4,mlp,8232,255,0
9129,3,7.resid.8269,7,resid,8269,557,0
9130,3,4.mlp.22227,4,mlp,22227,509,0
9131,3,7.resid.8593,7,resid,8593,483,0
9132,3,4.mlp.32669,4,mlp,32669,301,0
9133,3,7.resid.17602,7,resid,17602,471,0
9134,3,4.mlp.19196,4,mlp,19196,186,0
9135,3,7.resid.12540,7,resid,12540,401,0
9136,3,4.mlp.31968,4,mlp,31968,399,0
9137,3,7.resid.13066,7,resid,13066,610,1517
9138,3,4.mlp.12679,4,mlp,12679,226,0
9139,3,7.resid.7631,7,resid,7631,479,1518
9140,3,4.mlp.38667,4,mlp,38667,431,0
9141,3,7.resid.24067,7,resid,24067,419,1519
9142,3,4.mlp.31535,4,mlp,31535,199,0
9143,3,7.resid.9842,7,resid,9842,369,0
9144,3,4.mlp.1974,4,mlp,1974,415,0
9145,3,7.resid.33002,7,resid,33002,644,1520
9146,3,4.mlp.13005,4,mlp,13005,179,0
9147,3,7.resid.3892,7,resid,3892,525,0
9148,3,4.mlp.20727,4,mlp,20727,506,0
9149,3,7.resid.32732,7,resid,32732,351,0
9150,3,4.mlp.10946,4,mlp,10946,436,0
9151,3,7.resid.14083,7,resid,14083,725,1521
9152,3,4.mlp.25312,4,mlp,25312,141,1
9153,3,7.resid.14709,7,resid,14709,380,0
9154,3,4.mlp.14702,4,mlp,14702,289,0
9155,3,7.resid.4918,7,resid,4918,478,0
9156,3,4.mlp.27487,4,mlp,27487,375,0
9157,3,7.resid.30866,7,resid,30866,266,0
9158,3,4.resid.12834,4,resid,12834,410,0
9159,3,7.mlp.12942,7,mlp,12942,369,0
9160,3,4.resid.21887,4,resid,21887,201,0
9161,3,7.mlp.29114,7,mlp,29114,401,1522
9162,3,4.resid.28209,4,resid,28209,285,0
9163,3,7.mlp.20571,7,mlp,20571,236,0
9164,3,4.resid.25342,4,resid,25342,432,0
9165,3,7.mlp.32334,7,mlp,32334,430,0
9166,3,4.resid.25136,4,resid,25136,214,2
9167,3,7.mlp.3489,7,mlp,3489,404,0
9168,3,4.resid.26120,4,resid,26120,323,0
9169,3,7.mlp.13484,7,mlp,13484,432,0
9170,3,4.resid.13380,4,resid,13380,318,0
9171,3,7.mlp.29690,7,mlp,29690,337,0
9172,3,4.resid.23270,4,resid,23270,217,0
9173,3,7.mlp.26436,7,mlp,26436,361,0
9174,3,4.resid.22093,4,resid,22093,248,0
9175,3,7.mlp.15333,7,mlp,15333,466,0
9176,3,4.resid.1774,4,resid,1774,311,0
9177,3,7.mlp.9842,7,mlp,9842,529,0
9178,3,4.resid.3904,4,resid,3904,372,0
9179,3,7.mlp.3157,7,mlp,3157,346,0
9180,3,4.resid.20158,4,resid,20158,246,0
9181,3,7.mlp.4138,7,mlp,4138,504,0
9182,3,4.resid.15423,4,resid,15423,202,0
9183,3,7.mlp.38271,7,mlp,38271,509,1523
9184,3,4.resid.36726,4,resid,36726,202,0
9185,3,7.mlp.9827,7,mlp,9827,494,0
9186,3,4.resid.11558,4,resid,11558,156,0
9187,3,7.mlp.8516,7,mlp,8516,505,0
9188,3,4.resid.28942,4,resid,28942,367,0
9189,3,7.mlp.33101,7,mlp,33101,526,1524
9190,3,4.resid.21992,4,resid,21992,314,0
9191,3,7.mlp.40021,7,mlp,40021,366,0
9192,3,4.resid.34925,4,resid,34925,212,0
9193,3,7.mlp.36797,7,mlp,36797,396,0
9194,3,4.resid.27458,4,resid,27458,289,0
9195,3,7.mlp.15898,7,mlp,15898,335,0
9196,3,4.resid.3917,4,resid,3917,357,0
9197,3,7.mlp.23815,7,mlp,23815,539,0
9198,3,4.resid.35959,4,resid,35959,409,0
9199,3,7.mlp.382,7,mlp,382,296,0
9200,3,4.resid.5094,4,resid,5094,172,0
9201,3,7.mlp.14718,7,mlp,14718,421,0
9202,3,4.resid.34678,4,resid,34678,309,0
9203,3,7.mlp.34152,7,mlp,34152,418,0
9204,3,4.resid.37051,4,resid,37051,191,0
9205,3,7.mlp.32793,7,mlp,32793,433,0
9206,3,4.resid.29152,4,resid,29152,199,0
9207,3,7.mlp.9709,7,mlp,9709,408,0
9208,3,4.resid.4222,4,resid,4222,208,0
9209,3,7.mlp.37962,7,mlp,37962,660,1525
9210,3,4.resid.6801,4,resid,6801,225,0
9211,3,7.mlp.2686,7,mlp,2686,394,0
9212,3,4.resid.25556,4,resid,25556,336,0
9213,3,7.mlp.25359,7,mlp,25359,460,0
9214,3,7.mlp.37635,7,mlp,37635,656,1526
9215,3,5.attn.18914,5,attn,18914,542,0
9216,3,7.attn.22952,7,attn,22952,752,1527
9217,3,7.attn.21230,7,attn,21230,341,0
9218,3,5.attn.35897,5,attn,35897,318,0
9219,3,7.attn.14040,7,attn,14040,415,0
9220,3,5.attn.20579,5,attn,20579,173,2
9221,3,7.attn.25894,7,attn,25894,404,0
9222,3,7.attn.22812,7,attn,22812,481,0
9223,3,7.attn.1797,7,attn,1797,400,0
9224,3,5.attn.26880,5,attn,26880,208,2
9225,3,7.attn.4004,7,attn,4004,228,2
9226,3,5.attn.13339,5,attn,13339,549,1528
9227,3,7.attn.11056,7,attn,11056,353,0
9228,3,5.attn.27380,5,attn,27380,277,2
9229,3,7.attn.29584,7,attn,29584,640,1529
9230,3,5.attn.35112,5,attn,35112,332,2
9231,3,5.attn.36208,5,attn,36208,380,0
9232,3,7.attn.31893,7,attn,31893,181,2
9233,3,5.attn.18318,5,attn,18318,269,2
9234,3,7.attn.32657,7,attn,32657,405,0
9235,3,5.attn.31402,5,attn,31402,477,0
9236,3,7.attn.15511,7,attn,15511,402,0
9237,3,5.attn.1063,5,attn,1063,190,2
9238,3,7.attn.928,7,attn,928,470,0
9239,3,5.attn.3682,5,attn,3682,242,2
9240,3,7.attn.9147,7,attn,9147,299,2
9241,3,5.attn.40831,5,attn,40831,167,2
9242,3,7.attn.23186,7,attn,23186,418,0
9243,3,5.attn.19718,5,attn,19718,175,2
9244,3,7.attn.23503,7,attn,23503,426,0
9245,3,5.attn.10539,5,attn,10539,270,2
9246,3,7.attn.9661,7,attn,9661,176,2
9247,3,5.attn.34694,5,attn,34694,313,0
9248,3,7.attn.32391,7,attn,32391,381,0
9249,3,5.attn.33638,5,attn,33638,261,2
9250,3,7.attn.35463,7,attn,35463,550,0
9251,3,5.attn.16953,5,attn,16953,359,0
9252,3,7.attn.14346,7,attn,14346,547,0
9253,3,5.attn.10470,5,attn,10470,172,0
9254,3,5.attn.20537,5,attn,20537,460,0
9255,3,7.attn.16544,7,attn,16544,488,0
9256,3,5.attn.3271,5,attn,3271,122,2
9257,3,7.attn.27195,7,attn,27195,236,2
9258,3,5.attn.40015,5,attn,40015,230,2
9259,3,7.attn.29799,7,attn,29799,411,2
9260,3,5.attn.12382,5,attn,12382,339,0
9261,3,7.attn.20607,7,attn,20607,344,0
9262,3,5.attn.8824,5,attn,8824,291,0
9263,3,7.attn.16563,7,attn,16563,452,0
9264,3,5.attn.2135,5,attn,2135,130,2
9265,3,7.attn.32135,7,attn,32135,431,0
9266,3,5.mlp.26586,5,mlp,26586,363,0
9267,3,6.resid.12596,6,resid,12596,457,0
9268,3,5.mlp.20804,5,mlp,20804,363,0
9269,3,6.resid.16324,6,resid,16324,303,0
9270,3,5.mlp.9538,5,mlp,9538,345,0
9271,3,6.resid.33943,6,resid,33943,414,0
9272,3,5.mlp.18104,5,mlp,18104,257,0
9273,3,6.resid.39593,6,resid,39593,348,0
9274,3,5.mlp.26581,5,mlp,26581,413,0
9275,3,6.resid.27535,6,resid,27535,651,1530
9276,3,5.mlp.15947,5,mlp,15947,266,0
9277,3,6.resid.29937,6,resid,29937,379,0
9278,3,5.mlp.19688,5,mlp,19688,515,1531
9279,3,6.resid.27592,6,resid,27592,315,0
9280,3,5.mlp.19199,5,mlp,19199,559,0
9281,3,6.resid.29761,6,resid,29761,342,0
9282,3,5.mlp.27884,5,mlp,27884,246,0
9283,3,6.resid.4005,6,resid,4005,585,1532
9284,3,5.mlp.16093,5,mlp,16093,230,0
9285,3,6.resid.9515,6,resid,9515,450,0
9286,3,5.mlp.32723,5,mlp,32723,320,0
9287,3,6.resid.13787,6,resid,13787,361,0
9288,3,5.mlp.10059,5,mlp,10059,323,0
9289,3,6.resid.36142,6,resid,36142,449,0
9290,3,5.mlp.10396,5,mlp,10396,215,0
9291,3,6.resid.16945,6,resid,16945,356,0
9292,3,5.mlp.28039,5,mlp,28039,282,0
9293,3,6.resid.23431,6,resid,23431,277,0
9294,3,5.mlp.2983,5,mlp,2983,404,0
9295,3,6.resid.32719,6,resid,32719,626,1533
9296,3,5.mlp.18347,5,mlp,18347,427,0
9297,3,6.resid.5694,6,resid,5694,321,0
9298,3,5.mlp.8444,5,mlp,8444,514,1534
9299,3,6.resid.20651,6,resid,20651,543,0
9300,3,5.mlp.24495,5,mlp,24495,553,1535
9301,3,6.resid.18789,6,resid,18789,337,0
9302,3,5.mlp.31155,5,mlp,31155,382,0
9303,3,6.resid.3638,6,resid,3638,528,0
9304,3,5.mlp.40847,5,mlp,40847,413,0
9305,3,6.resid.29849,6,resid,29849,372,1536
9306,3,5.mlp.13230,5,mlp,13230,362,0
9307,3,6.resid.2850,6,resid,2850,311,0
9308,3,5.mlp.3530,5,mlp,3530,375,0
9309,3,6.resid.932,6,resid,932,570,1537
9310,3,5.mlp.29998,5,mlp,29998,372,0
9311,3,6.resid.2729,6,resid,2729,320,0
9312,3,5.mlp.31933,5,mlp,31933,301,0
9313,3,6.resid.25219,6,resid,25219,374,0
9314,3,5.mlp.37362,5,mlp,37362,446,0
9315,3,6.resid.5808,6,resid,5808,522,0
9316,3,5.mlp.12384,5,mlp,12384,300,0
9317,3,6.resid.36268,6,resid,36268,501,1538
9318,3,5.mlp.24075,5,mlp,24075,339,0
9319,3,6.resid.709,6,resid,709,484,1539
9320,3,5.mlp.20114,5,mlp,20114,455,0
9321,3,6.resid.18843,6,resid,18843,467,0
9322,3,5.resid.9880,5,resid,9880,294,0
9323,3,6.mlp.11673,6,mlp,11673,802,1540
9324,3,5.resid.3516,5,resid,3516,337,0
9325,3,6.mlp.21436,6,mlp,21436,289,0
9326,3,5.resid.25970,5,resid,25970,350,0
9327,3,6.mlp.16830,6,mlp,16830,269,0
9328,3,5.resid.18028,5,resid,18028,399,0
9329,3,6.mlp.5459,6,mlp,5459,365,0
9330,3,5.resid.1539,5,resid,1539,274,0
9331,3,6.mlp.19079,6,mlp,19079,496,1541
9332,3,5.resid.9424,5,resid,9424,298,0
9333,3,6.mlp.32369,6,mlp,32369,599,1542
9334,3,5.resid.37186,5,resid,37186,331,0
9335,3,6.mlp.38351,6,mlp,38351,284,0
9336,3,5.resid.16437,5,resid,16437,501,1543
9337,3,6.mlp.20946,6,mlp,20946,381,0
9338,3,5.resid.4919,5,resid,4919,481,0
9339,3,6.mlp.24024,6,mlp,24024,212,0
9340,3,5.resid.11588,5,resid,11588,433,0
9341,3,6.mlp.34109,6,mlp,34109,353,0
9342,3,5.resid.29221,5,resid,29221,365,0
9343,3,6.mlp.40358,6,mlp,40358,487,0
9344,3,5.resid.1961,5,resid,1961,381,0
9345,3,6.mlp.13442,6,mlp,13442,688,1544
9346,3,5.resid.35676,5,resid,35676,265,0
9347,3,6.mlp.19182,6,mlp,19182,284,0
9348,3,5.resid.2990,5,resid,2990,378,1545
9349,3,6.mlp.16030,6,mlp,16030,386,0
9350,3,5.resid.3557,5,resid,3557,535,0
9351,3,6.mlp.24236,6,mlp,24236,340,0
9352,3,5.resid.3621,5,resid,3621,517,0
9353,3,6.mlp.15860,6,mlp,15860,385,0
9354,3,5.resid.11812,5,resid,11812,268,0
9355,3,6.mlp.31176,6,mlp,31176,299,0
9356,3,5.resid.1911,5,resid,1911,301,0
9357,3,6.mlp.40121,6,mlp,40121,556,1546
9358,3,5.resid.26507,5,resid,26507,349,0
9359,3,6.mlp.3092,6,mlp,3092,365,0
9360,3,5.resid.12815,5,resid,12815,332,0
9361,3,6.mlp.25923,6,mlp,25923,347,0
9362,3,5.resid.21568,5,resid,21568,429,0
9363,3,6.mlp.38354,6,mlp,38354,531,0
9364,3,5.resid.27390,5,resid,27390,332,0
9365,3,6.mlp.26669,6,mlp,26669,487,0
9366,3,5.resid.21958,5,resid,21958,361,0
9367,3,6.mlp.39815,6,mlp,39815,367,0
9368,3,5.resid.33392,5,resid,33392,323,0
9369,3,6.mlp.30854,6,mlp,30854,278,0
9370,3,5.resid.11664,5,resid,11664,415,1547
9371,3,6.mlp.12722,6,mlp,12722,220,0
9372,3,5.resid.938,5,resid,938,267,2
9373,3,6.mlp.11986,6,mlp,11986,355,0
9374,3,5.resid.19042,5,resid,19042,393,0
9375,3,6.mlp.25008,6,mlp,25008,374,0
9376,3,5.resid.23043,5,resid,23043,312,0
9377,3,6.mlp.29022,6,mlp,29022,267,0
9378,3,5.resid.8273,5,resid,8273,328,0
9379,3,6.mlp.40862,6,mlp,40862,333,0
9380,3,6.attn.30020,6,attn,30020,290,2
9381,3,6.attn.9708,6,attn,9708,379,0
9382,3,6.attn.3222,6,attn,3222,242,0
9383,3,6.attn.4785,6,attn,4785,221,2
9384,3,6.attn.39810,6,attn,39810,279,2
9385,3,6.attn.38867,6,attn,38867,303,2
9386,3,6.attn.20967,6,attn,20967,479,0
9387,3,6.attn.33428,6,attn,33428,183,2
9388,3,6.attn.35466,6,attn,35466,368,0
9389,3,6.attn.12730,6,attn,12730,400,0
9390,3,6.attn.922,6,attn,922,266,0
9391,3,6.attn.13717,6,attn,13717,376,0
9392,3,6.attn.38311,6,attn,38311,345,2
9393,3,6.attn.18872,6,attn,18872,417,0
9394,3,6.attn.15180,6,attn,15180,349,2
9395,3,6.attn.22748,6,attn,22748,408,0
9396,3,6.attn.35518,6,attn,35518,497,0
9397,3,6.attn.20544,6,attn,20544,456,0
9398,3,6.attn.17258,6,attn,17258,202,2
9399,3,6.attn.32865,6,attn,32865,241,2
9400,3,6.attn.19280,6,attn,19280,441,0
9401,3,6.attn.10869,6,attn,10869,403,0
9402,3,6.attn.4226,6,attn,4226,351,0
9403,3,6.attn.28931,6,attn,28931,325,2
9404,3,6.attn.24610,6,attn,24610,406,0
9405,3,6.attn.37890,6,attn,37890,243,2
9406,3,0.mlp.24179,0,mlp,24179,21,1
9407,4,0.mlp.252,0,mlp,252,64,1
9408,4,11.resid.1320,11,resid,1320,501,1548
9409,4,0.mlp.13693,0,mlp,13693,11,0
9410,4,11.resid.21387,11,resid,21387,493,0
9411,4,0.mlp.38130,0,mlp,38130,13,0
9412,4,11.resid.162,11,resid,162,323,2
9413,4,0.mlp.15818,0,mlp,15818,40,1
9414,4,11.resid.40266,11,resid,40266,448,0
9415,4,0.mlp.1803,0,mlp,1803,22,1
9416,4,11.resid.36909,11,resid,36909,511,1549
9417,4,0.mlp.32270,0,mlp,32270,15,1
9418,4,11.resid.33726,11,resid,33726,311,0
9419,4,0.mlp.7173,0,mlp,7173,32,1
9420,4,11.resid.17896,11,resid,17896,275,0
9421,4,0.mlp.6838,0,mlp,6838,10,1550
9422,4,11.resid.36393,11,resid,36393,385,0
9423,4,0.mlp.14375,0,mlp,14375,21,1
9424,4,11.resid.30952,11,resid,30952,508,1551
9425,4,0.mlp.31575,0,mlp,31575,76,1
9426,4,11.resid.37859,11,resid,37859,347,0
9427,4,0.mlp.13435,0,mlp,13435,5,0
9428,4,11.resid.3688,11,resid,3688,485,1552
9429,4,0.mlp.972,0,mlp,972,17,1
9430,4,11.resid.17441,11,resid,17441,413,0
9431,4,0.mlp.19419,0,mlp,19419,16,1
9432,4,11.resid.37807,11,resid,37807,362,0
9433,4,0.mlp.18469,0,mlp,18469,18,1
9434,4,11.resid.11552,11,resid,11552,425,0
9435,4,0.mlp.33261,0,mlp,33261,18,1
9436,4,11.resid.38184,11,resid,38184,244,0
9437,4,0.mlp.6834,0,mlp,6834,9,0
9438,4,11.resid.7366,11,resid,7366,339,0
9439,4,0.mlp.40617,0,mlp,40617,67,1
9440,4,11.resid.13294,11,resid,13294,616,1553
9441,4,0.mlp.15317,0,mlp,15317,21,1
9442,4,11.resid.7771,11,resid,7771,449,0
9443,4,0.mlp.14603,0,mlp,14603,80,1
9444,4,11.resid.7049,11,resid,7049,291,0
9445,4,0.mlp.24278,0,mlp,24278,46,1
9446,4,11.resid.21495,11,resid,21495,244,2
9447,4,0.mlp.5576,0,mlp,5576,13,1
9448,4,11.resid.1312,11,resid,1312,621,1554
9449,4,0.mlp.10996,0,mlp,10996,44,1
9450,4,11.resid.20108,11,resid,20108,467,0
9451,4,0.mlp.9261,0,mlp,9261,53,1
9452,4,11.resid.37348,11,resid,37348,520,1555
9453,4,0.mlp.28306,0,mlp,28306,24,1
9454,4,11.resid.32704,11,resid,32704,596,1556
9455,4,0.mlp.33745,0,mlp,33745,12,0
9456,4,11.resid.5899,11,resid,5899,524,0
9457,4,0.mlp.22096,0,mlp,22096,27,1
9458,4,11.resid.4254,11,resid,4254,712,1557
9459,4,0.mlp.2494,0,mlp,2494,18,1
9460,4,11.resid.12445,11,resid,12445,185,0
9461,4,0.mlp.29422,0,mlp,29422,61,1
9462,4,11.resid.39974,11,resid,39974,647,1558
9463,4,0.mlp.13048,0,mlp,13048,37,1
9464,4,11.resid.27917,11,resid,27917,315,0
9465,4,0.resid.15668,0,resid,15668,18,1
9466,4,11.mlp.15835,11,mlp,15835,587,1559
9467,4,0.resid.40847,0,resid,40847,36,1
9468,4,11.mlp.6609,11,mlp,6609,324,0
9469,4,0.resid.28950,0,resid,28950,27,1
9470,4,11.mlp.25209,11,mlp,25209,398,0
9471,4,0.resid.15723,0,resid,15723,15,0
9472,4,11.mlp.2893,11,mlp,2893,339,0
9473,4,0.resid.29248,0,resid,29248,35,1
9474,4,11.mlp.33919,11,mlp,33919,509,0
9475,4,0.resid.24212,0,resid,24212,30,1
9476,4,11.mlp.3200,11,mlp,3200,214,0
9477,4,0.resid.31966,0,resid,31966,77,1
9478,4,11.mlp.29635,11,mlp,29635,489,0
9479,4,0.resid.12578,0,resid,12578,52,1
9480,4,11.mlp.26483,11,mlp,26483,482,0
9481,4,0.resid.8060,0,resid,8060,55,1
9482,4,11.mlp.2963,11,mlp,2963,557,1560
9483,4,0.resid.9981,0,resid,9981,42,1
9484,4,11.mlp.23625,11,mlp,23625,570,1561
9485,4,0.resid.36451,0,resid,36451,11,0
9486,4,11.mlp.32712,11,mlp,32712,433,0
9487,4,0.resid.40331,0,resid,40331,57,1
9488,4,11.mlp.15893,11,mlp,15893,347,0
9489,4,0.resid.14763,0,resid,14763,69,1
9490,4,11.mlp.16199,11,mlp,16199,587,1562
9491,4,0.resid.28160,0,resid,28160,27,1
9492,4,11.mlp.7437,11,mlp,7437,584,1563
9493,4,0.resid.12426,0,resid,12426,17,0
9494,4,11.mlp.12740,11,mlp,12740,643,1564
9495,4,0.resid.12629,0,resid,12629,30,1
9496,4,11.mlp.2298,11,mlp,2298,449,0
9497,4,0.resid.35621,0,resid,35621,56,1
9498,4,11.mlp.38306,11,mlp,38306,639,1565
9499,4,0.resid.37830,0,resid,37830,122,1
9500,4,11.mlp.36265,11,mlp,36265,368,0
9501,4,0.resid.6824,0,resid,6824,17,1
9502,4,11.mlp.5580,11,mlp,5580,525,0
9503,4,0.resid.9398,0,resid,9398,44,1
9504,4,11.mlp.22476,11,mlp,22476,655,1566
9505,4,0.resid.30827,0,resid,30827,19,1
9506,4,11.mlp.5370,11,mlp,5370,239,0
9507,4,0.resid.18235,0,resid,18235,95,1
9508,4,11.mlp.4958,11,mlp,4958,526,0
9509,4,0.resid.23605,0,resid,23605,24,1
9510,4,11.mlp.1632,11,mlp,1632,520,1567
9511,4,0.resid.36589,0,resid,36589,12,1
9512,4,11.mlp.18500,11,mlp,18500,543,1568
9513,4,0.resid.23227,0,resid,23227,29,1
9514,4,11.mlp.24140,11,mlp,24140,236,0
9515,4,0.resid.40472,0,resid,40472,92,1
9516,4,11.mlp.9014,11,mlp,9014,636,1569
9517,4,0.resid.36134,0,resid,36134,11,0
9518,4,11.mlp.12818,11,mlp,12818,580,1570
9519,4,0.resid.30015,0,resid,30015,21,1
9520,4,11.mlp.32905,11,mlp,32905,441,0
9521,4,1.attn.17561,1,attn,17561,71,1
9522,4,11.attn.13101,11,attn,13101,65,1
9523,4,1.attn.26771,1,attn,26771,78,1
9524,4,11.attn.37723,11,attn,37723,250,0
9525,4,11.attn.7270,11,attn,7270,327,2
9526,4,1.attn.10722,1,attn,10722,82,1
9527,4,11.attn.17833,11,attn,17833,312,0
9528,4,11.attn.30849,11,attn,30849,687,1571
9529,4,1.attn.26830,1,attn,26830,51,1
9530,4,11.attn.360,11,attn,360,287,2
9531,4,11.attn.23290,11,attn,23290,604,1572
9532,4,1.attn.15965,1,attn,15965,48,2
9533,4,11.attn.37274,11,attn,37274,362,0
9534,4,11.attn.31041,11,attn,31041,423,0
9535,4,1.attn.23540,1,attn,23540,77,2
9536,4,11.attn.536,11,attn,536,322,0
9537,4,11.attn.33086,11,attn,33086,278,2
9538,4,11.attn.27811,11,attn,27811,481,0
9539,4,11.attn.23102,11,attn,23102,513,0
9540,4,1.attn.36159,1,attn,36159,83,1
9541,4,11.attn.16111,11,attn,16111,569,0
9542,4,11.attn.9777,11,attn,9777,474,0
9543,4,11.attn.32130,11,attn,32130,264,0
9544,4,11.attn.21754,11,attn,21754,798,1573
9545,4,11.attn.26313,11,attn,26313,704,1574
9546,4,1.attn.14271,1,attn,14271,43,1
9547,4,11.attn.31644,11,attn,31644,2151,1575
9548,4,11.attn.30177,11,attn,30177,230,0
9549,4,11.attn.27682,11,attn,27682,730,1576
9550,4,11.attn.34869,11,attn,34869,279,0
9551,4,11.attn.26196,11,attn,26196,626,1577
9552,4,11.attn.3636,11,attn,3636,240,0
9553,4,11.attn.291,11,attn,291,898,1578
9554,4,11.attn.2005,11,attn,2005,400,0
9555,4,11.attn.19933,11,attn,19933,404,0
9556,4,1.attn.29339,1,attn,29339,55,1
9557,4,11.attn.37014,11,attn,37014,783,1579
9558,4,1.mlp.18178,1,mlp,18178,177,1
9559,4,10.resid.40232,10,resid,40232,515,1580
9560,4,1.mlp.8035,1,mlp,8035,192,1
9561,4,10.resid.5213,10,resid,5213,579,1581
9562,4,1.mlp.34352,1,mlp,34352,147,1
9563,4,10.resid.25789,10,resid,25789,336,0
9564,4,1.mlp.10645,1,mlp,10645,106,1
9565,4,10.resid.6313,10,resid,6313,773,1582
9566,4,1.mlp.9698,1,mlp,9698,132,1
9567,4,10.resid.4751,10,resid,4751,571,0
9568,4,1.mlp.7506,1,mlp,7506,136,1
9569,4,10.resid.6898,10,resid,6898,954,1583
9570,4,1.mlp.21441,1,mlp,21441,197,0
9571,4,10.resid.3129,10,resid,3129,676,1584
9572,4,1.mlp.17120,1,mlp,17120,122,1
9573,4,10.resid.31581,10,resid,31581,743,1585
9574,4,1.mlp.38098,1,mlp,38098,124,1
9575,4,10.resid.4363,10,resid,4363,756,1586
9576,4,1.mlp.23742,1,mlp,23742,104,1
9577,4,10.resid.37679,10,resid,37679,716,1587
9578,4,1.mlp.38311,1,mlp,38311,127,1
9579,4,10.resid.35352,10,resid,35352,225,0
9580,4,1.mlp.4882,1,mlp,4882,218,0
9581,4,10.resid.38322,10,resid,38322,764,1588
9582,4,1.mlp.28109,1,mlp,28109,147,1
9583,4,10.resid.30950,10,resid,30950,388,0
9584,4,1.mlp.25192,1,mlp,25192,113,1
9585,4,10.resid.12797,10,resid,12797,775,1589
9586,4,1.mlp.11780,1,mlp,11780,119,1
9587,4,10.resid.10348,10,resid,10348,611,1590
9588,4,1.mlp.8968,1,mlp,8968,99,1
9589,4,10.resid.3269,10,resid,3269,837,1591
9590,4,1.mlp.6194,1,mlp,6194,91,1
9591,4,10.resid.3983,10,resid,3983,540,0
9592,4,1.mlp.9853,1,mlp,9853,70,1
9593,4,10.resid.32791,10,resid,32791,831,1592
9594,4,1.mlp.19956,1,mlp,19956,89,1
9595,4,10.resid.15497,10,resid,15497,710,1593
9596,4,1.mlp.26171,1,mlp,26171,93,1
9597,4,10.resid.22269,10,resid,22269,256,0
9598,4,1.mlp.26959,1,mlp,26959,190,1
9599,4,10.resid.9400,10,resid,9400,391,0
9600,4,1.mlp.35881,1,mlp,35881,147,1
9601,4,10.resid.5651,10,resid,5651,417,0
9602,4,1.mlp.33007,1,mlp,33007,159,1
9603,4,10.resid.8060,10,resid,8060,703,1594
9604,4,1.mlp.34767,1,mlp,34767,93,1
9605,4,10.resid.39784,10,resid,39784,610,1595
9606,4,1.mlp.17413,1,mlp,17413,126,1
9607,4,10.resid.38873,10,resid,38873,930,1596
9608,4,1.mlp.30671,1,mlp,30671,119,1
9609,4,10.resid.8575,10,resid,8575,340,0
9610,4,1.mlp.35042,1,mlp,35042,165,1
9611,4,10.resid.18713,10,resid,18713,366,0
9612,4,1.mlp.4049,1,mlp,4049,132,1
9613,4,10.resid.6251,10,resid,6251,390,0
9614,4,1.resid.19828,1,resid,19828,74,1
9615,4,10.mlp.17360,10,mlp,17360,591,1597
9616,4,1.resid.11954,1,resid,11954,72,1
9617,4,10.mlp.5152,10,mlp,5152,563,0
9618,4,1.resid.12618,1,resid,12618,63,1
9619,4,10.mlp.38934,10,mlp,38934,653,1598
9620,4,1.resid.37165,1,resid,37165,147,1
9621,4,10.mlp.27277,10,mlp,27277,413,0
9622,4,1.resid.36838,1,resid,36838,136,1
9623,4,10.mlp.2382,10,mlp,2382,362,0
9624,4,1.resid.32812,1,resid,32812,121,1
9625,4,10.mlp.35353,10,mlp,35353,617,1599
9626,4,1.resid.19090,1,resid,19090,148,1
9627,4,10.mlp.28855,10,mlp,28855,628,1600
9628,4,1.resid.951,1,resid,951,85,1
9629,4,10.mlp.3219,10,mlp,3219,359,0
9630,4,1.resid.5431,1,resid,5431,159,1
9631,4,10.mlp.25236,10,mlp,25236,439,0
9632,4,1.resid.31921,1,resid,31921,233,0
9633,4,10.mlp.33293,10,mlp,33293,545,1601
9634,4,1.resid.31705,1,resid,31705,96,1
9635,4,10.mlp.34351,10,mlp,34351,510,0
9636,4,1.resid.39129,1,resid,39129,100,1
9637,4,10.mlp.37105,10,mlp,37105,317,2
9638,4,1.resid.27408,1,resid,27408,134,1
9639,4,10.mlp.26069,10,mlp,26069,446,0
9640,4,1.resid.37817,1,resid,37817,179,1
9641,4,10.mlp.14197,10,mlp,14197,254,0
9642,4,1.resid.27052,1,resid,27052,84,1
9643,4,10.mlp.8448,10,mlp,8448,474,0
9644,4,1.resid.22465,1,resid,22465,63,1
9645,4,10.mlp.37274,10,mlp,37274,248,0
9646,4,1.resid.21594,1,resid,21594,126,1
9647,4,10.mlp.33967,10,mlp,33967,452,0
9648,4,1.resid.23607,1,resid,23607,98,1
9649,4,10.mlp.29115,10,mlp,29115,583,1602
9650,4,1.resid.10484,1,resid,10484,53,1
9651,4,10.mlp.24907,10,mlp,24907,726,1603
9652,4,1.resid.33535,1,resid,33535,97,1
9653,4,10.mlp.21748,10,mlp,21748,376,0
9654,4,1.resid.30441,1,resid,30441,157,1
9655,4,10.mlp.12138,10,mlp,12138,630,1604
9656,4,1.resid.15960,1,resid,15960,137,1
9657,4,10.mlp.30385,10,mlp,30385,402,0
9658,4,1.resid.39401,1,resid,39401,90,1
9659,4,10.mlp.36644,10,mlp,36644,419,0
9660,4,1.resid.35396,1,resid,35396,79,2
9661,4,10.mlp.20155,10,mlp,20155,448,0
9662,4,1.resid.17191,1,resid,17191,82,1
9663,4,10.mlp.21330,10,mlp,21330,341,0
9664,4,1.resid.34933,1,resid,34933,95,1
9665,4,10.mlp.8150,10,mlp,8150,273,0
9666,4,1.resid.23994,1,resid,23994,133,1
9667,4,10.mlp.23269,10,mlp,23269,626,1605
9668,4,1.resid.6849,1,resid,6849,160,1
9669,4,10.mlp.24467,10,mlp,24467,512,0
9670,4,10.mlp.22007,10,mlp,22007,464,0
9671,4,2.attn.33479,2,attn,33479,182,2
9672,4,10.attn.11160,10,attn,11160,833,1606
9673,4,2.attn.24941,2,attn,24941,181,0
9674,4,10.attn.37438,10,attn,37438,460,0
9675,4,2.attn.17512,2,attn,17512,191,0
9676,4,10.attn.26063,10,attn,26063,608,1607
9677,4,10.attn.11974,10,attn,11974,379,0
9678,4,2.attn.22342,2,attn,22342,194,0
9679,4,10.attn.40306,10,attn,40306,455,0
9680,4,2.attn.38672,2,attn,38672,121,1
9681,4,10.attn.17677,10,attn,17677,495,0
9682,4,2.attn.32497,2,attn,32497,156,2
9683,4,10.attn.14191,10,attn,14191,452,0
9684,4,10.attn.31949,10,attn,31949,707,1608
9685,4,10.attn.17779,10,attn,17779,808,1609
9686,4,2.attn.27803,2,attn,27803,172,0
9687,4,10.attn.33452,10,attn,33452,173,2
9688,4,2.attn.1581,2,attn,1581,289,0
9689,4,10.attn.28797,10,attn,28797,1385,1610
9690,4,10.attn.18838,10,attn,18838,415,0
9691,4,2.attn.30117,2,attn,30117,107,2
9692,4,10.attn.14815,10,attn,14815,368,0
9693,4,10.attn.38182,10,attn,38182,271,0
9694,4,10.attn.34849,10,attn,34849,455,0
9695,4,2.attn.9355,2,attn,9355,66,0
9696,4,10.attn.34156,10,attn,34156,813,1611
9697,4,2.attn.38110,2,attn,38110,188,0
9698,4,10.attn.15989,10,attn,15989,505,0
9699,4,2.attn.37594,2,attn,37594,148,1
9700,4,10.attn.21883,10,attn,21883,802,1612
9701,4,2.attn.23197,2,attn,23197,54,1
9702,4,10.attn.38736,10,attn,38736,520,0
9703,4,10.attn.7249,10,attn,7249,502,0
9704,4,2.attn.22322,2,attn,22322,168,1
9705,4,10.attn.17783,10,attn,17783,725,1613
9706,4,10.attn.24680,10,attn,24680,305,0
9707,4,2.attn.11088,2,attn,11088,189,2
9708,4,10.attn.16093,10,attn,16093,346,0
9709,4,2.attn.18464,2,attn,18464,314,0
9710,4,10.attn.14177,10,attn,14177,644,1614
9711,4,2.attn.15038,2,attn,15038,163,0
9712,4,10.attn.37451,10,attn,37451,802,1615
9713,4,10.attn.33202,10,attn,33202,434,0
9714,4,10.attn.24254,10,attn,24254,701,1616
9715,4,2.attn.3894,2,attn,3894,103,2
9716,4,2.mlp.8553,2,mlp,8553,123,1
9717,4,9.resid.17485,9,resid,17485,545,1617
9718,4,2.mlp.88,2,mlp,88,141,1
9719,4,9.resid.864,9,resid,864,545,1618
9720,4,2.mlp.9455,2,mlp,9455,246,0
9721,4,9.resid.11911,9,resid,11911,617,1619
9722,4,2.mlp.24635,2,mlp,24635,158,1
9723,4,9.resid.15652,9,resid,15652,675,1620
9724,4,2.mlp.30055,2,mlp,30055,124,1
9725,4,9.resid.27920,9,resid,27920,883,1621
9726,4,2.mlp.35676,2,mlp,35676,263,0
9727,4,9.resid.508,9,resid,508,505,1622
9728,4,2.mlp.13583,2,mlp,13583,218,0
9729,4,9.resid.21493,9,resid,21493,572,0
9730,4,2.mlp.18677,2,mlp,18677,177,0
9731,4,9.resid.869,9,resid,869,548,1623
9732,4,2.mlp.31672,2,mlp,31672,171,0
9733,4,9.resid.20214,9,resid,20214,567,1624
9734,4,2.mlp.10876,2,mlp,10876,189,0
9735,4,9.resid.5462,9,resid,5462,463,0
9736,4,2.mlp.26270,2,mlp,26270,120,1
9737,4,9.resid.18220,9,resid,18220,317,2
9738,4,2.mlp.15277,2,mlp,15277,207,0
9739,4,9.resid.28882,9,resid,28882,608,1625
9740,4,2.mlp.14695,2,mlp,14695,108,1
9741,4,9.resid.40926,9,resid,40926,621,1626
9742,4,2.mlp.19601,2,mlp,19601,226,0
9743,4,9.resid.24757,9,resid,24757,272,0
9744,4,2.mlp.8840,2,mlp,8840,140,1
9745,4,9.resid.10420,9,resid,10420,661,1627
9746,4,2.mlp.10387,2,mlp,10387,134,1
9747,4,9.resid.15109,9,resid,15109,710,1628
9748,4,2.mlp.40101,2,mlp,40101,184,0
9749,4,9.resid.18659,9,resid,18659,516,0
9750,4,2.mlp.12273,2,mlp,12273,222,0
9751,4,9.resid.36167,9,resid,36167,889,1629
9752,4,2.mlp.6261,2,mlp,6261,227,0
9753,4,9.resid.29599,9,resid,29599,730,1630
9754,4,2.mlp.21449,2,mlp,21449,168,0
9755,4,9.resid.35591,9,resid,35591,573,1631
9756,4,2.mlp.17760,2,mlp,17760,190,1
9757,4,9.resid.6142,9,resid,6142,639,1632
9758,4,2.mlp.17391,2,mlp,17391,197,0
9759,4,9.resid.36949,9,resid,36949,599,1633
9760,4,2.mlp.33274,2,mlp,33274,247,0
9761,4,9.resid.25580,9,resid,25580,648,1634
9762,4,2.mlp.11162,2,mlp,11162,248,0
9763,4,9.resid.1423,9,resid,1423,572,0
9764,4,2.mlp.32756,2,mlp,32756,268,0
9765,4,9.resid.5321,9,resid,5321,370,0
9766,4,2.mlp.19817,2,mlp,19817,255,0
9767,4,9.resid.26154,9,resid,26154,305,0
9768,4,2.mlp.40781,2,mlp,40781,197,0
9769,4,9.resid.30759,9,resid,30759,390,0
9770,4,2.mlp.11004,2,mlp,11004,124,1
9771,4,9.resid.8310,9,resid,8310,828,1635
9772,4,2.resid.36666,2,resid,36666,205,0
9773,4,9.resid.20344,9,resid,20344,701,1636
9774,4,2.resid.2520,2,resid,2520,249,0
9775,4,9.mlp.24259,9,mlp,24259,519,1637
9776,4,2.resid.17168,2,resid,17168,116,1
9777,4,9.mlp.15011,9,mlp,15011,517,0
9778,4,2.resid.5208,2,resid,5208,197,0
9779,4,9.mlp.37818,9,mlp,37818,370,0
9780,4,2.resid.33264,2,resid,33264,165,1
9781,4,9.mlp.11462,9,mlp,11462,685,1638
9782,4,2.resid.994,2,resid,994,108,1
9783,4,9.mlp.22509,9,mlp,22509,364,0
9784,4,2.resid.33342,2,resid,33342,187,0
9785,4,9.mlp.31384,9,mlp,31384,562,1639
9786,4,2.resid.24955,2,resid,24955,104,1
9787,4,9.mlp.40171,9,mlp,40171,437,0
9788,4,2.resid.3544,2,resid,3544,197,0
9789,4,9.mlp.2775,9,mlp,2775,615,1640
9790,4,2.resid.8322,2,resid,8322,83,1
9791,4,9.mlp.35799,9,mlp,35799,576,1641
9792,4,2.resid.17466,2,resid,17466,188,0
9793,4,9.mlp.18256,9,mlp,18256,501,1642
9794,4,2.resid.6216,2,resid,6216,325,0
9795,4,9.mlp.28926,9,mlp,28926,614,1643
9796,4,2.resid.40322,2,resid,40322,178,0
9797,4,9.mlp.9726,9,mlp,9726,439,0
9798,4,2.resid.34091,2,resid,34091,78,2
9799,4,9.mlp.28913,9,mlp,28913,361,0
9800,4,2.resid.32689,2,resid,32689,76,1
9801,4,9.mlp.18226,9,mlp,18226,438,0
9802,4,2.resid.12155,2,resid,12155,137,1
9803,4,9.mlp.19134,9,mlp,19134,422,0
9804,4,2.resid.6378,2,resid,6378,124,1
9805,4,9.mlp.17903,9,mlp,17903,522,1644
9806,4,2.resid.9130,2,resid,9130,125,1
9807,4,9.mlp.15399,9,mlp,15399,420,0
9808,4,2.resid.1548,2,resid,1548,139,2
9809,4,9.mlp.35482,9,mlp,35482,555,0
9810,4,2.resid.28664,2,resid,28664,182,1
9811,4,9.mlp.27325,9,mlp,27325,546,1645
9812,4,2.resid.18843,2,resid,18843,82,2
9813,4,9.mlp.32393,9,mlp,32393,503,0
9814,4,2.resid.14708,2,resid,14708,181,0
9815,4,9.mlp.26524,9,mlp,26524,510,1646
9816,4,2.resid.14452,2,resid,14452,65,1
9817,4,9.mlp.9101,9,mlp,9101,569,1647
9818,4,2.resid.2479,2,resid,2479,169,0
9819,4,9.mlp.13168,9,mlp,13168,584,1648
9820,4,2.resid.40003,2,resid,40003,150,0
9821,4,9.mlp.2163,9,mlp,2163,457,0
9822,4,2.resid.16477,2,resid,16477,180,0
9823,4,9.mlp.24214,9,mlp,24214,483,0
9824,4,2.resid.10249,2,resid,10249,245,0
9825,4,9.mlp.28931,9,mlp,28931,458,1649
9826,4,2.resid.23176,2,resid,23176,161,1
9827,4,9.mlp.5724,9,mlp,5724,425,0
9828,4,2.resid.26305,2,resid,26305,132,2
9829,4,9.mlp.17826,9,mlp,17826,502,0
9830,4,3.attn.26172,3,attn,26172,212,0
9831,4,9.attn.17486,9,attn,17486,704,1650
9832,4,3.attn.33334,3,attn,33334,91,2
9833,4,9.attn.22483,9,attn,22483,320,2
9834,4,3.attn.15922,3,attn,15922,138,2
9835,4,9.attn.3057,9,attn,3057,147,0
9836,4,9.attn.38080,9,attn,38080,337,2
9837,4,3.attn.15155,3,attn,15155,98,2
9838,4,9.attn.5086,9,attn,5086,155,2
9839,4,9.attn.10539,9,attn,10539,781,1651
9840,4,3.attn.21454,3,attn,21454,203,0
9841,4,9.attn.12940,9,attn,12940,564,0
9842,4,3.attn.36793,3,attn,36793,195,2
9843,4,9.attn.35204,9,attn,35204,755,1652
9844,4,3.attn.36320,3,attn,36320,256,0
9845,4,9.attn.26368,9,attn,26368,216,0
9846,4,3.attn.22938,3,attn,22938,233,0
9847,4,9.attn.3682,9,attn,3682,306,2
9848,4,9.attn.10484,9,attn,10484,415,0
9849,4,3.attn.9767,3,attn,9767,215,0
9850,4,9.attn.37945,9,attn,37945,268,2
9851,4,3.attn.9669,3,attn,9669,159,2
9852,4,9.attn.22281,9,attn,22281,218,2
9853,4,3.attn.6835,3,attn,6835,168,2
9854,4,9.attn.35179,9,attn,35179,281,2
9855,4,3.attn.30543,3,attn,30543,201,2
9856,4,9.attn.22125,9,attn,22125,540,0
9857,4,3.attn.10352,3,attn,10352,124,2
9858,4,9.attn.32915,9,attn,32915,338,0
9859,4,3.attn.22231,3,attn,22231,186,2
9860,4,9.attn.26574,9,attn,26574,283,2
9861,4,3.attn.22937,3,attn,22937,189,2
9862,4,9.attn.23454,9,attn,23454,436,0
9863,4,3.attn.18347,3,attn,18347,223,0
9864,4,9.attn.31377,9,attn,31377,239,2
9865,4,3.attn.9465,3,attn,9465,181,2
9866,4,9.attn.35901,9,attn,35901,302,0
9867,4,3.attn.39587,3,attn,39587,519,0
9868,4,9.attn.21688,9,attn,21688,486,0
9869,4,3.attn.568,3,attn,568,373,2
9870,4,9.attn.15012,9,attn,15012,1006,1653
9871,4,3.attn.31106,3,attn,31106,289,2
9872,4,9.attn.35067,9,attn,35067,382,0
9873,4,3.attn.32800,3,attn,32800,346,0
9874,4,9.attn.37879,9,attn,37879,723,1654
9875,4,3.attn.35598,3,attn,35598,201,0
9876,4,9.attn.40549,9,attn,40549,265,0
9877,4,3.attn.7670,3,attn,7670,217,0
9878,4,9.attn.27535,9,attn,27535,510,0
9879,4,3.attn.17626,3,attn,17626,261,2
9880,4,9.attn.40463,9,attn,40463,367,2
9881,4,3.attn.21388,3,attn,21388,159,2
9882,4,9.attn.2266,9,attn,2266,517,1655
9883,4,3.mlp.18864,3,mlp,18864,142,2
9884,4,8.resid.6463,8,resid,6463,643,1656
9885,4,3.mlp.32773,3,mlp,32773,316,0
9886,4,8.resid.31798,8,resid,31798,620,1657
9887,4,3.mlp.414,3,mlp,414,206,0
9888,4,8.resid.9569,8,resid,9569,601,1658
9889,4,3.mlp.7971,3,mlp,7971,424,0
9890,4,8.resid.26419,8,resid,26419,648,1659
9891,4,3.mlp.15230,3,mlp,15230,350,0
9892,4,8.resid.77,8,resid,77,506,0
9893,4,3.mlp.3705,3,mlp,3705,239,0
9894,4,8.resid.16868,8,resid,16868,564,1660
9895,4,3.mlp.33509,3,mlp,33509,202,0
9896,4,8.resid.7160,8,resid,7160,516,0
9897,4,3.mlp.36797,3,mlp,36797,174,0
9898,4,8.resid.34678,8,resid,34678,487,0
9899,4,3.mlp.5629,3,mlp,5629,224,0
9900,4,8.resid.8757,8,resid,8757,345,0
9901,4,3.mlp.13106,3,mlp,13106,263,0
9902,4,8.resid.19032,8,resid,19032,540,1661
9903,4,3.mlp.14971,3,mlp,14971,181,0
9904,4,8.resid.8884,8,resid,8884,502,0
9905,4,3.mlp.11309,3,mlp,11309,278,0
9906,4,8.resid.5714,8,resid,5714,902,1662
9907,4,3.mlp.3865,3,mlp,3865,278,0
9908,4,8.resid.4068,8,resid,4068,345,0
9909,4,3.mlp.9525,3,mlp,9525,203,0
9910,4,8.resid.8145,8,resid,8145,433,0
9911,4,3.mlp.8101,3,mlp,8101,241,0
9912,4,8.resid.23477,8,resid,23477,452,0
9913,4,3.mlp.4176,3,mlp,4176,256,0
9914,4,8.resid.30543,8,resid,30543,484,0
9915,4,3.mlp.25951,3,mlp,25951,284,0
9916,4,8.resid.36480,8,resid,36480,646,1663
9917,4,3.mlp.7119,3,mlp,7119,275,0
9918,4,8.resid.22461,8,resid,22461,460,0
9919,4,3.mlp.4478,3,mlp,4478,274,0
9920,4,8.resid.31646,8,resid,31646,437,1664
9921,4,3.mlp.37227,3,mlp,37227,214,0
9922,4,8.resid.2289,8,resid,2289,570,0
9923,4,3.mlp.24243,3,mlp,24243,243,0
9924,4,8.resid.33332,8,resid,33332,555,1665
9925,4,3.mlp.35220,3,mlp,35220,226,0
9926,4,8.resid.4888,8,resid,4888,688,1666
9927,4,3.mlp.37470,3,mlp,37470,186,0
9928,4,8.resid.40583,8,resid,40583,643,1667
9929,4,3.mlp.7229,3,mlp,7229,216,0
9930,4,8.resid.27685,8,resid,27685,479,0
9931,4,3.mlp.2139,3,mlp,2139,166,0
9932,4,8.resid.11632,8,resid,11632,472,0
9933,4,3.mlp.20778,3,mlp,20778,290,0
9934,4,8.resid.3283,8,resid,3283,636,1668
9935,4,3.mlp.788,3,mlp,788,267,0
9936,4,8.resid.37060,8,resid,37060,350,0
9937,4,3.mlp.27224,3,mlp,27224,238,0
9938,4,8.resid.7329,8,resid,7329,382,0
9939,4,3.mlp.5848,3,mlp,5848,155,0
9940,4,8.resid.38650,8,resid,38650,467,0
9941,4,3.resid.1251,3,resid,1251,268,0
9942,4,8.mlp.39674,8,mlp,39674,526,0
9943,4,3.resid.163,3,resid,163,287,0
9944,4,8.mlp.32132,8,mlp,32132,347,0
9945,4,3.resid.6076,3,resid,6076,130,1
9946,4,8.mlp.19058,8,mlp,19058,302,0
9947,4,3.resid.23601,3,resid,23601,178,1
9948,4,8.mlp.15614,8,mlp,15614,437,0
9949,4,3.resid.17999,3,resid,17999,211,0
9950,4,8.mlp.18398,8,mlp,18398,491,0
9951,4,3.resid.36127,3,resid,36127,229,0
9952,4,8.mlp.15361,8,mlp,15361,330,0
9953,4,3.resid.25088,3,resid,25088,295,0
9954,4,8.mlp.33110,8,mlp,33110,512,0
9955,4,3.resid.11285,3,resid,11285,143,0
9956,4,8.mlp.26958,8,mlp,26958,443,0
9957,4,3.resid.29667,3,resid,29667,333,0
9958,4,8.mlp.21782,8,mlp,21782,573,1669
9959,4,3.resid.19715,3,resid,19715,116,1
9960,4,8.mlp.30123,8,mlp,30123,328,0
9961,4,3.resid.13200,3,resid,13200,189,0
9962,4,8.mlp.15196,8,mlp,15196,429,0
9963,4,3.resid.40243,3,resid,40243,279,0
9964,4,8.mlp.10950,8,mlp,10950,244,0
9965,4,3.resid.38284,3,resid,38284,372,0
9966,4,8.mlp.29763,8,mlp,29763,537,1670
9967,4,3.resid.39551,3,resid,39551,162,0
9968,4,8.mlp.39643,8,mlp,39643,731,1671
9969,4,3.resid.12219,3,resid,12219,140,2
9970,4,8.mlp.22660,8,mlp,22660,439,0
9971,4,3.resid.38956,3,resid,38956,165,1
9972,4,8.mlp.19551,8,mlp,19551,561,0
9973,4,3.resid.24790,3,resid,24790,167,0
9974,4,8.mlp.9520,8,mlp,9520,454,0
9975,4,3.resid.17580,3,resid,17580,165,0
9976,4,8.mlp.23075,8,mlp,23075,536,0
9977,4,3.resid.19402,3,resid,19402,301,0
9978,4,8.mlp.257,8,mlp,257,404,0
9979,4,3.resid.7665,3,resid,7665,303,0
9980,4,8.mlp.15078,8,mlp,15078,387,0
9981,4,3.resid.26166,3,resid,26166,125,1
9982,4,8.mlp.35792,8,mlp,35792,426,0
9983,4,3.resid.31242,3,resid,31242,217,0
9984,4,8.mlp.18464,8,mlp,18464,294,0
9985,4,3.resid.8035,3,resid,8035,271,0
9986,4,8.mlp.40550,8,mlp,40550,337,0
9987,4,3.resid.33227,3,resid,33227,249,0
9988,4,8.mlp.384,8,mlp,384,716,1672
9989,4,3.resid.25570,3,resid,25570,175,0
9990,4,8.mlp.908,8,mlp,908,453,0
9991,4,3.resid.25533,3,resid,25533,124,1
9992,4,8.mlp.2133,8,mlp,2133,446,0
9993,4,3.resid.18522,3,resid,18522,170,0
9994,4,8.mlp.26085,8,mlp,26085,396,0
9995,4,3.resid.7241,3,resid,7241,143,1
9996,4,8.mlp.34089,8,mlp,34089,526,1673
9997,4,4.attn.19878,4,attn,19878,291,0
9998,4,8.attn.25075,8,attn,25075,513,0
9999,4,4.attn.9350,4,attn,9350,238,0
10000,4,8.attn.37075,8,attn,37075,607,1674
10001,4,4.attn.2072,4,attn,2072,134,2
10002,4,4.attn.31224,4,attn,31224,276,0
10003,4,4.attn.7158,4,attn,7158,214,0
10004,4,8.attn.20525,8,attn,20525,498,0
10005,4,4.attn.91,4,attn,91,246,0
10006,4,8.attn.33413,8,attn,33413,103,2
10007,4,4.attn.8358,4,attn,8358,261,0
10008,4,4.attn.27094,4,attn,27094,284,2
10009,4,8.attn.17973,8,attn,17973,550,0
10010,4,4.attn.5119,4,attn,5119,222,0
10011,4,4.attn.40345,4,attn,40345,143,2
10012,4,8.attn.23794,8,attn,23794,421,0
10013,4,4.attn.30128,4,attn,30128,170,0
10014,4,8.attn.6635,8,attn,6635,310,0
10015,4,4.attn.29913,4,attn,29913,165,2
10016,4,4.attn.17881,4,attn,17881,253,2
10017,4,8.attn.19501,8,attn,19501,277,2
10018,4,4.attn.7775,4,attn,7775,253,0
10019,4,4.attn.20872,4,attn,20872,225,2
10020,4,8.attn.37290,8,attn,37290,414,0
10021,4,4.attn.32238,4,attn,32238,180,2
10022,4,4.attn.5348,4,attn,5348,225,2
10023,4,8.attn.24495,8,attn,24495,280,2
10024,4,4.attn.23914,4,attn,23914,275,0
10025,4,8.attn.14934,8,attn,14934,326,0
10026,4,4.attn.19076,4,attn,19076,356,0
10027,4,8.attn.28611,8,attn,28611,565,1675
10028,4,4.attn.13140,4,attn,13140,464,0
10029,4,8.attn.32756,8,attn,32756,292,0
10030,4,4.attn.6120,4,attn,6120,173,2
10031,4,8.attn.29167,8,attn,29167,315,2
10032,4,4.attn.39928,4,attn,39928,256,2
10033,4,8.attn.19241,8,attn,19241,303,0
10034,4,4.attn.3220,4,attn,3220,194,2
10035,4,8.attn.37097,8,attn,37097,358,0
10036,4,4.attn.22644,4,attn,22644,267,2
10037,4,4.attn.20221,4,attn,20221,237,2
10038,4,8.attn.36331,8,attn,36331,763,1676
10039,4,4.attn.21064,4,attn,21064,274,0
10040,4,4.attn.34941,4,attn,34941,275,0
10041,4,4.mlp.15033,4,mlp,15033,244,0
10042,4,8.attn.8926,8,attn,8926,411,0
10043,4,4.mlp.15343,4,mlp,15343,207,0
10044,4,7.resid.11964,7,resid,11964,538,0
10045,4,4.mlp.2380,4,mlp,2380,335,0
10046,4,7.resid.4766,7,resid,4766,397,0
10047,4,4.mlp.40291,4,mlp,40291,406,0
10048,4,7.resid.18264,7,resid,18264,485,0
10049,4,4.mlp.7213,4,mlp,7213,219,0
10050,4,7.resid.16620,7,resid,16620,393,0
10051,4,4.mlp.27958,4,mlp,27958,336,0
10052,4,7.resid.4492,7,resid,4492,423,0
10053,4,4.mlp.7682,4,mlp,7682,178,0
10054,4,7.resid.33573,7,resid,33573,544,1677
10055,4,4.mlp.27747,4,mlp,27747,343,0
10056,4,7.resid.37007,7,resid,37007,418,0
10057,4,4.mlp.13075,4,mlp,13075,225,0
10058,4,7.resid.22372,7,resid,22372,179,2
10059,4,4.mlp.19629,4,mlp,19629,438,0
10060,4,7.resid.8949,7,resid,8949,505,0
10061,4,4.mlp.36011,4,mlp,36011,340,0
10062,4,7.resid.31246,7,resid,31246,464,0
10063,4,4.mlp.22542,4,mlp,22542,303,0
10064,4,7.resid.35514,7,resid,35514,525,1678
10065,4,4.mlp.20314,4,mlp,20314,205,0
10066,4,7.resid.2008,7,resid,2008,438,0
10067,4,4.mlp.30053,4,mlp,30053,202,0
10068,4,7.resid.14865,7,resid,14865,497,0
10069,4,4.mlp.16492,4,mlp,16492,221,0
10070,4,7.resid.5897,7,resid,5897,428,0
10071,4,4.mlp.38506,4,mlp,38506,243,0
10072,4,7.resid.12656,7,resid,12656,684,1679
10073,4,4.mlp.1758,4,mlp,1758,308,0
10074,4,7.resid.34948,7,resid,34948,477,1680
10075,4,4.mlp.40144,4,mlp,40144,291,0
10076,4,7.resid.22607,7,resid,22607,475,0
10077,4,4.mlp.20000,4,mlp,20000,144,0
10078,4,7.resid.15209,7,resid,15209,447,0
10079,4,4.mlp.12317,4,mlp,12317,173,0
10080,4,7.resid.33472,7,resid,33472,427,0
10081,4,4.mlp.36822,4,mlp,36822,312,0
10082,4,7.resid.7169,7,resid,7169,636,1681
10083,4,4.mlp.1590,4,mlp,1590,194,0
10084,4,7.resid.7733,7,resid,7733,419,0
10085,4,4.mlp.31179,4,mlp,31179,282,0
10086,4,7.resid.40681,7,resid,40681,571,1682
10087,4,4.mlp.35267,4,mlp,35267,250,0
10088,4,7.resid.5582,7,resid,5582,622,1683
10089,4,4.mlp.11265,4,mlp,11265,459,0
10090,4,7.resid.40083,7,resid,40083,501,1684
10091,4,4.mlp.27411,4,mlp,27411,293,0
10092,4,7.resid.26312,7,resid,26312,364,0
10093,4,4.mlp.29746,4,mlp,29746,283,0
10094,4,7.resid.80,7,resid,80,375,0
10095,4,4.mlp.28159,4,mlp,28159,203,0
10096,4,7.resid.29830,7,resid,29830,479,0
10097,4,4.mlp.12536,4,mlp,12536,517,0
10098,4,7.resid.6360,7,resid,6360,331,0
10099,4,4.resid.5041,4,resid,5041,231,0
10100,4,7.mlp.9373,7,mlp,9373,571,1685
10101,4,4.resid.13093,4,resid,13093,302,0
10102,4,7.mlp.33676,7,mlp,33676,340,0
10103,4,4.resid.19933,4,resid,19933,273,0
10104,4,7.mlp.40254,7,mlp,40254,512,0
10105,4,4.resid.18802,4,resid,18802,286,0
10106,4,7.mlp.18783,7,mlp,18783,475,0
10107,4,4.resid.6272,4,resid,6272,183,0
10108,4,7.mlp.30132,7,mlp,30132,443,0
10109,4,4.resid.5740,4,resid,5740,242,0
10110,4,7.mlp.22800,7,mlp,22800,205,0
10111,4,4.resid.13152,4,resid,13152,256,0
10112,4,7.mlp.6677,7,mlp,6677,508,0
10113,4,4.resid.20069,4,resid,20069,344,0
10114,4,7.mlp.9787,7,mlp,9787,257,0
10115,4,4.resid.15338,4,resid,15338,251,0
10116,4,7.mlp.33401,7,mlp,33401,554,0
10117,4,4.resid.7874,4,resid,7874,321,0
10118,4,7.mlp.32656,7,mlp,32656,393,0
10119,4,4.resid.26938,4,resid,26938,263,0
10120,4,7.mlp.36250,7,mlp,36250,480,0
10121,4,4.resid.6419,4,resid,6419,249,0
10122,4,7.mlp.12504,7,mlp,12504,416,0
10123,4,4.resid.20143,4,resid,20143,244,0
10124,4,7.mlp.22474,7,mlp,22474,1134,1686
10125,4,4.resid.7183,4,resid,7183,345,0
10126,4,7.mlp.22786,7,mlp,22786,329,0
10127,4,4.resid.20526,4,resid,20526,388,0
10128,4,7.mlp.26936,7,mlp,26936,348,0
10129,4,4.resid.8765,4,resid,8765,269,0
10130,4,7.mlp.33244,7,mlp,33244,461,0
10131,4,4.resid.22457,4,resid,22457,339,0
10132,4,7.mlp.38061,7,mlp,38061,720,1687
10133,4,4.resid.19996,4,resid,19996,260,0
10134,4,7.mlp.13359,7,mlp,13359,406,0
10135,4,4.resid.40444,4,resid,40444,224,0
10136,4,7.mlp.30748,7,mlp,30748,408,0
10137,4,4.resid.22103,4,resid,22103,276,0
10138,4,7.mlp.12122,7,mlp,12122,496,0
10139,4,4.resid.28039,4,resid,28039,240,0
10140,4,7.mlp.18375,7,mlp,18375,488,0
10141,4,4.resid.37281,4,resid,37281,282,0
10142,4,7.mlp.1786,7,mlp,1786,415,0
10143,4,4.resid.13835,4,resid,13835,239,0
10144,4,7.mlp.14978,7,mlp,14978,497,0
10145,4,4.resid.17668,4,resid,17668,311,0
10146,4,7.mlp.26460,7,mlp,26460,277,0
10147,4,4.resid.15176,4,resid,15176,249,0
10148,4,7.mlp.21884,7,mlp,21884,437,0
10149,4,4.resid.512,4,resid,512,306,0
10150,4,7.mlp.20275,7,mlp,20275,351,0
10151,4,4.resid.11235,4,resid,11235,158,0
10152,4,7.mlp.33003,7,mlp,33003,527,1688
10153,4,4.resid.5121,4,resid,5121,270,0
10154,4,7.mlp.28911,7,mlp,28911,715,1689
10155,4,5.attn.12197,5,attn,12197,205,2
10156,4,7.mlp.1026,7,mlp,1026,434,0
10157,4,5.attn.34325,5,attn,34325,506,0
10158,4,7.attn.23772,7,attn,23772,348,2
10159,4,5.attn.4270,5,attn,4270,356,0
10160,4,7.attn.26937,7,attn,26937,339,2
10161,4,7.attn.8399,7,attn,8399,393,0
10162,4,5.attn.8983,5,attn,8983,257,2
10163,4,7.attn.30573,7,attn,30573,283,0
10164,4,5.attn.33795,5,attn,33795,396,0
10165,4,7.attn.32927,7,attn,32927,255,0
10166,4,5.attn.8418,5,attn,8418,236,2
10167,4,7.attn.36956,7,attn,36956,601,1690
10168,4,5.attn.7483,5,attn,7483,322,0
10169,4,7.attn.8593,7,attn,8593,409,0
10170,4,5.attn.6071,5,attn,6071,210,2
10171,4,7.attn.5450,7,attn,5450,304,2
10172,4,5.attn.20463,5,attn,20463,307,2
10173,4,7.attn.7715,7,attn,7715,454,0
10174,4,5.attn.40053,5,attn,40053,258,2
10175,4,7.attn.26807,7,attn,26807,284,2
10176,4,7.attn.16051,7,attn,16051,611,1691
10177,4,5.attn.19909,5,attn,19909,224,2
10178,4,7.attn.19038,7,attn,19038,293,2
10179,4,5.attn.30537,5,attn,30537,288,0
10180,4,7.attn.38821,7,attn,38821,264,2
10181,4,5.attn.21407,5,attn,21407,253,0
10182,4,7.attn.27383,7,attn,27383,500,0
10183,4,7.attn.22898,7,attn,22898,394,0
10184,4,5.attn.30256,5,attn,30256,308,0
10185,4,7.attn.14242,7,attn,14242,210,0
10186,4,5.attn.3499,5,attn,3499,404,2
10187,4,7.attn.27679,7,attn,27679,406,0
10188,4,5.attn.17708,5,attn,17708,337,0
10189,4,7.attn.10125,7,attn,10125,175,0
10190,4,7.attn.5922,7,attn,5922,305,2
10191,4,7.attn.36433,7,attn,36433,535,0
10192,4,5.attn.20920,5,attn,20920,289,2
10193,4,7.attn.21132,7,attn,21132,318,2
10194,4,5.attn.36859,5,attn,36859,162,2
10195,4,7.attn.24124,7,attn,24124,240,0
10196,4,5.attn.28849,5,attn,28849,168,2
10197,4,7.attn.20964,7,attn,20964,233,2
10198,4,7.attn.25165,7,attn,25165,186,2
10199,4,5.mlp.26459,5,mlp,26459,232,0
10200,4,6.resid.37776,6,resid,37776,311,0
10201,4,5.mlp.21528,5,mlp,21528,477,1692
10202,4,6.resid.24281,6,resid,24281,477,0
10203,4,5.mlp.22820,5,mlp,22820,416,0
10204,4,6.resid.37855,6,resid,37855,342,0
10205,4,5.mlp.1200,5,mlp,1200,385,0
10206,4,6.resid.21207,6,resid,21207,494,0
10207,4,5.mlp.29522,5,mlp,29522,302,0
10208,4,6.resid.24464,6,resid,24464,324,2
10209,4,5.mlp.12045,5,mlp,12045,401,0
10210,4,6.resid.17872,6,resid,17872,458,0
10211,4,5.mlp.6959,5,mlp,6959,258,0
10212,4,6.resid.32115,6,resid,32115,637,1693
10213,4,5.mlp.40746,5,mlp,40746,478,0
10214,4,6.resid.19887,6,resid,19887,495,0
10215,4,5.mlp.9337,5,mlp,9337,402,0
10216,4,6.resid.11746,6,resid,11746,460,0
10217,4,5.mlp.24067,5,mlp,24067,252,0
10218,4,6.resid.26823,6,resid,26823,442,0
10219,4,5.mlp.40583,5,mlp,40583,253,0
10220,4,6.resid.7474,6,resid,7474,364,0
10221,4,5.mlp.9495,5,mlp,9495,531,1694
10222,4,6.resid.31463,6,resid,31463,430,0
10223,4,5.mlp.25170,5,mlp,25170,248,0
10224,4,6.resid.28719,6,resid,28719,513,0
10225,4,5.mlp.34548,5,mlp,34548,374,0
10226,4,6.resid.24545,6,resid,24545,435,0
10227,4,5.mlp.9418,5,mlp,9418,556,0
10228,4,6.resid.33878,6,resid,33878,529,1695
10229,4,5.mlp.750,5,mlp,750,388,0
10230,4,6.resid.32168,6,resid,32168,465,0
10231,4,5.mlp.31707,5,mlp,31707,381,0
10232,4,6.resid.39039,6,resid,39039,437,0
10233,4,5.mlp.29927,5,mlp,29927,393,0
10234,4,6.resid.27241,6,resid,27241,404,0
10235,4,5.mlp.33853,5,mlp,33853,335,0
10236,4,6.resid.35536,6,resid,35536,533,0
10237,4,5.mlp.17128,5,mlp,17128,507,1696
10238,4,6.resid.30514,6,resid,30514,533,0
10239,4,5.mlp.33954,5,mlp,33954,358,0
10240,4,6.resid.32401,6,resid,32401,330,0
10241,4,5.mlp.35266,5,mlp,35266,388,0
10242,4,6.resid.33130,6,resid,33130,395,0
10243,4,5.mlp.32492,5,mlp,32492,620,1697
10244,4,6.resid.11209,6,resid,11209,312,0
10245,4,5.mlp.33608,5,mlp,33608,219,0
10246,4,6.resid.39249,6,resid,39249,484,1698
10247,4,5.mlp.8113,5,mlp,8113,380,0
10248,4,6.resid.12827,6,resid,12827,495,1699
10249,4,5.mlp.3865,5,mlp,3865,324,0
10250,4,6.resid.32998,6,resid,32998,219,2
10251,4,5.mlp.14306,5,mlp,14306,541,0
10252,4,6.resid.11447,6,resid,11447,467,0
10253,4,5.mlp.39556,5,mlp,39556,283,0
10254,4,6.resid.20283,6,resid,20283,436,0
10255,4,5.resid.2940,5,resid,2940,498,0
10256,4,6.mlp.1854,6,mlp,1854,418,0
10257,4,5.resid.32878,5,resid,32878,256,0
10258,4,6.mlp.12128,6,mlp,12128,424,0
10259,4,5.resid.39437,5,resid,39437,422,0
10260,4,6.mlp.27595,6,mlp,27595,365,0
10261,4,5.resid.25961,5,resid,25961,318,0
10262,4,6.mlp.36828,6,mlp,36828,311,0
10263,4,5.resid.23597,5,resid,23597,384,0
10264,4,6.mlp.14570,6,mlp,14570,377,0
10265,4,5.resid.18214,5,resid,18214,398,0
10266,4,6.mlp.11138,6,mlp,11138,299,0
10267,4,5.resid.18255,5,resid,18255,250,0
10268,4,6.mlp.11048,6,mlp,11048,577,1700
10269,4,5.resid.34053,5,resid,34053,272,0
10270,4,6.mlp.31761,6,mlp,31761,256,0
10271,4,5.resid.6984,5,resid,6984,357,0
10272,4,6.mlp.29895,6,mlp,29895,491,0
10273,4,5.resid.26919,5,resid,26919,406,0
10274,4,6.mlp.4960,6,mlp,4960,466,0
10275,4,5.resid.22283,5,resid,22283,281,0
10276,4,6.mlp.24900,6,mlp,24900,369,0
10277,4,5.resid.11143,5,resid,11143,249,0
10278,4,6.mlp.32564,6,mlp,32564,646,1701
10279,4,5.resid.21632,5,resid,21632,261,0
10280,4,6.mlp.26357,6,mlp,26357,426,0
10281,4,5.resid.7935,5,resid,7935,273,0
10282,4,6.mlp.9360,6,mlp,9360,417,0
10283,4,5.resid.6990,5,resid,6990,358,0
10284,4,6.mlp.37383,6,mlp,37383,408,0
10285,4,5.resid.20037,5,resid,20037,300,0
10286,4,6.mlp.19632,6,mlp,19632,274,0
10287,4,5.resid.12187,5,resid,12187,375,0
10288,4,6.mlp.38028,6,mlp,38028,426,0
10289,4,5.resid.12884,5,resid,12884,292,0
10290,4,6.mlp.28078,6,mlp,28078,661,1702
10291,4,5.resid.16965,5,resid,16965,339,0
10292,4,6.mlp.34699,6,mlp,34699,541,0
10293,4,5.resid.16632,5,resid,16632,369,0
10294,4,6.mlp.22558,6,mlp,22558,475,0
10295,4,5.resid.28791,5,resid,28791,429,0
10296,4,6.mlp.27291,6,mlp,27291,256,0
10297,4,5.resid.2874,5,resid,2874,326,0
10298,4,6.mlp.1879,6,mlp,1879,651,1703
10299,4,5.resid.24138,5,resid,24138,359,0
10300,4,6.mlp.33756,6,mlp,33756,331,0
10301,4,5.resid.869,5,resid,869,450,0
10302,4,6.mlp.36361,6,mlp,36361,352,0
10303,4,5.resid.34074,5,resid,34074,386,0
10304,4,6.mlp.24151,6,mlp,24151,437,0
10305,4,5.resid.4920,5,resid,4920,365,0
10306,4,6.mlp.26829,6,mlp,26829,443,0
10307,4,5.resid.29187,5,resid,29187,450,0
10308,4,6.mlp.1918,6,mlp,1918,602,1704
10309,4,5.resid.12803,5,resid,12803,286,0
10310,4,6.mlp.9791,6,mlp,9791,341,0
10311,4,5.resid.26570,5,resid,26570,151,2
10312,4,6.mlp.13029,6,mlp,13029,469,0
10313,4,6.attn.28949,6,attn,28949,386,0
10314,4,6.attn.10737,6,attn,10737,156,0
10315,4,6.attn.4406,6,attn,4406,331,0
10316,4,6.attn.25018,6,attn,25018,461,0
10317,4,6.attn.12863,6,attn,12863,367,2
10318,4,6.attn.15482,6,attn,15482,302,2
10319,4,6.attn.25715,6,attn,25715,269,2
10320,4,6.attn.2557,6,attn,2557,341,0
10321,4,6.attn.34181,6,attn,34181,407,0
10322,4,6.attn.24464,6,attn,24464,272,2
10323,4,6.attn.15820,6,attn,15820,406,0
10324,4,6.attn.37914,6,attn,37914,329,2
10325,4,6.attn.6539,6,attn,6539,367,0
10326,4,6.attn.16243,6,attn,16243,322,2
10327,4,6.attn.40424,6,attn,40424,385,0
10328,4,6.attn.32897,6,attn,32897,211,2
10329,4,6.attn.28166,6,attn,28166,452,0
10330,4,6.attn.17469,6,attn,17469,496,1705
10331,4,6.attn.38283,6,attn,38283,232,2
10332,4,6.attn.29978,6,attn,29978,324,2
10333,4,6.attn.8661,6,attn,8661,408,0
10334,4,6.attn.7892,6,attn,7892,578,1706
10335,4,6.attn.2302,6,attn,2302,191,2
10336,4,6.attn.12673,6,attn,12673,495,0
10337,4,6.attn.36739,6,attn,36739,380,0
10338,4,6.attn.19669,6,attn,19669,308,2
10339,4,6.attn.32635,6,attn,32635,212,2
10340,5,11.resid.20305,11,resid,20305,775,1707
10341,5,0.mlp.38599,0,mlp,38599,10,0
10342,5,11.resid.18612,11,resid,18612,320,0
10343,5,0.mlp.12550,0,mlp,12550,12,0
10344,5,11.resid.6626,11,resid,6626,429,0
10345,5,0.mlp.33329,0,mlp,33329,23,1
10346,5,11.resid.29535,11,resid,29535,443,0
10347,5,0.mlp.7652,0,mlp,7652,8,0
10348,5,11.resid.9381,11,resid,9381,303,0
10349,5,0.mlp.16953,0,mlp,16953,29,1
10350,5,11.resid.37722,11,resid,37722,469,0
10351,5,0.mlp.13465,0,mlp,13465,13,1
10352,5,11.resid.25835,11,resid,25835,647,1708
10353,5,0.mlp.19516,0,mlp,19516,41,1
10354,5,11.resid.40146,11,resid,40146,372,0
10355,5,0.mlp.33476,0,mlp,33476,22,1
10356,5,11.resid.31023,11,resid,31023,361,0
10357,5,0.mlp.10892,0,mlp,10892,68,1
10358,5,11.resid.30729,11,resid,30729,398,0
10359,5,0.mlp.11232,0,mlp,11232,19,1
10360,5,11.resid.13407,11,resid,13407,407,0
10361,5,0.mlp.35511,0,mlp,35511,10,0
10362,5,11.resid.27991,11,resid,27991,698,1709
10363,5,0.mlp.27418,0,mlp,27418,14,1
10364,5,11.resid.4965,11,resid,4965,646,1710
10365,5,0.mlp.28744,0,mlp,28744,14,0
10366,5,11.resid.37598,11,resid,37598,416,0
10367,5,0.mlp.12083,0,mlp,12083,9,0
10368,5,11.resid.40599,11,resid,40599,439,0
10369,5,0.mlp.11731,0,mlp,11731,15,1
10370,5,11.resid.6573,11,resid,6573,414,0
10371,5,0.mlp.16283,0,mlp,16283,22,1
10372,5,11.resid.12657,11,resid,12657,574,1711
10373,5,0.mlp.38929,0,mlp,38929,14,1
10374,5,11.resid.15769,11,resid,15769,641,1712
10375,5,0.mlp.16000,0,mlp,16000,31,1
10376,5,11.resid.14017,11,resid,14017,650,1713
10377,5,0.mlp.36933,0,mlp,36933,49,1
10378,5,11.resid.11547,11,resid,11547,571,0
10379,5,0.mlp.5001,0,mlp,5001,32,1
10380,5,11.resid.36164,11,resid,36164,542,1714
10381,5,0.mlp.4774,0,mlp,4774,24,1
10382,5,11.resid.12576,11,resid,12576,448,0
10383,5,0.mlp.29000,0,mlp,29000,15,1
10384,5,11.resid.15257,11,resid,15257,378,1715
10385,5,0.mlp.3958,0,mlp,3958,10,0
10386,5,11.resid.26405,11,resid,26405,557,0
10387,5,0.mlp.19162,0,mlp,19162,11,1
10388,5,11.resid.37996,11,resid,37996,669,1716
10389,5,0.mlp.7235,0,mlp,7235,14,1
10390,5,11.resid.10758,11,resid,10758,660,1717
10391,5,0.mlp.24073,0,mlp,24073,14,1
10392,5,11.resid.13863,11,resid,13863,206,0
10393,5,0.mlp.16730,0,mlp,16730,39,1
10394,5,11.resid.9256,11,resid,9256,572,1718
10395,5,0.mlp.19863,0,mlp,19863,20,1
10396,5,11.mlp.21506,11,mlp,21506,348,0
10397,5,0.resid.5759,0,resid,5759,35,1
10398,5,11.mlp.16228,11,mlp,16228,607,1719
10399,5,0.resid.20005,0,resid,20005,39,1
10400,5,11.mlp.39530,11,mlp,39530,479,0
10401,5,0.resid.2700,0,resid,2700,31,1
10402,5,11.mlp.20602,11,mlp,20602,478,0
10403,5,0.resid.21783,0,resid,21783,38,1
10404,5,11.mlp.4810,11,mlp,4810,451,0
10405,5,0.resid.28935,0,resid,28935,23,1
10406,5,11.mlp.34763,11,mlp,34763,479,0
10407,5,0.resid.28114,0,resid,28114,17,1
10408,5,11.mlp.14641,11,mlp,14641,318,0
10409,5,0.resid.29272,0,resid,29272,106,1
10410,5,11.mlp.10456,11,mlp,10456,362,0
10411,5,0.resid.40903,0,resid,40903,39,1
10412,5,11.mlp.33218,11,mlp,33218,665,1720
10413,5,0.resid.29543,0,resid,29543,32,1
10414,5,11.mlp.23213,11,mlp,23213,622,1721
10415,5,0.resid.9328,0,resid,9328,28,1
10416,5,11.mlp.32161,11,mlp,32161,466,0
10417,5,0.resid.37435,0,resid,37435,8,0
10418,5,11.mlp.3509,11,mlp,3509,328,0
10419,5,0.resid.25920,0,resid,25920,49,1
10420,5,11.mlp.14815,11,mlp,14815,72,0
10421,5,0.resid.15971,0,resid,15971,77,1
10422,5,11.mlp.37111,11,mlp,37111,338,0
10423,5,0.resid.28262,0,resid,28262,45,1
10424,5,11.mlp.35900,11,mlp,35900,725,1722
10425,5,0.resid.8804,0,resid,8804,41,1
10426,5,11.mlp.20110,11,mlp,20110,545,0
10427,5,0.resid.26090,0,resid,26090,103,1
10428,5,11.mlp.26747,11,mlp,26747,421,0
10429,5,0.resid.39360,0,resid,39360,41,1
10430,5,11.mlp.40310,11,mlp,40310,530,1723
10431,5,0.resid.28344,0,resid,28344,98,1
10432,5,11.mlp.20822,11,mlp,20822,552,0
10433,5,0.resid.37559,0,resid,37559,44,1
10434,5,11.mlp.35872,11,mlp,35872,608,1724
10435,5,0.resid.37542,0,resid,37542,8,0
10436,5,11.mlp.4173,11,mlp,4173,392,1725
10437,5,0.resid.4625,0,resid,4625,111,1
10438,5,11.mlp.838,11,mlp,838,260,0
10439,5,0.resid.26635,0,resid,26635,33,1
10440,5,11.mlp.6901,11,mlp,6901,254,0
10441,5,0.resid.31589,0,resid,31589,92,1
10442,5,11.mlp.33858,11,mlp,33858,635,1726
10443,5,0.resid.38188,0,resid,38188,19,1
10444,5,11.mlp.12080,11,mlp,12080,374,0
10445,5,0.resid.28308,0,resid,28308,100,1
10446,5,11.mlp.25374,11,mlp,25374,369,0
10447,5,0.resid.4598,0,resid,4598,33,1
10448,5,11.mlp.20705,11,mlp,20705,499,0
10449,5,0.resid.27169,0,resid,27169,45,1
10450,5,11.mlp.32369,11,mlp,32369,370,0
10451,5,0.resid.8552,0,resid,8552,65,1
10452,5,11.attn.28434,11,attn,28434,648,1727
10453,5,11.attn.40000,11,attn,40000,169,0
10454,5,1.attn.19905,1,attn,19905,57,1
10455,5,11.attn.36683,11,attn,36683,492,0
10456,5,11.attn.12206,11,attn,12206,470,0
10457,5,11.attn.4371,11,attn,4371,301,2
10458,5,1.attn.5651,1,attn,5651,120,2
10459,5,11.attn.24151,11,attn,24151,807,1728
10460,5,1.attn.20930,1,attn,20930,103,1
10461,5,11.attn.24190,11,attn,24190,450,0
10462,5,11.attn.16748,11,attn,16748,739,1729
10463,5,1.attn.13956,1,attn,13956,44,1
10464,5,11.attn.9210,11,attn,9210,309,0
10465,5,11.attn.37311,11,attn,37311,548,0
10466,5,1.attn.39069,1,attn,39069,116,1
10467,5,11.attn.25643,11,attn,25643,164,2
10468,5,11.attn.6805,11,attn,6805,219,0
10469,5,11.attn.31195,11,attn,31195,274,0
10470,5,11.attn.5388,11,attn,5388,874,1730
10471,5,1.attn.6995,1,attn,6995,86,1
10472,5,11.attn.34927,11,attn,34927,490,0
10473,5,11.attn.39814,11,attn,39814,353,2
10474,5,1.attn.24698,1,attn,24698,133,1
10475,5,11.attn.31266,11,attn,31266,360,2
10476,5,11.attn.25004,11,attn,25004,590,1731
10477,5,11.attn.7313,11,attn,7313,294,0
10478,5,11.attn.7981,11,attn,7981,540,1732
10479,5,11.attn.22623,11,attn,22623,250,2
10480,5,1.attn.7893,1,attn,7893,80,1
10481,5,11.attn.9932,11,attn,9932,566,1733
10482,5,1.attn.21285,1,attn,21285,66,1
10483,5,11.attn.37136,11,attn,37136,285,2
10484,5,11.attn.39795,11,attn,39795,522,0
10485,5,11.attn.14577,11,attn,14577,318,2
10486,5,11.attn.10589,11,attn,10589,737,1734
10487,5,1.attn.5272,1,attn,5272,85,1
10488,5,11.attn.28551,11,attn,28551,198,0
10489,5,11.attn.38179,11,attn,38179,231,2
10490,5,1.mlp.12622,1,mlp,12622,180,1
10491,5,10.resid.32090,10,resid,32090,698,1735
10492,5,1.mlp.34774,1,mlp,34774,150,2
10493,5,10.resid.19422,10,resid,19422,492,0
10494,5,1.mlp.3208,1,mlp,3208,89,1
10495,5,10.resid.10756,10,resid,10756,284,0
10496,5,1.mlp.39353,1,mlp,39353,117,1
10497,5,10.resid.17625,10,resid,17625,433,0
10498,5,1.mlp.10668,1,mlp,10668,125,1
10499,5,10.resid.21641,10,resid,21641,435,0
10500,5,1.mlp.3207,1,mlp,3207,199,1
10501,5,10.resid.22463,10,resid,22463,593,1736
10502,5,1.mlp.39146,1,mlp,39146,156,1
10503,5,10.resid.4787,10,resid,4787,567,1737
10504,5,1.mlp.5222,1,mlp,5222,106,1
10505,5,10.resid.33800,10,resid,33800,451,0
10506,5,1.mlp.19583,1,mlp,19583,114,1
10507,5,10.resid.21804,10,resid,21804,535,0
10508,5,1.mlp.33962,1,mlp,33962,120,1
10509,5,10.resid.23980,10,resid,23980,494,0
10510,5,1.mlp.13799,1,mlp,13799,146,1
10511,5,10.resid.31195,10,resid,31195,608,1738
10512,5,1.mlp.14852,1,mlp,14852,140,1
10513,5,10.resid.33756,10,resid,33756,676,1739
10514,5,1.mlp.2639,1,mlp,2639,165,1
10515,5,10.resid.26388,10,resid,26388,671,1740
10516,5,1.mlp.8973,1,mlp,8973,149,1
10517,5,10.resid.28203,10,resid,28203,762,1741
10518,5,1.mlp.19730,1,mlp,19730,146,1
10519,5,10.resid.28106,10,resid,28106,717,1742
10520,5,1.mlp.35258,1,mlp,35258,133,1
10521,5,10.resid.13350,10,resid,13350,1021,1743
10522,5,1.mlp.21067,1,mlp,21067,164,1
10523,5,10.resid.8244,10,resid,8244,942,1744
10524,5,1.mlp.27903,1,mlp,27903,294,0
10525,5,10.resid.28933,10,resid,28933,584,1745
10526,5,1.mlp.17083,1,mlp,17083,199,0
10527,5,10.resid.24743,10,resid,24743,484,0
10528,5,1.mlp.2731,1,mlp,2731,242,0
10529,5,10.resid.32364,10,resid,32364,822,1746
10530,5,1.mlp.17225,1,mlp,17225,90,1
10531,5,10.resid.32101,10,resid,32101,195,0
10532,5,1.mlp.15608,1,mlp,15608,201,0
10533,5,10.resid.12890,10,resid,12890,772,1747
10534,5,1.mlp.13932,1,mlp,13932,77,1
10535,5,10.resid.32678,10,resid,32678,589,1748
10536,5,1.mlp.15618,1,mlp,15618,90,1
10537,5,10.resid.20200,10,resid,20200,389,0
10538,5,1.mlp.2967,1,mlp,2967,227,0
10539,5,10.resid.20334,10,resid,20334,737,1749
10540,5,1.mlp.16314,1,mlp,16314,132,1
10541,5,10.resid.31783,10,resid,31783,665,1750
10542,5,1.mlp.11989,1,mlp,11989,86,1
10543,5,10.resid.1134,10,resid,1134,594,1751
10544,5,1.mlp.6153,1,mlp,6153,79,1
10545,5,10.resid.9495,10,resid,9495,459,0
10546,5,1.mlp.40032,1,mlp,40032,126,1
10547,5,10.mlp.30456,10,mlp,30456,504,1752
10548,5,1.resid.12941,1,resid,12941,60,1
10549,5,10.mlp.18583,10,mlp,18583,394,0
10550,5,1.resid.12227,1,resid,12227,85,1
10551,5,10.mlp.37144,10,mlp,37144,463,0
10552,5,1.resid.1504,1,resid,1504,65,1
10553,5,10.mlp.1142,10,mlp,1142,355,0
10554,5,1.resid.21712,1,resid,21712,142,1
10555,5,10.mlp.4713,10,mlp,4713,580,1753
10556,5,1.resid.36067,1,resid,36067,158,1
10557,5,10.mlp.20374,10,mlp,20374,410,0
10558,5,1.resid.16219,1,resid,16219,136,1
10559,5,10.mlp.4701,10,mlp,4701,358,0
10560,5,1.resid.26296,1,resid,26296,141,1
10561,5,10.mlp.14093,10,mlp,14093,469,0
10562,5,1.resid.24905,1,resid,24905,75,1
10563,5,10.mlp.16830,10,mlp,16830,524,0
10564,5,1.resid.36003,1,resid,36003,166,0
10565,5,10.mlp.15424,10,mlp,15424,521,0
10566,5,1.resid.22024,1,resid,22024,39,1
10567,5,10.mlp.20211,10,mlp,20211,577,1754
10568,5,1.resid.10729,1,resid,10729,130,1
10569,5,10.mlp.32838,10,mlp,32838,621,1755
10570,5,1.resid.16726,1,resid,16726,156,1
10571,5,10.mlp.13313,10,mlp,13313,451,0
10572,5,1.resid.32682,1,resid,32682,76,1
10573,5,10.mlp.34133,10,mlp,34133,333,0
10574,5,1.resid.20412,1,resid,20412,75,1
10575,5,10.mlp.7548,10,mlp,7548,444,0
10576,5,1.resid.178,1,resid,178,59,1
10577,5,10.mlp.30908,10,mlp,30908,491,0
10578,5,1.resid.8017,1,resid,8017,114,1
10579,5,10.mlp.15267,10,mlp,15267,610,1756
10580,5,1.resid.7625,1,resid,7625,124,1
10581,5,10.mlp.18875,10,mlp,18875,520,1757
10582,5,1.resid.11,1,resid,11,132,1
10583,5,10.mlp.37154,10,mlp,37154,362,0
10584,5,1.resid.40826,1,resid,40826,154,1
10585,5,10.mlp.32588,10,mlp,32588,291,0
10586,5,1.resid.27332,1,resid,27332,53,1
10587,5,10.mlp.23102,10,mlp,23102,351,0
10588,5,1.resid.31804,1,resid,31804,64,1
10589,5,10.mlp.10824,10,mlp,10824,446,0
10590,5,1.resid.3236,1,resid,3236,64,1
10591,5,10.mlp.1001,10,mlp,1001,585,1758
10592,5,1.resid.18221,1,resid,18221,180,0
10593,5,10.mlp.3683,10,mlp,3683,580,1759
10594,5,1.resid.17146,1,resid,17146,60,1
10595,5,10.mlp.32561,10,mlp,32561,253,0
10596,5,1.resid.1478,1,resid,1478,192,0
10597,5,10.mlp.34473,10,mlp,34473,682,1760
10598,5,1.resid.23168,1,resid,23168,80,1
10599,5,10.mlp.36212,10,mlp,36212,412,0
10600,5,1.resid.31014,1,resid,31014,64,1
10601,5,10.mlp.1713,10,mlp,1713,387,0
10602,5,1.resid.30293,1,resid,30293,97,1
10603,5,10.mlp.3525,10,mlp,3525,266,0
10604,5,10.attn.25456,10,attn,25456,336,0
10605,5,2.attn.30652,2,attn,30652,125,2
10606,5,10.attn.5981,10,attn,5981,339,0
10607,5,2.attn.26494,2,attn,26494,350,2
10608,5,10.attn.22649,10,attn,22649,333,2
10609,5,10.attn.4159,10,attn,4159,640,1761
10610,5,2.attn.39497,2,attn,39497,185,0
10611,5,10.attn.16541,10,attn,16541,2311,1762
10612,5,10.attn.12955,10,attn,12955,197,0
10613,5,2.attn.31355,2,attn,31355,106,2
10614,5,10.attn.34799,10,attn,34799,654,1763
10615,5,2.attn.14629,2,attn,14629,130,2
10616,5,10.attn.13785,10,attn,13785,252,2
10617,5,10.attn.7414,10,attn,7414,313,2
10618,5,10.attn.16879,10,attn,16879,314,2
10619,5,2.attn.22814,2,attn,22814,129,2
10620,5,10.attn.21816,10,attn,21816,505,0
10621,5,10.attn.25618,10,attn,25618,619,1764
10622,5,2.attn.19892,2,attn,19892,147,0
10623,5,10.attn.2643,10,attn,2643,894,1765
10624,5,2.attn.26643,2,attn,26643,232,2
10625,5,10.attn.5271,10,attn,5271,1136,1766
10626,5,2.attn.17311,2,attn,17311,194,2
10627,5,10.attn.19979,10,attn,19979,731,1767
10628,5,2.attn.37577,2,attn,37577,264,2
10629,5,10.attn.34622,10,attn,34622,492,0
10630,5,2.attn.12354,2,attn,12354,250,2
10631,5,10.attn.17589,10,attn,17589,617,1768
10632,5,2.attn.4041,2,attn,4041,84,2
10633,5,10.attn.30899,10,attn,30899,731,1769
10634,5,10.attn.33711,10,attn,33711,457,0
10635,5,2.attn.37490,2,attn,37490,56,0
10636,5,10.attn.15150,10,attn,15150,730,1770
10637,5,2.attn.32331,2,attn,32331,402,0
10638,5,10.attn.9650,10,attn,9650,289,2
10639,5,2.attn.16898,2,attn,16898,270,2
10640,5,10.attn.20753,10,attn,20753,268,2
10641,5,10.attn.17131,10,attn,17131,428,0
10642,5,10.attn.35240,10,attn,35240,334,2
10643,5,2.attn.28742,2,attn,28742,115,1
10644,5,10.attn.20136,10,attn,20136,342,2
10645,5,2.attn.34326,2,attn,34326,160,0
10646,5,10.attn.12107,10,attn,12107,877,1771
10647,5,2.attn.11808,2,attn,11808,126,1
10648,5,10.attn.13034,10,attn,13034,778,1772
10649,5,2.attn.28843,2,attn,28843,83,1
10650,5,9.resid.13280,9,resid,13280,534,0
10651,5,2.mlp.20216,2,mlp,20216,113,1
10652,5,9.resid.34217,9,resid,34217,556,0
10653,5,2.mlp.37040,2,mlp,37040,199,0
10654,5,9.resid.1315,9,resid,1315,469,0
10655,5,2.mlp.23356,2,mlp,23356,217,0
10656,5,9.resid.27218,9,resid,27218,520,0
10657,5,2.mlp.8021,2,mlp,8021,128,2
10658,5,9.resid.8012,9,resid,8012,496,0
10659,5,2.mlp.39031,2,mlp,39031,239,0
10660,5,9.resid.2292,9,resid,2292,538,1773
10661,5,2.mlp.33414,2,mlp,33414,186,0
10662,5,9.resid.16248,9,resid,16248,633,1774
10663,5,2.mlp.25832,2,mlp,25832,290,0
10664,5,9.resid.38590,9,resid,38590,412,0
10665,5,2.mlp.37433,2,mlp,37433,245,0
10666,5,9.resid.16922,9,resid,16922,702,1775
10667,5,2.mlp.2132,2,mlp,2132,121,1
10668,5,9.resid.24707,9,resid,24707,763,1776
10669,5,2.mlp.29351,2,mlp,29351,246,0
10670,5,9.resid.17553,9,resid,17553,559,0
10671,5,2.mlp.22214,2,mlp,22214,141,0
10672,5,9.resid.4850,9,resid,4850,425,0
10673,5,2.mlp.15769,2,mlp,15769,182,0
10674,5,9.resid.8556,9,resid,8556,483,0
10675,5,2.mlp.20648,2,mlp,20648,156,0
10676,5,9.resid.22174,9,resid,22174,492,0
10677,5,2.mlp.38429,2,mlp,38429,178,0
10678,5,9.resid.38379,9,resid,38379,398,0
10679,5,2.mlp.28973,2,mlp,28973,264,0
10680,5,9.resid.1639,9,resid,1639,632,1777
10681,5,2.mlp.28423,2,mlp,28423,124,2
10682,5,9.resid.12586,9,resid,12586,525,0
10683,5,2.mlp.31472,2,mlp,31472,183,0
10684,5,9.resid.2574,9,resid,2574,516,0
10685,5,2.mlp.2780,2,mlp,2780,124,1
10686,5,9.resid.40140,9,resid,40140,907,1778
10687,5,2.mlp.15285,2,mlp,15285,219,0
10688,5,9.resid.15584,9,resid,15584,799,1779
10689,5,2.mlp.29158,2,mlp,29158,201,0
10690,5,9.resid.26323,9,resid,26323,790,1780
10691,5,2.mlp.29283,2,mlp,29283,190,0
10692,5,9.resid.33276,9,resid,33276,415,0
10693,5,2.mlp.31967,2,mlp,31967,136,1
10694,5,9.resid.6245,9,resid,6245,478,0
10695,5,2.mlp.17410,2,mlp,17410,224,0
10696,5,9.resid.5277,9,resid,5277,835,1781
10697,5,2.mlp.20709,2,mlp,20709,171,0
10698,5,9.resid.8388,9,resid,8388,673,1782
10699,5,2.mlp.8763,2,mlp,8763,246,0
10700,5,9.resid.4613,9,resid,4613,587,1783
10701,5,2.mlp.30717,2,mlp,30717,268,0
10702,5,9.resid.21919,9,resid,21919,620,1784
10703,5,2.mlp.40723,2,mlp,40723,171,0
10704,5,9.resid.35746,9,resid,35746,589,1785
10705,5,2.mlp.22495,2,mlp,22495,281,0
10706,5,9.resid.21966,9,resid,21966,546,0
10707,5,2.resid.40298,2,resid,40298,187,0
10708,5,9.mlp.40389,9,mlp,40389,731,1786
10709,5,2.resid.37441,2,resid,37441,140,1
10710,5,9.mlp.7999,9,mlp,7999,668,1787
10711,5,2.resid.7583,2,resid,7583,220,0
10712,5,9.mlp.30168,9,mlp,30168,600,1788
10713,5,2.resid.28325,2,resid,28325,96,1
10714,5,9.mlp.21703,9,mlp,21703,384,0
10715,5,2.resid.16183,2,resid,16183,179,0
10716,5,9.mlp.32555,9,mlp,32555,191,0
10717,5,2.resid.17446,2,resid,17446,88,1
10718,5,9.mlp.23892,9,mlp,23892,394,0
10719,5,2.resid.14392,2,resid,14392,171,1
10720,5,9.mlp.20021,9,mlp,20021,767,1789
10721,5,2.resid.8754,2,resid,8754,142,1
10722,5,9.mlp.10842,9,mlp,10842,379,0
10723,5,2.resid.29999,2,resid,29999,94,1
10724,5,9.mlp.35549,9,mlp,35549,424,0
10725,5,2.resid.2491,2,resid,2491,94,1
10726,5,9.mlp.33626,9,mlp,33626,215,0
10727,5,2.resid.37321,2,resid,37321,245,0
10728,5,9.mlp.1027,9,mlp,1027,398,0
10729,5,2.resid.40095,2,resid,40095,231,0
10730,5,9.mlp.39093,9,mlp,39093,554,1790
10731,5,2.resid.39582,2,resid,39582,135,1
10732,5,9.mlp.16645,9,mlp,16645,549,1791
10733,5,2.resid.9171,2,resid,9171,169,0
10734,5,9.mlp.1915,9,mlp,1915,517,1792
10735,5,2.resid.20333,2,resid,20333,128,1
10736,5,9.mlp.16485,9,mlp,16485,609,1793
10737,5,2.resid.11530,2,resid,11530,237,0
10738,5,9.mlp.30248,9,mlp,30248,489,1794
10739,5,2.resid.4168,2,resid,4168,126,0
10740,5,9.mlp.19173,9,mlp,19173,432,0
10741,5,2.resid.3068,2,resid,3068,226,0
10742,5,9.mlp.26162,9,mlp,26162,460,0
10743,5,2.resid.14094,2,resid,14094,164,1
10744,5,9.mlp.10704,9,mlp,10704,404,0
10745,5,2.resid.3608,2,resid,3608,128,1
10746,5,9.mlp.31054,9,mlp,31054,328,0
10747,5,2.resid.31661,2,resid,31661,137,1
10748,5,9.mlp.39083,9,mlp,39083,349,0
10749,5,2.resid.19573,2,resid,19573,79,1
10750,5,9.mlp.6920,9,mlp,6920,503,1795
10751,5,2.resid.23932,2,resid,23932,72,1
10752,5,9.mlp.26581,9,mlp,26581,376,0
10753,5,2.resid.33863,2,resid,33863,128,1
10754,5,9.mlp.19992,9,mlp,19992,685,1796
10755,5,2.resid.9318,2,resid,9318,245,0
10756,5,9.mlp.11968,9,mlp,11968,461,0
10757,5,2.resid.12849,2,resid,12849,201,0
10758,5,9.mlp.38488,9,mlp,38488,612,1797
10759,5,2.resid.38675,2,resid,38675,181,0
10760,5,9.mlp.9677,9,mlp,9677,526,0
10761,5,2.resid.34121,2,resid,34121,165,0
10762,5,9.mlp.36504,9,mlp,36504,244,0
10763,5,2.resid.13877,2,resid,13877,151,1
10764,5,9.attn.35349,9,attn,35349,216,0
10765,5,3.attn.39106,3,attn,39106,177,2
10766,5,9.attn.18802,9,attn,18802,719,1798
10767,5,3.attn.35123,3,attn,35123,199,2
10768,5,9.attn.11297,9,attn,11297,215,2
10769,5,3.attn.16687,3,attn,16687,307,2
10770,5,9.attn.13499,9,attn,13499,341,0
10771,5,9.attn.4831,9,attn,4831,434,0
10772,5,3.attn.5836,3,attn,5836,212,0
10773,5,9.attn.3259,9,attn,3259,562,0
10774,5,3.attn.36179,3,attn,36179,319,2
10775,5,9.attn.9523,9,attn,9523,482,0
10776,5,3.attn.22479,3,attn,22479,199,2
10777,5,9.attn.17812,9,attn,17812,281,0
10778,5,9.attn.22164,9,attn,22164,529,0
10779,5,9.attn.30427,9,attn,30427,545,0
10780,5,9.attn.4563,9,attn,4563,591,1799
10781,5,3.attn.39974,3,attn,39974,188,2
10782,5,9.attn.20636,9,attn,20636,463,0
10783,5,3.attn.464,3,attn,464,249,0
10784,5,9.attn.35732,9,attn,35732,357,2
10785,5,3.attn.3693,3,attn,3693,271,2
10786,5,9.attn.31456,9,attn,31456,343,0
10787,5,3.attn.29322,3,attn,29322,165,2
10788,5,9.attn.3515,9,attn,3515,538,0
10789,5,3.attn.26693,3,attn,26693,179,2
10790,5,9.attn.10795,9,attn,10795,490,0
10791,5,3.attn.8921,3,attn,8921,352,0
10792,5,9.attn.20523,9,attn,20523,467,0
10793,5,9.attn.28694,9,attn,28694,536,0
10794,5,3.attn.23985,3,attn,23985,206,2
10795,5,9.attn.35639,9,attn,35639,199,0
10796,5,9.attn.18986,9,attn,18986,238,2
10797,5,3.attn.26038,3,attn,26038,179,0
10798,5,9.attn.38907,9,attn,38907,378,0
10799,5,9.attn.23024,9,attn,23024,534,0
10800,5,9.attn.38156,9,attn,38156,769,1800
10801,5,3.attn.8059,3,attn,8059,232,2
10802,5,9.attn.16154,9,attn,16154,739,1801
10803,5,3.attn.9718,3,attn,9718,179,2
10804,5,9.attn.28890,9,attn,28890,323,0
10805,5,3.attn.37816,3,attn,37816,226,2
10806,5,9.attn.1744,9,attn,1744,297,2
10807,5,3.attn.22149,3,attn,22149,140,2
10808,5,9.attn.30613,9,attn,30613,766,1802
10809,5,3.attn.6698,3,attn,6698,172,2
10810,5,8.resid.40105,8,resid,40105,428,0
10811,5,3.mlp.16565,3,mlp,16565,210,0
10812,5,8.resid.31054,8,resid,31054,537,1803
10813,5,3.mlp.20754,3,mlp,20754,299,0
10814,5,8.resid.24491,8,resid,24491,520,1804
10815,5,3.mlp.34758,3,mlp,34758,196,0
10816,5,8.resid.19130,8,resid,19130,463,0
10817,5,3.mlp.3541,3,mlp,3541,303,0
10818,5,8.resid.39528,8,resid,39528,471,0
10819,5,3.mlp.15088,3,mlp,15088,231,0
10820,5,8.resid.33211,8,resid,33211,593,1805
10821,5,3.mlp.1417,3,mlp,1417,194,0
10822,5,8.resid.5562,8,resid,5562,540,0
10823,5,3.mlp.7666,3,mlp,7666,293,0
10824,5,8.resid.25579,8,resid,25579,499,1806
10825,5,3.mlp.3191,3,mlp,3191,164,0
10826,5,8.resid.14597,8,resid,14597,539,0
10827,5,3.mlp.30312,3,mlp,30312,205,0
10828,5,8.resid.33718,8,resid,33718,537,0
10829,5,3.mlp.17526,3,mlp,17526,117,1
10830,5,8.resid.32451,8,resid,32451,422,0
10831,5,3.mlp.16489,3,mlp,16489,171,0
10832,5,8.resid.17688,8,resid,17688,511,0
10833,5,3.mlp.10214,3,mlp,10214,207,0
10834,5,8.resid.26653,8,resid,26653,568,0
10835,5,3.mlp.19016,3,mlp,19016,296,0
10836,5,8.resid.7581,8,resid,7581,361,0
10837,5,3.mlp.9445,3,mlp,9445,194,0
10838,5,8.resid.9974,8,resid,9974,418,0
10839,5,3.mlp.37138,3,mlp,37138,183,0
10840,5,8.resid.14091,8,resid,14091,517,0
10841,5,3.mlp.2098,3,mlp,2098,167,0
10842,5,8.resid.17556,8,resid,17556,525,1807
10843,5,3.mlp.17216,3,mlp,17216,244,0
10844,5,8.resid.24185,8,resid,24185,560,0
10845,5,3.mlp.30123,3,mlp,30123,317,0
10846,5,8.resid.4220,8,resid,4220,343,0
10847,5,3.mlp.40417,3,mlp,40417,233,0
10848,5,8.resid.13735,8,resid,13735,602,1808
10849,5,3.mlp.39935,3,mlp,39935,247,0
10850,5,8.resid.2610,8,resid,2610,507,0
10851,5,3.mlp.37981,3,mlp,37981,115,2
10852,5,8.resid.8206,8,resid,8206,455,0
10853,5,3.mlp.22661,3,mlp,22661,323,0
10854,5,8.resid.40713,8,resid,40713,583,1809
10855,5,3.mlp.23832,3,mlp,23832,213,0
10856,5,8.resid.21276,8,resid,21276,367,0
10857,5,3.mlp.16066,3,mlp,16066,250,0
10858,5,8.resid.4409,8,resid,4409,454,0
10859,5,3.mlp.38853,3,mlp,38853,180,0
10860,5,8.resid.34041,8,resid,34041,374,2
10861,5,3.mlp.11058,3,mlp,11058,345,0
10862,5,8.resid.28995,8,resid,28995,515,0
10863,5,3.mlp.40531,3,mlp,40531,290,0
10864,5,8.resid.38003,8,resid,38003,523,0
10865,5,3.mlp.34959,3,mlp,34959,268,0
10866,5,8.resid.37321,8,resid,37321,482,1810
10867,5,3.mlp.23155,3,mlp,23155,175,0
10868,5,8.mlp.5845,8,mlp,5845,461,0
10869,5,3.resid.32665,3,resid,32665,293,0
10870,5,8.mlp.29191,8,mlp,29191,351,0
10871,5,3.resid.11605,3,resid,11605,175,1
10872,5,8.mlp.23534,8,mlp,23534,579,1811
10873,5,3.resid.28065,3,resid,28065,217,0
10874,5,8.mlp.7826,8,mlp,7826,417,0
10875,5,3.resid.22149,3,resid,22149,225,0
10876,5,8.mlp.29363,8,mlp,29363,472,1812
10877,5,3.resid.7533,3,resid,7533,146,1
10878,5,8.mlp.2754,8,mlp,2754,282,0
10879,5,3.resid.26737,3,resid,26737,285,0
10880,5,8.mlp.15835,8,mlp,15835,452,0
10881,5,3.resid.19867,3,resid,19867,163,0
10882,5,8.mlp.12613,8,mlp,12613,504,1813
10883,5,3.resid.1354,3,resid,1354,179,0
10884,5,8.mlp.28610,8,mlp,28610,561,1814
10885,5,3.resid.31610,3,resid,31610,267,0
10886,5,8.mlp.14359,8,mlp,14359,319,0
10887,5,3.resid.8702,3,resid,8702,183,0
10888,5,8.mlp.35795,8,mlp,35795,311,0
10889,5,3.resid.29856,3,resid,29856,161,0
10890,5,8.mlp.3962,8,mlp,3962,582,1815
10891,5,3.resid.18249,3,resid,18249,225,0
10892,5,8.mlp.36858,8,mlp,36858,532,0
10893,5,3.resid.21044,3,resid,21044,335,0
10894,5,8.mlp.7940,8,mlp,7940,834,1816
10895,5,3.resid.33983,3,resid,33983,289,0
10896,5,8.mlp.13431,8,mlp,13431,417,0
10897,5,3.resid.20826,3,resid,20826,211,0
10898,5,8.mlp.14715,8,mlp,14715,395,0
10899,5,3.resid.38385,3,resid,38385,175,0
10900,5,8.mlp.17896,8,mlp,17896,326,0
10901,5,3.resid.19274,3,resid,19274,283,0
10902,5,8.mlp.28283,8,mlp,28283,463,0
10903,5,3.resid.40387,3,resid,40387,168,0
10904,5,8.mlp.26173,8,mlp,26173,539,0
10905,5,3.resid.21721,3,resid,21721,135,1
10906,5,8.mlp.30568,8,mlp,30568,412,0
10907,5,3.resid.825,3,resid,825,317,0
10908,5,8.mlp.4682,8,mlp,4682,611,1817
10909,5,3.resid.33256,3,resid,33256,154,0
10910,5,8.mlp.6572,8,mlp,6572,297,0
10911,5,3.resid.25798,3,resid,25798,212,0
10912,5,8.mlp.36274,8,mlp,36274,309,0
10913,5,3.resid.31124,3,resid,31124,256,0
10914,5,8.mlp.33690,8,mlp,33690,465,0
10915,5,3.resid.31735,3,resid,31735,264,0
10916,5,8.mlp.14779,8,mlp,14779,356,0
10917,5,3.resid.5767,3,resid,5767,183,2
10918,5,8.mlp.19154,8,mlp,19154,571,1818
10919,5,3.resid.20871,3,resid,20871,206,0
10920,5,8.mlp.20059,8,mlp,20059,768,1819
10921,5,3.resid.7995,3,resid,7995,236,0
10922,5,8.mlp.8624,8,mlp,8624,270,0
10923,5,3.resid.33076,3,resid,33076,256,0
10924,5,4.attn.24471,4,attn,24471,253,0
10925,5,8.attn.34687,8,attn,34687,330,2
10926,5,4.attn.37024,4,attn,37024,209,2
10927,5,8.attn.35668,8,attn,35668,210,2
10928,5,4.attn.22562,4,attn,22562,296,0
10929,5,4.attn.35211,4,attn,35211,170,2
10930,5,4.attn.36219,4,attn,36219,65,0
10931,5,8.attn.10769,8,attn,10769,495,0
10932,5,4.attn.17693,4,attn,17693,208,2
10933,5,8.attn.31758,8,attn,31758,297,0
10934,5,4.attn.17167,4,attn,17167,145,2
10935,5,8.attn.963,8,attn,963,439,0
10936,5,4.attn.40434,4,attn,40434,263,0
10937,5,8.attn.10323,8,attn,10323,412,0
10938,5,4.attn.36491,4,attn,36491,156,2
10939,5,8.attn.39336,8,attn,39336,410,0
10940,5,4.attn.39970,4,attn,39970,230,2
10941,5,8.attn.25655,8,attn,25655,304,2
10942,5,4.attn.4546,4,attn,4546,227,0
10943,5,4.attn.7028,4,attn,7028,144,2
10944,5,8.attn.22136,8,attn,22136,415,0
10945,5,4.attn.1737,4,attn,1737,290,0
10946,5,4.attn.19725,4,attn,19725,208,2
10947,5,8.attn.15174,8,attn,15174,385,2
10948,5,4.attn.9921,4,attn,9921,125,2
10949,5,8.attn.15513,8,attn,15513,348,2
10950,5,4.attn.1048,4,attn,1048,292,0
10951,5,8.attn.2575,8,attn,2575,159,2
10952,5,4.attn.36231,4,attn,36231,172,2
10953,5,4.attn.410,4,attn,410,325,0
10954,5,8.attn.24878,8,attn,24878,364,2
10955,5,4.attn.38089,4,attn,38089,227,0
10956,5,8.attn.23035,8,attn,23035,166,2
10957,5,4.attn.10144,4,attn,10144,165,2
10958,5,4.attn.28355,4,attn,28355,344,0
10959,5,8.attn.7039,8,attn,7039,348,0
10960,5,4.attn.36568,4,attn,36568,270,2
10961,5,4.attn.10581,4,attn,10581,252,2
10962,5,8.attn.36027,8,attn,36027,558,1820
10963,5,4.attn.7885,4,attn,7885,201,2
10964,5,8.attn.18069,8,attn,18069,291,2
10965,5,4.attn.13235,4,attn,13235,161,2
10966,5,8.attn.40328,8,attn,40328,280,2
10967,5,4.attn.27196,4,attn,27196,143,2
10968,5,8.attn.19837,8,attn,19837,313,2
10969,5,4.attn.32375,4,attn,32375,319,0
10970,5,8.attn.22188,8,attn,22188,690,1821
10971,5,4.attn.23549,4,attn,23549,255,2
10972,5,8.attn.9500,8,attn,9500,275,2
10973,5,4.mlp.11868,4,mlp,11868,350,0
10974,5,7.resid.20368,7,resid,20368,428,0
10975,5,4.mlp.25556,4,mlp,25556,364,0
10976,5,7.resid.32733,7,resid,32733,439,0
10977,5,4.mlp.32604,4,mlp,32604,418,0
10978,5,7.resid.27412,7,resid,27412,554,0
10979,5,4.mlp.29506,4,mlp,29506,283,0
10980,5,7.resid.4780,7,resid,4780,519,0
10981,5,4.mlp.23033,4,mlp,23033,315,0
10982,5,7.resid.4476,7,resid,4476,493,0
10983,5,4.mlp.16884,4,mlp,16884,253,0
10984,5,7.resid.9780,7,resid,9780,420,0
10985,5,4.mlp.27409,4,mlp,27409,239,0
10986,5,7.resid.30299,7,resid,30299,368,0
10987,5,4.mlp.40217,4,mlp,40217,309,0
10988,5,7.resid.9615,7,resid,9615,422,0
10989,5,4.mlp.9473,4,mlp,9473,198,0
10990,5,7.resid.31057,7,resid,31057,454,0
10991,5,4.mlp.10241,4,mlp,10241,388,0
10992,5,7.resid.28053,7,resid,28053,488,0
10993,5,4.mlp.2828,4,mlp,2828,228,0
10994,5,7.resid.39011,7,resid,39011,292,2
10995,5,4.mlp.35980,4,mlp,35980,322,0
10996,5,7.resid.3786,7,resid,3786,228,0
10997,5,4.mlp.23687,4,mlp,23687,259,0
10998,5,7.resid.27251,7,resid,27251,545,1822
10999,5,4.mlp.3294,4,mlp,3294,253,0
11000,5,7.resid.30323,7,resid,30323,743,1823
11001,5,4.mlp.4470,4,mlp,4470,203,0
11002,5,7.resid.22587,7,resid,22587,440,0
11003,5,4.mlp.5464,4,mlp,5464,277,0
11004,5,7.resid.6374,7,resid,6374,548,0
11005,5,4.mlp.15108,4,mlp,15108,520,1824
11006,5,7.resid.36685,7,resid,36685,442,0
11007,5,4.mlp.3292,4,mlp,3292,195,0
11008,5,7.resid.39533,7,resid,39533,603,1825
11009,5,4.mlp.18246,4,mlp,18246,292,0
11010,5,7.resid.28216,7,resid,28216,451,0
11011,5,4.mlp.1212,4,mlp,1212,315,0
11012,5,7.resid.19775,7,resid,19775,456,0
11013,5,4.mlp.7418,4,mlp,7418,253,0
11014,5,7.resid.32519,7,resid,32519,495,0
11015,5,4.mlp.15724,4,mlp,15724,258,0
11016,5,7.resid.9292,7,resid,9292,449,0
11017,5,4.mlp.32499,4,mlp,32499,286,0
11018,5,7.resid.27224,7,resid,27224,572,0
11019,5,4.mlp.34249,4,mlp,34249,357,0
11020,5,7.resid.21365,7,resid,21365,519,1826
11021,5,4.mlp.25491,4,mlp,25491,210,0
11022,5,7.resid.38001,7,resid,38001,338,0
11023,5,4.mlp.1578,4,mlp,1578,229,0
11024,5,7.resid.2929,7,resid,2929,368,0
11025,5,4.mlp.33337,4,mlp,33337,178,0
11026,5,7.resid.37879,7,resid,37879,418,0
11027,5,4.mlp.18693,4,mlp,18693,244,0
11028,5,7.resid.32518,7,resid,32518,409,0
11029,5,4.mlp.39163,4,mlp,39163,262,0
11030,5,7.mlp.40304,7,mlp,40304,377,0
11031,5,4.resid.3069,4,resid,3069,224,0
11032,5,7.mlp.39553,7,mlp,39553,599,1827
11033,5,4.resid.14976,4,resid,14976,307,0
11034,5,7.mlp.18019,7,mlp,18019,326,0
11035,5,4.resid.10070,4,resid,10070,253,0
11036,5,7.mlp.28759,7,mlp,28759,391,0
11037,5,4.resid.24959,4,resid,24959,314,0
11038,5,7.mlp.842,7,mlp,842,363,0
11039,5,4.resid.7441,4,resid,7441,266,0
11040,5,7.mlp.21133,7,mlp,21133,441,0
11041,5,4.resid.10874,4,resid,10874,246,0
11042,5,7.mlp.21697,7,mlp,21697,557,0
11043,5,4.resid.27464,4,resid,27464,257,0
11044,5,7.mlp.13288,7,mlp,13288,351,0
11045,5,4.resid.35879,4,resid,35879,181,0
11046,5,7.mlp.38680,7,mlp,38680,386,0
11047,5,4.resid.23414,4,resid,23414,403,0
11048,5,7.mlp.28621,7,mlp,28621,295,0
11049,5,4.resid.17796,4,resid,17796,451,0
11050,5,7.mlp.22342,7,mlp,22342,417,0
11051,5,4.resid.31197,4,resid,31197,645,1828
11052,5,7.mlp.4941,7,mlp,4941,268,0
11053,5,4.resid.20692,4,resid,20692,409,0
11054,5,7.mlp.11257,7,mlp,11257,684,1829
11055,5,4.resid.32700,4,resid,32700,205,0
11056,5,7.mlp.24331,7,mlp,24331,420,0
11057,5,4.resid.34052,4,resid,34052,293,0
11058,5,7.mlp.6657,7,mlp,6657,449,1830
11059,5,4.resid.38329,4,resid,38329,391,0
11060,5,7.mlp.11395,7,mlp,11395,384,1831
11061,5,4.resid.32279,4,resid,32279,363,0
11062,5,7.mlp.36541,7,mlp,36541,300,0
11063,5,4.resid.3260,4,resid,3260,471,0
11064,5,7.mlp.14678,7,mlp,14678,432,0
11065,5,4.resid.10380,4,resid,10380,158,0
11066,5,7.mlp.13788,7,mlp,13788,483,0
11067,5,4.resid.39812,4,resid,39812,294,0
11068,5,7.mlp.15544,7,mlp,15544,286,0
11069,5,4.resid.22036,4,resid,22036,366,1832
11070,5,7.mlp.35389,7,mlp,35389,377,0
11071,5,4.resid.8057,4,resid,8057,224,0
11072,5,7.mlp.17228,7,mlp,17228,574,1833
11073,5,4.resid.13500,4,resid,13500,237,0
11074,5,7.mlp.1557,7,mlp,1557,373,0
11075,5,4.resid.1363,4,resid,1363,224,0
11076,5,7.mlp.32601,7,mlp,32601,275,0
11077,5,4.resid.36440,4,resid,36440,193,0
11078,5,7.mlp.13231,7,mlp,13231,552,0
11079,5,4.resid.6267,4,resid,6267,486,1834
11080,5,7.mlp.5103,7,mlp,5103,451,0
11081,5,4.resid.7260,4,resid,7260,371,0
11082,5,7.mlp.33785,7,mlp,33785,559,0
11083,5,4.resid.22984,4,resid,22984,268,0
11084,5,7.mlp.14807,7,mlp,14807,372,0
11085,5,4.resid.809,4,resid,809,353,0
11086,5,7.mlp.24827,7,mlp,24827,560,0
11087,5,7.attn.32402,7,attn,32402,494,0
11088,5,5.attn.28941,5,attn,28941,256,2
11089,5,7.attn.20532,7,attn,20532,454,0
11090,5,7.attn.27127,7,attn,27127,322,2
11091,5,5.attn.19953,5,attn,19953,263,2
11092,5,5.attn.3808,5,attn,3808,180,2
11093,5,7.attn.33374,7,attn,33374,297,2
11094,5,5.attn.20919,5,attn,20919,239,2
11095,5,7.attn.21855,7,attn,21855,205,2
11096,5,5.attn.5831,5,attn,5831,94,0
11097,5,7.attn.15833,7,attn,15833,462,0
11098,5,7.attn.20924,7,attn,20924,444,0
11099,5,7.attn.18710,7,attn,18710,203,2
11100,5,5.attn.18490,5,attn,18490,148,2
11101,5,7.attn.5807,7,attn,5807,273,0
11102,5,5.attn.3287,5,attn,3287,215,2
11103,5,7.attn.3939,7,attn,3939,502,0
11104,5,5.attn.34589,5,attn,34589,348,0
11105,5,5.attn.31566,5,attn,31566,319,0
11106,5,7.attn.3816,7,attn,3816,217,2
11107,5,5.attn.25763,5,attn,25763,250,2
11108,5,7.attn.20833,7,attn,20833,403,0
11109,5,5.attn.14208,5,attn,14208,299,0
11110,5,7.attn.39552,7,attn,39552,274,0
11111,5,5.attn.31063,5,attn,31063,369,0
11112,5,7.attn.7109,7,attn,7109,252,2
11113,5,5.attn.33325,5,attn,33325,295,0
11114,5,7.attn.657,7,attn,657,359,0
11115,5,5.attn.15053,5,attn,15053,381,0
11116,5,7.attn.6723,7,attn,6723,451,0
11117,5,5.attn.39143,5,attn,39143,295,0
11118,5,5.attn.39901,5,attn,39901,260,0
11119,5,7.attn.24831,7,attn,24831,401,0
11120,5,5.attn.15188,5,attn,15188,317,0
11121,5,7.attn.8608,7,attn,8608,216,2
11122,5,5.attn.32721,5,attn,32721,163,2
11123,5,5.attn.24940,5,attn,24940,223,2
11124,5,7.attn.32141,7,attn,32141,238,0
11125,5,5.attn.8645,5,attn,8645,99,0
11126,5,7.attn.250,7,attn,250,534,1835
11127,5,5.attn.10014,5,attn,10014,234,2
11128,5,7.attn.31563,7,attn,31563,272,2
11129,5,5.attn.35762,5,attn,35762,339,0
11130,5,7.attn.33961,7,attn,33961,508,0
11131,5,5.attn.28409,5,attn,28409,361,0
11132,5,7.attn.30451,7,attn,30451,436,0
11133,5,5.attn.7552,5,attn,7552,378,0
11134,5,6.resid.25828,6,resid,25828,609,1836
11135,5,5.mlp.29518,5,mlp,29518,390,0
11136,5,6.resid.35910,6,resid,35910,372,0
11137,5,5.mlp.17022,5,mlp,17022,414,0
11138,5,6.resid.20179,6,resid,20179,413,0
11139,5,5.mlp.27444,5,mlp,27444,264,0
11140,5,6.resid.37976,6,resid,37976,521,1837
11141,5,5.mlp.8361,5,mlp,8361,308,0
11142,5,6.resid.32466,6,resid,32466,362,0
11143,5,5.mlp.1180,5,mlp,1180,311,0
11144,5,6.resid.7096,6,resid,7096,261,0
11145,5,5.mlp.9043,5,mlp,9043,199,0
11146,5,6.resid.8894,6,resid,8894,321,0
11147,5,5.mlp.18575,5,mlp,18575,344,0
11148,5,6.resid.15892,6,resid,15892,458,1838
11149,5,5.mlp.22458,5,mlp,22458,184,0
11150,5,6.resid.12550,6,resid,12550,478,0
11151,5,5.mlp.13383,5,mlp,13383,276,0
11152,5,6.resid.19719,6,resid,19719,454,0
11153,5,5.mlp.34363,5,mlp,34363,291,0
11154,5,6.resid.24886,6,resid,24886,476,0
11155,5,5.mlp.16658,5,mlp,16658,187,0
11156,5,6.resid.20485,6,resid,20485,242,2
11157,5,5.mlp.17763,5,mlp,17763,624,1839
11158,5,6.resid.23105,6,resid,23105,418,0
11159,5,5.mlp.38378,5,mlp,38378,455,0
11160,5,6.resid.12272,6,resid,12272,502,0
11161,5,5.mlp.11732,5,mlp,11732,577,1840
11162,5,6.resid.1425,6,resid,1425,428,0
11163,5,5.mlp.38497,5,mlp,38497,283,0
11164,5,6.resid.12069,6,resid,12069,216,2
11165,5,5.mlp.32057,5,mlp,32057,265,0
11166,5,6.resid.35240,6,resid,35240,368,0
11167,5,5.mlp.3896,5,mlp,3896,373,0
11168,5,6.resid.25079,6,resid,25079,531,0
11169,5,5.mlp.36734,5,mlp,36734,354,0
11170,5,6.resid.11961,6,resid,11961,337,0
11171,5,5.mlp.32686,5,mlp,32686,413,0
11172,5,6.resid.20814,6,resid,20814,391,0
11173,5,5.mlp.37426,5,mlp,37426,274,0
11174,5,6.resid.25972,6,resid,25972,265,0
11175,5,5.mlp.33693,5,mlp,33693,353,0
11176,5,6.resid.6209,6,resid,6209,434,0
11177,5,5.mlp.5173,5,mlp,5173,303,0
11178,5,6.resid.9386,6,resid,9386,559,1841
11179,5,5.mlp.24217,5,mlp,24217,222,0
11180,5,6.resid.3506,6,resid,3506,310,0
11181,5,5.mlp.21282,5,mlp,21282,270,0
11182,5,6.resid.344,6,resid,344,308,0
11183,5,5.mlp.30340,5,mlp,30340,196,0
11184,5,6.resid.7365,6,resid,7365,310,2
11185,5,5.mlp.13500,5,mlp,13500,289,0
11186,5,6.resid.21717,6,resid,21717,507,1842
11187,5,5.mlp.15380,5,mlp,15380,617,1843
11188,5,6.resid.25803,6,resid,25803,747,1844
11189,5,5.mlp.35748,5,mlp,35748,438,0
11190,5,6.resid.33882,6,resid,33882,375,0
11191,5,5.resid.11046,5,resid,11046,314,0
11192,5,6.mlp.33625,6,mlp,33625,465,0
11193,5,5.resid.30805,5,resid,30805,362,0
11194,5,6.mlp.4592,6,mlp,4592,596,1845
11195,5,5.resid.26026,5,resid,26026,297,0
11196,5,6.mlp.84,6,mlp,84,497,0
11197,5,5.resid.15404,5,resid,15404,236,0
11198,5,6.mlp.35597,6,mlp,35597,194,0
11199,5,5.resid.3667,5,resid,3667,334,0
11200,5,6.mlp.27903,6,mlp,27903,318,0
11201,5,5.resid.33295,5,resid,33295,283,0
11202,5,6.mlp.10902,6,mlp,10902,225,0
11203,5,5.resid.30085,5,resid,30085,299,0
11204,5,6.mlp.7388,6,mlp,7388,434,0
11205,5,5.resid.4191,5,resid,4191,353,0
11206,5,6.mlp.19753,6,mlp,19753,401,0
11207,5,5.resid.31434,5,resid,31434,426,0
11208,5,6.mlp.11869,6,mlp,11869,383,0
11209,5,5.resid.30198,5,resid,30198,227,0
11210,5,6.mlp.24700,6,mlp,24700,478,0
11211,5,5.resid.2458,5,resid,2458,368,0
11212,5,6.mlp.5601,6,mlp,5601,459,0
11213,5,5.resid.7117,5,resid,7117,311,0
11214,5,6.mlp.8149,6,mlp,8149,362,0
11215,5,5.resid.2918,5,resid,2918,427,0
11216,5,6.mlp.2751,6,mlp,2751,312,0
11217,5,5.resid.21849,5,resid,21849,348,0
11218,5,6.mlp.27848,6,mlp,27848,604,1846
11219,5,5.resid.9938,5,resid,9938,224,0
11220,5,6.mlp.34512,6,mlp,34512,448,0
11221,5,5.resid.6222,5,resid,6222,335,0
11222,5,6.mlp.23718,6,mlp,23718,715,1847
11223,5,5.resid.14418,5,resid,14418,288,0
11224,5,6.mlp.5782,6,mlp,5782,294,0
11225,5,5.resid.30420,5,resid,30420,309,0
11226,5,6.mlp.21995,6,mlp,21995,448,0
11227,5,5.resid.37117,5,resid,37117,287,0
11228,5,6.mlp.19874,6,mlp,19874,311,0
11229,5,5.resid.16785,5,resid,16785,485,1848
11230,5,6.mlp.8305,6,mlp,8305,336,0
11231,5,5.resid.21314,5,resid,21314,408,1849
11232,5,6.mlp.1162,6,mlp,1162,406,0
11233,5,5.resid.24970,5,resid,24970,219,0
11234,5,6.mlp.24588,6,mlp,24588,450,0
11235,5,5.resid.20723,5,resid,20723,393,0
11236,5,6.mlp.1527,6,mlp,1527,416,0
11237,5,5.resid.8102,5,resid,8102,420,0
11238,5,6.mlp.23867,6,mlp,23867,202,0
11239,5,5.resid.37086,5,resid,37086,417,0
11240,5,6.mlp.17823,6,mlp,17823,281,0
11241,5,5.resid.3907,5,resid,3907,306,0
11242,5,6.mlp.36369,6,mlp,36369,282,0
11243,5,5.resid.10394,5,resid,10394,386,0
11244,5,6.mlp.16264,6,mlp,16264,254,0
11245,5,5.resid.3029,5,resid,3029,270,0
11246,5,6.mlp.3580,6,mlp,3580,478,0
11247,5,5.resid.32804,5,resid,32804,342,0
11248,5,6.attn.34566,6,attn,34566,495,0
11249,5,6.attn.21753,6,attn,21753,227,2
11250,5,6.attn.34961,6,attn,34961,275,2
11251,5,6.attn.29044,6,attn,29044,349,2
11252,5,6.attn.21578,6,attn,21578,446,0
11253,5,6.attn.31807,6,attn,31807,322,0
11254,5,6.attn.39739,6,attn,39739,213,2
11255,5,6.attn.32874,6,attn,32874,218,2
11256,5,6.attn.20571,6,attn,20571,311,2
11257,5,6.attn.3587,6,attn,3587,307,2
11258,5,6.attn.24392,6,attn,24392,479,0
11259,5,6.attn.31298,6,attn,31298,161,0
11260,5,6.attn.33383,6,attn,33383,219,2
11261,5,6.attn.14796,6,attn,14796,446,0
11262,5,6.attn.19164,6,attn,19164,443,0
11263,5,6.attn.32953,6,attn,32953,293,2
11264,5,6.attn.30982,6,attn,30982,387,0
11265,5,6.attn.20098,6,attn,20098,425,0
11266,5,6.attn.27962,6,attn,27962,237,2
11267,5,6.attn.573,6,attn,573,298,0
11268,5,6.attn.1788,6,attn,1788,264,2
11269,5,6.attn.5462,6,attn,5462,332,2
11270,5,6.attn.29333,6,attn,29333,235,2
11271,5,6.attn.31887,6,attn,31887,323,2
11272,5,6.attn.8279,6,attn,8279,422,0
11273,5,6.attn.26220,6,attn,26220,481,0
11274,5,6.attn.14337,6,attn,14337,402,0
11275,5,6.attn.2147,6,attn,2147,466,0
11276,5,0.mlp.30917,0,mlp,30917,22,1
11277,6,0.mlp.30543,0,mlp,30543,26,1
11278,6,11.resid.13386,11,resid,13386,209,0
11279,6,0.mlp.15886,0,mlp,15886,13,0
11280,6,11.resid.8846,11,resid,8846,506,1850
11281,6,0.mlp.10327,0,mlp,10327,14,1
11282,6,11.resid.25066,11,resid,25066,677,1851
11283,6,0.mlp.6854,0,mlp,6854,10,0
11284,6,11.resid.21454,11,resid,21454,254,0
11285,6,0.mlp.23210,0,mlp,23210,20,1
11286,6,11.resid.31150,11,resid,31150,710,1852
11287,6,0.mlp.18833,0,mlp,18833,33,1
11288,6,11.resid.1154,11,resid,1154,662,1853
11289,6,0.mlp.23821,0,mlp,23821,16,1
11290,6,11.resid.36986,11,resid,36986,522,0
11291,6,0.mlp.5908,0,mlp,5908,49,1
11292,6,11.resid.1728,11,resid,1728,574,1854
11293,6,0.mlp.34512,0,mlp,34512,9,0
11294,6,11.resid.5506,11,resid,5506,478,0
11295,6,0.mlp.36871,0,mlp,36871,32,1
11296,6,11.resid.29594,11,resid,29594,406,0
11297,6,0.mlp.23367,0,mlp,23367,9,0
11298,6,11.resid.1544,11,resid,1544,558,0
11299,6,0.mlp.39007,0,mlp,39007,5,0
11300,6,11.resid.28356,11,resid,28356,589,1855
11301,6,0.mlp.12725,0,mlp,12725,42,1
11302,6,11.resid.7767,11,resid,7767,649,1856
11303,6,0.mlp.23604,0,mlp,23604,38,1
11304,6,11.resid.29371,11,resid,29371,312,0
11305,6,0.mlp.31603,0,mlp,31603,44,1
11306,6,11.resid.11952,11,resid,11952,439,0
11307,6,0.mlp.7369,0,mlp,7369,19,1
11308,6,11.resid.2380,11,resid,2380,474,0
11309,6,0.mlp.19700,0,mlp,19700,35,1
11310,6,11.resid.7306,11,resid,7306,281,0
11311,6,0.mlp.6561,0,mlp,6561,24,1
11312,6,11.resid.18882,11,resid,18882,372,0
11313,6,0.mlp.20821,0,mlp,20821,19,1
11314,6,11.resid.19864,11,resid,19864,264,0
11315,6,0.mlp.22654,0,mlp,22654,22,1
11316,6,11.resid.22958,11,resid,22958,734,1857
11317,6,0.mlp.33267,0,mlp,33267,20,1
11318,6,11.resid.6458,11,resid,6458,468,0
11319,6,0.mlp.23854,0,mlp,23854,14,1
11320,6,11.resid.22678,11,resid,22678,604,1858
11321,6,0.mlp.39334,0,mlp,39334,61,1
11322,6,11.resid.14375,11,resid,14375,427,0
11323,6,0.mlp.18668,0,mlp,18668,14,1
11324,6,11.resid.15533,11,resid,15533,626,1859
11325,6,0.mlp.30265,0,mlp,30265,69,1
11326,6,11.resid.15853,11,resid,15853,228,0
11327,6,0.mlp.34183,0,mlp,34183,15,1
11328,6,11.resid.23545,11,resid,23545,410,0
11329,6,0.mlp.13566,0,mlp,13566,17,1
11330,6,11.resid.18016,11,resid,18016,532,1860
11331,6,0.mlp.5045,0,mlp,5045,13,0
11332,6,11.resid.8910,11,resid,8910,375,0
11333,6,0.mlp.29282,0,mlp,29282,18,1
11334,6,11.mlp.22636,11,mlp,22636,581,1861
11335,6,0.resid.15727,0,resid,15727,12,1
11336,6,11.mlp.14270,11,mlp,14270,400,0
11337,6,0.resid.10593,0,resid,10593,163,1
11338,6,11.mlp.2419,11,mlp,2419,718,1862
11339,6,0.resid.30071,0,resid,30071,25,1
11340,6,11.mlp.37513,11,mlp,37513,434,0
11341,6,0.resid.30398,0,resid,30398,165,1
11342,6,11.mlp.6616,11,mlp,6616,382,0
11343,6,0.resid.39670,0,resid,39670,68,1
11344,6,11.mlp.34539,11,mlp,34539,426,0
11345,6,0.resid.17287,0,resid,17287,73,1
11346,6,11.mlp.9012,11,mlp,9012,440,0
11347,6,0.resid.37929,0,resid,37929,32,1
11348,6,11.mlp.39520,11,mlp,39520,258,0
11349,6,0.resid.37212,0,resid,37212,9,0
11350,6,11.mlp.14939,11,mlp,14939,490,0
11351,6,0.resid.38616,0,resid,38616,9,0
11352,6,11.mlp.38079,11,mlp,38079,250,0
11353,6,0.resid.4723,0,resid,4723,21,1
11354,6,11.mlp.29943,11,mlp,29943,654,1863
11355,6,0.resid.310,0,resid,310,20,0
11356,6,11.mlp.32738,11,mlp,32738,620,1864
11357,6,0.resid.34525,0,resid,34525,82,1
11358,6,11.mlp.9899,11,mlp,9899,478,1865
11359,6,0.resid.21841,0,resid,21841,12,0
11360,6,11.mlp.23526,11,mlp,23526,640,1866
11361,6,0.resid.7361,0,resid,7361,62,1
11362,6,11.mlp.11158,11,mlp,11158,257,0
11363,6,0.resid.17866,0,resid,17866,21,1
11364,6,11.mlp.24465,11,mlp,24465,432,0
11365,6,0.resid.17422,0,resid,17422,45,1
11366,6,11.mlp.11447,11,mlp,11447,724,1867
11367,6,0.resid.22197,0,resid,22197,36,1
11368,6,11.mlp.7367,11,mlp,7367,545,0
11369,6,0.resid.17144,0,resid,17144,50,1
11370,6,11.mlp.30975,11,mlp,30975,378,0
11371,6,0.resid.34502,0,resid,34502,25,1
11372,6,11.mlp.30,11,mlp,30,523,0
11373,6,0.resid.513,0,resid,513,18,1
11374,6,11.mlp.1009,11,mlp,1009,425,0
11375,6,0.resid.17311,0,resid,17311,34,1
11376,6,11.mlp.23736,11,mlp,23736,571,1868
11377,6,0.resid.36961,0,resid,36961,93,1
11378,6,11.mlp.6950,11,mlp,6950,288,0
11379,6,0.resid.36407,0,resid,36407,20,1
11380,6,11.mlp.25159,11,mlp,25159,279,0
11381,6,0.resid.20893,0,resid,20893,15,2
11382,6,11.mlp.13741,11,mlp,13741,482,1869
11383,6,0.resid.19766,0,resid,19766,61,1
11384,6,11.mlp.7636,11,mlp,7636,580,1870
11385,6,0.resid.35367,0,resid,35367,34,1
11386,6,11.mlp.22615,11,mlp,22615,637,1871
11387,6,0.resid.4289,0,resid,4289,13,0
11388,6,11.mlp.22311,11,mlp,22311,614,1872
11389,6,0.resid.3751,0,resid,3751,27,1
11390,6,11.attn.29065,11,attn,29065,383,0
11391,6,11.attn.34079,11,attn,34079,133,0
11392,6,11.attn.26677,11,attn,26677,203,0
11393,6,11.attn.11503,11,attn,11503,273,2
11394,6,11.attn.38452,11,attn,38452,299,0
11395,6,11.attn.1426,11,attn,1426,335,0
11396,6,11.attn.24297,11,attn,24297,409,2
11397,6,11.attn.25549,11,attn,25549,270,0
11398,6,11.attn.13841,11,attn,13841,512,0
11399,6,1.attn.25185,1,attn,25185,167,1
11400,6,11.attn.8046,11,attn,8046,446,0
11401,6,1.attn.19357,1,attn,19357,67,1
11402,6,11.attn.24849,11,attn,24849,833,1873
11403,6,1.attn.36006,1,attn,36006,74,1
11404,6,11.attn.29117,11,attn,29117,438,0
11405,6,11.attn.40414,11,attn,40414,303,0
11406,6,1.attn.31051,1,attn,31051,159,1
11407,6,11.attn.26149,11,attn,26149,157,0
11408,6,11.attn.3743,11,attn,3743,321,0
11409,6,1.attn.35664,1,attn,35664,54,1
11410,6,11.attn.6114,11,attn,6114,342,0
11411,6,11.attn.40678,11,attn,40678,509,1874
11412,6,1.attn.16856,1,attn,16856,74,2
11413,6,11.attn.34364,11,attn,34364,698,1875
11414,6,11.attn.29013,11,attn,29013,225,0
11415,6,1.attn.6509,1,attn,6509,179,1
11416,6,11.attn.10628,11,attn,10628,263,0
11417,6,11.attn.18522,11,attn,18522,322,2
11418,6,11.attn.35443,11,attn,35443,368,0
11419,6,11.attn.4927,11,attn,4927,838,1876
11420,6,11.attn.9617,11,attn,9617,417,0
11421,6,11.attn.40926,11,attn,40926,316,0
11422,6,1.attn.32375,1,attn,32375,204,0
11423,6,11.attn.690,11,attn,690,468,0
11424,6,11.attn.23468,11,attn,23468,725,1877
11425,6,11.attn.2214,11,attn,2214,313,2
11426,6,11.attn.36209,11,attn,36209,313,0
11427,6,1.mlp.36770,1,mlp,36770,217,0
11428,6,10.resid.5117,10,resid,5117,400,0
11429,6,1.mlp.17713,1,mlp,17713,129,1
11430,6,10.resid.10380,10,resid,10380,361,0
11431,6,1.mlp.21842,1,mlp,21842,256,0
11432,6,10.resid.13867,10,resid,13867,687,1878
11433,6,1.mlp.28471,1,mlp,28471,140,1
11434,6,10.resid.40618,10,resid,40618,371,0
11435,6,1.mlp.13700,1,mlp,13700,211,1
11436,6,10.resid.27197,10,resid,27197,299,0
11437,6,1.mlp.34764,1,mlp,34764,200,1
11438,6,10.resid.31372,10,resid,31372,593,1879
11439,6,1.mlp.7735,1,mlp,7735,133,1
11440,6,10.resid.24452,10,resid,24452,522,1880
11441,6,1.mlp.25684,1,mlp,25684,224,0
11442,6,10.resid.30989,10,resid,30989,307,0
11443,6,1.mlp.15548,1,mlp,15548,123,1
11444,6,10.resid.14544,10,resid,14544,599,1881
11445,6,1.mlp.22294,1,mlp,22294,113,1
11446,6,10.resid.38698,10,resid,38698,191,2
11447,6,1.mlp.21291,1,mlp,21291,194,0
11448,6,10.resid.1284,10,resid,1284,530,0
11449,6,1.mlp.1622,1,mlp,1622,155,1
11450,6,10.resid.25611,10,resid,25611,589,1882
11451,6,1.mlp.25652,1,mlp,25652,129,1
11452,6,10.resid.18168,10,resid,18168,582,1883
11453,6,1.mlp.22350,1,mlp,22350,111,1
11454,6,10.resid.18744,10,resid,18744,782,1884
11455,6,1.mlp.17962,1,mlp,17962,104,1
11456,6,10.resid.5154,10,resid,5154,800,1885
11457,6,1.mlp.2768,1,mlp,2768,168,1
11458,6,10.resid.2946,10,resid,2946,652,1886
11459,6,1.mlp.508,1,mlp,508,220,0
11460,6,10.resid.10930,10,resid,10930,557,0
11461,6,1.mlp.21170,1,mlp,21170,148,1
11462,6,10.resid.38542,10,resid,38542,631,1887
11463,6,1.mlp.40432,1,mlp,40432,103,1
11464,6,10.resid.15434,10,resid,15434,693,1888
11465,6,1.mlp.34196,1,mlp,34196,77,1
11466,6,10.resid.27760,10,resid,27760,571,1889
11467,6,1.mlp.7232,1,mlp,7232,83,1
11468,6,10.resid.4237,10,resid,4237,521,0
11469,6,1.mlp.23212,1,mlp,23212,108,1
11470,6,10.resid.40269,10,resid,40269,424,0
11471,6,1.mlp.11707,1,mlp,11707,129,1
11472,6,10.resid.19353,10,resid,19353,481,0
11473,6,1.mlp.38084,1,mlp,38084,160,1
11474,6,10.resid.10497,10,resid,10497,428,0
11475,6,1.mlp.8560,1,mlp,8560,147,1
11476,6,10.resid.32152,10,resid,32152,281,0
11477,6,1.mlp.7166,1,mlp,7166,193,0
11478,6,10.resid.14564,10,resid,14564,668,1890
11479,6,1.mlp.20126,1,mlp,20126,79,1
11480,6,10.resid.24132,10,resid,24132,404,0
11481,6,1.mlp.10470,1,mlp,10470,112,1
11482,6,10.resid.14868,10,resid,14868,614,1891
11483,6,1.mlp.17220,1,mlp,17220,90,1
11484,6,10.mlp.33479,10,mlp,33479,370,0
11485,6,1.resid.20810,1,resid,20810,42,1
11486,6,10.mlp.19963,10,mlp,19963,345,0
11487,6,1.resid.6947,1,resid,6947,105,1
11488,6,10.mlp.17034,10,mlp,17034,709,1892
11489,6,1.resid.8429,1,resid,8429,64,1
11490,6,10.mlp.27554,10,mlp,27554,481,1893
11491,6,1.resid.37715,1,resid,37715,121,1
11492,6,10.mlp.13218,10,mlp,13218,283,0
11493,6,1.resid.38720,1,resid,38720,90,1
11494,6,10.mlp.7369,10,mlp,7369,432,0
11495,6,1.resid.8033,1,resid,8033,106,1
11496,6,10.mlp.31264,10,mlp,31264,619,1894
11497,6,1.resid.34566,1,resid,34566,97,1
11498,6,10.mlp.4202,10,mlp,4202,390,0
11499,6,1.resid.34655,1,resid,34655,56,1
11500,6,10.mlp.26842,10,mlp,26842,358,0
11501,6,1.resid.7743,1,resid,7743,141,1
11502,6,10.mlp.40714,10,mlp,40714,364,0
11503,6,1.resid.12877,1,resid,12877,67,1
11504,6,10.mlp.28796,10,mlp,28796,412,0
11505,6,1.resid.38712,1,resid,38712,128,1
11506,6,10.mlp.20570,10,mlp,20570,451,0
11507,6,1.resid.13888,1,resid,13888,146,1
11508,6,10.mlp.29637,10,mlp,29637,626,1895
11509,6,1.resid.7913,1,resid,7913,62,1
11510,6,10.mlp.10705,10,mlp,10705,383,0
11511,6,1.resid.31751,1,resid,31751,63,1
11512,6,10.mlp.20227,10,mlp,20227,490,0
11513,6,1.resid.38810,1,resid,38810,120,1
11514,6,10.mlp.38069,10,mlp,38069,527,0
11515,6,1.resid.17287,1,resid,17287,86,1
11516,6,10.mlp.10684,10,mlp,10684,490,0
11517,6,1.resid.22060,1,resid,22060,54,1
11518,6,10.mlp.5555,10,mlp,5555,488,0
11519,6,1.resid.7419,1,resid,7419,95,1
11520,6,10.mlp.9758,10,mlp,9758,347,0
11521,6,1.resid.37356,1,resid,37356,45,1
11522,6,10.mlp.10651,10,mlp,10651,471,0
11523,6,1.resid.31120,1,resid,31120,65,1
11524,6,10.mlp.18551,10,mlp,18551,563,0
11525,6,1.resid.17021,1,resid,17021,80,1
11526,6,10.mlp.27090,10,mlp,27090,597,1896
11527,6,1.resid.33097,1,resid,33097,139,1
11528,6,10.mlp.7246,10,mlp,7246,323,0
11529,6,1.resid.17431,1,resid,17431,107,1
11530,6,10.mlp.34509,10,mlp,34509,498,0
11531,6,1.resid.33297,1,resid,33297,80,1
11532,6,10.mlp.17322,10,mlp,17322,662,1897
11533,6,1.resid.34729,1,resid,34729,137,1
11534,6,10.mlp.22202,10,mlp,22202,464,0
11535,6,1.resid.40390,1,resid,40390,46,2
11536,6,10.mlp.29940,10,mlp,29940,476,1898
11537,6,1.resid.19456,1,resid,19456,80,1
11538,6,10.mlp.19398,10,mlp,19398,301,0
11539,6,1.resid.26376,1,resid,26376,88,1
11540,6,10.mlp.21322,10,mlp,21322,344,0
11541,6,10.attn.32487,10,attn,32487,317,2
11542,6,2.attn.762,2,attn,762,119,2
11543,6,10.attn.2251,10,attn,2251,568,0
11544,6,2.attn.18593,2,attn,18593,125,1
11545,6,10.attn.28167,10,attn,28167,420,0
11546,6,2.attn.38181,2,attn,38181,207,0
11547,6,10.attn.34760,10,attn,34760,235,2
11548,6,10.attn.29129,10,attn,29129,251,2
11549,6,2.attn.39159,2,attn,39159,140,2
11550,6,10.attn.28493,10,attn,28493,738,1899
11551,6,2.attn.12633,2,attn,12633,124,2
11552,6,10.attn.25014,10,attn,25014,650,1900
11553,6,2.attn.24325,2,attn,24325,219,2
11554,6,10.attn.14926,10,attn,14926,331,2
11555,6,10.attn.28832,10,attn,28832,274,0
11556,6,10.attn.32177,10,attn,32177,446,0
11557,6,2.attn.14450,2,attn,14450,209,0
11558,6,10.attn.24516,10,attn,24516,378,0
11559,6,10.attn.25372,10,attn,25372,675,1901
11560,6,2.attn.28427,2,attn,28427,124,1
11561,6,10.attn.19329,10,attn,19329,701,1902
11562,6,10.attn.14378,10,attn,14378,744,1903
11563,6,10.attn.26430,10,attn,26430,691,1904
11564,6,2.attn.33504,2,attn,33504,72,1
11565,6,10.attn.40555,10,attn,40555,354,0
11566,6,10.attn.35527,10,attn,35527,234,2
11567,6,2.attn.18757,2,attn,18757,58,2
11568,6,10.attn.23537,10,attn,23537,284,2
11569,6,10.attn.922,10,attn,922,213,2
11570,6,2.attn.12011,2,attn,12011,159,1
11571,6,10.attn.16888,10,attn,16888,463,0
11572,6,2.attn.28719,2,attn,28719,281,2
11573,6,10.attn.35549,10,attn,35549,179,0
11574,6,2.attn.38903,2,attn,38903,228,0
11575,6,10.attn.3116,10,attn,3116,475,0
11576,6,2.attn.34840,2,attn,34840,112,1
11577,6,10.attn.8443,10,attn,8443,388,0
11578,6,10.attn.38127,10,attn,38127,962,1905
11579,6,10.attn.3539,10,attn,3539,639,1906
11580,6,10.attn.10970,10,attn,10970,743,1907
11581,6,2.attn.9778,2,attn,9778,168,0
11582,6,10.attn.28599,10,attn,28599,270,0
11583,6,2.attn.17043,2,attn,17043,375,0
11584,6,10.attn.6231,10,attn,6231,296,2
11585,6,2.attn.20313,2,attn,20313,189,0
11586,6,9.resid.23335,9,resid,23335,736,1908
11587,6,2.mlp.21332,2,mlp,21332,373,0
11588,6,9.resid.38531,9,resid,38531,573,1909
11589,6,2.mlp.8671,2,mlp,8671,289,0
11590,6,9.resid.36814,9,resid,36814,518,0
11591,6,2.mlp.7494,2,mlp,7494,274,0
11592,6,9.resid.21276,9,resid,21276,453,1910
11593,6,2.mlp.10205,2,mlp,10205,239,0
11594,6,9.resid.387,9,resid,387,665,1911
11595,6,2.mlp.1964,2,mlp,1964,103,1
11596,6,9.resid.17173,9,resid,17173,674,1912
11597,6,2.mlp.33341,2,mlp,33341,137,2
11598,6,9.resid.21730,9,resid,21730,656,1913
11599,6,2.mlp.2596,2,mlp,2596,275,0
11600,6,9.resid.13520,9,resid,13520,274,0
11601,6,2.mlp.17688,2,mlp,17688,182,0
11602,6,9.resid.22886,9,resid,22886,777,1914
11603,6,2.mlp.20796,2,mlp,20796,259,0
11604,6,9.resid.32028,9,resid,32028,552,0
11605,6,2.mlp.21252,2,mlp,21252,271,0
11606,6,9.resid.22469,9,resid,22469,591,1915
11607,6,2.mlp.5849,2,mlp,5849,211,0
11608,6,9.resid.20658,9,resid,20658,500,0
11609,6,2.mlp.11099,2,mlp,11099,149,1
11610,6,9.resid.32632,9,resid,32632,389,0
11611,6,2.mlp.20063,2,mlp,20063,138,0
11612,6,9.resid.19385,9,resid,19385,329,0
11613,6,2.mlp.10238,2,mlp,10238,169,0
11614,6,9.resid.111,9,resid,111,644,1916
11615,6,2.mlp.36804,2,mlp,36804,169,1
11616,6,9.resid.22511,9,resid,22511,372,0
11617,6,2.mlp.23074,2,mlp,23074,154,0
11618,6,9.resid.10786,9,resid,10786,758,1917
11619,6,2.mlp.23814,2,mlp,23814,120,1
11620,6,9.resid.37373,9,resid,37373,521,0
11621,6,2.mlp.1017,2,mlp,1017,187,0
11622,6,9.resid.27608,9,resid,27608,737,1918
11623,6,2.mlp.31321,2,mlp,31321,201,0
11624,6,9.resid.25364,9,resid,25364,751,1919
11625,6,2.mlp.32597,2,mlp,32597,132,1
11626,6,9.resid.24694,9,resid,24694,761,1920
11627,6,2.mlp.21704,2,mlp,21704,129,1
11628,6,9.resid.39597,9,resid,39597,526,1921
11629,6,2.mlp.11572,2,mlp,11572,108,1
11630,6,9.resid.15938,9,resid,15938,589,1922
11631,6,2.mlp.15349,2,mlp,15349,203,0
11632,6,9.resid.17451,9,resid,17451,617,1923
11633,6,2.mlp.22657,2,mlp,22657,252,0
11634,6,9.resid.20373,9,resid,20373,644,1924
11635,6,2.mlp.22919,2,mlp,22919,184,2
11636,6,9.resid.35254,9,resid,35254,534,0
11637,6,2.mlp.14174,2,mlp,14174,174,0
11638,6,9.resid.37014,9,resid,37014,410,0
11639,6,2.mlp.32720,2,mlp,32720,219,0
11640,6,9.resid.30970,9,resid,30970,626,1925
11641,6,2.mlp.32249,2,mlp,32249,236,0
11642,6,9.resid.11853,9,resid,11853,632,1926
11643,6,2.resid.15164,2,resid,15164,93,1
11644,6,9.mlp.30311,9,mlp,30311,509,1927
11645,6,2.resid.5028,2,resid,5028,258,0
11646,6,9.mlp.22489,9,mlp,22489,520,0
11647,6,2.resid.33789,2,resid,33789,221,0
11648,6,9.mlp.21388,9,mlp,21388,427,0
11649,6,2.resid.3195,2,resid,3195,78,1
11650,6,9.mlp.13357,9,mlp,13357,385,0
11651,6,2.resid.39798,2,resid,39798,153,0
11652,6,9.mlp.8590,9,mlp,8590,429,0
11653,6,2.resid.15376,2,resid,15376,202,0
11654,6,9.mlp.4296,9,mlp,4296,538,0
11655,6,2.resid.7642,2,resid,7642,172,0
11656,6,9.mlp.35293,9,mlp,35293,615,1928
11657,6,2.resid.19245,2,resid,19245,220,0
11658,6,9.mlp.4331,9,mlp,4331,481,0
11659,6,2.resid.702,2,resid,702,225,0
11660,6,9.mlp.23567,9,mlp,23567,342,0
11661,6,2.resid.8075,2,resid,8075,192,0
11662,6,9.mlp.2139,9,mlp,2139,379,0
11663,6,2.resid.1670,2,resid,1670,157,1
11664,6,9.mlp.26068,9,mlp,26068,455,0
11665,6,2.resid.24910,2,resid,24910,128,1
11666,6,9.mlp.11000,9,mlp,11000,547,0
11667,6,2.resid.26340,2,resid,26340,92,1
11668,6,9.mlp.28138,9,mlp,28138,588,1929
11669,6,2.resid.13067,2,resid,13067,143,1
11670,6,9.mlp.13260,9,mlp,13260,341,0
11671,6,2.resid.4976,2,resid,4976,127,1
11672,6,9.mlp.17337,9,mlp,17337,385,0
11673,6,2.resid.26544,2,resid,26544,113,1
11674,6,9.mlp.17744,9,mlp,17744,325,0
11675,6,2.resid.386,2,resid,386,212,0
11676,6,9.mlp.11400,9,mlp,11400,620,1930
11677,6,2.resid.29968,2,resid,29968,55,2
11678,6,9.mlp.40750,9,mlp,40750,579,1931
11679,6,2.resid.14088,2,resid,14088,151,1
11680,6,9.mlp.4550,9,mlp,4550,399,0
11681,6,2.resid.22495,2,resid,22495,132,1
11682,6,9.mlp.7252,9,mlp,7252,541,1932
11683,6,2.resid.18125,2,resid,18125,201,0
11684,6,9.mlp.19779,9,mlp,19779,489,0
11685,6,2.resid.31599,2,resid,31599,108,1
11686,6,9.mlp.16754,9,mlp,16754,543,1933
11687,6,2.resid.17496,2,resid,17496,86,2
11688,6,9.mlp.14115,9,mlp,14115,273,0
11689,6,2.resid.13321,2,resid,13321,73,1
11690,6,9.mlp.8899,9,mlp,8899,480,0
11691,6,2.resid.2361,2,resid,2361,154,1
11692,6,9.mlp.8887,9,mlp,8887,635,1934
11693,6,2.resid.20053,2,resid,20053,172,0
11694,6,9.mlp.35674,9,mlp,35674,376,0
11695,6,2.resid.31010,2,resid,31010,170,1
11696,6,9.mlp.32150,9,mlp,32150,466,0
11697,6,2.resid.6184,2,resid,6184,170,0
11698,6,9.mlp.18921,9,mlp,18921,352,0
11699,6,2.resid.25407,2,resid,25407,138,1
11700,6,9.attn.1565,9,attn,1565,530,0
11701,6,3.attn.26607,3,attn,26607,191,2
11702,6,9.attn.38469,9,attn,38469,318,2
11703,6,3.attn.15358,3,attn,15358,145,2
11704,6,9.attn.13386,9,attn,13386,618,1935
11705,6,3.attn.37487,3,attn,37487,194,2
11706,6,9.attn.39701,9,attn,39701,323,0
11707,6,3.attn.2736,3,attn,2736,146,2
11708,6,9.attn.17956,9,attn,17956,715,1936
11709,6,3.attn.20501,3,attn,20501,76,2
11710,6,9.attn.16225,9,attn,16225,411,0
11711,6,9.attn.23636,9,attn,23636,453,0
11712,6,3.attn.24042,3,attn,24042,218,2
11713,6,9.attn.28114,9,attn,28114,670,1937
11714,6,9.attn.8483,9,attn,8483,291,2
11715,6,3.attn.24814,3,attn,24814,192,2
11716,6,9.attn.20066,9,attn,20066,309,2
11717,6,9.attn.13911,9,attn,13911,299,2
11718,6,3.attn.33359,3,attn,33359,167,2
11719,6,9.attn.27179,9,attn,27179,926,1938
11720,6,3.attn.15935,3,attn,15935,189,2
11721,6,9.attn.5011,9,attn,5011,339,2
11722,6,3.attn.17002,3,attn,17002,282,2
11723,6,9.attn.21801,9,attn,21801,348,2
11724,6,3.attn.40956,3,attn,40956,120,2
11725,6,9.attn.25064,9,attn,25064,288,0
11726,6,9.attn.12987,9,attn,12987,318,0
11727,6,3.attn.36623,3,attn,36623,286,0
11728,6,9.attn.27361,9,attn,27361,258,2
11729,6,9.attn.29578,9,attn,29578,594,1939
11730,6,3.attn.24812,3,attn,24812,250,0
11731,6,9.attn.26182,9,attn,26182,349,0
11732,6,3.attn.37531,3,attn,37531,302,2
11733,6,9.attn.14193,9,attn,14193,414,0
11734,6,3.attn.36343,3,attn,36343,136,2
11735,6,9.attn.15988,9,attn,15988,285,2
11736,6,9.attn.38694,9,attn,38694,224,2
11737,6,3.attn.4727,3,attn,4727,197,2
11738,6,9.attn.27443,9,attn,27443,349,0
11739,6,3.attn.36419,3,attn,36419,177,0
11740,6,9.attn.20771,9,attn,20771,347,0
11741,6,3.attn.32194,3,attn,32194,239,0
11742,6,9.attn.33651,9,attn,33651,410,0
11743,6,3.attn.21860,3,attn,21860,148,2
11744,6,9.attn.38003,9,attn,38003,828,1940
11745,6,3.attn.16508,3,attn,16508,256,2
11746,6,9.attn.40424,9,attn,40424,594,1941
11747,6,3.attn.8014,3,attn,8014,84,2
11748,6,9.attn.39376,9,attn,39376,233,2
11749,6,3.mlp.27173,3,mlp,27173,289,0
11750,6,8.resid.18995,8,resid,18995,527,1942
11751,6,3.mlp.18904,3,mlp,18904,257,0
11752,6,8.resid.33736,8,resid,33736,757,1943
11753,6,3.mlp.11491,3,mlp,11491,247,0
11754,6,8.resid.21465,8,resid,21465,591,1944
11755,6,3.mlp.9764,3,mlp,9764,200,0
11756,6,8.resid.16030,8,resid,16030,327,0
11757,6,3.mlp.29109,3,mlp,29109,342,0
11758,6,8.resid.38227,8,resid,38227,672,1945
11759,6,3.mlp.298,3,mlp,298,188,0
11760,6,8.resid.11502,8,resid,11502,379,0
11761,6,3.mlp.40889,3,mlp,40889,265,0
11762,6,8.resid.27612,8,resid,27612,521,1946
11763,6,3.mlp.22760,3,mlp,22760,338,0
11764,6,8.resid.25381,8,resid,25381,570,0
11765,6,3.mlp.15992,3,mlp,15992,171,0
11766,6,8.resid.4712,8,resid,4712,429,0
11767,6,3.mlp.804,3,mlp,804,232,0
11768,6,8.resid.5386,8,resid,5386,504,0
11769,6,3.mlp.23034,3,mlp,23034,301,0
11770,6,8.resid.18338,8,resid,18338,563,0
11771,6,3.mlp.23265,3,mlp,23265,190,0
11772,6,8.resid.18307,8,resid,18307,298,2
11773,6,3.mlp.21242,3,mlp,21242,289,0
11774,6,8.resid.18710,8,resid,18710,327,0
11775,6,3.mlp.21175,3,mlp,21175,235,0
11776,6,8.resid.19917,8,resid,19917,622,1947
11777,6,3.mlp.34450,3,mlp,34450,186,0
11778,6,8.resid.29313,8,resid,29313,431,0
11779,6,3.mlp.33891,3,mlp,33891,211,0
11780,6,8.resid.28627,8,resid,28627,620,1948
11781,6,3.mlp.16130,3,mlp,16130,196,0
11782,6,8.resid.2772,8,resid,2772,550,0
11783,6,3.mlp.32844,3,mlp,32844,215,0
11784,6,8.resid.15611,8,resid,15611,538,1949
11785,6,3.mlp.25171,3,mlp,25171,161,0
11786,6,8.resid.5377,8,resid,5377,460,1950
11787,6,3.mlp.38661,3,mlp,38661,241,0
11788,6,8.resid.6795,8,resid,6795,352,0
11789,6,3.mlp.7769,3,mlp,7769,315,0
11790,6,8.resid.29853,8,resid,29853,500,0
11791,6,3.mlp.15575,3,mlp,15575,397,0
11792,6,8.resid.20963,8,resid,20963,445,0
11793,6,3.mlp.9965,3,mlp,9965,246,0
11794,6,8.resid.27814,8,resid,27814,664,1951
11795,6,3.mlp.680,3,mlp,680,190,0
11796,6,8.resid.24554,8,resid,24554,580,1952
11797,6,3.mlp.4760,3,mlp,4760,312,0
11798,6,8.resid.14982,8,resid,14982,292,0
11799,6,3.mlp.6570,3,mlp,6570,345,0
11800,6,8.resid.21236,8,resid,21236,566,1953
11801,6,3.mlp.372,3,mlp,372,233,0
11802,6,8.resid.37221,8,resid,37221,255,0
11803,6,3.mlp.24115,3,mlp,24115,199,0
11804,6,8.resid.14887,8,resid,14887,528,0
11805,6,3.resid.35381,3,resid,35381,192,0
11806,6,8.mlp.12816,8,mlp,12816,475,0
11807,6,3.resid.30468,3,resid,30468,262,0
11808,6,8.mlp.20506,8,mlp,20506,488,0
11809,6,3.resid.15238,3,resid,15238,99,1
11810,6,8.mlp.7292,8,mlp,7292,484,0
11811,6,3.resid.31534,3,resid,31534,140,1
11812,6,8.mlp.15735,8,mlp,15735,477,0
11813,6,3.resid.17567,3,resid,17567,145,0
11814,6,8.mlp.837,8,mlp,837,425,0
11815,6,3.resid.5840,3,resid,5840,152,1
11816,6,8.mlp.38852,8,mlp,38852,399,0
11817,6,3.resid.11497,3,resid,11497,112,2
11818,6,8.mlp.40671,8,mlp,40671,514,1954
11819,6,3.resid.14771,3,resid,14771,299,0
11820,6,8.mlp.10974,8,mlp,10974,849,1955
11821,6,3.resid.20812,3,resid,20812,217,0
11822,6,8.mlp.24220,8,mlp,24220,603,1956
11823,6,3.resid.32330,3,resid,32330,139,1
11824,6,8.mlp.8377,8,mlp,8377,410,0
11825,6,3.resid.32969,3,resid,32969,171,0
11826,6,8.mlp.13125,8,mlp,13125,557,1957
11827,6,3.resid.12207,3,resid,12207,128,1
11828,6,8.mlp.9000,8,mlp,9000,554,0
11829,6,3.resid.38549,3,resid,38549,326,0
11830,6,8.mlp.7065,8,mlp,7065,570,0
11831,6,3.resid.1128,3,resid,1128,200,0
11832,6,8.mlp.32562,8,mlp,32562,468,0
11833,6,3.resid.8286,3,resid,8286,263,0
11834,6,8.mlp.32273,8,mlp,32273,476,0
11835,6,3.resid.37707,3,resid,37707,310,0
11836,6,8.mlp.31464,8,mlp,31464,370,0
11837,6,3.resid.18867,3,resid,18867,257,0
11838,6,8.mlp.12911,8,mlp,12911,402,0
11839,6,3.resid.26534,3,resid,26534,203,0
11840,6,8.mlp.31860,8,mlp,31860,408,0
11841,6,3.resid.13422,3,resid,13422,331,0
11842,6,8.mlp.20215,8,mlp,20215,615,1958
11843,6,3.resid.9210,3,resid,9210,146,1
11844,6,8.mlp.20056,8,mlp,20056,469,0
11845,6,3.resid.38796,3,resid,38796,76,1
11846,6,8.mlp.29257,8,mlp,29257,383,0
11847,6,3.resid.11997,3,resid,11997,163,0
11848,6,8.mlp.34179,8,mlp,34179,341,0
11849,6,3.resid.16813,3,resid,16813,101,1
11850,6,8.mlp.24043,8,mlp,24043,484,0
11851,6,3.resid.36327,3,resid,36327,223,0
11852,6,8.mlp.15072,8,mlp,15072,424,0
11853,6,3.resid.2573,3,resid,2573,222,0
11854,6,8.mlp.32123,8,mlp,32123,710,1959
11855,6,3.resid.28326,3,resid,28326,160,0
11856,6,8.mlp.40881,8,mlp,40881,482,0
11857,6,3.resid.23628,3,resid,23628,270,0
11858,6,8.mlp.17845,8,mlp,17845,398,0
11859,6,3.resid.37812,3,resid,37812,153,1
11860,6,8.mlp.40357,8,mlp,40357,489,0
11861,6,3.resid.11127,3,resid,11127,225,0
11862,6,8.attn.11523,8,attn,11523,359,2
11863,6,4.attn.2318,4,attn,2318,171,0
11864,6,8.attn.16777,8,attn,16777,570,1960
11865,6,4.attn.1325,4,attn,1325,317,0
11866,6,8.attn.11920,8,attn,11920,257,2
11867,6,4.attn.34788,4,attn,34788,114,2
11868,6,8.attn.6296,8,attn,6296,350,0
11869,6,4.attn.38380,4,attn,38380,280,0
11870,6,8.attn.10552,8,attn,10552,644,1961
11871,6,4.attn.30022,4,attn,30022,374,2
11872,6,8.attn.27285,8,attn,27285,401,0
11873,6,4.attn.39266,4,attn,39266,267,0
11874,6,4.attn.38571,4,attn,38571,274,0
11875,6,4.attn.18985,4,attn,18985,200,0
11876,6,8.attn.37526,8,attn,37526,490,0
11877,6,4.attn.15114,4,attn,15114,192,2
11878,6,8.attn.22259,8,attn,22259,284,2
11879,6,8.attn.25509,8,attn,25509,335,0
11880,6,4.attn.6965,4,attn,6965,306,0
11881,6,8.attn.39770,8,attn,39770,96,1
11882,6,4.attn.36373,4,attn,36373,304,0
11883,6,8.attn.3744,8,attn,3744,717,1962
11884,6,4.attn.38705,4,attn,38705,262,2
11885,6,4.attn.2641,4,attn,2641,147,2
11886,6,8.attn.34369,8,attn,34369,345,2
11887,6,4.attn.21386,4,attn,21386,203,0
11888,6,8.attn.29303,8,attn,29303,502,0
11889,6,4.attn.35016,4,attn,35016,192,2
11890,6,8.attn.36816,8,attn,36816,276,2
11891,6,4.attn.29536,4,attn,29536,126,2
11892,6,8.attn.27124,8,attn,27124,209,2
11893,6,4.attn.4791,4,attn,4791,71,2
11894,6,8.attn.38900,8,attn,38900,407,0
11895,6,4.attn.18146,4,attn,18146,353,2
11896,6,4.attn.9697,4,attn,9697,263,0
11897,6,8.attn.10527,8,attn,10527,450,0
11898,6,4.attn.1781,4,attn,1781,203,2
11899,6,8.attn.12927,8,attn,12927,667,1963
11900,6,4.attn.5586,4,attn,5586,227,2
11901,6,8.attn.34352,8,attn,34352,453,0
11902,6,4.attn.19890,4,attn,19890,291,0
11903,6,8.attn.30967,8,attn,30967,385,0
11904,6,4.attn.29098,4,attn,29098,273,0
11905,6,4.attn.4022,4,attn,4022,214,2
11906,6,8.attn.21020,8,attn,21020,436,0
11907,6,4.attn.29174,4,attn,29174,210,2
11908,6,8.attn.10992,8,attn,10992,422,0
11909,6,4.attn.15561,4,attn,15561,256,0
11910,6,8.attn.22276,8,attn,22276,415,0
11911,6,4.attn.15626,4,attn,15626,321,0
11912,6,8.attn.20347,8,attn,20347,931,1964
11913,6,4.mlp.35477,4,mlp,35477,225,0
11914,6,7.resid.27493,7,resid,27493,406,0
11915,6,4.mlp.12924,4,mlp,12924,197,0
11916,6,7.resid.6909,7,resid,6909,458,0
11917,6,4.mlp.29382,4,mlp,29382,198,0
11918,6,7.resid.11397,7,resid,11397,432,0
11919,6,4.mlp.19648,4,mlp,19648,382,0
11920,6,7.resid.4303,7,resid,4303,606,1965
11921,6,4.mlp.34952,4,mlp,34952,399,0
11922,6,7.resid.5216,7,resid,5216,492,0
11923,6,4.mlp.40491,4,mlp,40491,396,0
11924,6,7.resid.26127,7,resid,26127,498,0
11925,6,4.mlp.6781,4,mlp,6781,399,0
11926,6,7.resid.12579,7,resid,12579,449,0
11927,6,4.mlp.29864,4,mlp,29864,273,0
11928,6,7.resid.5170,7,resid,5170,364,0
11929,6,4.mlp.30402,4,mlp,30402,209,0
11930,6,7.resid.31158,7,resid,31158,561,0
11931,6,4.mlp.10855,4,mlp,10855,293,0
11932,6,7.resid.7588,7,resid,7588,428,0
11933,6,4.mlp.34178,4,mlp,34178,170,0
11934,6,7.resid.19857,7,resid,19857,530,0
11935,6,4.mlp.30803,4,mlp,30803,303,0
11936,6,7.resid.11308,7,resid,11308,171,0
11937,6,4.mlp.32535,4,mlp,32535,264,0
11938,6,7.resid.39906,7,resid,39906,490,0
11939,6,4.mlp.32178,4,mlp,32178,523,1966
11940,6,7.resid.10899,7,resid,10899,598,1967
11941,6,4.mlp.37025,4,mlp,37025,278,0
11942,6,7.resid.1174,7,resid,1174,442,0
11943,6,4.mlp.14594,4,mlp,14594,388,0
11944,6,7.resid.30137,7,resid,30137,480,0
11945,6,4.mlp.36637,4,mlp,36637,267,0
11946,6,7.resid.8929,7,resid,8929,605,1968
11947,6,4.mlp.33967,4,mlp,33967,233,0
11948,6,7.resid.32221,7,resid,32221,399,0
11949,6,4.mlp.15463,4,mlp,15463,282,0
11950,6,7.resid.32575,7,resid,32575,566,1969
11951,6,4.mlp.17836,4,mlp,17836,301,0
11952,6,7.resid.25229,7,resid,25229,321,0
11953,6,4.mlp.39735,4,mlp,39735,212,0
11954,6,7.resid.5945,7,resid,5945,657,1970
11955,6,4.mlp.27495,4,mlp,27495,467,0
11956,6,7.resid.37142,7,resid,37142,430,0
11957,6,4.mlp.39448,4,mlp,39448,278,0
11958,6,7.resid.19667,7,resid,19667,411,0
11959,6,4.mlp.4233,4,mlp,4233,216,0
11960,6,7.resid.29634,7,resid,29634,440,0
11961,6,4.mlp.14339,4,mlp,14339,209,0
11962,6,7.resid.13578,7,resid,13578,444,1971
11963,6,4.mlp.7103,4,mlp,7103,280,0
11964,6,7.resid.8604,7,resid,8604,606,1972
11965,6,4.mlp.38654,4,mlp,38654,292,0
11966,6,7.resid.1990,7,resid,1990,444,0
11967,6,4.mlp.12586,4,mlp,12586,261,0
11968,6,7.resid.38229,7,resid,38229,516,0
11969,6,4.mlp.292,4,mlp,292,491,0
11970,6,7.mlp.22985,7,mlp,22985,557,0
11971,6,4.resid.25998,4,resid,25998,297,0
11972,6,7.mlp.17234,7,mlp,17234,378,0
11973,6,4.resid.40071,4,resid,40071,275,0
11974,6,7.mlp.36699,7,mlp,36699,594,1973
11975,6,4.resid.5482,4,resid,5482,346,0
11976,6,7.mlp.27535,7,mlp,27535,468,0
11977,6,4.resid.33736,4,resid,33736,390,0
11978,6,7.mlp.28744,7,mlp,28744,484,0
11979,6,4.resid.31721,4,resid,31721,282,0
11980,6,7.mlp.32213,7,mlp,32213,255,0
11981,6,4.resid.16085,4,resid,16085,271,0
11982,6,7.mlp.11952,7,mlp,11952,321,0
11983,6,4.resid.3132,4,resid,3132,391,0
11984,6,7.mlp.12129,7,mlp,12129,299,0
11985,6,4.resid.35538,4,resid,35538,241,0
11986,6,7.mlp.8173,7,mlp,8173,538,0
11987,6,4.resid.27645,4,resid,27645,179,0
11988,6,7.mlp.8200,7,mlp,8200,356,0
11989,6,4.resid.28358,4,resid,28358,181,0
11990,6,7.mlp.22885,7,mlp,22885,355,0
11991,6,4.resid.32107,4,resid,32107,228,0
11992,6,7.mlp.38555,7,mlp,38555,269,0
11993,6,4.resid.16394,4,resid,16394,244,0
11994,6,7.mlp.27415,7,mlp,27415,493,0
11995,6,4.resid.40396,4,resid,40396,201,0
11996,6,7.mlp.38542,7,mlp,38542,365,0
11997,6,4.resid.18733,4,resid,18733,209,0
11998,6,7.mlp.5681,7,mlp,5681,354,0
11999,6,4.resid.9425,4,resid,9425,283,0
12000,6,7.mlp.20523,7,mlp,20523,440,0
12001,6,4.resid.40205,4,resid,40205,286,0
12002,6,7.mlp.13616,7,mlp,13616,486,0
12003,6,4.resid.27325,4,resid,27325,384,0
12004,6,7.mlp.33175,7,mlp,33175,515,0
12005,6,4.resid.23427,4,resid,23427,188,0
12006,6,7.mlp.26507,7,mlp,26507,277,0
12007,6,4.resid.10080,4,resid,10080,264,0
12008,6,7.mlp.11984,7,mlp,11984,415,0
12009,6,4.resid.1535,4,resid,1535,217,0
12010,6,7.mlp.37711,7,mlp,37711,560,0
12011,6,4.resid.18972,4,resid,18972,265,0
12012,6,7.mlp.37156,7,mlp,37156,382,0
12013,6,4.resid.12113,4,resid,12113,207,0
12014,6,7.mlp.16237,7,mlp,16237,331,0
12015,6,4.resid.32467,4,resid,32467,216,0
12016,6,7.mlp.14686,7,mlp,14686,553,0
12017,6,4.resid.27369,4,resid,27369,316,0
12018,6,7.mlp.30110,7,mlp,30110,412,0
12019,6,4.resid.17871,4,resid,17871,233,0
12020,6,7.mlp.30769,7,mlp,30769,419,0
12021,6,4.resid.2640,4,resid,2640,235,0
12022,6,7.mlp.5275,7,mlp,5275,412,0
12023,6,4.resid.36875,4,resid,36875,258,0
12024,6,7.mlp.5586,7,mlp,5586,412,0
12025,6,4.resid.28759,4,resid,28759,316,0
12026,6,7.mlp.7605,7,mlp,7605,630,1974
12027,6,5.attn.38720,5,attn,38720,290,2
12028,6,7.attn.18055,7,attn,18055,486,1975
12029,6,5.attn.33642,5,attn,33642,530,0
12030,6,7.attn.16889,7,attn,16889,606,1976
12031,6,5.attn.1215,5,attn,1215,276,0
12032,6,7.attn.14690,7,attn,14690,288,2
12033,6,5.attn.111,5,attn,111,211,2
12034,6,7.attn.22561,7,attn,22561,316,0
12035,6,5.attn.26619,5,attn,26619,301,0
12036,6,7.attn.38584,7,attn,38584,452,0
12037,6,5.attn.26388,5,attn,26388,338,0
12038,6,7.attn.11977,7,attn,11977,132,0
12039,6,5.attn.26614,5,attn,26614,307,0
12040,6,7.attn.37018,7,attn,37018,569,0
12041,6,5.attn.4500,5,attn,4500,283,0
12042,6,7.attn.5673,7,attn,5673,305,2
12043,6,5.attn.8977,5,attn,8977,257,0
12044,6,7.attn.9754,7,attn,9754,313,2
12045,6,5.attn.21828,5,attn,21828,239,0
12046,6,5.attn.14145,5,attn,14145,182,2
12047,6,7.attn.6587,7,attn,6587,434,0
12048,6,5.attn.40065,5,attn,40065,329,0
12049,6,7.attn.1754,7,attn,1754,147,2
12050,6,7.attn.29522,7,attn,29522,310,2
12051,6,7.attn.20657,7,attn,20657,193,2
12052,6,5.attn.39668,5,attn,39668,248,2
12053,6,7.attn.12594,7,attn,12594,200,0
12054,6,5.attn.25885,5,attn,25885,192,2
12055,6,7.attn.23550,7,attn,23550,207,2
12056,6,7.attn.27225,7,attn,27225,442,0
12057,6,5.attn.13728,5,attn,13728,244,2
12058,6,7.attn.10824,7,attn,10824,637,1977
12059,6,5.attn.21122,5,attn,21122,213,2
12060,6,7.attn.20048,7,attn,20048,544,0
12061,6,5.attn.30230,5,attn,30230,271,2
12062,6,7.attn.2528,7,attn,2528,438,0
12063,6,5.attn.4558,5,attn,4558,208,2
12064,6,7.attn.39046,7,attn,39046,356,0
12065,6,5.attn.4956,5,attn,4956,279,2
12066,6,7.attn.25561,7,attn,25561,205,2
12067,6,5.attn.2092,5,attn,2092,260,2
12068,6,7.attn.38210,7,attn,38210,228,2
12069,6,7.attn.33360,7,attn,33360,200,2
12070,6,5.attn.29663,5,attn,29663,426,0
12071,6,7.attn.2677,7,attn,2677,335,2
12072,6,5.attn.7131,5,attn,7131,195,2
12073,6,6.resid.21738,6,resid,21738,711,1978
12074,6,5.mlp.565,5,mlp,565,413,0
12075,6,6.resid.20376,6,resid,20376,412,0
12076,6,5.mlp.2700,5,mlp,2700,273,0
12077,6,6.resid.11512,6,resid,11512,302,0
12078,6,5.mlp.6620,5,mlp,6620,311,0
12079,6,6.resid.12149,6,resid,12149,284,0
12080,6,5.mlp.15081,5,mlp,15081,337,0
12081,6,6.resid.13169,6,resid,13169,490,0
12082,6,5.mlp.9111,5,mlp,9111,279,0
12083,6,6.resid.13043,6,resid,13043,331,0
12084,6,5.mlp.11538,5,mlp,11538,176,2
12085,6,6.resid.18188,6,resid,18188,389,0
12086,6,5.mlp.10564,5,mlp,10564,366,0
12087,6,6.resid.38084,6,resid,38084,501,0
12088,6,5.mlp.40345,5,mlp,40345,419,0
12089,6,6.resid.12208,6,resid,12208,494,1979
12090,6,5.mlp.34995,5,mlp,34995,451,0
12091,6,6.resid.15364,6,resid,15364,359,0
12092,6,5.mlp.23906,5,mlp,23906,247,0
12093,6,6.resid.2769,6,resid,2769,418,0
12094,6,5.mlp.6408,5,mlp,6408,217,0
12095,6,6.resid.22508,6,resid,22508,333,0
12096,6,5.mlp.4091,5,mlp,4091,271,0
12097,6,6.resid.32918,6,resid,32918,347,0
12098,6,5.mlp.8149,5,mlp,8149,368,0
12099,6,6.resid.38497,6,resid,38497,347,0
12100,6,5.mlp.26272,5,mlp,26272,251,0
12101,6,6.resid.32728,6,resid,32728,408,1980
12102,6,5.mlp.34869,5,mlp,34869,533,0
12103,6,6.resid.17332,6,resid,17332,523,0
12104,6,5.mlp.12723,5,mlp,12723,322,0
12105,6,6.resid.4483,6,resid,4483,539,1981
12106,6,5.mlp.22616,5,mlp,22616,437,0
12107,6,6.resid.28153,6,resid,28153,320,0
12108,6,5.mlp.3920,5,mlp,3920,268,0
12109,6,6.resid.14857,6,resid,14857,414,0
12110,6,5.mlp.2787,5,mlp,2787,388,0
12111,6,6.resid.27363,6,resid,27363,527,1982
12112,6,5.mlp.14870,5,mlp,14870,331,0
12113,6,6.resid.18146,6,resid,18146,327,0
12114,6,5.mlp.5909,5,mlp,5909,204,0
12115,6,6.resid.4929,6,resid,4929,370,0
12116,6,5.mlp.303,5,mlp,303,228,0
12117,6,6.resid.12755,6,resid,12755,296,0
12118,6,5.mlp.21062,5,mlp,21062,513,1983
12119,6,6.resid.14548,6,resid,14548,281,0
12120,6,5.mlp.24710,5,mlp,24710,234,0
12121,6,6.resid.28051,6,resid,28051,522,0
12122,6,5.mlp.753,5,mlp,753,251,0
12123,6,6.resid.7670,6,resid,7670,452,0
12124,6,5.mlp.34855,5,mlp,34855,348,0
12125,6,6.resid.38809,6,resid,38809,529,0
12126,6,5.mlp.20049,5,mlp,20049,167,0
12127,6,6.resid.36840,6,resid,36840,399,0
12128,6,5.mlp.24270,5,mlp,24270,262,0
12129,6,6.resid.3241,6,resid,3241,397,0
12130,6,5.resid.25083,5,resid,25083,230,0
12131,6,6.mlp.20927,6,mlp,20927,307,0
12132,6,5.resid.23919,5,resid,23919,435,0
12133,6,6.mlp.8476,6,mlp,8476,542,0
12134,6,5.resid.21041,5,resid,21041,452,0
12135,6,6.mlp.2550,6,mlp,2550,228,0
12136,6,5.resid.1137,5,resid,1137,249,0
12137,6,6.mlp.74,6,mlp,74,377,0
12138,6,5.resid.23901,5,resid,23901,258,0
12139,6,6.mlp.3434,6,mlp,3434,380,0
12140,6,5.resid.19471,5,resid,19471,354,0
12141,6,6.mlp.32371,6,mlp,32371,410,0
12142,6,5.resid.22078,5,resid,22078,423,0
12143,6,6.mlp.39159,6,mlp,39159,361,0
12144,6,5.resid.7097,5,resid,7097,277,0
12145,6,6.mlp.18767,6,mlp,18767,361,0
12146,6,5.resid.3155,5,resid,3155,235,0
12147,6,6.mlp.23423,6,mlp,23423,347,0
12148,6,5.resid.30419,5,resid,30419,324,0
12149,6,6.mlp.12300,6,mlp,12300,412,0
12150,6,5.resid.16552,5,resid,16552,434,0
12151,6,6.mlp.2189,6,mlp,2189,441,0
12152,6,5.resid.14059,5,resid,14059,441,0
12153,6,6.mlp.33982,6,mlp,33982,291,0
12154,6,5.resid.28245,5,resid,28245,270,0
12155,6,6.mlp.1441,6,mlp,1441,237,0
12156,6,5.resid.13172,5,resid,13172,249,0
12157,6,6.mlp.13655,6,mlp,13655,370,0
12158,6,5.resid.5715,5,resid,5715,216,0
12159,6,6.mlp.31241,6,mlp,31241,447,0
12160,6,5.resid.8952,5,resid,8952,280,0
12161,6,6.mlp.11296,6,mlp,11296,440,0
12162,6,5.resid.6867,5,resid,6867,265,0
12163,6,6.mlp.9316,6,mlp,9316,333,0
12164,6,5.resid.32850,5,resid,32850,454,0
12165,6,6.mlp.18604,6,mlp,18604,381,0
12166,6,5.resid.30711,5,resid,30711,243,0
12167,6,6.mlp.17965,6,mlp,17965,446,0
12168,6,5.resid.14259,5,resid,14259,496,0
12169,6,6.mlp.13486,6,mlp,13486,589,1984
12170,6,5.resid.17085,5,resid,17085,339,0
12171,6,6.mlp.3049,6,mlp,3049,545,1985
12172,6,5.resid.8372,5,resid,8372,463,0
12173,6,6.mlp.21002,6,mlp,21002,277,0
12174,6,5.resid.29941,5,resid,29941,515,0
12175,6,6.mlp.1633,6,mlp,1633,356,0
12176,6,5.resid.37498,5,resid,37498,536,0
12177,6,6.mlp.3541,6,mlp,3541,527,0
12178,6,5.resid.10717,5,resid,10717,301,0
12179,6,6.mlp.2468,6,mlp,2468,344,0
12180,6,5.resid.4561,5,resid,4561,394,0
12181,6,6.mlp.17475,6,mlp,17475,476,0
12182,6,5.resid.36909,5,resid,36909,466,0
12183,6,6.mlp.4594,6,mlp,4594,560,0
12184,6,5.resid.31744,5,resid,31744,267,0
12185,6,6.mlp.36947,6,mlp,36947,620,1986
12186,6,5.resid.6561,5,resid,6561,287,0
12187,6,6.attn.7708,6,attn,7708,358,0
12188,6,6.attn.8285,6,attn,8285,172,2
12189,6,6.attn.39773,6,attn,39773,227,2
12190,6,6.attn.11301,6,attn,11301,286,2
12191,6,6.attn.11038,6,attn,11038,245,2
12192,6,6.attn.28040,6,attn,28040,172,2
12193,6,6.attn.20463,6,attn,20463,408,0
12194,6,6.attn.30107,6,attn,30107,396,0
12195,6,6.attn.15566,6,attn,15566,100,2
12196,6,6.attn.25294,6,attn,25294,269,2
12197,6,6.attn.15456,6,attn,15456,328,0
12198,6,6.attn.16239,6,attn,16239,182,2
12199,6,6.attn.27819,6,attn,27819,148,2
12200,6,6.attn.15662,6,attn,15662,504,0
12201,6,6.attn.6442,6,attn,6442,402,0
12202,6,6.attn.8207,6,attn,8207,339,2
12203,6,6.attn.8159,6,attn,8159,317,2
12204,6,6.attn.27937,6,attn,27937,325,0
12205,6,6.attn.6590,6,attn,6590,282,0
12206,6,6.attn.19989,6,attn,19989,238,2
12207,6,6.attn.15068,6,attn,15068,372,0
12208,6,6.attn.34856,6,attn,34856,285,2
12209,6,6.attn.40549,6,attn,40549,167,2
12210,6,6.attn.3894,6,attn,3894,265,2
12211,6,6.attn.27515,6,attn,27515,481,0
12212,6,6.attn.19123,6,attn,19123,556,0
12213,6,6.attn.10460,6,attn,10460,241,2
12214,6,6.attn.13251,6,attn,13251,404,0
12215,7,11.resid.580,11,resid,580,438,0
12216,7,0.mlp.12,0,mlp,12,22,1
12217,7,11.resid.12730,11,resid,12730,220,0
12218,7,0.mlp.37367,0,mlp,37367,23,1
12219,7,11.resid.16250,11,resid,16250,646,1987
12220,7,0.mlp.38892,0,mlp,38892,81,1
12221,7,11.resid.12550,11,resid,12550,450,0
12222,7,0.mlp.24586,0,mlp,24586,43,1
12223,7,11.resid.26271,11,resid,26271,424,0
12224,7,0.mlp.24064,0,mlp,24064,13,1
12225,7,11.resid.35187,11,resid,35187,575,1988
12226,7,0.mlp.31504,0,mlp,31504,16,1
12227,7,11.resid.37482,11,resid,37482,568,0
12228,7,0.mlp.11233,0,mlp,11233,45,1
12229,7,11.resid.2598,11,resid,2598,425,0
12230,7,0.mlp.37027,0,mlp,37027,16,1
12231,7,11.resid.23865,11,resid,23865,479,1989
12232,7,0.mlp.27420,0,mlp,27420,15,1
12233,7,11.resid.29389,11,resid,29389,281,0
12234,7,0.mlp.28866,0,mlp,28866,16,1
12235,7,11.resid.29034,11,resid,29034,529,0
12236,7,0.mlp.1997,0,mlp,1997,6,1990
12237,7,11.resid.25040,11,resid,25040,489,0
12238,7,0.mlp.7676,0,mlp,7676,12,1
12239,7,11.resid.17399,11,resid,17399,423,0
12240,7,0.mlp.24894,0,mlp,24894,42,1
12241,7,11.resid.35395,11,resid,35395,447,0
12242,7,0.mlp.19235,0,mlp,19235,20,1
12243,7,11.resid.40042,11,resid,40042,336,0
12244,7,0.mlp.15771,0,mlp,15771,14,1
12245,7,11.resid.38102,11,resid,38102,746,1991
12246,7,0.mlp.5526,0,mlp,5526,12,1
12247,7,11.resid.5209,11,resid,5209,756,1992
12248,7,0.mlp.22571,0,mlp,22571,32,1
12249,7,11.resid.13543,11,resid,13543,612,1993
12250,7,0.mlp.3957,0,mlp,3957,47,1
12251,7,11.resid.12948,11,resid,12948,573,1994
12252,7,0.mlp.5532,0,mlp,5532,13,1
12253,7,11.resid.2434,11,resid,2434,455,0
12254,7,0.mlp.15262,0,mlp,15262,23,1
12255,7,11.resid.4398,11,resid,4398,525,1995
12256,7,0.mlp.13599,0,mlp,13599,10,1
12257,7,11.resid.615,11,resid,615,669,1996
12258,7,0.mlp.2386,0,mlp,2386,34,1
12259,7,11.resid.17596,11,resid,17596,705,1997
12260,7,0.mlp.39209,0,mlp,39209,13,1
12261,7,11.resid.17270,11,resid,17270,476,0
12262,7,0.mlp.32799,0,mlp,32799,7,0
12263,7,11.resid.14508,11,resid,14508,513,1998
12264,7,0.mlp.28843,0,mlp,28843,45,1
12265,7,11.resid.7787,11,resid,7787,428,0
12266,7,0.mlp.3674,0,mlp,3674,9,0
12267,7,11.resid.17385,11,resid,17385,730,1999
12268,7,0.mlp.7434,0,mlp,7434,40,1
12269,7,11.resid.28910,11,resid,28910,445,0
12270,7,0.resid.13229,0,resid,13229,15,0
12271,7,11.mlp.17563,11,mlp,17563,617,2000
12272,7,0.resid.23456,0,resid,23456,17,0
12273,7,11.mlp.15998,11,mlp,15998,633,2001
12274,7,0.resid.38309,0,resid,38309,42,1
12275,7,11.mlp.40550,11,mlp,40550,635,2002
12276,7,0.resid.12524,0,resid,12524,26,1
12277,7,11.mlp.36130,11,mlp,36130,621,2003
12278,7,0.resid.32194,0,resid,32194,19,1
12279,7,11.mlp.16880,11,mlp,16880,590,2004
12280,7,0.resid.28475,0,resid,28475,141,1
12281,7,11.mlp.28897,11,mlp,28897,643,2005
12282,7,0.resid.27731,0,resid,27731,21,1
12283,7,11.mlp.10053,11,mlp,10053,478,0
12284,7,0.resid.40936,0,resid,40936,28,1
12285,7,11.mlp.16843,11,mlp,16843,452,0
12286,7,0.resid.5617,0,resid,5617,16,1
12287,7,11.mlp.10440,11,mlp,10440,429,0
12288,7,0.resid.17027,0,resid,17027,11,0
12289,7,11.mlp.22709,11,mlp,22709,470,0
12290,7,0.resid.7207,0,resid,7207,64,1
12291,7,11.mlp.35247,11,mlp,35247,515,2006
12292,7,0.resid.29342,0,resid,29342,55,1
12293,7,11.mlp.40806,11,mlp,40806,338,0
12294,7,0.resid.2647,0,resid,2647,183,1
12295,7,11.mlp.40704,11,mlp,40704,441,0
12296,7,0.resid.24108,0,resid,24108,11,0
12297,7,11.mlp.33597,11,mlp,33597,395,2007
12298,7,0.resid.33944,0,resid,33944,13,0
12299,7,11.mlp.7161,11,mlp,7161,250,0
12300,7,0.resid.17053,0,resid,17053,23,1
12301,7,11.mlp.9357,11,mlp,9357,364,0
12302,7,0.resid.4460,0,resid,4460,66,1
12303,7,11.mlp.28678,11,mlp,28678,351,0
12304,7,0.resid.16758,0,resid,16758,27,1
12305,7,11.mlp.25869,11,mlp,25869,308,0
12306,7,0.resid.36742,0,resid,36742,22,0
12307,7,11.mlp.27518,11,mlp,27518,627,2008
12308,7,0.resid.8256,0,resid,8256,26,1
12309,7,11.mlp.35518,11,mlp,35518,774,2009
12310,7,0.resid.30626,0,resid,30626,51,1
12311,7,11.mlp.22010,11,mlp,22010,340,0
12312,7,0.resid.33004,0,resid,33004,99,1
12313,7,11.mlp.18368,11,mlp,18368,257,0
12314,7,0.resid.6826,0,resid,6826,52,1
12315,7,11.mlp.36945,11,mlp,36945,332,0
12316,7,0.resid.21389,0,resid,21389,34,1
12317,7,11.mlp.24195,11,mlp,24195,443,0
12318,7,0.resid.1466,0,resid,1466,126,1
12319,7,11.mlp.27241,11,mlp,27241,508,0
12320,7,0.resid.19517,0,resid,19517,50,1
12321,7,11.mlp.1887,11,mlp,1887,496,0
12322,7,0.resid.35571,0,resid,35571,51,1
12323,7,11.mlp.26704,11,mlp,26704,703,2010
12324,7,0.resid.11798,0,resid,11798,22,1
12325,7,11.mlp.20694,11,mlp,20694,273,0
12326,7,0.resid.16137,0,resid,16137,19,1
12327,7,11.mlp.9005,11,mlp,9005,540,0
12328,7,11.attn.36260,11,attn,36260,422,0
12329,7,11.attn.3836,11,attn,3836,329,0
12330,7,1.attn.16628,1,attn,16628,45,1
12331,7,11.attn.27353,11,attn,27353,220,0
12332,7,11.attn.2550,11,attn,2550,844,2011
12333,7,1.attn.39739,1,attn,39739,34,0
12334,7,11.attn.40894,11,attn,40894,353,2
12335,7,11.attn.24667,11,attn,24667,239,2
12336,7,11.attn.33607,11,attn,33607,782,2012
12337,7,1.attn.36850,1,attn,36850,62,1
12338,7,11.attn.19848,11,attn,19848,440,0
12339,7,1.attn.24381,1,attn,24381,137,1
12340,7,11.attn.33907,11,attn,33907,387,2
12341,7,11.attn.1688,11,attn,1688,190,0
12342,7,11.attn.16424,11,attn,16424,329,2
12343,7,11.attn.31230,11,attn,31230,325,2
12344,7,1.attn.4800,1,attn,4800,77,1
12345,7,11.attn.11049,11,attn,11049,551,0
12346,7,1.attn.36136,1,attn,36136,66,1
12347,7,11.attn.22433,11,attn,22433,393,0
12348,7,11.attn.31118,11,attn,31118,266,2
12349,7,11.attn.20405,11,attn,20405,976,2013
12350,7,11.attn.10346,11,attn,10346,484,0
12351,7,11.attn.26714,11,attn,26714,365,2
12352,7,11.attn.29623,11,attn,29623,660,2014
12353,7,11.attn.5605,11,attn,5605,400,0
12354,7,1.attn.37072,1,attn,37072,444,0
12355,7,11.attn.22333,11,attn,22333,353,0
12356,7,11.attn.20202,11,attn,20202,1377,2015
12357,7,1.attn.4542,1,attn,4542,84,1
12358,7,11.attn.1669,11,attn,1669,790,2016
12359,7,11.attn.4155,11,attn,4155,323,2
12360,7,11.attn.4800,11,attn,4800,402,0
12361,7,11.attn.4104,11,attn,4104,627,2017
12362,7,1.attn.35263,1,attn,35263,85,1
12363,7,11.attn.31080,11,attn,31080,248,2
12364,7,1.mlp.22684,1,mlp,22684,78,1
12365,7,10.resid.9078,10,resid,9078,642,2018
12366,7,1.mlp.37841,1,mlp,37841,248,0
12367,7,10.resid.10682,10,resid,10682,663,2019
12368,7,1.mlp.35903,1,mlp,35903,142,1
12369,7,10.resid.17458,10,resid,17458,355,0
12370,7,1.mlp.24955,1,mlp,24955,85,1
12371,7,10.resid.13011,10,resid,13011,611,2020
12372,7,1.mlp.9316,1,mlp,9316,116,1
12373,7,10.resid.31687,10,resid,31687,339,0
12374,7,1.mlp.2013,1,mlp,2013,150,1
12375,7,10.resid.17538,10,resid,17538,559,2021
12376,7,1.mlp.29680,1,mlp,29680,135,1
12377,7,10.resid.21578,10,resid,21578,701,2022
12378,7,1.mlp.17515,1,mlp,17515,86,1
12379,7,10.resid.13434,10,resid,13434,242,0
12380,7,1.mlp.28494,1,mlp,28494,51,1
12381,7,10.resid.2291,10,resid,2291,348,0
12382,7,1.mlp.30200,1,mlp,30200,77,1
12383,7,10.resid.34531,10,resid,34531,671,2023
12384,7,1.mlp.8672,1,mlp,8672,99,1
12385,7,10.resid.14582,10,resid,14582,592,2024
12386,7,1.mlp.30841,1,mlp,30841,154,1
12387,7,10.resid.39536,10,resid,39536,796,2025
12388,7,1.mlp.22065,1,mlp,22065,149,1
12389,7,10.resid.3932,10,resid,3932,585,2026
12390,7,1.mlp.39204,1,mlp,39204,125,1
12391,7,10.resid.10981,10,resid,10981,607,2027
12392,7,1.mlp.7300,1,mlp,7300,98,1
12393,7,10.resid.1025,10,resid,1025,674,2028
12394,7,1.mlp.11152,1,mlp,11152,207,1
12395,7,10.resid.22634,10,resid,22634,542,0
12396,7,1.mlp.22316,1,mlp,22316,163,1
12397,7,10.resid.38801,10,resid,38801,389,0
12398,7,1.mlp.5067,1,mlp,5067,173,0
12399,7,10.resid.39235,10,resid,39235,627,2029
12400,7,1.mlp.21971,1,mlp,21971,157,1
12401,7,10.resid.35455,10,resid,35455,617,2030
12402,7,1.mlp.7584,1,mlp,7584,123,1
12403,7,10.resid.3832,10,resid,3832,828,2031
12404,7,1.mlp.9212,1,mlp,9212,93,1
12405,7,10.resid.18974,10,resid,18974,738,2032
12406,7,1.mlp.32151,1,mlp,32151,88,1
12407,7,10.resid.21476,10,resid,21476,678,2033
12408,7,1.mlp.25414,1,mlp,25414,156,1
12409,7,10.resid.30639,10,resid,30639,594,2034
12410,7,1.mlp.8945,1,mlp,8945,112,1
12411,7,10.resid.10617,10,resid,10617,637,2035
12412,7,1.mlp.26891,1,mlp,26891,197,1
12413,7,10.resid.22529,10,resid,22529,844,2036
12414,7,1.mlp.13033,1,mlp,13033,175,1
12415,7,10.resid.4932,10,resid,4932,462,0
12416,7,1.mlp.8307,1,mlp,8307,201,1
12417,7,10.resid.36687,10,resid,36687,381,0
12418,7,1.mlp.9271,1,mlp,9271,60,1
12419,7,10.resid.16180,10,resid,16180,649,2037
12420,7,1.mlp.23494,1,mlp,23494,115,1
12421,7,10.mlp.40593,10,mlp,40593,350,0
12422,7,1.resid.28840,1,resid,28840,55,1
12423,7,10.mlp.40747,10,mlp,40747,707,2038
12424,7,1.resid.28378,1,resid,28378,72,1
12425,7,10.mlp.19823,10,mlp,19823,527,2039
12426,7,1.resid.1388,1,resid,1388,183,1
12427,7,10.mlp.27600,10,mlp,27600,303,0
12428,7,1.resid.36969,1,resid,36969,59,1
12429,7,10.mlp.34305,10,mlp,34305,553,2040
12430,7,1.resid.23300,1,resid,23300,156,1
12431,7,10.mlp.16803,10,mlp,16803,381,0
12432,7,1.resid.22638,1,resid,22638,100,1
12433,7,10.mlp.2239,10,mlp,2239,440,0
12434,7,1.resid.30088,1,resid,30088,116,1
12435,7,10.mlp.8147,10,mlp,8147,326,0
12436,7,1.resid.8049,1,resid,8049,122,1
12437,7,10.mlp.23438,10,mlp,23438,457,0
12438,7,1.resid.26823,1,resid,26823,64,1
12439,7,10.mlp.31101,10,mlp,31101,481,0
12440,7,1.resid.26153,1,resid,26153,137,1
12441,7,10.mlp.11420,10,mlp,11420,345,0
12442,7,1.resid.20036,1,resid,20036,84,1
12443,7,10.mlp.8726,10,mlp,8726,415,0
12444,7,1.resid.33311,1,resid,33311,80,1
12445,7,10.mlp.22370,10,mlp,22370,587,2041
12446,7,1.resid.34370,1,resid,34370,104,1
12447,7,10.mlp.22865,10,mlp,22865,417,0
12448,7,1.resid.1252,1,resid,1252,42,2
12449,7,10.mlp.1809,10,mlp,1809,396,0
12450,7,1.resid.25906,1,resid,25906,89,1
12451,7,10.mlp.18744,10,mlp,18744,414,2042
12452,7,1.resid.35524,1,resid,35524,95,1
12453,7,10.mlp.13640,10,mlp,13640,499,2043
12454,7,1.resid.14469,1,resid,14469,84,1
12455,7,10.mlp.34164,10,mlp,34164,442,0
12456,7,1.resid.3294,1,resid,3294,86,1
12457,7,10.mlp.24352,10,mlp,24352,470,0
12458,7,1.resid.26383,1,resid,26383,49,1
12459,7,10.mlp.88,10,mlp,88,520,0
12460,7,1.resid.11264,1,resid,11264,121,1
12461,7,10.mlp.9566,10,mlp,9566,523,0
12462,7,1.resid.22995,1,resid,22995,88,1
12463,7,10.mlp.21343,10,mlp,21343,665,2044
12464,7,1.resid.34718,1,resid,34718,59,1
12465,7,10.mlp.14009,10,mlp,14009,518,0
12466,7,1.resid.2392,1,resid,2392,47,1
12467,7,10.mlp.33416,10,mlp,33416,771,2045
12468,7,1.resid.32005,1,resid,32005,108,1
12469,7,10.mlp.7423,10,mlp,7423,511,2046
12470,7,1.resid.24433,1,resid,24433,59,1
12471,7,10.mlp.11900,10,mlp,11900,581,2047
12472,7,1.resid.27961,1,resid,27961,141,1
12473,7,10.mlp.12152,10,mlp,12152,431,0
12474,7,1.resid.38677,1,resid,38677,146,1
12475,7,10.mlp.32948,10,mlp,32948,473,0
12476,7,1.resid.31976,1,resid,31976,149,1
12477,7,10.mlp.30200,10,mlp,30200,366,0
12478,7,2.attn.11647,2,attn,11647,99,2
12479,7,10.attn.26748,10,attn,26748,351,2
12480,7,2.attn.7717,2,attn,7717,146,2
12481,7,10.attn.39243,10,attn,39243,1326,2048
12482,7,2.attn.12562,2,attn,12562,161,1
12483,7,10.attn.25658,10,attn,25658,583,2049
12484,7,10.attn.3891,10,attn,3891,630,2050
12485,7,2.attn.7809,2,attn,7809,130,2
12486,7,10.attn.28037,10,attn,28037,514,0
12487,7,10.attn.32863,10,attn,32863,594,2051
12488,7,2.attn.3090,2,attn,3090,74,1
12489,7,10.attn.14975,10,attn,14975,584,2052
12490,7,10.attn.16498,10,attn,16498,523,2053
12491,7,2.attn.21907,2,attn,21907,187,2
12492,7,10.attn.37661,10,attn,37661,313,2
12493,7,2.attn.26317,2,attn,26317,118,2
12494,7,10.attn.18666,10,attn,18666,306,2
12495,7,2.attn.28038,2,attn,28038,53,2
12496,7,10.attn.16564,10,attn,16564,359,2
12497,7,2.attn.11691,2,attn,11691,155,2
12498,7,10.attn.30832,10,attn,30832,345,2
12499,7,10.attn.18974,10,attn,18974,511,2054
12500,7,2.attn.27390,2,attn,27390,121,1
12501,7,10.attn.34775,10,attn,34775,655,2055
12502,7,2.attn.10781,2,attn,10781,168,2
12503,7,10.attn.20502,10,attn,20502,300,2
12504,7,2.attn.4433,2,attn,4433,188,0
12505,7,10.attn.20340,10,attn,20340,446,0
12506,7,10.attn.25889,10,attn,25889,575,2056
12507,7,10.attn.20464,10,attn,20464,453,0
12508,7,10.attn.35582,10,attn,35582,781,2057
12509,7,10.attn.30082,10,attn,30082,147,2
12510,7,2.attn.25361,2,attn,25361,149,1
12511,7,10.attn.8882,10,attn,8882,206,0
12512,7,2.attn.5960,2,attn,5960,142,2
12513,7,10.attn.5552,10,attn,5552,204,2
12514,7,2.attn.11783,2,attn,11783,226,2
12515,7,10.attn.39087,10,attn,39087,962,2058
12516,7,2.attn.17956,2,attn,17956,145,2
12517,7,10.attn.14869,10,attn,14869,285,2
12518,7,2.attn.30982,2,attn,30982,152,2
12519,7,10.attn.5975,10,attn,5975,883,2059
12520,7,2.attn.8864,2,attn,8864,148,2
12521,7,10.attn.30833,10,attn,30833,824,2060
12522,7,2.attn.20804,2,attn,20804,180,2
12523,7,10.attn.4238,10,attn,4238,295,2
12524,7,2.attn.28244,2,attn,28244,141,2
12525,7,2.attn.12596,2,attn,12596,113,2
12526,7,9.resid.7278,9,resid,7278,598,2061
12527,7,2.mlp.20459,2,mlp,20459,212,0
12528,7,9.resid.2090,9,resid,2090,630,2062
12529,7,2.mlp.17438,2,mlp,17438,69,2
12530,7,9.resid.2445,9,resid,2445,566,0
12531,7,2.mlp.11003,2,mlp,11003,197,0
12532,7,9.resid.15432,9,resid,15432,474,0
12533,7,2.mlp.35268,2,mlp,35268,205,0
12534,7,9.resid.16239,9,resid,16239,435,0
12535,7,2.mlp.1636,2,mlp,1636,143,1
12536,7,9.resid.27134,9,resid,27134,719,2063
12537,7,2.mlp.27423,2,mlp,27423,166,0
12538,7,9.resid.30218,9,resid,30218,474,0
12539,7,2.mlp.23853,2,mlp,23853,136,2
12540,7,9.resid.16371,9,resid,16371,533,2064
12541,7,2.mlp.29792,2,mlp,29792,246,0
12542,7,9.resid.16580,9,resid,16580,641,2065
12543,7,2.mlp.9228,2,mlp,9228,155,1
12544,7,9.resid.1476,9,resid,1476,550,2066
12545,7,2.mlp.13016,2,mlp,13016,297,0
12546,7,9.resid.1019,9,resid,1019,376,0
12547,7,2.mlp.33203,2,mlp,33203,217,0
12548,7,9.resid.24355,9,resid,24355,551,0
12549,7,2.mlp.4806,2,mlp,4806,260,0
12550,7,9.resid.29678,9,resid,29678,451,2067
12551,7,2.mlp.37550,2,mlp,37550,163,0
12552,7,9.resid.36977,9,resid,36977,241,0
12553,7,2.mlp.3738,2,mlp,3738,306,0
12554,7,9.resid.12209,9,resid,12209,594,2068
12555,7,2.mlp.29869,2,mlp,29869,284,0
12556,7,9.resid.21562,9,resid,21562,374,0
12557,7,2.mlp.39528,2,mlp,39528,114,1
12558,7,9.resid.15165,9,resid,15165,597,2069
12559,7,2.mlp.32274,2,mlp,32274,225,0
12560,7,9.resid.6776,9,resid,6776,475,0
12561,7,2.mlp.31229,2,mlp,31229,165,0
12562,7,9.resid.40851,9,resid,40851,467,0
12563,7,2.mlp.683,2,mlp,683,208,0
12564,7,9.resid.15911,9,resid,15911,961,2070
12565,7,2.mlp.32433,2,mlp,32433,187,0
12566,7,9.resid.39359,9,resid,39359,475,0
12567,7,2.mlp.5496,2,mlp,5496,107,2
12568,7,9.resid.39581,9,resid,39581,470,0
12569,7,2.mlp.17066,2,mlp,17066,193,0
12570,7,9.resid.26985,9,resid,26985,381,0
12571,7,2.mlp.13469,2,mlp,13469,227,0
12572,7,9.resid.14448,9,resid,14448,598,2071
12573,7,2.mlp.16458,2,mlp,16458,127,1
12574,7,9.resid.29978,9,resid,29978,741,2072
12575,7,2.mlp.23594,2,mlp,23594,150,1
12576,7,9.resid.2450,9,resid,2450,516,0
12577,7,2.mlp.22598,2,mlp,22598,251,0
12578,7,9.resid.13944,9,resid,13944,686,2073
12579,7,2.mlp.13479,2,mlp,13479,246,0
12580,7,9.resid.1962,9,resid,1962,515,2074
12581,7,2.mlp.12122,2,mlp,12122,224,0
12582,7,9.resid.17853,9,resid,17853,363,0
12583,7,2.resid.11721,2,resid,11721,140,1
12584,7,9.mlp.328,9,mlp,328,437,0
12585,7,2.resid.13559,2,resid,13559,155,0
12586,7,9.mlp.35918,9,mlp,35918,346,0
12587,7,2.resid.28915,2,resid,28915,98,1
12588,7,9.mlp.17698,9,mlp,17698,332,0
12589,7,2.resid.17334,2,resid,17334,240,0
12590,7,9.mlp.20970,9,mlp,20970,570,0
12591,7,2.resid.10839,2,resid,10839,215,0
12592,7,9.mlp.6378,9,mlp,6378,422,0
12593,7,2.resid.25742,2,resid,25742,174,1
12594,7,9.mlp.25461,9,mlp,25461,469,0
12595,7,2.resid.22841,2,resid,22841,180,0
12596,7,9.mlp.18662,9,mlp,18662,652,2075
12597,7,2.resid.29441,2,resid,29441,117,1
12598,7,9.mlp.20960,9,mlp,20960,478,0
12599,7,2.resid.15723,2,resid,15723,141,2
12600,7,9.mlp.2091,9,mlp,2091,435,0
12601,7,2.resid.9614,2,resid,9614,128,1
12602,7,9.mlp.11349,9,mlp,11349,657,2076
12603,7,2.resid.7959,2,resid,7959,205,0
12604,7,9.mlp.1431,9,mlp,1431,610,2077
12605,7,2.resid.17257,2,resid,17257,120,1
12606,7,9.mlp.15520,9,mlp,15520,410,0
12607,7,2.resid.27585,2,resid,27585,61,1
12608,7,9.mlp.8867,9,mlp,8867,360,0
12609,7,2.resid.25319,2,resid,25319,99,1
12610,7,9.mlp.11429,9,mlp,11429,408,0
12611,7,2.resid.30176,2,resid,30176,118,1
12612,7,9.mlp.21132,9,mlp,21132,600,2078
12613,7,2.resid.8145,2,resid,8145,121,1
12614,7,9.mlp.18951,9,mlp,18951,538,2079
12615,7,2.resid.16602,2,resid,16602,184,0
12616,7,9.mlp.18652,9,mlp,18652,434,2080
12617,7,2.resid.15846,2,resid,15846,208,0
12618,7,9.mlp.28341,9,mlp,28341,608,2081
12619,7,2.resid.3094,2,resid,3094,96,1
12620,7,9.mlp.21702,9,mlp,21702,558,0
12621,7,2.resid.3558,2,resid,3558,191,0
12622,7,9.mlp.5042,9,mlp,5042,407,0
12623,7,2.resid.3692,2,resid,3692,225,0
12624,7,9.mlp.13833,9,mlp,13833,694,2082
12625,7,2.resid.11208,2,resid,11208,68,2
12626,7,9.mlp.10053,9,mlp,10053,468,0
12627,7,2.resid.33130,2,resid,33130,128,1
12628,7,9.mlp.27041,9,mlp,27041,436,0
12629,7,2.resid.652,2,resid,652,151,1
12630,7,9.mlp.21377,9,mlp,21377,479,2083
12631,7,2.resid.14342,2,resid,14342,170,1
12632,7,9.mlp.27020,9,mlp,27020,370,0
12633,7,2.resid.22163,2,resid,22163,220,0
12634,7,9.mlp.24344,9,mlp,24344,346,0
12635,7,2.resid.15029,2,resid,15029,200,0
12636,7,9.mlp.38270,9,mlp,38270,468,0
12637,7,2.resid.25667,2,resid,25667,164,1
12638,7,9.mlp.12753,9,mlp,12753,450,0
12639,7,2.resid.10272,2,resid,10272,123,1
12640,7,9.attn.12375,9,attn,12375,672,2084
12641,7,9.attn.27652,9,attn,27652,470,0
12642,7,3.attn.33051,3,attn,33051,182,2
12643,7,9.attn.26659,9,attn,26659,209,2
12644,7,9.attn.36004,9,attn,36004,180,0
12645,7,3.attn.1679,3,attn,1679,209,2
12646,7,9.attn.4504,9,attn,4504,469,0
12647,7,3.attn.4885,3,attn,4885,146,2
12648,7,9.attn.10510,9,attn,10510,198,2
12649,7,3.attn.38346,3,attn,38346,112,2
12650,7,9.attn.14171,9,attn,14171,564,2085
12651,7,3.attn.12305,3,attn,12305,182,2
12652,7,9.attn.11004,9,attn,11004,583,2086
12653,7,9.attn.40888,9,attn,40888,700,2087
12654,7,3.attn.23343,3,attn,23343,226,0
12655,7,9.attn.6792,9,attn,6792,834,2088
12656,7,3.attn.20946,3,attn,20946,364,0
12657,7,9.attn.30659,9,attn,30659,462,0
12658,7,3.attn.24259,3,attn,24259,172,2
12659,7,9.attn.13000,9,attn,13000,533,0
12660,7,3.attn.4517,3,attn,4517,153,2
12661,7,9.attn.12668,9,attn,12668,852,2089
12662,7,3.attn.38734,3,attn,38734,144,2
12663,7,9.attn.38652,9,attn,38652,269,2
12664,7,3.attn.26841,3,attn,26841,276,2
12665,7,9.attn.9582,9,attn,9582,778,2090
12666,7,3.attn.20477,3,attn,20477,155,2
12667,7,9.attn.17553,9,attn,17553,476,0
12668,7,3.attn.32863,3,attn,32863,276,2
12669,7,9.attn.30395,9,attn,30395,364,0
12670,7,3.attn.30304,3,attn,30304,145,2
12671,7,9.attn.25710,9,attn,25710,669,2091
12672,7,3.attn.39632,3,attn,39632,301,2
12673,7,9.attn.38729,9,attn,38729,231,2
12674,7,3.attn.29509,3,attn,29509,346,2
12675,7,9.attn.39704,9,attn,39704,670,2092
12676,7,3.attn.28424,3,attn,28424,174,2
12677,7,9.attn.3552,9,attn,3552,278,0
12678,7,3.attn.29061,3,attn,29061,193,2
12679,7,9.attn.3547,9,attn,3547,665,2093
12680,7,3.attn.1219,3,attn,1219,137,2
12681,7,9.attn.27163,9,attn,27163,344,2
12682,7,3.attn.6555,3,attn,6555,252,2
12683,7,9.attn.5194,9,attn,5194,272,2
12684,7,3.attn.1072,3,attn,1072,197,2
12685,7,9.attn.31778,9,attn,31778,500,0
12686,7,3.attn.18125,3,attn,18125,195,0
12687,7,9.attn.19516,9,attn,19516,381,0
12688,7,3.attn.10841,3,attn,10841,152,2
12689,7,9.attn.31574,9,attn,31574,198,0
12690,7,3.attn.13041,3,attn,13041,174,2
12691,7,9.attn.6287,9,attn,6287,337,2
12692,7,3.attn.35153,3,attn,35153,154,2
12693,7,9.attn.23844,9,attn,23844,318,0
12694,7,3.mlp.28785,3,mlp,28785,254,0
12695,7,8.resid.2877,8,resid,2877,393,0
12696,7,3.mlp.26755,3,mlp,26755,225,0
12697,7,8.resid.11311,8,resid,11311,439,0
12698,7,3.mlp.23386,3,mlp,23386,352,0
12699,7,8.resid.4093,8,resid,4093,604,2094
12700,7,3.mlp.21444,3,mlp,21444,210,0
12701,7,8.resid.37467,8,resid,37467,565,0
12702,7,3.mlp.31005,3,mlp,31005,258,0
12703,7,8.resid.4327,8,resid,4327,425,0
12704,7,3.mlp.26882,3,mlp,26882,331,0
12705,7,8.resid.16486,8,resid,16486,565,0
12706,7,3.mlp.4701,3,mlp,4701,231,0
12707,7,8.resid.1760,8,resid,1760,431,2095
12708,7,3.mlp.29537,3,mlp,29537,280,0
12709,7,8.resid.10062,8,resid,10062,625,2096
12710,7,3.mlp.22474,3,mlp,22474,192,0
12711,7,8.resid.37784,8,resid,37784,513,0
12712,7,3.mlp.6716,3,mlp,6716,332,0
12713,7,8.resid.18607,8,resid,18607,513,2097
12714,7,3.mlp.18984,3,mlp,18984,200,0
12715,7,8.resid.10349,8,resid,10349,396,0
12716,7,3.mlp.18293,3,mlp,18293,253,0
12717,7,8.resid.2997,8,resid,2997,295,0
12718,7,3.mlp.35620,3,mlp,35620,387,0
12719,7,8.resid.6677,8,resid,6677,728,2098
12720,7,3.mlp.35254,3,mlp,35254,136,2
12721,7,8.resid.26524,8,resid,26524,606,2099
12722,7,3.mlp.8993,3,mlp,8993,346,0
12723,7,8.resid.26687,8,resid,26687,461,0
12724,7,3.mlp.20964,3,mlp,20964,374,0
12725,7,8.resid.32529,8,resid,32529,409,0
12726,7,3.mlp.5305,3,mlp,5305,166,2
12727,7,8.resid.3005,8,resid,3005,524,0
12728,7,3.mlp.18195,3,mlp,18195,196,0
12729,7,8.resid.38404,8,resid,38404,214,2
12730,7,3.mlp.2833,3,mlp,2833,340,0
12731,7,8.resid.31382,8,resid,31382,625,2100
12732,7,3.mlp.19423,3,mlp,19423,257,0
12733,7,8.resid.6139,8,resid,6139,437,0
12734,7,3.mlp.31061,3,mlp,31061,258,0
12735,7,8.resid.15320,8,resid,15320,492,0
12736,7,3.mlp.6896,3,mlp,6896,279,0
12737,7,8.resid.25389,8,resid,25389,450,0
12738,7,3.mlp.21674,3,mlp,21674,174,0
12739,7,8.resid.37706,8,resid,37706,514,2101
12740,7,3.mlp.24147,3,mlp,24147,200,0
12741,7,8.resid.24338,8,resid,24338,351,0
12742,7,3.mlp.15130,3,mlp,15130,156,0
12743,7,8.resid.36340,8,resid,36340,442,0
12744,7,3.mlp.29328,3,mlp,29328,235,0
12745,7,8.resid.24272,8,resid,24272,548,0
12746,7,3.mlp.11054,3,mlp,11054,285,0
12747,7,8.resid.35361,8,resid,35361,346,0
12748,7,3.mlp.23828,3,mlp,23828,261,0
12749,7,8.resid.21481,8,resid,21481,653,2102
12750,7,3.resid.3762,3,resid,3762,284,0
12751,7,8.mlp.15781,8,mlp,15781,468,0
12752,7,3.resid.17335,3,resid,17335,219,0
12753,7,8.mlp.30408,8,mlp,30408,479,0
12754,7,3.resid.25238,3,resid,25238,294,0
12755,7,8.mlp.15537,8,mlp,15537,611,2103
12756,7,3.resid.24598,3,resid,24598,170,0
12757,7,8.mlp.5513,8,mlp,5513,545,0
12758,7,3.resid.18835,3,resid,18835,206,0
12759,7,8.mlp.38830,8,mlp,38830,452,0
12760,7,3.resid.21022,3,resid,21022,264,0
12761,7,8.mlp.26851,8,mlp,26851,506,0
12762,7,3.resid.5338,3,resid,5338,219,0
12763,7,8.mlp.33252,8,mlp,33252,671,2104
12764,7,3.resid.21667,3,resid,21667,150,1
12765,7,8.mlp.480,8,mlp,480,327,0
12766,7,3.resid.35799,3,resid,35799,305,0
12767,7,8.mlp.10915,8,mlp,10915,142,0
12768,7,3.resid.37623,3,resid,37623,267,0
12769,7,8.mlp.30174,8,mlp,30174,588,2105
12770,7,3.resid.39870,3,resid,39870,121,1
12771,7,8.mlp.17784,8,mlp,17784,745,2106
12772,7,3.resid.26479,3,resid,26479,320,0
12773,7,8.mlp.686,8,mlp,686,472,0
12774,7,3.resid.38540,3,resid,38540,137,1
12775,7,8.mlp.33481,8,mlp,33481,575,2107
12776,7,3.resid.872,3,resid,872,234,0
12777,7,8.mlp.24138,8,mlp,24138,347,0
12778,7,3.resid.3112,3,resid,3112,369,0
12779,7,8.mlp.39571,8,mlp,39571,383,0
12780,7,3.resid.18500,3,resid,18500,203,0
12781,7,8.mlp.4209,8,mlp,4209,446,0
12782,7,3.resid.4086,3,resid,4086,329,0
12783,7,8.mlp.1023,8,mlp,1023,486,2108
12784,7,3.resid.19493,3,resid,19493,177,0
12785,7,8.mlp.174,8,mlp,174,491,2109
12786,7,3.resid.28449,3,resid,28449,105,2
12787,7,8.mlp.40770,8,mlp,40770,392,0
12788,7,3.resid.38110,3,resid,38110,254,0
12789,7,8.mlp.17229,8,mlp,17229,599,2110
12790,7,3.resid.17025,3,resid,17025,160,0
12791,7,8.mlp.23766,8,mlp,23766,500,0
12792,7,3.resid.3204,3,resid,3204,241,0
12793,7,8.mlp.13969,8,mlp,13969,440,0
12794,7,3.resid.38526,3,resid,38526,156,0
12795,7,8.mlp.1589,8,mlp,1589,281,0
12796,7,3.resid.27257,3,resid,27257,269,0
12797,7,8.mlp.40232,8,mlp,40232,504,0
12798,7,3.resid.26849,3,resid,26849,284,0
12799,7,8.mlp.11001,8,mlp,11001,597,2111
12800,7,3.resid.14084,3,resid,14084,126,0
12801,7,8.mlp.14575,8,mlp,14575,444,0
12802,7,3.resid.20952,3,resid,20952,182,0
12803,7,8.mlp.9558,8,mlp,9558,402,0
12804,7,3.resid.19245,3,resid,19245,214,0
12805,7,8.mlp.2624,8,mlp,2624,368,0
12806,7,3.resid.29465,3,resid,29465,393,0
12807,7,4.attn.28028,4,attn,28028,151,2
12808,7,8.attn.13746,8,attn,13746,362,0
12809,7,4.attn.22526,4,attn,22526,219,2
12810,7,8.attn.1618,8,attn,1618,292,0
12811,7,4.attn.34762,4,attn,34762,326,0
12812,7,8.attn.12400,8,attn,12400,638,2112
12813,7,4.attn.29722,4,attn,29722,211,2
12814,7,8.attn.26302,8,attn,26302,291,2
12815,7,4.attn.27987,4,attn,27987,216,2
12816,7,8.attn.27181,8,attn,27181,357,0
12817,7,4.attn.10594,4,attn,10594,264,0
12818,7,4.attn.36436,4,attn,36436,175,0
12819,7,8.attn.12588,8,attn,12588,554,0
12820,7,4.attn.13851,4,attn,13851,121,2
12821,7,8.attn.752,8,attn,752,440,0
12822,7,4.attn.26152,4,attn,26152,232,2
12823,7,8.attn.3787,8,attn,3787,312,0
12824,7,4.attn.21432,4,attn,21432,154,2
12825,7,4.attn.1706,4,attn,1706,219,2
12826,7,8.attn.29788,8,attn,29788,281,0
12827,7,4.attn.12252,4,attn,12252,149,2
12828,7,8.attn.27099,8,attn,27099,470,0
12829,7,4.attn.22568,4,attn,22568,223,2
12830,7,8.attn.40753,8,attn,40753,282,0
12831,7,4.attn.38881,4,attn,38881,245,0
12832,7,4.attn.11834,4,attn,11834,221,2
12833,7,8.attn.26204,8,attn,26204,513,0
12834,7,4.attn.25908,4,attn,25908,198,2
12835,7,8.attn.15265,8,attn,15265,343,0
12836,7,4.attn.21061,4,attn,21061,176,2
12837,7,8.attn.22500,8,attn,22500,455,0
12838,7,4.attn.6909,4,attn,6909,227,2
12839,7,8.attn.28971,8,attn,28971,384,2
12840,7,4.attn.25984,4,attn,25984,250,2
12841,7,8.attn.10652,8,attn,10652,646,2113
12842,7,4.attn.40578,4,attn,40578,224,0
12843,7,4.attn.33472,4,attn,33472,291,0
12844,7,8.attn.19282,8,attn,19282,1010,2114
12845,7,4.attn.31434,4,attn,31434,162,2
12846,7,8.attn.6004,8,attn,6004,347,2
12847,7,4.attn.27126,4,attn,27126,383,0
12848,7,8.attn.24503,8,attn,24503,277,2
12849,7,4.attn.10540,4,attn,10540,154,2
12850,7,8.attn.28930,8,attn,28930,408,0
12851,7,4.attn.898,4,attn,898,182,2
12852,7,4.attn.35456,4,attn,35456,268,0
12853,7,8.attn.25786,8,attn,25786,391,0
12854,7,4.attn.35596,4,attn,35596,135,0
12855,7,8.attn.3391,8,attn,3391,367,0
12856,7,4.attn.18303,4,attn,18303,270,2
12857,7,8.attn.13401,8,attn,13401,153,2
12858,7,4.mlp.29122,4,mlp,29122,342,0
12859,7,7.resid.24015,7,resid,24015,342,0
12860,7,4.mlp.9096,4,mlp,9096,314,0
12861,7,7.resid.23018,7,resid,23018,651,2115
12862,7,4.mlp.3405,4,mlp,3405,249,0
12863,7,7.resid.9029,7,resid,9029,429,0
12864,7,4.mlp.27910,4,mlp,27910,212,0
12865,7,7.resid.9561,7,resid,9561,719,2116
12866,7,4.mlp.26088,4,mlp,26088,540,0
12867,7,7.resid.17451,7,resid,17451,511,2117
12868,7,4.mlp.35567,4,mlp,35567,246,0
12869,7,7.resid.14659,7,resid,14659,520,2118
12870,7,4.mlp.9267,4,mlp,9267,201,0
12871,7,7.resid.38415,7,resid,38415,536,0
12872,7,4.mlp.11484,4,mlp,11484,178,0
12873,7,7.resid.110,7,resid,110,567,2119
12874,7,4.mlp.12878,4,mlp,12878,196,0
12875,7,7.resid.29419,7,resid,29419,488,0
12876,7,4.mlp.21782,4,mlp,21782,312,0
12877,7,7.resid.30621,7,resid,30621,413,0
12878,7,4.mlp.23582,4,mlp,23582,351,0
12879,7,7.resid.39108,7,resid,39108,297,2
12880,7,4.mlp.10618,4,mlp,10618,194,0
12881,7,7.resid.38548,7,resid,38548,415,0
12882,7,4.mlp.28610,4,mlp,28610,390,0
12883,7,7.resid.14428,7,resid,14428,475,2120
12884,7,4.mlp.36227,4,mlp,36227,158,1
12885,7,7.resid.6143,7,resid,6143,585,2121
12886,7,4.mlp.4153,4,mlp,4153,402,0
12887,7,7.resid.34018,7,resid,34018,474,0
12888,7,4.mlp.26101,4,mlp,26101,328,0
12889,7,7.resid.17806,7,resid,17806,195,0
12890,7,4.mlp.33747,4,mlp,33747,497,0
12891,7,7.resid.13584,7,resid,13584,497,2122
12892,7,4.mlp.11223,4,mlp,11223,241,0
12893,7,7.resid.29011,7,resid,29011,482,2123
12894,7,4.mlp.18166,4,mlp,18166,292,0
12895,7,7.resid.27707,7,resid,27707,523,2124
12896,7,4.mlp.18419,4,mlp,18419,142,0
12897,7,7.resid.13971,7,resid,13971,459,0
12898,7,4.mlp.11886,4,mlp,11886,259,0
12899,7,7.resid.23212,7,resid,23212,450,0
12900,7,4.mlp.12494,4,mlp,12494,375,0
12901,7,7.resid.2868,7,resid,2868,386,0
12902,7,4.mlp.29648,4,mlp,29648,425,0
12903,7,7.resid.30616,7,resid,30616,348,0
12904,7,4.mlp.7579,4,mlp,7579,402,0
12905,7,7.resid.23362,7,resid,23362,465,0
12906,7,4.mlp.4323,4,mlp,4323,344,0
12907,7,7.resid.4982,7,resid,4982,460,0
12908,7,4.mlp.14651,4,mlp,14651,289,0
12909,7,7.resid.20326,7,resid,20326,498,0
12910,7,4.mlp.4168,4,mlp,4168,493,0
12911,7,7.resid.21150,7,resid,21150,505,0
12912,7,4.mlp.350,4,mlp,350,375,0
12913,7,7.resid.3575,7,resid,3575,474,0
12914,7,4.mlp.26,4,mlp,26,120,1
12915,7,7.mlp.22991,7,mlp,22991,346,0
12916,7,4.resid.11018,4,resid,11018,401,2125
12917,7,7.mlp.14060,7,mlp,14060,330,2
12918,7,4.resid.24825,4,resid,24825,275,0
12919,7,7.mlp.33154,7,mlp,33154,146,0
12920,7,4.resid.25782,4,resid,25782,227,0
12921,7,7.mlp.31071,7,mlp,31071,205,0
12922,7,4.resid.29541,4,resid,29541,262,0
12923,7,7.mlp.7242,7,mlp,7242,369,0
12924,7,4.resid.10941,4,resid,10941,236,0
12925,7,7.mlp.33001,7,mlp,33001,518,2126
12926,7,4.resid.16488,4,resid,16488,232,0
12927,7,7.mlp.475,7,mlp,475,346,0
12928,7,4.resid.29741,4,resid,29741,312,0
12929,7,7.mlp.9263,7,mlp,9263,455,0
12930,7,4.resid.16419,4,resid,16419,233,0
12931,7,7.mlp.553,7,mlp,553,554,2127
12932,7,4.resid.27022,4,resid,27022,289,0
12933,7,7.mlp.38431,7,mlp,38431,516,0
12934,7,4.resid.11905,4,resid,11905,230,0
12935,7,7.mlp.39146,7,mlp,39146,619,2128
12936,7,4.resid.24431,4,resid,24431,241,0
12937,7,7.mlp.2117,7,mlp,2117,431,0
12938,7,4.resid.36657,4,resid,36657,261,0
12939,7,7.mlp.7172,7,mlp,7172,424,0
12940,7,4.resid.23152,4,resid,23152,192,0
12941,7,7.mlp.7439,7,mlp,7439,513,0
12942,7,4.resid.28279,4,resid,28279,258,0
12943,7,7.mlp.33926,7,mlp,33926,443,0
12944,7,4.resid.32032,4,resid,32032,168,0
12945,7,7.mlp.11434,7,mlp,11434,411,0
12946,7,4.resid.23564,4,resid,23564,428,0
12947,7,7.mlp.32570,7,mlp,32570,608,2129
12948,7,4.resid.13223,4,resid,13223,319,0
12949,7,7.mlp.25841,7,mlp,25841,285,0
12950,7,4.resid.17195,4,resid,17195,244,0
12951,7,7.mlp.15419,7,mlp,15419,552,0
12952,7,4.resid.33154,4,resid,33154,363,0
12953,7,7.mlp.19268,7,mlp,19268,391,0
12954,7,4.resid.16669,4,resid,16669,363,0
12955,7,7.mlp.19701,7,mlp,19701,370,0
12956,7,4.resid.35498,4,resid,35498,301,0
12957,7,7.mlp.33524,7,mlp,33524,275,0
12958,7,4.resid.5791,4,resid,5791,375,0
12959,7,7.mlp.30958,7,mlp,30958,476,0
12960,7,4.resid.25467,4,resid,25467,370,0
12961,7,7.mlp.3888,7,mlp,3888,252,0
12962,7,4.resid.5861,4,resid,5861,242,0
12963,7,7.mlp.29677,7,mlp,29677,430,0
12964,7,4.resid.11589,4,resid,11589,382,0
12965,7,7.mlp.28649,7,mlp,28649,252,0
12966,7,4.resid.27846,4,resid,27846,349,0
12967,7,7.mlp.13957,7,mlp,13957,364,0
12968,7,4.resid.28434,4,resid,28434,218,0
12969,7,7.mlp.10624,7,mlp,10624,357,2
12970,7,4.resid.13558,4,resid,13558,274,0
12971,7,7.mlp.23308,7,mlp,23308,424,0
12972,7,5.attn.7228,5,attn,7228,192,0
12973,7,7.attn.1133,7,attn,1133,356,0
12974,7,5.attn.22635,5,attn,22635,357,2
12975,7,7.attn.9238,7,attn,9238,511,0
12976,7,5.attn.36194,5,attn,36194,455,0
12977,7,7.attn.32799,7,attn,32799,504,0
12978,7,5.attn.1714,5,attn,1714,209,2
12979,7,7.attn.33955,7,attn,33955,382,0
12980,7,5.attn.40557,5,attn,40557,150,2
12981,7,7.attn.28337,7,attn,28337,202,2
12982,7,5.attn.20800,5,attn,20800,241,2
12983,7,7.attn.35131,7,attn,35131,448,0
12984,7,5.attn.15796,5,attn,15796,220,2
12985,7,7.attn.1603,7,attn,1603,186,2
12986,7,5.attn.31509,5,attn,31509,210,2
12987,7,5.attn.6319,5,attn,6319,225,2
12988,7,7.attn.10497,7,attn,10497,255,2
12989,7,7.attn.17330,7,attn,17330,347,0
12990,7,5.attn.27260,5,attn,27260,356,0
12991,7,7.attn.12103,7,attn,12103,325,2
12992,7,5.attn.29020,5,attn,29020,364,0
12993,7,7.attn.34499,7,attn,34499,465,0
12994,7,5.attn.16522,5,attn,16522,303,0
12995,7,7.attn.8702,7,attn,8702,335,2
12996,7,5.attn.22088,5,attn,22088,362,0
12997,7,7.attn.15815,7,attn,15815,339,2
12998,7,7.attn.5797,7,attn,5797,347,0
12999,7,5.attn.1288,5,attn,1288,221,2
13000,7,7.attn.12886,7,attn,12886,273,2
13001,7,5.attn.23370,5,attn,23370,217,2
13002,7,5.attn.18007,5,attn,18007,590,2130
13003,7,7.attn.4737,7,attn,4737,189,2
13004,7,5.attn.33782,5,attn,33782,528,0
13005,7,5.attn.40423,5,attn,40423,150,2
13006,7,7.attn.3963,7,attn,3963,664,2131
13007,7,5.attn.5587,5,attn,5587,298,2
13008,7,7.attn.6310,7,attn,6310,177,2
13009,7,7.attn.2121,7,attn,2121,331,2
13010,7,5.attn.24301,5,attn,24301,400,0
13011,7,7.attn.23378,7,attn,23378,396,0
13012,7,5.attn.40162,5,attn,40162,453,0
13013,7,7.attn.20728,7,attn,20728,549,0
13014,7,5.attn.39708,5,attn,39708,187,2
13015,7,7.attn.30584,7,attn,30584,491,0
13016,7,5.attn.10447,5,attn,10447,190,2
13017,7,7.attn.8884,7,attn,8884,342,0
13018,7,5.attn.13730,5,attn,13730,235,2
13019,7,7.attn.36624,7,attn,36624,207,2
13020,7,5.attn.36459,5,attn,36459,259,2
13021,7,6.resid.25264,6,resid,25264,357,0
13022,7,5.mlp.29369,5,mlp,29369,236,0
13023,7,6.resid.18596,6,resid,18596,335,0
13024,7,5.mlp.10337,5,mlp,10337,248,0
13025,7,6.resid.36613,6,resid,36613,545,0
13026,7,5.mlp.1277,5,mlp,1277,412,0
13027,7,6.resid.16889,6,resid,16889,490,2132
13028,7,5.mlp.23706,5,mlp,23706,428,0
13029,7,6.resid.31772,6,resid,31772,335,0
13030,7,5.mlp.2012,5,mlp,2012,251,0
13031,7,6.resid.17465,6,resid,17465,213,2
13032,7,5.mlp.33830,5,mlp,33830,378,0
13033,7,6.resid.22989,6,resid,22989,155,0
13034,7,5.mlp.28145,5,mlp,28145,303,0
13035,7,6.resid.9278,6,resid,9278,303,0
13036,7,5.mlp.32230,5,mlp,32230,380,0
13037,7,6.resid.23508,6,resid,23508,706,2133
13038,7,5.mlp.28082,5,mlp,28082,326,0
13039,7,6.resid.29568,6,resid,29568,417,0
13040,7,5.mlp.4771,5,mlp,4771,444,0
13041,7,6.resid.8041,6,resid,8041,363,0
13042,7,5.mlp.14356,5,mlp,14356,549,2134
13043,7,6.resid.24976,6,resid,24976,502,2135
13044,7,5.mlp.26413,5,mlp,26413,346,0
13045,7,6.resid.17519,6,resid,17519,420,0
13046,7,5.mlp.7485,5,mlp,7485,414,0
13047,7,6.resid.7905,6,resid,7905,372,0
13048,7,5.mlp.12873,5,mlp,12873,223,0
13049,7,6.resid.24934,6,resid,24934,261,0
13050,7,5.mlp.37259,5,mlp,37259,216,0
13051,7,6.resid.19018,6,resid,19018,452,0
13052,7,5.mlp.6449,5,mlp,6449,303,0
13053,7,6.resid.2741,6,resid,2741,343,0
13054,7,5.mlp.36353,5,mlp,36353,358,0
13055,7,6.resid.38543,6,resid,38543,395,0
13056,7,5.mlp.16696,5,mlp,16696,343,0
13057,7,6.resid.18094,6,resid,18094,396,0
13058,7,5.mlp.23318,5,mlp,23318,206,0
13059,7,6.resid.18425,6,resid,18425,375,0
13060,7,5.mlp.36724,5,mlp,36724,242,0
13061,7,6.resid.8037,6,resid,8037,541,0
13062,7,5.mlp.9411,5,mlp,9411,256,0
13063,7,6.resid.5318,6,resid,5318,390,0
13064,7,5.mlp.209,5,mlp,209,315,0
13065,7,6.resid.34214,6,resid,34214,571,0
13066,7,5.mlp.35378,5,mlp,35378,477,2136
13067,7,6.resid.38891,6,resid,38891,535,2137
13068,7,5.mlp.893,5,mlp,893,346,0
13069,7,6.resid.16076,6,resid,16076,424,0
13070,7,5.mlp.28662,5,mlp,28662,324,0
13071,7,6.resid.12057,6,resid,12057,304,0
13072,7,5.mlp.3537,5,mlp,3537,203,0
13073,7,6.resid.28174,6,resid,28174,446,0
13074,7,5.mlp.39952,5,mlp,39952,247,0
13075,7,6.resid.5688,6,resid,5688,409,0
13076,7,5.mlp.17527,5,mlp,17527,266,0
13077,7,6.resid.33594,6,resid,33594,292,0
13078,7,5.resid.12844,5,resid,12844,265,0
13079,7,6.mlp.33944,6,mlp,33944,607,2138
13080,7,5.resid.5730,5,resid,5730,341,0
13081,7,6.mlp.25697,6,mlp,25697,564,2139
13082,7,5.resid.9913,5,resid,9913,288,0
13083,7,6.mlp.31541,6,mlp,31541,511,2140
13084,7,5.resid.21308,5,resid,21308,315,0
13085,7,6.mlp.3800,6,mlp,3800,354,0
13086,7,5.resid.31323,5,resid,31323,303,0
13087,7,6.mlp.2889,6,mlp,2889,287,0
13088,7,5.resid.31123,5,resid,31123,380,0
13089,7,6.mlp.13498,6,mlp,13498,247,0
13090,7,5.resid.22944,5,resid,22944,423,0
13091,7,6.mlp.33683,6,mlp,33683,562,2141
13092,7,5.resid.5414,5,resid,5414,255,0
13093,7,6.mlp.9351,6,mlp,9351,357,0
13094,7,5.resid.36593,5,resid,36593,161,0
13095,7,6.mlp.23436,6,mlp,23436,432,0
13096,7,5.resid.5290,5,resid,5290,324,0
13097,7,6.mlp.8590,6,mlp,8590,529,0
13098,7,5.resid.35667,5,resid,35667,305,0
13099,7,6.mlp.6323,6,mlp,6323,407,0
13100,7,5.resid.19075,5,resid,19075,316,0
13101,7,6.mlp.31949,6,mlp,31949,259,0
13102,7,5.resid.27363,5,resid,27363,348,0
13103,7,6.mlp.36465,6,mlp,36465,452,0
13104,7,5.resid.34178,5,resid,34178,247,0
13105,7,6.mlp.11693,6,mlp,11693,373,0
13106,7,5.resid.17786,5,resid,17786,402,0
13107,7,6.mlp.25102,6,mlp,25102,307,0
13108,7,5.resid.32512,5,resid,32512,346,0
13109,7,6.mlp.38966,6,mlp,38966,314,0
13110,7,5.resid.18218,5,resid,18218,354,0
13111,7,6.mlp.15613,6,mlp,15613,333,0
13112,7,5.resid.33044,5,resid,33044,265,0
13113,7,6.mlp.32271,6,mlp,32271,467,0
13114,7,5.resid.20287,5,resid,20287,364,0
13115,7,6.mlp.20793,6,mlp,20793,264,0
13116,7,5.resid.36707,5,resid,36707,430,0
13117,7,6.mlp.3622,6,mlp,3622,510,0
13118,7,5.resid.22301,5,resid,22301,280,0
13119,7,6.mlp.7465,6,mlp,7465,340,0
13120,7,5.resid.39436,5,resid,39436,379,0
13121,7,6.mlp.38744,6,mlp,38744,305,0
13122,7,5.resid.34660,5,resid,34660,465,0
13123,7,6.mlp.35604,6,mlp,35604,316,0
13124,7,5.resid.11148,5,resid,11148,437,0
13125,7,6.mlp.31409,6,mlp,31409,438,0
13126,7,5.resid.37895,5,resid,37895,304,0
13127,7,6.mlp.20108,6,mlp,20108,430,0
13128,7,5.resid.36140,5,resid,36140,300,0
13129,7,6.mlp.25302,6,mlp,25302,388,0
13130,7,5.resid.36511,5,resid,36511,443,0
13131,7,6.mlp.11274,6,mlp,11274,476,0
13132,7,5.resid.38130,5,resid,38130,310,0
13133,7,6.mlp.38067,6,mlp,38067,413,0
13134,7,6.attn.28394,6,attn,28394,291,2
13135,7,6.attn.24645,6,attn,24645,272,2
13136,7,6.attn.38,6,attn,38,389,0
13137,7,6.attn.35499,6,attn,35499,106,0
13138,7,6.attn.2092,6,attn,2092,181,2
13139,7,6.attn.31229,6,attn,31229,241,2
13140,7,6.attn.28470,6,attn,28470,321,0
13141,7,6.attn.26652,6,attn,26652,497,0
13142,7,6.attn.37416,6,attn,37416,266,2
13143,7,6.attn.23951,6,attn,23951,300,2
13144,7,6.attn.5208,6,attn,5208,432,0
13145,7,6.attn.5925,6,attn,5925,347,2
13146,7,6.attn.34156,6,attn,34156,380,0
13147,7,6.attn.20737,6,attn,20737,468,0
13148,7,6.attn.28294,6,attn,28294,406,0
13149,7,6.attn.22635,6,attn,22635,230,2
13150,7,6.attn.23425,6,attn,23425,417,0
13151,7,6.attn.23384,6,attn,23384,369,0
13152,7,6.attn.13988,6,attn,13988,433,0
13153,7,6.attn.16245,6,attn,16245,232,2
13154,7,6.attn.33144,6,attn,33144,338,2
13155,7,6.attn.11955,6,attn,11955,423,0
13156,7,6.attn.10791,6,attn,10791,364,0
13157,7,6.attn.18731,6,attn,18731,482,0
13158,7,6.attn.40149,6,attn,40149,230,2
13159,7,6.attn.36294,6,attn,36294,426,0
13160,7,0.mlp.10774,0,mlp,10774,24,1
13161,8,0.mlp.36144,0,mlp,36144,12,0
13162,8,11.resid.36549,11,resid,36549,436,0
13163,8,0.mlp.34295,0,mlp,34295,4,2142
13164,8,11.resid.26806,11,resid,26806,565,2143
13165,8,0.mlp.8681,0,mlp,8681,16,1
13166,8,11.resid.25071,11,resid,25071,620,2144
13167,8,0.mlp.26260,0,mlp,26260,21,1
13168,8,11.resid.27792,11,resid,27792,202,2
13169,8,0.mlp.39313,0,mlp,39313,22,1
13170,8,11.resid.9812,11,resid,9812,323,0
13171,8,0.mlp.2759,0,mlp,2759,12,1
13172,8,11.resid.15045,11,resid,15045,849,2145
13173,8,0.mlp.37491,0,mlp,37491,14,1
13174,8,11.resid.38826,11,resid,38826,509,0
13175,8,0.mlp.916,0,mlp,916,20,1
13176,8,11.resid.27269,11,resid,27269,925,2146
13177,8,0.mlp.9934,0,mlp,9934,8,0
13178,8,11.resid.16455,11,resid,16455,278,2
13179,8,0.mlp.35913,0,mlp,35913,18,1
13180,8,11.resid.39121,11,resid,39121,552,0
13181,8,0.mlp.39329,0,mlp,39329,14,0
13182,8,11.resid.8964,11,resid,8964,326,0
13183,8,0.mlp.7516,0,mlp,7516,7,0
13184,8,11.resid.28811,11,resid,28811,447,0
13185,8,0.mlp.1566,0,mlp,1566,14,1
13186,8,11.resid.30587,11,resid,30587,273,0
13187,8,0.mlp.38274,0,mlp,38274,20,1
13188,8,11.resid.15437,11,resid,15437,426,0
13189,8,0.mlp.401,0,mlp,401,27,1
13190,8,11.resid.18681,11,resid,18681,460,0
13191,8,0.mlp.37185,0,mlp,37185,14,1
13192,8,11.resid.6856,11,resid,6856,562,0
13193,8,0.mlp.28453,0,mlp,28453,57,1
13194,8,11.resid.6511,11,resid,6511,438,0
13195,8,0.mlp.6176,0,mlp,6176,13,1
13196,8,11.resid.16485,11,resid,16485,540,0
13197,8,0.mlp.14799,0,mlp,14799,14,0
13198,8,11.resid.5065,11,resid,5065,650,2147
13199,8,0.mlp.39894,0,mlp,39894,26,1
13200,8,11.resid.25925,11,resid,25925,354,0
13201,8,0.mlp.8297,0,mlp,8297,35,1
13202,8,11.resid.4674,11,resid,4674,239,0
13203,8,0.mlp.37929,0,mlp,37929,16,1
13204,8,11.resid.14483,11,resid,14483,441,0
13205,8,0.mlp.18039,0,mlp,18039,18,1
13206,8,11.resid.17397,11,resid,17397,519,0
13207,8,0.mlp.233,0,mlp,233,94,1
13208,8,11.resid.16872,11,resid,16872,405,0
13209,8,0.mlp.14720,0,mlp,14720,22,1
13210,8,11.resid.14145,11,resid,14145,257,0
13211,8,0.mlp.27898,0,mlp,27898,39,1
13212,8,11.resid.10817,11,resid,10817,544,0
13213,8,0.mlp.11201,0,mlp,11201,26,1
13214,8,11.resid.22570,11,resid,22570,349,0
13215,8,0.mlp.38172,0,mlp,38172,20,1
13216,8,11.resid.40447,11,resid,40447,199,2
13217,8,0.resid.15108,0,resid,15108,14,0
13218,8,11.mlp.18156,11,mlp,18156,567,0
13219,8,0.resid.13036,0,resid,13036,15,1
13220,8,11.mlp.27190,11,mlp,27190,516,0
13221,8,0.resid.39756,0,resid,39756,27,1
13222,8,11.mlp.21730,11,mlp,21730,571,2148
13223,8,0.resid.35455,0,resid,35455,21,1
13224,8,11.mlp.1254,11,mlp,1254,258,0
13225,8,0.resid.10821,0,resid,10821,39,1
13226,8,11.mlp.35602,11,mlp,35602,650,2149
13227,8,0.resid.16705,0,resid,16705,66,1
13228,8,11.mlp.23665,11,mlp,23665,672,2150
13229,8,0.resid.28812,0,resid,28812,103,1
13230,8,11.mlp.35540,11,mlp,35540,444,0
13231,8,0.resid.6237,0,resid,6237,82,1
13232,8,11.mlp.6433,11,mlp,6433,341,0
13233,8,0.resid.16698,0,resid,16698,43,1
13234,8,11.mlp.40579,11,mlp,40579,616,2151
13235,8,0.resid.26357,0,resid,26357,219,0
13236,8,11.mlp.29909,11,mlp,29909,558,2152
13237,8,0.resid.20685,0,resid,20685,88,1
13238,8,11.mlp.522,11,mlp,522,447,2153
13239,8,0.resid.5911,0,resid,5911,60,1
13240,8,11.mlp.5473,11,mlp,5473,592,2154
13241,8,0.resid.28409,0,resid,28409,81,1
13242,8,11.mlp.436,11,mlp,436,648,2155
13243,8,0.resid.20059,0,resid,20059,230,0
13244,8,11.mlp.6765,11,mlp,6765,544,2156
13245,8,0.resid.11781,0,resid,11781,34,1
13246,8,11.mlp.17554,11,mlp,17554,440,0
13247,8,0.resid.30726,0,resid,30726,64,1
13248,8,11.mlp.40787,11,mlp,40787,763,2157
13249,8,0.resid.25124,0,resid,25124,12,0
13250,8,11.mlp.29881,11,mlp,29881,533,0
13251,8,0.resid.32975,0,resid,32975,27,1
13252,8,11.mlp.23741,11,mlp,23741,487,0
13253,8,0.resid.34590,0,resid,34590,15,2
13254,8,11.mlp.14840,11,mlp,14840,534,0
13255,8,0.resid.21989,0,resid,21989,17,1
13256,8,11.mlp.12573,11,mlp,12573,861,2158
13257,8,0.resid.3221,0,resid,3221,88,1
13258,8,11.mlp.28208,11,mlp,28208,662,2159
13259,8,0.resid.13158,0,resid,13158,162,1
13260,8,11.mlp.30001,11,mlp,30001,580,2160
13261,8,0.resid.3940,0,resid,3940,45,1
13262,8,11.mlp.31056,11,mlp,31056,435,0
13263,8,0.resid.30450,0,resid,30450,82,1
13264,8,11.mlp.39072,11,mlp,39072,807,2161
13265,8,0.resid.20345,0,resid,20345,61,1
13266,8,11.mlp.1883,11,mlp,1883,448,0
13267,8,0.resid.27340,0,resid,27340,11,1
13268,8,11.mlp.36517,11,mlp,36517,487,2162
13269,8,0.resid.36600,0,resid,36600,17,0
13270,8,11.mlp.16211,11,mlp,16211,388,0
13271,8,0.resid.26862,0,resid,26862,27,1
13272,8,11.mlp.8839,11,mlp,8839,254,0
13273,8,0.resid.7434,0,resid,7434,28,1
13274,8,11.mlp.17013,11,mlp,17013,517,2163
13275,8,11.attn.4679,11,attn,4679,407,0
13276,8,11.attn.27270,11,attn,27270,364,2
13277,8,11.attn.28428,11,attn,28428,618,2164
13278,8,11.attn.8374,11,attn,8374,566,0
13279,8,1.attn.38611,1,attn,38611,64,1
13280,8,11.attn.16989,11,attn,16989,815,2165
13281,8,11.attn.33870,11,attn,33870,214,2
13282,8,11.attn.2640,11,attn,2640,936,2166
13283,8,11.attn.32332,11,attn,32332,316,2
13284,8,11.attn.31698,11,attn,31698,432,0
13285,8,1.attn.13985,1,attn,13985,75,1
13286,8,11.attn.38390,11,attn,38390,326,2
13287,8,11.attn.39979,11,attn,39979,652,2167
13288,8,1.attn.40307,1,attn,40307,87,1
13289,8,11.attn.26000,11,attn,26000,291,2
13290,8,11.attn.31557,11,attn,31557,363,0
13291,8,11.attn.4122,11,attn,4122,434,0
13292,8,11.attn.40102,11,attn,40102,362,2
13293,8,11.attn.773,11,attn,773,883,2168
13294,8,11.attn.30684,11,attn,30684,392,0
13295,8,11.attn.28119,11,attn,28119,394,0
13296,8,1.attn.22875,1,attn,22875,60,2
13297,8,11.attn.18935,11,attn,18935,661,2169
13298,8,1.attn.5781,1,attn,5781,83,1
13299,8,11.attn.3678,11,attn,3678,473,0
13300,8,11.attn.17828,11,attn,17828,578,2170
13301,8,1.attn.35831,1,attn,35831,119,1
13302,8,11.attn.36757,11,attn,36757,517,0
13303,8,1.attn.4323,1,attn,4323,50,0
13304,8,11.attn.31650,11,attn,31650,218,2
13305,8,11.attn.17218,11,attn,17218,711,2171
13306,8,1.attn.19201,1,attn,19201,141,1
13307,8,11.attn.8863,11,attn,8863,306,2
13308,8,1.attn.28703,1,attn,28703,88,1
13309,8,11.attn.28014,11,attn,28014,503,0
13310,8,11.attn.9984,11,attn,9984,611,2172
13311,8,1.mlp.33441,1,mlp,33441,190,1
13312,8,10.resid.11024,10,resid,11024,201,0
13313,8,1.mlp.6156,1,mlp,6156,148,1
13314,8,10.resid.40226,10,resid,40226,709,2173
13315,8,1.mlp.36546,1,mlp,36546,201,0
13316,8,10.resid.30349,10,resid,30349,521,0
13317,8,1.mlp.2193,1,mlp,2193,137,1
13318,8,10.resid.14611,10,resid,14611,376,0
13319,8,1.mlp.17816,1,mlp,17816,273,0
13320,8,10.resid.73,10,resid,73,569,0
13321,8,1.mlp.37214,1,mlp,37214,82,1
13322,8,10.resid.18513,10,resid,18513,323,0
13323,8,1.mlp.28429,1,mlp,28429,95,1
13324,8,10.resid.18145,10,resid,18145,672,2174
13325,8,1.mlp.5168,1,mlp,5168,93,1
13326,8,10.resid.3757,10,resid,3757,427,0
13327,8,1.mlp.35165,1,mlp,35165,138,1
13328,8,10.resid.29270,10,resid,29270,431,0
13329,8,1.mlp.12112,1,mlp,12112,96,1
13330,8,10.resid.25765,10,resid,25765,420,0
13331,8,1.mlp.29488,1,mlp,29488,86,1
13332,8,10.resid.1625,10,resid,1625,471,0
13333,8,1.mlp.27859,1,mlp,27859,67,1
13334,8,10.resid.22758,10,resid,22758,561,0
13335,8,1.mlp.22503,1,mlp,22503,96,1
13336,8,10.resid.11089,10,resid,11089,695,2175
13337,8,1.mlp.20390,1,mlp,20390,107,1
13338,8,10.resid.26862,10,resid,26862,719,2176
13339,8,1.mlp.18697,1,mlp,18697,219,0
13340,8,10.resid.21672,10,resid,21672,566,0
13341,8,1.mlp.36185,1,mlp,36185,134,1
13342,8,10.resid.2581,10,resid,2581,711,2177
13343,8,1.mlp.35584,1,mlp,35584,111,1
13344,8,10.resid.28325,10,resid,28325,421,0
13345,8,1.mlp.29550,1,mlp,29550,105,1
13346,8,10.resid.11684,10,resid,11684,544,0
13347,8,1.mlp.7147,1,mlp,7147,75,1
13348,8,10.resid.2500,10,resid,2500,575,2178
13349,8,1.mlp.12781,1,mlp,12781,135,1
13350,8,10.resid.8183,10,resid,8183,632,2179
13351,8,1.mlp.28188,1,mlp,28188,277,0
13352,8,10.resid.40782,10,resid,40782,1380,2180
13353,8,1.mlp.28328,1,mlp,28328,178,1
13354,8,10.resid.17493,10,resid,17493,458,0
13355,8,1.mlp.14660,1,mlp,14660,303,0
13356,8,10.resid.38616,10,resid,38616,657,2181
13357,8,1.mlp.32750,1,mlp,32750,123,1
13358,8,10.resid.21445,10,resid,21445,842,2182
13359,8,1.mlp.30536,1,mlp,30536,179,1
13360,8,10.resid.33059,10,resid,33059,638,2183
13361,8,1.mlp.38376,1,mlp,38376,143,1
13362,8,10.resid.36024,10,resid,36024,436,0
13363,8,1.mlp.16608,1,mlp,16608,103,1
13364,8,10.resid.30389,10,resid,30389,765,2184
13365,8,1.mlp.31816,1,mlp,31816,143,1
13366,8,10.resid.27858,10,resid,27858,220,0
13367,8,1.mlp.10877,1,mlp,10877,135,1
13368,8,10.mlp.9846,10,mlp,9846,616,2185
13369,8,1.resid.33344,1,resid,33344,73,1
13370,8,10.mlp.29892,10,mlp,29892,499,0
13371,8,1.resid.39115,1,resid,39115,52,1
13372,8,10.mlp.16234,10,mlp,16234,252,0
13373,8,1.resid.5767,1,resid,5767,74,1
13374,8,10.mlp.26310,10,mlp,26310,559,2186
13375,8,1.resid.3669,1,resid,3669,86,1
13376,8,10.mlp.22284,10,mlp,22284,633,2187
13377,8,1.resid.26862,1,resid,26862,154,1
13378,8,10.mlp.17222,10,mlp,17222,305,0
13379,8,1.resid.31813,1,resid,31813,99,1
13380,8,10.mlp.35239,10,mlp,35239,607,2188
13381,8,1.resid.10961,1,resid,10961,104,1
13382,8,10.mlp.4516,10,mlp,4516,651,2189
13383,8,1.resid.29552,1,resid,29552,69,1
13384,8,10.mlp.26902,10,mlp,26902,297,0
13385,8,1.resid.1070,1,resid,1070,113,1
13386,8,10.mlp.39328,10,mlp,39328,329,0
13387,8,1.resid.16916,1,resid,16916,52,1
13388,8,10.mlp.26665,10,mlp,26665,497,0
13389,8,1.resid.1656,1,resid,1656,54,2
13390,8,10.mlp.4539,10,mlp,4539,407,0
13391,8,1.resid.16843,1,resid,16843,106,1
13392,8,10.mlp.31184,10,mlp,31184,419,0
13393,8,1.resid.31599,1,resid,31599,143,1
13394,8,10.mlp.4139,10,mlp,4139,265,0
13395,8,1.resid.36165,1,resid,36165,98,1
13396,8,10.mlp.3589,10,mlp,3589,440,0
13397,8,1.resid.6367,1,resid,6367,57,1
13398,8,10.mlp.5342,10,mlp,5342,524,0
13399,8,1.resid.5989,1,resid,5989,55,1
13400,8,10.mlp.233,10,mlp,233,373,0
13401,8,1.resid.28936,1,resid,28936,154,1
13402,8,10.mlp.22850,10,mlp,22850,654,2190
13403,8,1.resid.2113,1,resid,2113,135,1
13404,8,10.mlp.15966,10,mlp,15966,427,0
13405,8,1.resid.9259,1,resid,9259,81,1
13406,8,10.mlp.5255,10,mlp,5255,432,0
13407,8,1.resid.12765,1,resid,12765,80,1
13408,8,10.mlp.14251,10,mlp,14251,645,2191
13409,8,1.resid.2319,1,resid,2319,115,1
13410,8,10.mlp.34381,10,mlp,34381,382,0
13411,8,1.resid.23854,1,resid,23854,79,1
13412,8,10.mlp.39429,10,mlp,39429,622,2192
13413,8,1.resid.27382,1,resid,27382,112,1
13414,8,10.mlp.10600,10,mlp,10600,642,2193
13415,8,1.resid.2694,1,resid,2694,157,1
13416,8,10.mlp.29429,10,mlp,29429,514,2194
13417,8,1.resid.9528,1,resid,9528,118,1
13418,8,10.mlp.18623,10,mlp,18623,581,2195
13419,8,1.resid.17179,1,resid,17179,119,1
13420,8,10.mlp.24032,10,mlp,24032,502,0
13421,8,1.resid.19605,1,resid,19605,89,1
13422,8,10.mlp.21922,10,mlp,21922,614,2196
13423,8,1.resid.505,1,resid,505,161,1
13424,8,10.mlp.13898,10,mlp,13898,506,0
13425,8,2.attn.36705,2,attn,36705,93,1
13426,8,10.attn.3325,10,attn,3325,530,0
13427,8,2.attn.30902,2,attn,30902,147,2
13428,8,10.attn.23631,10,attn,23631,551,0
13429,8,10.attn.32535,10,attn,32535,418,0
13430,8,2.attn.35948,2,attn,35948,145,2
13431,8,10.attn.22980,10,attn,22980,526,2197
13432,8,10.attn.36348,10,attn,36348,1310,2198
13433,8,2.attn.31613,2,attn,31613,86,1
13434,8,10.attn.4043,10,attn,4043,257,2
13435,8,10.attn.21857,10,attn,21857,1017,2199
13436,8,2.attn.37882,2,attn,37882,87,1
13437,8,10.attn.10039,10,attn,10039,351,0
13438,8,2.attn.12564,2,attn,12564,98,1
13439,8,10.attn.7490,10,attn,7490,346,2
13440,8,10.attn.16990,10,attn,16990,374,0
13441,8,10.attn.14721,10,attn,14721,243,0
13442,8,10.attn.10922,10,attn,10922,347,0
13443,8,2.attn.1292,2,attn,1292,159,2
13444,8,10.attn.12179,10,attn,12179,687,2200
13445,8,10.attn.35681,10,attn,35681,429,0
13446,8,10.attn.11472,10,attn,11472,372,0
13447,8,10.attn.22152,10,attn,22152,646,2201
13448,8,2.attn.38404,2,attn,38404,93,2
13449,8,10.attn.2652,10,attn,2652,1138,2202
13450,8,2.attn.18361,2,attn,18361,92,1
13451,8,10.attn.6893,10,attn,6893,223,0
13452,8,10.attn.16967,10,attn,16967,563,2203
13453,8,2.attn.8005,2,attn,8005,163,0
13454,8,10.attn.29163,10,attn,29163,343,2
13455,8,2.attn.7698,2,attn,7698,287,0
13456,8,10.attn.8147,10,attn,8147,907,2204
13457,8,2.attn.7818,2,attn,7818,122,1
13458,8,10.attn.35054,10,attn,35054,1052,2205
13459,8,2.attn.8165,2,attn,8165,125,1
13460,8,10.attn.38662,10,attn,38662,688,2206
13461,8,2.attn.26993,2,attn,26993,123,2
13462,8,10.attn.31179,10,attn,31179,545,0
13463,8,2.attn.4200,2,attn,4200,245,2
13464,8,10.attn.37890,10,attn,37890,362,2
13465,8,2.attn.6780,2,attn,6780,188,2
13466,8,10.attn.40750,10,attn,40750,310,2
13467,8,2.attn.30377,2,attn,30377,126,2
13468,8,10.attn.29046,10,attn,29046,549,2207
13469,8,2.attn.16854,2,attn,16854,61,0
13470,8,10.attn.28374,10,attn,28374,316,2
13471,8,2.attn.6898,2,attn,6898,177,1
13472,8,9.resid.39902,9,resid,39902,675,2208
13473,8,2.mlp.33656,2,mlp,33656,214,0
13474,8,9.resid.1457,9,resid,1457,910,2209
13475,8,2.mlp.32005,2,mlp,32005,211,0
13476,8,9.resid.14083,9,resid,14083,460,0
13477,8,2.mlp.23989,2,mlp,23989,198,0
13478,8,9.resid.6500,9,resid,6500,439,2210
13479,8,2.mlp.20602,2,mlp,20602,136,1
13480,8,9.resid.7981,9,resid,7981,441,0
13481,8,2.mlp.5291,2,mlp,5291,249,0
13482,8,9.resid.39054,9,resid,39054,266,0
13483,8,2.mlp.351,2,mlp,351,175,2
13484,8,9.resid.1283,9,resid,1283,225,2
13485,8,2.mlp.36639,2,mlp,36639,117,1
13486,8,9.resid.20985,9,resid,20985,722,2211
13487,8,2.mlp.18100,2,mlp,18100,151,0
13488,8,9.resid.5457,9,resid,5457,341,0
13489,8,2.mlp.14137,2,mlp,14137,203,0
13490,8,9.resid.33440,9,resid,33440,830,2212
13491,8,2.mlp.29836,2,mlp,29836,179,0
13492,8,9.resid.40883,9,resid,40883,402,0
13493,8,2.mlp.38839,2,mlp,38839,396,0
13494,8,9.resid.26767,9,resid,26767,433,0
13495,8,2.mlp.27692,2,mlp,27692,231,0
13496,8,9.resid.8375,9,resid,8375,644,2213
13497,8,2.mlp.5714,2,mlp,5714,251,0
13498,8,9.resid.12589,9,resid,12589,275,2
13499,8,2.mlp.33685,2,mlp,33685,225,0
13500,8,9.resid.31970,9,resid,31970,613,2214
13501,8,2.mlp.36637,2,mlp,36637,173,1
13502,8,9.resid.5546,9,resid,5546,851,2215
13503,8,2.mlp.8386,2,mlp,8386,229,0
13504,8,9.resid.216,9,resid,216,507,1
13505,8,2.mlp.40498,2,mlp,40498,167,0
13506,8,9.resid.669,9,resid,669,839,2216
13507,8,2.mlp.22125,2,mlp,22125,170,0
13508,8,9.resid.11729,9,resid,11729,560,2217
13509,8,2.mlp.29755,2,mlp,29755,279,0
13510,8,9.resid.11989,9,resid,11989,735,2218
13511,8,2.mlp.7047,2,mlp,7047,291,0
13512,8,9.resid.12359,9,resid,12359,673,2219
13513,8,2.mlp.36048,2,mlp,36048,295,0
13514,8,9.resid.2265,9,resid,2265,729,2220
13515,8,2.mlp.15303,2,mlp,15303,153,1
13516,8,9.resid.36200,9,resid,36200,614,2221
13517,8,2.mlp.34099,2,mlp,34099,285,0
13518,8,9.resid.2589,9,resid,2589,508,2222
13519,8,2.mlp.10166,2,mlp,10166,209,0
13520,8,9.resid.11393,9,resid,11393,687,2223
13521,8,2.mlp.20525,2,mlp,20525,158,1
13522,8,9.resid.18291,9,resid,18291,640,2224
13523,8,2.mlp.14289,2,mlp,14289,209,0
13524,8,9.resid.8812,9,resid,8812,504,0
13525,8,2.mlp.38531,2,mlp,38531,235,0
13526,8,9.resid.103,9,resid,103,491,0
13527,8,2.mlp.1376,2,mlp,1376,116,1
13528,8,9.resid.1422,9,resid,1422,659,2225
13529,8,2.resid.24196,2,resid,24196,171,0
13530,8,9.mlp.39153,9,mlp,39153,338,0
13531,8,2.resid.12567,2,resid,12567,106,2
13532,8,9.mlp.4106,9,mlp,4106,652,2226
13533,8,2.resid.34900,2,resid,34900,171,1
13534,8,9.mlp.39232,9,mlp,39232,797,2227
13535,8,2.resid.4537,2,resid,4537,121,1
13536,8,9.mlp.17331,9,mlp,17331,286,0
13537,8,2.resid.33377,2,resid,33377,71,2
13538,8,9.mlp.37143,9,mlp,37143,352,0
13539,8,2.resid.36332,2,resid,36332,210,0
13540,8,9.mlp.38961,9,mlp,38961,304,0
13541,8,2.resid.36280,2,resid,36280,182,0
13542,8,9.mlp.6477,9,mlp,6477,581,2228
13543,8,2.resid.1411,2,resid,1411,116,1
13544,8,9.mlp.5926,9,mlp,5926,408,0
13545,8,2.resid.3059,2,resid,3059,132,1
13546,8,9.mlp.39804,9,mlp,39804,529,2229
13547,8,2.resid.7490,2,resid,7490,152,1
13548,8,9.mlp.39424,9,mlp,39424,414,0
13549,8,2.resid.14885,2,resid,14885,150,1
13550,8,9.mlp.17059,9,mlp,17059,400,0
13551,8,2.resid.21577,2,resid,21577,224,0
13552,8,9.mlp.40169,9,mlp,40169,396,0
13553,8,2.resid.10084,2,resid,10084,82,1
13554,8,9.mlp.37910,9,mlp,37910,357,0
13555,8,2.resid.19285,2,resid,19285,162,1
13556,8,9.mlp.14575,9,mlp,14575,457,0
13557,8,2.resid.11645,2,resid,11645,93,1
13558,8,9.mlp.7679,9,mlp,7679,379,0
13559,8,2.resid.25181,2,resid,25181,131,1
13560,8,9.mlp.2437,9,mlp,2437,526,0
13561,8,2.resid.35446,2,resid,35446,132,1
13562,8,9.mlp.11116,9,mlp,11116,552,2230
13563,8,2.resid.33953,2,resid,33953,75,1
13564,8,9.mlp.20801,9,mlp,20801,486,0
13565,8,2.resid.7957,2,resid,7957,273,0
13566,8,9.mlp.32653,9,mlp,32653,759,2231
13567,8,2.resid.32203,2,resid,32203,95,1
13568,8,9.mlp.15380,9,mlp,15380,538,0
13569,8,2.resid.14280,2,resid,14280,89,1
13570,8,9.mlp.1634,9,mlp,1634,458,0
13571,8,2.resid.1916,2,resid,1916,201,0
13572,8,9.mlp.17239,9,mlp,17239,325,0
13573,8,2.resid.2043,2,resid,2043,125,2
13574,8,9.mlp.6047,9,mlp,6047,561,2232
13575,8,2.resid.23488,2,resid,23488,159,0
13576,8,9.mlp.7700,9,mlp,7700,591,2233
13577,8,2.resid.11204,2,resid,11204,184,0
13578,8,9.mlp.33725,9,mlp,33725,656,2234
13579,8,2.resid.12492,2,resid,12492,125,1
13580,8,9.mlp.16336,9,mlp,16336,488,2235
13581,8,2.resid.18685,2,resid,18685,108,1
13582,8,9.mlp.2266,9,mlp,2266,533,2236
13583,8,2.resid.14799,2,resid,14799,132,1
13584,8,9.mlp.30374,9,mlp,30374,374,0
13585,8,3.attn.6103,3,attn,6103,112,2
13586,8,9.attn.27701,9,attn,27701,400,0
13587,8,3.attn.20646,3,attn,20646,160,2
13588,8,9.attn.10968,9,attn,10968,821,2237
13589,8,3.attn.21982,3,attn,21982,149,2
13590,8,9.attn.35746,9,attn,35746,526,2238
13591,8,3.attn.20302,3,attn,20302,120,2
13592,8,9.attn.1417,9,attn,1417,378,2
13593,8,3.attn.40128,3,attn,40128,214,0
13594,8,9.attn.39372,9,attn,39372,331,2
13595,8,3.attn.24038,3,attn,24038,154,1
13596,8,9.attn.6774,9,attn,6774,453,0
13597,8,3.attn.15959,3,attn,15959,166,2
13598,8,9.attn.1433,9,attn,1433,426,0
13599,8,3.attn.12726,3,attn,12726,163,2
13600,8,9.attn.12503,9,attn,12503,422,0
13601,8,3.attn.32109,3,attn,32109,174,2
13602,8,9.attn.6123,9,attn,6123,199,0
13603,8,3.attn.14602,3,attn,14602,202,2
13604,8,9.attn.37145,9,attn,37145,243,2
13605,8,3.attn.29386,3,attn,29386,158,2
13606,8,9.attn.25774,9,attn,25774,288,0
13607,8,3.attn.38484,3,attn,38484,112,2
13608,8,9.attn.32507,9,attn,32507,253,0
13609,8,3.attn.2255,3,attn,2255,85,2
13610,8,9.attn.9874,9,attn,9874,688,2239
13611,8,9.attn.24049,9,attn,24049,676,2240
13612,8,3.attn.26486,3,attn,26486,322,2
13613,8,9.attn.14280,9,attn,14280,469,0
13614,8,3.attn.5255,3,attn,5255,232,2
13615,8,9.attn.29860,9,attn,29860,282,2
13616,8,3.attn.28303,3,attn,28303,151,2
13617,8,9.attn.1750,9,attn,1750,286,2
13618,8,3.attn.2020,3,attn,2020,202,2
13619,8,9.attn.23469,9,attn,23469,332,2
13620,8,3.attn.7523,3,attn,7523,157,2
13621,8,9.attn.29740,9,attn,29740,222,0
13622,8,3.attn.37137,3,attn,37137,165,2
13623,8,9.attn.38289,9,attn,38289,584,2241
13624,8,3.attn.37539,3,attn,37539,230,0
13625,8,9.attn.3975,9,attn,3975,316,2
13626,8,3.attn.15685,3,attn,15685,152,2
13627,8,9.attn.34037,9,attn,34037,847,2242
13628,8,3.attn.9260,3,attn,9260,241,2
13629,8,9.attn.10720,9,attn,10720,187,0
13630,8,3.attn.32288,3,attn,32288,226,2
13631,8,9.attn.34184,9,attn,34184,427,0
13632,8,3.attn.34060,3,attn,34060,181,2
13633,8,9.attn.9201,9,attn,9201,590,2243
13634,8,3.attn.621,3,attn,621,168,2
13635,8,9.attn.3253,9,attn,3253,605,2244
13636,8,3.attn.23699,3,attn,23699,240,2
13637,8,9.attn.30911,9,attn,30911,124,0
13638,8,3.attn.29966,3,attn,29966,175,2
13639,8,9.attn.10493,9,attn,10493,742,2245
13640,8,3.attn.26417,3,attn,26417,307,2
13641,8,9.attn.40162,9,attn,40162,1005,2246
13642,8,3.mlp.4881,3,mlp,4881,164,0
13643,8,8.resid.8701,8,resid,8701,484,0
13644,8,3.mlp.3094,3,mlp,3094,367,0
13645,8,8.resid.3270,8,resid,3270,437,0
13646,8,3.mlp.8549,3,mlp,8549,281,0
13647,8,8.resid.4419,8,resid,4419,524,0
13648,8,3.mlp.18090,3,mlp,18090,355,0
13649,8,8.resid.23345,8,resid,23345,519,2247
13650,8,3.mlp.10613,3,mlp,10613,364,0
13651,8,8.resid.19938,8,resid,19938,436,0
13652,8,3.mlp.5762,3,mlp,5762,254,0
13653,8,8.resid.13521,8,resid,13521,473,0
13654,8,3.mlp.33358,3,mlp,33358,223,0
13655,8,8.resid.9805,8,resid,9805,634,2248
13656,8,3.mlp.38193,3,mlp,38193,189,0
13657,8,8.resid.40243,8,resid,40243,474,0
13658,8,3.mlp.11615,3,mlp,11615,205,0
13659,8,8.resid.6435,8,resid,6435,469,0
13660,8,3.mlp.20963,3,mlp,20963,147,2
13661,8,8.resid.6636,8,resid,6636,479,0
13662,8,3.mlp.37024,3,mlp,37024,197,0
13663,8,8.resid.13473,8,resid,13473,353,0
13664,8,3.mlp.23614,3,mlp,23614,296,0
13665,8,8.resid.39431,8,resid,39431,408,0
13666,8,3.mlp.22946,3,mlp,22946,192,0
13667,8,8.resid.17572,8,resid,17572,434,2249
13668,8,3.mlp.34432,3,mlp,34432,288,0
13669,8,8.resid.20605,8,resid,20605,601,2250
13670,8,3.mlp.33737,3,mlp,33737,324,0
13671,8,8.resid.18,8,resid,18,399,0
13672,8,3.mlp.15737,3,mlp,15737,211,0
13673,8,8.resid.35782,8,resid,35782,538,0
13674,8,3.mlp.9989,3,mlp,9989,222,0
13675,8,8.resid.3194,8,resid,3194,272,0
13676,8,3.mlp.7066,3,mlp,7066,199,0
13677,8,8.resid.31095,8,resid,31095,474,0
13678,8,3.mlp.33852,3,mlp,33852,297,0
13679,8,8.resid.209,8,resid,209,353,0
13680,8,3.mlp.30265,3,mlp,30265,296,0
13681,8,8.resid.35246,8,resid,35246,566,0
13682,8,3.mlp.11365,3,mlp,11365,256,0
13683,8,8.resid.23442,8,resid,23442,462,0
13684,8,3.mlp.39137,3,mlp,39137,304,0
13685,8,8.resid.37567,8,resid,37567,519,2251
13686,8,3.mlp.5115,3,mlp,5115,314,0
13687,8,8.resid.30859,8,resid,30859,470,0
13688,8,3.mlp.6926,3,mlp,6926,202,0
13689,8,8.resid.39044,8,resid,39044,694,2252
13690,8,3.mlp.6678,3,mlp,6678,182,0
13691,8,8.resid.9463,8,resid,9463,462,0
13692,8,3.mlp.4560,3,mlp,4560,191,0
13693,8,8.resid.12794,8,resid,12794,528,0
13694,8,3.mlp.10148,3,mlp,10148,185,0
13695,8,8.resid.33018,8,resid,33018,558,0
13696,8,3.mlp.12816,3,mlp,12816,295,0
13697,8,8.resid.22067,8,resid,22067,608,2253
13698,8,3.resid.39668,3,resid,39668,376,0
13699,8,8.mlp.19539,8,mlp,19539,442,2254
13700,8,3.resid.38115,3,resid,38115,208,0
13701,8,8.mlp.25707,8,mlp,25707,473,0
13702,8,3.resid.14286,3,resid,14286,133,0
13703,8,8.mlp.831,8,mlp,831,670,2255
13704,8,3.resid.17652,3,resid,17652,177,0
13705,8,8.mlp.3975,8,mlp,3975,465,0
13706,8,3.resid.28344,3,resid,28344,216,0
13707,8,8.mlp.22874,8,mlp,22874,447,0
13708,8,3.resid.34123,3,resid,34123,256,0
13709,8,8.mlp.37042,8,mlp,37042,484,0
13710,8,3.resid.4829,3,resid,4829,214,0
13711,8,8.mlp.18572,8,mlp,18572,438,0
13712,8,3.resid.13939,3,resid,13939,185,0
13713,8,8.mlp.7904,8,mlp,7904,500,0
13714,8,3.resid.26243,3,resid,26243,268,0
13715,8,8.mlp.27139,8,mlp,27139,606,2256
13716,8,3.resid.5448,3,resid,5448,284,0
13717,8,8.mlp.23891,8,mlp,23891,315,0
13718,8,3.resid.28003,3,resid,28003,200,0
13719,8,8.mlp.14996,8,mlp,14996,553,0
13720,8,3.resid.15753,3,resid,15753,145,1
13721,8,8.mlp.40066,8,mlp,40066,550,2257
13722,8,3.resid.2704,3,resid,2704,294,0
13723,8,8.mlp.5034,8,mlp,5034,440,0
13724,8,3.resid.3021,3,resid,3021,240,0
13725,8,8.mlp.6181,8,mlp,6181,543,2258
13726,8,3.resid.13346,3,resid,13346,190,0
13727,8,8.mlp.27279,8,mlp,27279,475,0
13728,8,3.resid.25970,3,resid,25970,153,0
13729,8,8.mlp.5599,8,mlp,5599,576,2259
13730,8,3.resid.26417,3,resid,26417,154,1
13731,8,8.mlp.14922,8,mlp,14922,320,0
13732,8,3.resid.33500,3,resid,33500,222,0
13733,8,8.mlp.37871,8,mlp,37871,371,0
13734,8,3.resid.7655,3,resid,7655,146,1
13735,8,8.mlp.19770,8,mlp,19770,319,0
13736,8,3.resid.9651,3,resid,9651,231,0
13737,8,8.mlp.5518,8,mlp,5518,374,0
13738,8,3.resid.9116,3,resid,9116,238,0
13739,8,8.mlp.27364,8,mlp,27364,621,2260
13740,8,3.resid.26522,3,resid,26522,227,0
13741,8,8.mlp.21074,8,mlp,21074,407,0
13742,8,3.resid.29939,3,resid,29939,209,0
13743,8,8.mlp.18175,8,mlp,18175,516,2261
13744,8,3.resid.21373,3,resid,21373,175,0
13745,8,8.mlp.35189,8,mlp,35189,498,0
13746,8,3.resid.33846,3,resid,33846,196,0
13747,8,8.mlp.39204,8,mlp,39204,465,0
13748,8,3.resid.3645,3,resid,3645,151,0
13749,8,8.mlp.17732,8,mlp,17732,468,0
13750,8,3.resid.28106,3,resid,28106,237,0
13751,8,8.mlp.19894,8,mlp,19894,424,0
13752,8,3.resid.36163,3,resid,36163,197,0
13753,8,8.mlp.24090,8,mlp,24090,436,0
13754,8,3.resid.27312,3,resid,27312,155,1
13755,8,8.mlp.4085,8,mlp,4085,388,0
13756,8,4.attn.11251,4,attn,11251,139,2
13757,8,4.attn.29441,4,attn,29441,209,2
13758,8,8.attn.40360,8,attn,40360,341,0
13759,8,4.attn.10728,4,attn,10728,321,0
13760,8,8.attn.38229,8,attn,38229,363,0
13761,8,4.attn.2008,4,attn,2008,238,0
13762,8,8.attn.27790,8,attn,27790,232,2
13763,8,4.attn.21380,4,attn,21380,255,0
13764,8,4.attn.3905,4,attn,3905,235,2
13765,8,8.attn.4060,8,attn,4060,273,2
13766,8,4.attn.16118,4,attn,16118,283,0
13767,8,8.attn.8758,8,attn,8758,358,0
13768,8,4.attn.39632,4,attn,39632,175,2
13769,8,8.attn.19716,8,attn,19716,222,2
13770,8,4.attn.22557,4,attn,22557,290,0
13771,8,8.attn.209,8,attn,209,480,0
13772,8,4.attn.7383,4,attn,7383,258,0
13773,8,8.attn.7691,8,attn,7691,594,2262
13774,8,4.attn.14358,4,attn,14358,207,2
13775,8,4.attn.38295,4,attn,38295,226,2
13776,8,4.attn.33983,4,attn,33983,174,2
13777,8,4.attn.34882,4,attn,34882,267,0
13778,8,4.attn.11746,4,attn,11746,251,0
13779,8,8.attn.32138,8,attn,32138,441,0
13780,8,4.attn.40079,4,attn,40079,131,1
13781,8,4.attn.1502,4,attn,1502,164,2
13782,8,8.attn.19342,8,attn,19342,452,0
13783,8,4.attn.39547,4,attn,39547,195,2
13784,8,8.attn.9882,8,attn,9882,377,0
13785,8,4.attn.37982,4,attn,37982,257,0
13786,8,8.attn.36102,8,attn,36102,300,2
13787,8,4.attn.28686,4,attn,28686,147,2
13788,8,4.attn.14693,4,attn,14693,299,0
13789,8,8.attn.34288,8,attn,34288,348,2
13790,8,4.attn.23991,4,attn,23991,177,2
13791,8,8.attn.5907,8,attn,5907,570,0
13792,8,4.attn.15213,4,attn,15213,301,0
13793,8,8.attn.3762,8,attn,3762,307,2
13794,8,4.attn.24695,4,attn,24695,164,2
13795,8,8.attn.15252,8,attn,15252,393,0
13796,8,4.attn.36118,4,attn,36118,304,0
13797,8,8.attn.8145,8,attn,8145,361,2
13798,8,4.attn.17940,4,attn,17940,189,2
13799,8,8.attn.38640,8,attn,38640,424,0
13800,8,4.attn.29324,4,attn,29324,191,2
13801,8,8.attn.11677,8,attn,11677,488,0
13802,8,4.attn.231,4,attn,231,227,2
13803,8,8.attn.23163,8,attn,23163,233,2
13804,8,4.mlp.6842,4,mlp,6842,208,0
13805,8,7.resid.2814,7,resid,2814,268,0
13806,8,4.mlp.35171,4,mlp,35171,353,0
13807,8,7.resid.30998,7,resid,30998,568,0
13808,8,4.mlp.18907,4,mlp,18907,300,0
13809,8,7.resid.34890,7,resid,34890,420,0
13810,8,4.mlp.5158,4,mlp,5158,271,0
13811,8,7.resid.10570,7,resid,10570,385,0
13812,8,4.mlp.17021,4,mlp,17021,323,0
13813,8,7.resid.37947,7,resid,37947,569,0
13814,8,4.mlp.2696,4,mlp,2696,337,0
13815,8,7.resid.28035,7,resid,28035,589,2263
13816,8,4.mlp.1401,4,mlp,1401,184,0
13817,8,7.resid.25296,7,resid,25296,394,0
13818,8,4.mlp.11999,4,mlp,11999,459,0
13819,8,7.resid.14272,7,resid,14272,429,0
13820,8,4.mlp.25684,4,mlp,25684,376,0
13821,8,7.resid.2881,7,resid,2881,361,0
13822,8,4.mlp.17105,4,mlp,17105,391,0
13823,8,7.resid.13227,7,resid,13227,603,2264
13824,8,4.mlp.28291,4,mlp,28291,145,0
13825,8,7.resid.9488,7,resid,9488,413,0
13826,8,4.mlp.37712,4,mlp,37712,230,0
13827,8,7.resid.31114,7,resid,31114,388,0
13828,8,4.mlp.11169,4,mlp,11169,202,0
13829,8,7.resid.35727,7,resid,35727,558,2265
13830,8,4.mlp.2518,4,mlp,2518,340,0
13831,8,7.resid.40507,7,resid,40507,491,0
13832,8,4.mlp.34916,4,mlp,34916,220,0
13833,8,7.resid.38076,7,resid,38076,823,2266
13834,8,4.mlp.36491,4,mlp,36491,273,0
13835,8,7.resid.37823,7,resid,37823,432,0
13836,8,4.mlp.4800,4,mlp,4800,308,0
13837,8,7.resid.14626,7,resid,14626,515,2267
13838,8,4.mlp.9250,4,mlp,9250,259,0
13839,8,7.resid.16982,7,resid,16982,314,0
13840,8,4.mlp.8823,4,mlp,8823,231,0
13841,8,7.resid.38416,7,resid,38416,462,0
13842,8,4.mlp.12984,4,mlp,12984,351,0
13843,8,7.resid.4664,7,resid,4664,406,0
13844,8,4.mlp.20621,4,mlp,20621,322,0
13845,8,7.resid.4213,7,resid,4213,440,0
13846,8,4.mlp.19416,4,mlp,19416,387,0
13847,8,7.resid.15129,7,resid,15129,508,2268
13848,8,4.mlp.20833,4,mlp,20833,524,0
13849,8,7.resid.7521,7,resid,7521,474,0
13850,8,4.mlp.17485,4,mlp,17485,216,0
13851,8,7.resid.3717,7,resid,3717,335,0
13852,8,4.mlp.36475,4,mlp,36475,364,0
13853,8,7.resid.24189,7,resid,24189,547,2269
13854,8,4.mlp.9367,4,mlp,9367,276,0
13855,8,7.resid.30337,7,resid,30337,477,0
13856,8,4.mlp.27280,4,mlp,27280,275,0
13857,8,7.resid.32140,7,resid,32140,384,0
13858,8,4.mlp.477,4,mlp,477,450,0
13859,8,7.resid.21215,7,resid,21215,419,0
13860,8,4.mlp.10040,4,mlp,10040,288,0
13861,8,7.mlp.3257,7,mlp,3257,289,0
13862,8,4.resid.9007,4,resid,9007,282,0
13863,8,7.mlp.20910,7,mlp,20910,609,2270
13864,8,4.resid.2093,4,resid,2093,278,0
13865,8,7.mlp.14081,7,mlp,14081,344,0
13866,8,4.resid.7119,4,resid,7119,203,0
13867,8,7.mlp.21767,7,mlp,21767,390,0
13868,8,4.resid.2071,4,resid,2071,190,0
13869,8,7.mlp.6792,7,mlp,6792,580,2271
13870,8,4.resid.23092,4,resid,23092,186,0
13871,8,7.mlp.34084,7,mlp,34084,537,0
13872,8,4.resid.3344,4,resid,3344,336,0
13873,8,7.mlp.1106,7,mlp,1106,336,0
13874,8,4.resid.12721,4,resid,12721,314,0
13875,8,7.mlp.8395,7,mlp,8395,239,0
13876,8,4.resid.39430,4,resid,39430,379,0
13877,8,7.mlp.10423,7,mlp,10423,589,2272
13878,8,4.resid.30879,4,resid,30879,292,0
13879,8,7.mlp.14892,7,mlp,14892,426,0
13880,8,4.resid.25014,4,resid,25014,385,0
13881,8,7.mlp.27369,7,mlp,27369,521,0
13882,8,4.resid.21395,4,resid,21395,343,0
13883,8,7.mlp.37588,7,mlp,37588,309,0
13884,8,4.resid.35371,4,resid,35371,297,0
13885,8,7.mlp.32962,7,mlp,32962,436,0
13886,8,4.resid.36211,4,resid,36211,238,0
13887,8,7.mlp.12444,7,mlp,12444,356,0
13888,8,4.resid.26423,4,resid,26423,139,1
13889,8,7.mlp.11639,7,mlp,11639,534,0
13890,8,4.resid.33515,4,resid,33515,339,0
13891,8,7.mlp.37394,7,mlp,37394,558,0
13892,8,4.resid.34759,4,resid,34759,308,0
13893,8,7.mlp.30354,7,mlp,30354,299,0
13894,8,4.resid.27109,4,resid,27109,206,0
13895,8,7.mlp.18312,7,mlp,18312,435,0
13896,8,4.resid.18827,4,resid,18827,319,0
13897,8,7.mlp.12635,7,mlp,12635,309,0
13898,8,4.resid.4930,4,resid,4930,209,0
13899,8,7.mlp.38439,7,mlp,38439,621,2273
13900,8,4.resid.7630,4,resid,7630,201,0
13901,8,7.mlp.34533,7,mlp,34533,279,0
13902,8,4.resid.37553,4,resid,37553,413,0
13903,8,7.mlp.30057,7,mlp,30057,417,0
13904,8,4.resid.25019,4,resid,25019,393,0
13905,8,7.mlp.36564,7,mlp,36564,523,0
13906,8,4.resid.22365,4,resid,22365,382,0
13907,8,7.mlp.8631,7,mlp,8631,336,0
13908,8,4.resid.20206,4,resid,20206,251,0
13909,8,7.mlp.37641,7,mlp,37641,363,0
13910,8,4.resid.4184,4,resid,4184,298,0
13911,8,7.mlp.30759,7,mlp,30759,431,0
13912,8,4.resid.27999,4,resid,27999,207,0
13913,8,7.mlp.4402,7,mlp,4402,379,0
13914,8,4.resid.1811,4,resid,1811,270,0
13915,8,7.mlp.28709,7,mlp,28709,519,0
13916,8,4.resid.35670,4,resid,35670,197,0
13917,8,7.mlp.11909,7,mlp,11909,206,2
13918,8,5.attn.31491,5,attn,31491,261,2
13919,8,7.attn.29461,7,attn,29461,398,0
13920,8,5.attn.22695,5,attn,22695,205,2
13921,8,7.attn.1517,7,attn,1517,314,2
13922,8,5.attn.19363,5,attn,19363,301,2
13923,8,7.attn.23764,7,attn,23764,379,2
13924,8,5.attn.19009,5,attn,19009,339,0
13925,8,7.attn.31541,7,attn,31541,349,2
13926,8,5.attn.48,5,attn,48,383,0
13927,8,7.attn.3294,7,attn,3294,312,0
13928,8,7.attn.38764,7,attn,38764,107,1
13929,8,5.attn.35309,5,attn,35309,255,2
13930,8,7.attn.35785,7,attn,35785,486,0
13931,8,5.attn.40265,5,attn,40265,167,2
13932,8,5.attn.14761,5,attn,14761,304,0
13933,8,7.attn.1434,7,attn,1434,360,0
13934,8,5.attn.27818,5,attn,27818,195,2
13935,8,7.attn.38585,7,attn,38585,440,0
13936,8,5.attn.7266,5,attn,7266,107,0
13937,8,7.attn.32149,7,attn,32149,100,0
13938,8,7.attn.14842,7,attn,14842,722,2274
13939,8,5.attn.8597,5,attn,8597,273,2
13940,8,7.attn.15945,7,attn,15945,411,0
13941,8,5.attn.19401,5,attn,19401,258,0
13942,8,7.attn.12247,7,attn,12247,243,0
13943,8,5.attn.35638,5,attn,35638,270,0
13944,8,7.attn.15189,7,attn,15189,338,2
13945,8,5.attn.12026,5,attn,12026,154,2
13946,8,7.attn.4946,7,attn,4946,244,2
13947,8,5.attn.16375,5,attn,16375,265,2
13948,8,7.attn.11610,7,attn,11610,416,0
13949,8,5.attn.21507,5,attn,21507,231,2
13950,8,7.attn.31677,7,attn,31677,402,0
13951,8,5.attn.12337,5,attn,12337,250,2
13952,8,7.attn.762,7,attn,762,485,0
13953,8,5.attn.9932,5,attn,9932,197,2
13954,8,7.attn.17504,7,attn,17504,377,0
13955,8,5.attn.33600,5,attn,33600,229,2
13956,8,7.attn.18964,7,attn,18964,432,0
13957,8,7.attn.14779,7,attn,14779,249,2
13958,8,5.attn.30562,5,attn,30562,285,2
13959,8,7.attn.37785,7,attn,37785,423,0
13960,8,5.attn.40826,5,attn,40826,207,2
13961,8,7.attn.20890,7,attn,20890,281,2
13962,8,5.attn.11277,5,attn,11277,319,2
13963,8,7.attn.407,7,attn,407,154,0
13964,8,5.attn.6013,5,attn,6013,306,2
13965,8,6.resid.20125,6,resid,20125,468,0
13966,8,5.mlp.19608,5,mlp,19608,255,0
13967,8,6.resid.30249,6,resid,30249,364,0
13968,8,5.mlp.5019,5,mlp,5019,450,0
13969,8,6.resid.27752,6,resid,27752,291,0
13970,8,5.mlp.3982,5,mlp,3982,449,0
13971,8,6.resid.32416,6,resid,32416,552,0
13972,8,5.mlp.28322,5,mlp,28322,431,0
13973,8,6.resid.28716,6,resid,28716,585,2275
13974,8,5.mlp.2221,5,mlp,2221,248,0
13975,8,6.resid.5798,6,resid,5798,380,0
13976,8,5.mlp.21361,5,mlp,21361,357,0
13977,8,6.resid.2592,6,resid,2592,414,0
13978,8,5.mlp.14702,5,mlp,14702,370,0
13979,8,6.resid.31034,6,resid,31034,374,0
13980,8,5.mlp.36859,5,mlp,36859,283,0
13981,8,6.resid.5257,6,resid,5257,484,0
13982,8,5.mlp.31539,5,mlp,31539,114,0
13983,8,6.resid.4797,6,resid,4797,420,0
13984,8,5.mlp.15372,5,mlp,15372,103,1
13985,8,6.resid.40642,6,resid,40642,361,0
13986,8,5.mlp.6460,5,mlp,6460,223,0
13987,8,6.resid.39596,6,resid,39596,464,0
13988,8,5.mlp.4137,5,mlp,4137,274,0
13989,8,6.resid.36434,6,resid,36434,465,0
13990,8,5.mlp.19317,5,mlp,19317,338,0
13991,8,6.resid.36436,6,resid,36436,637,2276
13992,8,5.mlp.36475,5,mlp,36475,267,0
13993,8,6.resid.35519,6,resid,35519,396,0
13994,8,5.mlp.12460,5,mlp,12460,226,0
13995,8,6.resid.18130,6,resid,18130,598,2277
13996,8,5.mlp.16294,5,mlp,16294,351,0
13997,8,6.resid.4185,6,resid,4185,613,2278
13998,8,5.mlp.16917,5,mlp,16917,239,0
13999,8,6.resid.16078,6,resid,16078,670,2279
14000,8,5.mlp.18929,5,mlp,18929,449,0
14001,8,6.resid.30190,6,resid,30190,375,0
14002,8,5.mlp.28370,5,mlp,28370,473,2280
14003,8,6.resid.39608,6,resid,39608,341,0
14004,8,5.mlp.31574,5,mlp,31574,313,0
14005,8,6.resid.26637,6,resid,26637,294,0
14006,8,5.mlp.1954,5,mlp,1954,273,0
14007,8,6.resid.28184,6,resid,28184,280,0
14008,8,5.mlp.12785,5,mlp,12785,180,0
14009,8,6.resid.32916,6,resid,32916,331,2281
14010,8,5.mlp.16272,5,mlp,16272,386,0
14011,8,6.resid.23230,6,resid,23230,464,0
14012,8,5.mlp.26950,5,mlp,26950,311,0
14013,8,6.resid.5011,6,resid,5011,475,0
14014,8,5.mlp.23629,5,mlp,23629,357,0
14015,8,6.resid.37608,6,resid,37608,296,0
14016,8,5.mlp.7628,5,mlp,7628,314,0
14017,8,6.resid.13307,6,resid,13307,484,0
14018,8,5.mlp.2229,5,mlp,2229,409,0
14019,8,6.resid.25106,6,resid,25106,316,0
14020,8,5.mlp.662,5,mlp,662,378,0
14021,8,6.resid.40488,6,resid,40488,266,0
14022,8,5.resid.29264,5,resid,29264,290,0
14023,8,6.mlp.39283,6,mlp,39283,252,0
14024,8,5.resid.12407,5,resid,12407,443,0
14025,8,6.mlp.15748,6,mlp,15748,347,0
14026,8,5.resid.40723,5,resid,40723,327,0
14027,8,6.mlp.23322,6,mlp,23322,274,0
14028,8,5.resid.13677,5,resid,13677,368,0
14029,8,6.mlp.14122,6,mlp,14122,455,0
14030,8,5.resid.9458,5,resid,9458,299,0
14031,8,6.mlp.7082,6,mlp,7082,471,0
14032,8,5.resid.5388,5,resid,5388,244,0
14033,8,6.mlp.24981,6,mlp,24981,421,0
14034,8,5.resid.1433,5,resid,1433,365,0
14035,8,6.mlp.32121,6,mlp,32121,253,0
14036,8,5.resid.16191,5,resid,16191,359,0
14037,8,6.mlp.29495,6,mlp,29495,394,0
14038,8,5.resid.28304,5,resid,28304,233,0
14039,8,6.mlp.19862,6,mlp,19862,410,0
14040,8,5.resid.5022,5,resid,5022,327,0
14041,8,6.mlp.34355,6,mlp,34355,265,0
14042,8,5.resid.40838,5,resid,40838,292,0
14043,8,6.mlp.24653,6,mlp,24653,255,0
14044,8,5.resid.29269,5,resid,29269,399,0
14045,8,6.mlp.26448,6,mlp,26448,367,0
14046,8,5.resid.5104,5,resid,5104,366,0
14047,8,6.mlp.14040,6,mlp,14040,235,0
14048,8,5.resid.20175,5,resid,20175,341,0
14049,8,6.mlp.18269,6,mlp,18269,267,0
14050,8,5.resid.8612,5,resid,8612,259,0
14051,8,6.mlp.20181,6,mlp,20181,446,0
14052,8,5.resid.18594,5,resid,18594,355,0
14053,8,6.mlp.24823,6,mlp,24823,233,0
14054,8,5.resid.16793,5,resid,16793,477,0
14055,8,6.mlp.37634,6,mlp,37634,248,0
14056,8,5.resid.36424,5,resid,36424,463,0
14057,8,6.mlp.31422,6,mlp,31422,534,2282
14058,8,5.resid.8547,5,resid,8547,284,0
14059,8,6.mlp.33434,6,mlp,33434,296,0
14060,8,5.resid.25582,5,resid,25582,338,0
14061,8,6.mlp.22730,6,mlp,22730,318,0
14062,8,5.resid.1219,5,resid,1219,271,0
14063,8,6.mlp.15228,6,mlp,15228,324,0
14064,8,5.resid.37562,5,resid,37562,332,2
14065,8,6.mlp.18996,6,mlp,18996,232,0
14066,8,5.resid.28065,5,resid,28065,224,0
14067,8,6.mlp.15422,6,mlp,15422,250,0
14068,8,5.resid.11885,5,resid,11885,306,0
14069,8,6.mlp.4270,6,mlp,4270,374,0
14070,8,5.resid.22271,5,resid,22271,266,0
14071,8,6.mlp.3837,6,mlp,3837,548,2283
14072,8,5.resid.9996,5,resid,9996,308,0
14073,8,6.mlp.18949,6,mlp,18949,245,0
14074,8,5.resid.26572,5,resid,26572,297,0
14075,8,6.mlp.19014,6,mlp,19014,403,0
14076,8,5.resid.40661,5,resid,40661,266,0
14077,8,6.mlp.26550,6,mlp,26550,324,0
14078,8,6.attn.17520,6,attn,17520,207,0
14079,8,6.attn.25535,6,attn,25535,249,2
14080,8,6.attn.11343,6,attn,11343,410,0
14081,8,6.attn.8081,6,attn,8081,392,0
14082,8,6.attn.8246,6,attn,8246,382,0
14083,8,6.attn.19422,6,attn,19422,333,2
14084,8,6.attn.3946,6,attn,3946,158,2
14085,8,6.attn.30897,6,attn,30897,374,0
14086,8,6.attn.21200,6,attn,21200,466,0
14087,8,6.attn.24762,6,attn,24762,386,0
14088,8,6.attn.40041,6,attn,40041,362,0
14089,8,6.attn.2615,6,attn,2615,408,0
14090,8,6.attn.16935,6,attn,16935,439,0
14091,8,6.attn.10671,6,attn,10671,191,2
14092,8,6.attn.24850,6,attn,24850,249,2
14093,8,6.attn.38511,6,attn,38511,236,2
14094,8,6.attn.24158,6,attn,24158,565,0
14095,8,6.attn.22163,6,attn,22163,261,2
14096,8,6.attn.1781,6,attn,1781,252,2
14097,8,6.attn.39261,6,attn,39261,467,0
14098,8,6.attn.27887,6,attn,27887,337,0
14099,8,6.attn.14224,6,attn,14224,154,2
14100,8,6.attn.6007,6,attn,6007,280,2
14101,8,6.attn.18903,6,attn,18903,79,0
14102,8,6.attn.20212,6,attn,20212,347,2
14103,8,6.attn.564,6,attn,564,489,0
14104,9,11.resid.18069,11,resid,18069,559,2284
14105,9,0.mlp.15519,0,mlp,15519,11,0
14106,9,11.resid.5431,11,resid,5431,414,0
14107,9,0.mlp.25208,0,mlp,25208,7,0
14108,9,11.resid.13458,11,resid,13458,648,2285
14109,9,0.mlp.5682,0,mlp,5682,13,0
14110,9,11.resid.35298,11,resid,35298,321,0
14111,9,0.mlp.12854,0,mlp,12854,16,1
14112,9,11.resid.35116,11,resid,35116,353,0
14113,9,0.mlp.3856,0,mlp,3856,13,1
14114,9,11.resid.24825,11,resid,24825,281,2
14115,9,0.mlp.23780,0,mlp,23780,7,0
14116,9,11.resid.25315,11,resid,25315,606,2286
14117,9,0.mlp.29963,0,mlp,29963,105,1
14118,9,11.resid.20821,11,resid,20821,368,0
14119,9,0.mlp.12578,0,mlp,12578,13,1
14120,9,11.resid.10995,11,resid,10995,290,0
14121,9,0.mlp.29235,0,mlp,29235,14,1
14122,9,11.resid.20130,11,resid,20130,265,0
14123,9,0.mlp.25714,0,mlp,25714,31,1
14124,9,11.resid.25238,11,resid,25238,459,0
14125,9,0.mlp.15291,0,mlp,15291,7,0
14126,9,11.resid.32323,11,resid,32323,351,0
14127,9,0.mlp.22532,0,mlp,22532,7,0
14128,9,11.resid.30456,11,resid,30456,603,2287
14129,9,0.mlp.17534,0,mlp,17534,44,1
14130,9,11.resid.9691,11,resid,9691,659,2288
14131,9,0.mlp.3559,0,mlp,3559,14,1
14132,9,11.resid.9729,11,resid,9729,488,2289
14133,9,0.mlp.40758,0,mlp,40758,76,1
14134,9,11.resid.29161,11,resid,29161,724,2290
14135,9,0.mlp.24534,0,mlp,24534,16,1
14136,9,11.resid.4157,11,resid,4157,359,0
14137,9,0.mlp.36101,0,mlp,36101,23,1
14138,9,11.resid.24969,11,resid,24969,740,2291
14139,9,0.mlp.21312,0,mlp,21312,24,1
14140,9,11.resid.22737,11,resid,22737,231,2
14141,9,0.mlp.14266,0,mlp,14266,33,1
14142,9,11.resid.16233,11,resid,16233,462,0
14143,9,0.mlp.13835,0,mlp,13835,25,1
14144,9,11.resid.8296,11,resid,8296,306,0
14145,9,0.mlp.26992,0,mlp,26992,10,0
14146,9,11.resid.21660,11,resid,21660,654,2292
14147,9,0.mlp.30863,0,mlp,30863,17,1
14148,9,11.resid.5325,11,resid,5325,434,0
14149,9,0.mlp.10268,0,mlp,10268,18,1
14150,9,11.resid.13314,11,resid,13314,495,0
14151,9,0.mlp.23526,0,mlp,23526,15,1
14152,9,11.resid.14503,11,resid,14503,405,0
14153,9,0.mlp.30941,0,mlp,30941,35,1
14154,9,11.resid.428,11,resid,428,368,0
14155,9,0.mlp.174,0,mlp,174,17,1
14156,9,11.resid.8601,11,resid,8601,637,2293
14157,9,0.mlp.6683,0,mlp,6683,12,0
14158,9,11.resid.25380,11,resid,25380,591,2294
14159,9,0.resid.25609,0,resid,25609,19,1
14160,9,11.mlp.14560,11,mlp,14560,609,2295
14161,9,0.resid.2057,0,resid,2057,37,1
14162,9,11.mlp.20522,11,mlp,20522,418,0
14163,9,0.resid.9538,0,resid,9538,15,0
14164,9,11.mlp.25764,11,mlp,25764,406,0
14165,9,0.resid.16896,0,resid,16896,23,1
14166,9,11.mlp.40439,11,mlp,40439,298,0
14167,9,0.resid.34830,0,resid,34830,30,1
14168,9,11.mlp.35673,11,mlp,35673,329,0
14169,9,0.resid.24412,0,resid,24412,17,1
14170,9,11.mlp.36150,11,mlp,36150,333,0
14171,9,0.resid.23442,0,resid,23442,96,1
14172,9,11.mlp.21737,11,mlp,21737,325,0
14173,9,0.resid.10090,0,resid,10090,55,1
14174,9,11.mlp.30651,11,mlp,30651,601,2296
14175,9,0.resid.32324,0,resid,32324,33,1
14176,9,11.mlp.30578,11,mlp,30578,713,2297
14177,9,0.resid.32098,0,resid,32098,16,0
14178,9,11.mlp.40584,11,mlp,40584,471,0
14179,9,0.resid.14820,0,resid,14820,50,1
14180,9,11.mlp.4655,11,mlp,4655,454,0
14181,9,0.resid.5243,0,resid,5243,60,1
14182,9,11.mlp.18871,11,mlp,18871,673,2298
14183,9,0.resid.30386,0,resid,30386,85,1
14184,9,11.mlp.1282,11,mlp,1282,495,0
14185,9,0.resid.20862,0,resid,20862,28,1
14186,9,11.mlp.27137,11,mlp,27137,644,2299
14187,9,0.resid.36135,0,resid,36135,20,1
14188,9,11.mlp.20378,11,mlp,20378,645,2300
14189,9,0.resid.30110,0,resid,30110,65,1
14190,9,11.mlp.22889,11,mlp,22889,258,0
14191,9,0.resid.7428,0,resid,7428,113,1
14192,9,11.mlp.424,11,mlp,424,617,2301
14193,9,0.resid.8375,0,resid,8375,164,1
14194,9,11.mlp.28647,11,mlp,28647,404,0
14195,9,0.resid.19254,0,resid,19254,72,1
14196,9,11.mlp.9944,11,mlp,9944,663,2302
14197,9,0.resid.4406,0,resid,4406,15,1
14198,9,11.mlp.17679,11,mlp,17679,241,0
14199,9,0.resid.534,0,resid,534,27,1
14200,9,11.mlp.40880,11,mlp,40880,441,0
14201,9,0.resid.5106,0,resid,5106,14,0
14202,9,11.mlp.32531,11,mlp,32531,194,0
14203,9,0.resid.7210,0,resid,7210,77,1
14204,9,11.mlp.19310,11,mlp,19310,411,0
14205,9,0.resid.10545,0,resid,10545,36,1
14206,9,11.mlp.10737,11,mlp,10737,532,2303
14207,9,0.resid.31488,0,resid,31488,17,1
14208,9,11.mlp.37297,11,mlp,37297,654,2304
14209,9,0.resid.37875,0,resid,37875,146,1
14210,9,11.mlp.35339,11,mlp,35339,463,0
14211,9,0.resid.16476,0,resid,16476,62,1
14212,9,11.mlp.17790,11,mlp,17790,757,2305
14213,9,0.resid.9746,0,resid,9746,32,1
14214,9,11.mlp.18021,11,mlp,18021,673,2306
14215,9,0.resid.18175,0,resid,18175,10,0
14216,9,11.mlp.6984,11,mlp,6984,320,0
14217,9,11.attn.30219,11,attn,30219,585,2307
14218,9,11.attn.14653,11,attn,14653,386,0
14219,9,11.attn.5672,11,attn,5672,208,0
14220,9,1.attn.20382,1,attn,20382,81,2
14221,9,11.attn.22711,11,attn,22711,355,0
14222,9,11.attn.8956,11,attn,8956,585,2308
14223,9,11.attn.21778,11,attn,21778,107,0
14224,9,11.attn.13198,11,attn,13198,72,0
14225,9,11.attn.6694,11,attn,6694,212,2
14226,9,11.attn.9131,11,attn,9131,557,0
14227,9,1.attn.37192,1,attn,37192,74,1
14228,9,11.attn.18058,11,attn,18058,242,0
14229,9,11.attn.3917,11,attn,3917,296,0
14230,9,1.attn.38615,1,attn,38615,51,1
14231,9,11.attn.16322,11,attn,16322,478,0
14232,9,11.attn.12259,11,attn,12259,264,0
14233,9,11.attn.17036,11,attn,17036,604,2309
14234,9,11.attn.896,11,attn,896,462,0
14235,9,1.attn.18489,1,attn,18489,103,1
14236,9,11.attn.28802,11,attn,28802,480,0
14237,9,11.attn.27735,11,attn,27735,383,0
14238,9,11.attn.33306,11,attn,33306,350,2
14239,9,11.attn.38347,11,attn,38347,274,2
14240,9,1.attn.11156,1,attn,11156,52,1
14241,9,11.attn.25047,11,attn,25047,259,2
14242,9,1.attn.6103,1,attn,6103,68,1
14243,9,11.attn.24044,11,attn,24044,272,0
14244,9,11.attn.7145,11,attn,7145,182,2
14245,9,1.attn.24199,1,attn,24199,76,1
14246,9,11.attn.17776,11,attn,17776,285,0
14247,9,11.attn.13779,11,attn,13779,391,0
14248,9,1.attn.27511,1,attn,27511,25,1
14249,9,11.attn.118,11,attn,118,185,0
14250,9,1.attn.1268,1,attn,1268,59,1
14251,9,11.attn.40330,11,attn,40330,154,2
14252,9,1.attn.26170,1,attn,26170,64,1
14253,9,11.attn.32962,11,attn,32962,811,2310
14254,9,1.mlp.2797,1,mlp,2797,375,0
14255,9,10.resid.10118,10,resid,10118,636,2311
14256,9,1.mlp.35777,1,mlp,35777,139,1
14257,9,10.resid.39865,10,resid,39865,426,0
14258,9,1.mlp.39886,1,mlp,39886,157,1
14259,9,10.resid.4758,10,resid,4758,676,2312
14260,9,1.mlp.36329,1,mlp,36329,243,0
14261,9,10.resid.4565,10,resid,4565,333,0
14262,9,1.mlp.31132,1,mlp,31132,120,1
14263,9,10.resid.37486,10,resid,37486,583,2313
14264,9,1.mlp.37083,1,mlp,37083,213,0
14265,9,10.resid.21683,10,resid,21683,347,0
14266,9,1.mlp.11716,1,mlp,11716,82,1
14267,9,10.resid.7002,10,resid,7002,602,2314
14268,9,1.mlp.5635,1,mlp,5635,75,1
14269,9,10.resid.33362,10,resid,33362,597,2315
14270,9,1.mlp.35770,1,mlp,35770,246,0
14271,9,10.resid.29240,10,resid,29240,438,0
14272,9,1.mlp.25159,1,mlp,25159,169,1
14273,9,10.resid.17199,10,resid,17199,716,2316
14274,9,1.mlp.25912,1,mlp,25912,96,1
14275,9,10.resid.2643,10,resid,2643,709,2317
14276,9,1.mlp.30051,1,mlp,30051,206,0
14277,9,10.resid.24029,10,resid,24029,922,2318
14278,9,1.mlp.40378,1,mlp,40378,149,1
14279,9,10.resid.18581,10,resid,18581,666,2319
14280,9,1.mlp.29489,1,mlp,29489,173,1
14281,9,10.resid.26566,10,resid,26566,512,0
14282,9,1.mlp.17704,1,mlp,17704,92,1
14283,9,10.resid.37543,10,resid,37543,266,0
14284,9,1.mlp.4645,1,mlp,4645,162,1
14285,9,10.resid.36095,10,resid,36095,746,2320
14286,9,1.mlp.38045,1,mlp,38045,118,1
14287,9,10.resid.25417,10,resid,25417,378,0
14288,9,1.mlp.37357,1,mlp,37357,175,1
14289,9,10.resid.32979,10,resid,32979,613,2321
14290,9,1.mlp.3985,1,mlp,3985,193,1
14291,9,10.resid.25970,10,resid,25970,571,2322
14292,9,1.mlp.9446,1,mlp,9446,97,1
14293,9,10.resid.38480,10,resid,38480,786,2323
14294,9,1.mlp.11290,1,mlp,11290,116,1
14295,9,10.resid.31339,10,resid,31339,1810,2324
14296,9,1.mlp.34713,1,mlp,34713,209,0
14297,9,10.resid.26550,10,resid,26550,819,2325
14298,9,1.mlp.10710,1,mlp,10710,71,1
14299,9,10.resid.18743,10,resid,18743,425,0
14300,9,1.mlp.16070,1,mlp,16070,111,1
14301,9,10.resid.38359,10,resid,38359,516,0
14302,9,1.mlp.30646,1,mlp,30646,109,1
14303,9,10.resid.23761,10,resid,23761,410,0
14304,9,1.mlp.37088,1,mlp,37088,114,1
14305,9,10.resid.28097,10,resid,28097,776,2326
14306,9,1.mlp.31802,1,mlp,31802,154,1
14307,9,10.resid.19750,10,resid,19750,703,2327
14308,9,1.mlp.23525,1,mlp,23525,157,1
14309,9,10.resid.4112,10,resid,4112,535,2328
14310,9,1.mlp.28704,1,mlp,28704,109,1
14311,9,10.resid.36965,10,resid,36965,498,0
14312,9,1.resid.25065,1,resid,25065,138,1
14313,9,10.mlp.14866,10,mlp,14866,491,0
14314,9,1.resid.17684,1,resid,17684,91,1
14315,9,10.mlp.14175,10,mlp,14175,571,0
14316,9,1.resid.24317,1,resid,24317,93,1
14317,9,10.mlp.28345,10,mlp,28345,429,0
14318,9,1.resid.37489,1,resid,37489,51,1
14319,9,10.mlp.20231,10,mlp,20231,481,0
14320,9,1.resid.905,1,resid,905,129,1
14321,9,10.mlp.22319,10,mlp,22319,315,0
14322,9,1.resid.12349,1,resid,12349,71,1
14323,9,10.mlp.36974,10,mlp,36974,566,0
14324,9,1.resid.7843,1,resid,7843,129,1
14325,9,10.mlp.36570,10,mlp,36570,368,0
14326,9,1.resid.9821,1,resid,9821,69,1
14327,9,10.mlp.11280,10,mlp,11280,455,0
14328,9,1.resid.23732,1,resid,23732,93,1
14329,9,10.mlp.38872,10,mlp,38872,257,0
14330,9,1.resid.33410,1,resid,33410,140,1
14331,9,10.mlp.11935,10,mlp,11935,404,0
14332,9,1.resid.3001,1,resid,3001,147,1
14333,9,10.mlp.2890,10,mlp,2890,434,0
14334,9,1.resid.34686,1,resid,34686,95,1
14335,9,10.mlp.33126,10,mlp,33126,327,2
14336,9,1.resid.34313,1,resid,34313,155,1
14337,9,10.mlp.29456,10,mlp,29456,427,0
14338,9,1.resid.31759,1,resid,31759,128,1
14339,9,10.mlp.2999,10,mlp,2999,458,0
14340,9,1.resid.38761,1,resid,38761,99,1
14341,9,10.mlp.31534,10,mlp,31534,407,0
14342,9,1.resid.29306,1,resid,29306,52,1
14343,9,10.mlp.23936,10,mlp,23936,351,0
14344,9,1.resid.32905,1,resid,32905,58,1
14345,9,10.mlp.27860,10,mlp,27860,290,0
14346,9,1.resid.38142,1,resid,38142,144,1
14347,9,10.mlp.25721,10,mlp,25721,446,0
14348,9,1.resid.13140,1,resid,13140,51,1
14349,9,10.mlp.8967,10,mlp,8967,576,2329
14350,9,1.resid.15661,1,resid,15661,68,1
14351,9,10.mlp.5202,10,mlp,5202,628,2330
14352,9,1.resid.21270,1,resid,21270,87,1
14353,9,10.mlp.5465,10,mlp,5465,351,2331
14354,9,1.resid.10711,1,resid,10711,99,1
14355,9,10.mlp.1203,10,mlp,1203,409,0
14356,9,1.resid.24849,1,resid,24849,154,1
14357,9,10.mlp.35433,10,mlp,35433,600,2332
14358,9,1.resid.38800,1,resid,38800,95,1
14359,9,10.mlp.34894,10,mlp,34894,475,0
14360,9,1.resid.40308,1,resid,40308,100,1
14361,9,10.mlp.33572,10,mlp,33572,456,0
14362,9,1.resid.39627,1,resid,39627,115,1
14363,9,10.mlp.35327,10,mlp,35327,471,2333
14364,9,1.resid.494,1,resid,494,108,1
14365,9,10.mlp.27352,10,mlp,27352,590,2334
14366,9,1.resid.6695,1,resid,6695,109,1
14367,9,10.mlp.8360,10,mlp,8360,401,0
14368,9,10.attn.25029,10,attn,25029,524,0
14369,9,10.attn.23552,10,attn,23552,429,0
14370,9,2.attn.1800,2,attn,1800,233,2
14371,9,10.attn.942,10,attn,942,390,0
14372,9,2.attn.3093,2,attn,3093,136,2
14373,9,10.attn.39564,10,attn,39564,795,2335
14374,9,10.attn.22690,10,attn,22690,587,2336
14375,9,2.attn.10085,2,attn,10085,214,0
14376,9,10.attn.10468,10,attn,10468,329,2
14377,9,2.attn.9456,2,attn,9456,67,2
14378,9,10.attn.32848,10,attn,32848,236,2
14379,9,10.attn.22455,10,attn,22455,281,2
14380,9,2.attn.37898,2,attn,37898,85,1
14381,9,10.attn.37139,10,attn,37139,876,2337
14382,9,2.attn.29939,2,attn,29939,112,2
14383,9,10.attn.11491,10,attn,11491,1095,2338
14384,9,2.attn.32925,2,attn,32925,224,2
14385,9,10.attn.18884,10,attn,18884,438,0
14386,9,2.attn.19901,2,attn,19901,145,2
14387,9,10.attn.9123,10,attn,9123,548,0
14388,9,10.attn.22820,10,attn,22820,151,0
14389,9,2.attn.29337,2,attn,29337,201,0
14390,9,10.attn.36125,10,attn,36125,556,0
14391,9,2.attn.30768,2,attn,30768,90,2
14392,9,10.attn.36603,10,attn,36603,274,2
14393,9,2.attn.17799,2,attn,17799,137,1
14394,9,10.attn.12665,10,attn,12665,365,0
14395,9,2.attn.28810,2,attn,28810,175,2
14396,9,10.attn.18038,10,attn,18038,700,2339
14397,9,2.attn.4114,2,attn,4114,145,2
14398,9,10.attn.25018,10,attn,25018,711,2340
14399,9,2.attn.7358,2,attn,7358,222,2
14400,9,10.attn.26554,10,attn,26554,359,0
14401,9,2.attn.26178,2,attn,26178,141,2
14402,9,10.attn.19794,10,attn,19794,1066,2341
14403,9,2.attn.31200,2,attn,31200,176,2
14404,9,10.attn.17632,10,attn,17632,343,0
14405,9,10.attn.31360,10,attn,31360,845,2342
14406,9,2.attn.10626,2,attn,10626,149,1
14407,9,10.attn.9996,10,attn,9996,218,2
14408,9,2.attn.40667,2,attn,40667,105,2
14409,9,10.attn.19834,10,attn,19834,342,2
14410,9,2.attn.20018,2,attn,20018,122,1
14411,9,10.attn.27335,10,attn,27335,710,2343
14412,9,2.attn.16773,2,attn,16773,179,2
14413,9,10.attn.37512,10,attn,37512,268,2
14414,9,2.attn.19362,2,attn,19362,139,2
14415,9,10.attn.16213,10,attn,16213,628,2344
14416,9,2.attn.8223,2,attn,8223,74,2
14417,9,9.resid.5489,9,resid,5489,559,0
14418,9,2.mlp.10389,2,mlp,10389,153,0
14419,9,9.resid.24371,9,resid,24371,330,0
14420,9,2.mlp.37525,2,mlp,37525,170,1
14421,9,9.resid.20002,9,resid,20002,597,2345
14422,9,2.mlp.10506,2,mlp,10506,96,1
14423,9,9.resid.25568,9,resid,25568,672,2346
14424,9,2.mlp.21588,2,mlp,21588,138,1
14425,9,9.resid.8307,9,resid,8307,404,0
14426,9,2.mlp.12677,2,mlp,12677,167,0
14427,9,9.resid.20687,9,resid,20687,680,2347
14428,9,2.mlp.2542,2,mlp,2542,127,1
14429,9,9.resid.20702,9,resid,20702,651,2348
14430,9,2.mlp.17959,2,mlp,17959,265,0
14431,9,9.resid.4516,9,resid,4516,652,2349
14432,9,2.mlp.16107,2,mlp,16107,183,0
14433,9,9.resid.33045,9,resid,33045,690,2350
14434,9,2.mlp.22439,2,mlp,22439,136,1
14435,9,9.resid.13261,9,resid,13261,692,2351
14436,9,2.mlp.3382,2,mlp,3382,134,1
14437,9,9.resid.14290,9,resid,14290,532,0
14438,9,2.mlp.28015,2,mlp,28015,242,0
14439,9,9.resid.6756,9,resid,6756,969,2352
14440,9,2.mlp.28372,2,mlp,28372,294,0
14441,9,9.resid.6377,9,resid,6377,558,2353
14442,9,2.mlp.24631,2,mlp,24631,222,0
14443,9,9.resid.23469,9,resid,23469,574,2354
14444,9,2.mlp.22858,2,mlp,22858,209,0
14445,9,9.resid.6452,9,resid,6452,605,2355
14446,9,2.mlp.3061,2,mlp,3061,136,2
14447,9,9.resid.2944,9,resid,2944,494,0
14448,9,2.mlp.26308,2,mlp,26308,297,0
14449,9,9.resid.3531,9,resid,3531,621,2356
14450,9,2.mlp.14183,2,mlp,14183,168,1
14451,9,9.resid.40357,9,resid,40357,690,2357
14452,9,2.mlp.23127,2,mlp,23127,175,0
14453,9,9.resid.20606,9,resid,20606,650,2358
14454,9,2.mlp.27319,2,mlp,27319,146,0
14455,9,9.resid.8463,9,resid,8463,466,0
14456,9,2.mlp.13527,2,mlp,13527,205,0
14457,9,9.resid.19248,9,resid,19248,356,0
14458,9,2.mlp.40755,2,mlp,40755,184,0
14459,9,9.resid.16443,9,resid,16443,842,2359
14460,9,2.mlp.5566,2,mlp,5566,189,0
14461,9,9.resid.3292,9,resid,3292,796,2360
14462,9,2.mlp.19968,2,mlp,19968,198,0
14463,9,9.resid.13349,9,resid,13349,710,2361
14464,9,2.mlp.19100,2,mlp,19100,174,2
14465,9,9.resid.34369,9,resid,34369,708,2362
14466,9,2.mlp.4630,2,mlp,4630,130,1
14467,9,9.resid.3938,9,resid,3938,617,2363
14468,9,2.mlp.6520,2,mlp,6520,213,0
14469,9,9.resid.15850,9,resid,15850,252,0
14470,9,2.mlp.14322,2,mlp,14322,107,1
14471,9,9.resid.40659,9,resid,40659,378,0
14472,9,2.mlp.13354,2,mlp,13354,171,1
14473,9,9.resid.38734,9,resid,38734,528,0
14474,9,2.resid.6447,2,resid,6447,104,1
14475,9,9.mlp.6869,9,mlp,6869,583,2364
14476,9,2.resid.6826,2,resid,6826,125,1
14477,9,9.mlp.15013,9,mlp,15013,610,2365
14478,9,2.resid.1081,2,resid,1081,204,0
14479,9,9.mlp.20662,9,mlp,20662,558,2366
14480,9,2.resid.33764,2,resid,33764,264,0
14481,9,9.mlp.2004,9,mlp,2004,574,2367
14482,9,2.resid.11763,2,resid,11763,219,0
14483,9,9.mlp.8525,9,mlp,8525,281,0
14484,9,2.resid.12046,2,resid,12046,98,1
14485,9,9.mlp.40798,9,mlp,40798,440,0
14486,9,2.resid.30784,2,resid,30784,157,0
14487,9,9.mlp.22210,9,mlp,22210,490,0
14488,9,2.resid.26942,2,resid,26942,197,0
14489,9,9.mlp.31666,9,mlp,31666,596,2368
14490,9,2.resid.9859,2,resid,9859,197,0
14491,9,9.mlp.24840,9,mlp,24840,554,2369
14492,9,2.resid.4947,2,resid,4947,98,1
14493,9,9.mlp.23589,9,mlp,23589,379,0
14494,9,2.resid.21996,2,resid,21996,214,0
14495,9,9.mlp.2195,9,mlp,2195,430,0
14496,9,2.resid.23962,2,resid,23962,56,1
14497,9,9.mlp.24068,9,mlp,24068,586,2370
14498,9,2.resid.21495,2,resid,21495,92,1
14499,9,9.mlp.12525,9,mlp,12525,393,0
14500,9,2.resid.23956,2,resid,23956,95,1
14501,9,9.mlp.20490,9,mlp,20490,631,2371
14502,9,2.resid.1484,2,resid,1484,133,1
14503,9,9.mlp.8013,9,mlp,8013,390,0
14504,9,2.resid.1052,2,resid,1052,166,0
14505,9,9.mlp.22488,9,mlp,22488,517,2372
14506,9,2.resid.7403,2,resid,7403,151,1
14507,9,9.mlp.16525,9,mlp,16525,480,0
14508,9,2.resid.30583,2,resid,30583,109,1
14509,9,9.mlp.30665,9,mlp,30665,510,0
14510,9,2.resid.12054,2,resid,12054,181,0
14511,9,9.mlp.6557,9,mlp,6557,263,0
14512,9,2.resid.20314,2,resid,20314,113,1
14513,9,9.mlp.1754,9,mlp,1754,590,2373
14514,9,2.resid.108,2,resid,108,175,0
14515,9,9.mlp.40872,9,mlp,40872,500,2374
14516,9,2.resid.11781,2,resid,11781,99,1
14517,9,9.mlp.20771,9,mlp,20771,672,2375
14518,9,2.resid.14558,2,resid,14558,173,0
14519,9,9.mlp.7390,9,mlp,7390,289,2
14520,9,2.resid.5036,2,resid,5036,140,1
14521,9,9.mlp.36144,9,mlp,36144,594,2376
14522,9,2.resid.32497,2,resid,32497,187,0
14523,9,9.mlp.29086,9,mlp,29086,288,0
14524,9,2.resid.31264,2,resid,31264,109,1
14525,9,9.mlp.38799,9,mlp,38799,494,0
14526,9,2.resid.40551,2,resid,40551,270,0
14527,9,9.mlp.13048,9,mlp,13048,726,2377
14528,9,2.resid.1469,2,resid,1469,137,1
14529,9,9.mlp.16284,9,mlp,16284,661,2378
14530,9,3.attn.33242,3,attn,33242,259,0
14531,9,9.attn.35666,9,attn,35666,341,2
14532,9,3.attn.2293,3,attn,2293,143,2
14533,9,9.attn.558,9,attn,558,285,2
14534,9,3.attn.36691,3,attn,36691,172,2
14535,9,9.attn.6595,9,attn,6595,697,2379
14536,9,3.attn.20962,3,attn,20962,196,0
14537,9,9.attn.36925,9,attn,36925,430,0
14538,9,3.attn.9952,3,attn,9952,280,2
14539,9,9.attn.13606,9,attn,13606,270,2
14540,9,3.attn.26894,3,attn,26894,179,2
14541,9,9.attn.17732,9,attn,17732,447,0
14542,9,3.attn.23499,3,attn,23499,128,2
14543,9,9.attn.24824,9,attn,24824,542,0
14544,9,3.attn.10865,3,attn,10865,256,2
14545,9,9.attn.3765,9,attn,3765,310,2
14546,9,3.attn.37473,3,attn,37473,196,0
14547,9,9.attn.25390,9,attn,25390,534,0
14548,9,3.attn.26779,3,attn,26779,171,2
14549,9,9.attn.30612,9,attn,30612,614,2380
14550,9,3.attn.40323,3,attn,40323,144,2
14551,9,9.attn.40125,9,attn,40125,596,2381
14552,9,3.attn.3464,3,attn,3464,195,0
14553,9,9.attn.32870,9,attn,32870,624,2382
14554,9,3.attn.3810,3,attn,3810,163,2
14555,9,9.attn.22124,9,attn,22124,836,2383
14556,9,3.attn.39446,3,attn,39446,164,2
14557,9,9.attn.28565,9,attn,28565,372,0
14558,9,3.attn.32401,3,attn,32401,98,2
14559,9,9.attn.28756,9,attn,28756,311,2
14560,9,3.attn.25971,3,attn,25971,321,0
14561,9,9.attn.6091,9,attn,6091,176,0
14562,9,3.attn.14426,3,attn,14426,253,2
14563,9,9.attn.10858,9,attn,10858,247,2
14564,9,3.attn.21024,3,attn,21024,211,2
14565,9,9.attn.5209,9,attn,5209,394,0
14566,9,9.attn.6525,9,attn,6525,215,2
14567,9,3.attn.1601,3,attn,1601,223,0
14568,9,9.attn.19833,9,attn,19833,307,2
14569,9,3.attn.20999,3,attn,20999,297,2
14570,9,9.attn.11428,9,attn,11428,359,0
14571,9,3.attn.27702,3,attn,27702,140,2
14572,9,9.attn.28070,9,attn,28070,274,2
14573,9,3.attn.23840,3,attn,23840,220,2
14574,9,9.attn.4611,9,attn,4611,606,2384
14575,9,3.attn.33403,3,attn,33403,208,2
14576,9,9.attn.2547,9,attn,2547,366,0
14577,9,3.attn.20170,3,attn,20170,209,2
14578,9,9.attn.15967,9,attn,15967,573,2385
14579,9,3.attn.30024,3,attn,30024,157,2
14580,9,9.attn.31920,9,attn,31920,601,2386
14581,9,3.attn.865,3,attn,865,117,2
14582,9,9.attn.36858,9,attn,36858,340,2
14583,9,3.attn.13495,3,attn,13495,147,2
14584,9,9.attn.18970,9,attn,18970,413,0
14585,9,3.attn.4068,3,attn,4068,206,0
14586,9,9.attn.754,9,attn,754,534,0
14587,9,3.mlp.5472,3,mlp,5472,335,0
14588,9,8.resid.7303,8,resid,7303,574,2387
14589,9,3.mlp.12146,3,mlp,12146,228,0
14590,9,8.resid.21864,8,resid,21864,570,0
14591,9,3.mlp.21552,3,mlp,21552,235,0
14592,9,8.resid.37950,8,resid,37950,276,2
14593,9,3.mlp.40900,3,mlp,40900,359,0
14594,9,8.resid.27916,8,resid,27916,514,2388
14595,9,3.mlp.27028,3,mlp,27028,184,0
14596,9,8.resid.5060,8,resid,5060,424,0
14597,9,3.mlp.7854,3,mlp,7854,247,0
14598,9,8.resid.19108,8,resid,19108,482,0
14599,9,3.mlp.4821,3,mlp,4821,182,0
14600,9,8.resid.35481,8,resid,35481,492,0
14601,9,3.mlp.18151,3,mlp,18151,152,0
14602,9,8.resid.117,8,resid,117,606,2389
14603,9,3.mlp.11775,3,mlp,11775,252,0
14604,9,8.resid.28293,8,resid,28293,407,0
14605,9,3.mlp.30093,3,mlp,30093,203,0
14606,9,8.resid.26166,8,resid,26166,499,2390
14607,9,3.mlp.17921,3,mlp,17921,299,0
14608,9,8.resid.13342,8,resid,13342,382,0
14609,9,3.mlp.4752,3,mlp,4752,376,0
14610,9,8.resid.24629,8,resid,24629,683,2391
14611,9,3.mlp.24116,3,mlp,24116,275,0
14612,9,8.resid.36769,8,resid,36769,524,2392
14613,9,3.mlp.25937,3,mlp,25937,244,0
14614,9,8.resid.6389,8,resid,6389,593,2393
14615,9,3.mlp.14788,3,mlp,14788,212,0
14616,9,8.resid.3919,8,resid,3919,300,2
14617,9,3.mlp.39032,3,mlp,39032,419,0
14618,9,8.resid.38299,8,resid,38299,308,0
14619,9,3.mlp.31287,3,mlp,31287,343,2394
14620,9,8.resid.11976,8,resid,11976,509,2395
14621,9,3.mlp.29125,3,mlp,29125,142,0
14622,9,8.resid.36157,8,resid,36157,552,0
14623,9,3.mlp.38539,3,mlp,38539,206,0
14624,9,8.resid.35723,8,resid,35723,455,0
14625,9,3.mlp.8589,3,mlp,8589,216,0
14626,9,8.resid.29286,8,resid,29286,305,2
14627,9,3.mlp.30321,3,mlp,30321,215,0
14628,9,8.resid.33710,8,resid,33710,446,0
14629,9,3.mlp.14062,3,mlp,14062,252,0
14630,9,8.resid.37723,8,resid,37723,474,0
14631,9,3.mlp.18365,3,mlp,18365,254,0
14632,9,8.resid.23576,8,resid,23576,342,0
14633,9,3.mlp.25149,3,mlp,25149,233,0
14634,9,8.resid.23170,8,resid,23170,511,2396
14635,9,3.mlp.21710,3,mlp,21710,192,0
14636,9,8.resid.15049,8,resid,15049,598,2397
14637,9,3.mlp.13711,3,mlp,13711,183,0
14638,9,8.resid.14640,8,resid,14640,549,0
14639,9,3.mlp.8078,3,mlp,8078,207,0
14640,9,8.resid.23078,8,resid,23078,534,2398
14641,9,3.mlp.3722,3,mlp,3722,255,0
14642,9,8.resid.10098,8,resid,10098,743,2399
14643,9,3.resid.6416,3,resid,6416,185,0
14644,9,8.mlp.622,8,mlp,622,489,0
14645,9,3.resid.28854,3,resid,28854,189,0
14646,9,8.mlp.11168,8,mlp,11168,478,0
14647,9,3.resid.2361,3,resid,2361,177,0
14648,9,8.mlp.9292,8,mlp,9292,394,0
14649,9,3.resid.32342,3,resid,32342,188,0
14650,9,8.mlp.3728,8,mlp,3728,514,2400
14651,9,3.resid.4816,3,resid,4816,191,0
14652,9,8.mlp.39738,8,mlp,39738,553,0
14653,9,3.resid.1446,3,resid,1446,193,0
14654,9,8.mlp.224,8,mlp,224,572,2401
14655,9,3.resid.1940,3,resid,1940,130,1
14656,9,8.mlp.661,8,mlp,661,317,0
14657,9,3.resid.16282,3,resid,16282,311,0
14658,9,8.mlp.2192,8,mlp,2192,359,0
14659,9,3.resid.5976,3,resid,5976,159,0
14660,9,8.mlp.23797,8,mlp,23797,380,0
14661,9,3.resid.6999,3,resid,6999,168,0
14662,9,8.mlp.31253,8,mlp,31253,486,2402
14663,9,3.resid.13110,3,resid,13110,136,1
14664,9,8.mlp.40813,8,mlp,40813,447,0
14665,9,3.resid.23927,3,resid,23927,113,0
14666,9,8.mlp.26032,8,mlp,26032,472,0
14667,9,3.resid.25065,3,resid,25065,254,0
14668,9,8.mlp.35348,8,mlp,35348,400,0
14669,9,3.resid.12441,3,resid,12441,305,0
14670,9,8.mlp.24993,8,mlp,24993,574,2403
14671,9,3.resid.9331,3,resid,9331,276,0
14672,9,8.mlp.39156,8,mlp,39156,170,0
14673,9,3.resid.11931,3,resid,11931,276,0
14674,9,8.mlp.29242,8,mlp,29242,240,0
14675,9,3.resid.18257,3,resid,18257,219,0
14676,9,8.mlp.1194,8,mlp,1194,548,0
14677,9,3.resid.5994,3,resid,5994,155,1
14678,9,8.mlp.24934,8,mlp,24934,503,0
14679,9,3.resid.32735,3,resid,32735,176,0
14680,9,8.mlp.39409,8,mlp,39409,429,0
14681,9,3.resid.19487,3,resid,19487,351,0
14682,9,8.mlp.29663,8,mlp,29663,376,0
14683,9,3.resid.33839,3,resid,33839,258,0
14684,9,8.mlp.16097,8,mlp,16097,523,0
14685,9,3.resid.31715,3,resid,31715,217,0
14686,9,8.mlp.38053,8,mlp,38053,377,0
14687,9,3.resid.1993,3,resid,1993,223,0
14688,9,8.mlp.1095,8,mlp,1095,460,0
14689,9,3.resid.6541,3,resid,6541,164,0
14690,9,8.mlp.17618,8,mlp,17618,506,2404
14691,9,3.resid.3027,3,resid,3027,239,0
14692,9,8.mlp.1525,8,mlp,1525,469,0
14693,9,3.resid.33534,3,resid,33534,264,0
14694,9,8.mlp.8325,8,mlp,8325,519,2405
14695,9,3.resid.18143,3,resid,18143,180,0
14696,9,8.mlp.22938,8,mlp,22938,460,0
14697,9,3.resid.8787,3,resid,8787,202,0
14698,9,8.mlp.36870,8,mlp,36870,324,0
14699,9,3.resid.7275,3,resid,7275,233,0
14700,9,8.mlp.5054,8,mlp,5054,587,2406
14701,9,4.attn.21607,4,attn,21607,283,0
14702,9,8.attn.6646,8,attn,6646,462,2407
14703,9,4.attn.718,4,attn,718,155,2
14704,9,4.attn.22941,4,attn,22941,287,2
14705,9,8.attn.23168,8,attn,23168,558,0
14706,9,4.attn.19043,4,attn,19043,434,0
14707,9,4.attn.37517,4,attn,37517,349,0
14708,9,8.attn.20559,8,attn,20559,383,0
14709,9,4.attn.8627,4,attn,8627,253,0
14710,9,4.attn.21102,4,attn,21102,170,2
14711,9,4.attn.39134,4,attn,39134,141,2
14712,9,8.attn.14321,8,attn,14321,402,0
14713,9,4.attn.9438,4,attn,9438,287,0
14714,9,8.attn.39799,8,attn,39799,437,0
14715,9,4.attn.17954,4,attn,17954,198,2
14716,9,8.attn.29219,8,attn,29219,267,0
14717,9,4.attn.3701,4,attn,3701,221,2
14718,9,8.attn.11563,8,attn,11563,581,2408
14719,9,4.attn.2288,4,attn,2288,174,2
14720,9,8.attn.32109,8,attn,32109,591,2409
14721,9,4.attn.22108,4,attn,22108,251,2
14722,9,8.attn.23156,8,attn,23156,331,0
14723,9,4.attn.33702,4,attn,33702,116,1
14724,9,8.attn.22802,8,attn,22802,279,2
14725,9,4.attn.8955,4,attn,8955,287,0
14726,9,8.attn.8425,8,attn,8425,325,0
14727,9,4.attn.2828,4,attn,2828,120,2
14728,9,8.attn.7918,8,attn,7918,566,0
14729,9,4.attn.32494,4,attn,32494,212,2
14730,9,4.attn.34415,4,attn,34415,264,2
14731,9,8.attn.1092,8,attn,1092,562,0
14732,9,4.attn.4908,4,attn,4908,286,2
14733,9,8.attn.15854,8,attn,15854,497,0
14734,9,4.attn.12597,4,attn,12597,197,2
14735,9,8.attn.26168,8,attn,26168,308,0
14736,9,4.attn.27918,4,attn,27918,303,0
14737,9,4.attn.6151,4,attn,6151,259,2
14738,9,8.attn.28174,8,attn,28174,415,0
14739,9,4.attn.17458,4,attn,17458,292,0
14740,9,8.attn.8749,8,attn,8749,446,0
14741,9,4.attn.10224,4,attn,10224,241,2
14742,9,8.attn.32901,8,attn,32901,364,0
14743,9,4.attn.5796,4,attn,5796,295,0
14744,9,8.attn.19987,8,attn,19987,493,0
14745,9,4.attn.11089,4,attn,11089,285,2
14746,9,8.attn.12463,8,attn,12463,380,2
14747,9,4.attn.29456,4,attn,29456,199,2
14748,9,4.attn.2265,4,attn,2265,226,2
14749,9,8.attn.7532,8,attn,7532,273,0
14750,9,4.mlp.26513,4,mlp,26513,387,0
14751,9,7.resid.31636,7,resid,31636,388,0
14752,9,4.mlp.31054,4,mlp,31054,449,0
14753,9,7.resid.1684,7,resid,1684,521,0
14754,9,4.mlp.11972,4,mlp,11972,276,0
14755,9,7.resid.26702,7,resid,26702,524,0
14756,9,4.mlp.27552,4,mlp,27552,373,0
14757,9,7.resid.38143,7,resid,38143,312,0
14758,9,4.mlp.23343,4,mlp,23343,200,0
14759,9,7.resid.28544,7,resid,28544,448,0
14760,9,4.mlp.24998,4,mlp,24998,234,0
14761,9,7.resid.18706,7,resid,18706,650,2410
14762,9,4.mlp.9798,4,mlp,9798,313,0
14763,9,7.resid.8494,7,resid,8494,438,2411
14764,9,4.mlp.20369,4,mlp,20369,570,2412
14765,9,7.resid.8225,7,resid,8225,466,0
14766,9,4.mlp.26302,4,mlp,26302,293,0
14767,9,7.resid.25256,7,resid,25256,215,0
14768,9,4.mlp.17581,4,mlp,17581,314,0
14769,9,7.resid.16070,7,resid,16070,466,0
14770,9,4.mlp.10843,4,mlp,10843,180,0
14771,9,7.resid.8552,7,resid,8552,471,2413
14772,9,4.mlp.13859,4,mlp,13859,388,0
14773,9,7.resid.14946,7,resid,14946,391,0
14774,9,4.mlp.5526,4,mlp,5526,222,0
14775,9,7.resid.3281,7,resid,3281,309,0
14776,9,4.mlp.22014,4,mlp,22014,293,0
14777,9,7.resid.1445,7,resid,1445,424,0
14778,9,4.mlp.27150,4,mlp,27150,277,0
14779,9,7.resid.15349,7,resid,15349,495,2414
14780,9,4.mlp.661,4,mlp,661,438,0
14781,9,7.resid.27167,7,resid,27167,470,0
14782,9,4.mlp.38143,4,mlp,38143,230,0
14783,9,7.resid.12391,7,resid,12391,544,2415
14784,9,4.mlp.25048,4,mlp,25048,228,0
14785,9,7.resid.25031,7,resid,25031,453,0
14786,9,4.mlp.32151,4,mlp,32151,199,0
14787,9,7.resid.37098,7,resid,37098,472,0
14788,9,4.mlp.34524,4,mlp,34524,363,0
14789,9,7.resid.6633,7,resid,6633,440,0
14790,9,4.mlp.21414,4,mlp,21414,267,0
14791,9,7.resid.18640,7,resid,18640,548,2416
14792,9,4.mlp.1845,4,mlp,1845,270,0
14793,9,7.resid.14359,7,resid,14359,482,2417
14794,9,4.mlp.34497,4,mlp,34497,436,0
14795,9,7.resid.34513,7,resid,34513,854,2418
14796,9,4.mlp.17873,4,mlp,17873,314,0
14797,9,7.resid.12462,7,resid,12462,522,2419
14798,9,4.mlp.31411,4,mlp,31411,566,2420
14799,9,7.resid.13467,7,resid,13467,392,0
14800,9,4.mlp.17416,4,mlp,17416,200,0
14801,9,7.resid.39177,7,resid,39177,561,2421
14802,9,4.mlp.35255,4,mlp,35255,283,0
14803,9,7.resid.30723,7,resid,30723,834,2422
14804,9,4.mlp.6016,4,mlp,6016,203,0
14805,9,7.resid.6526,7,resid,6526,543,0
14806,9,4.mlp.36898,4,mlp,36898,244,0
14807,9,7.mlp.38783,7,mlp,38783,389,0
14808,9,4.resid.19389,4,resid,19389,183,0
14809,9,7.mlp.7985,7,mlp,7985,465,0
14810,9,4.resid.28001,4,resid,28001,348,0
14811,9,7.mlp.19880,7,mlp,19880,315,0
14812,9,4.resid.26368,4,resid,26368,261,0
14813,9,7.mlp.6430,7,mlp,6430,230,0
14814,9,4.resid.25319,4,resid,25319,309,0
14815,9,7.mlp.40895,7,mlp,40895,399,0
14816,9,4.resid.3093,4,resid,3093,266,0
14817,9,7.mlp.23763,7,mlp,23763,278,2
14818,9,4.resid.14921,4,resid,14921,178,0
14819,9,7.mlp.6385,7,mlp,6385,470,0
14820,9,4.resid.7263,4,resid,7263,251,0
14821,9,7.mlp.28485,7,mlp,28485,390,0
14822,9,4.resid.22964,4,resid,22964,222,0
14823,9,7.mlp.37631,7,mlp,37631,266,0
14824,9,4.resid.32512,4,resid,32512,239,0
14825,9,7.mlp.20493,7,mlp,20493,300,0
14826,9,4.resid.16905,4,resid,16905,172,0
14827,9,7.mlp.6986,7,mlp,6986,338,0
14828,9,4.resid.39044,4,resid,39044,285,0
14829,9,7.mlp.26384,7,mlp,26384,310,0
14830,9,4.resid.16569,4,resid,16569,213,0
14831,9,7.mlp.2724,7,mlp,2724,361,0
14832,9,4.resid.13408,4,resid,13408,361,0
14833,9,7.mlp.26981,7,mlp,26981,525,0
14834,9,4.resid.23750,4,resid,23750,203,0
14835,9,7.mlp.26300,7,mlp,26300,371,0
14836,9,4.resid.14722,4,resid,14722,273,0
14837,9,7.mlp.6454,7,mlp,6454,348,0
14838,9,4.resid.4757,4,resid,4757,237,0
14839,9,7.mlp.9330,7,mlp,9330,353,0
14840,9,4.resid.4837,4,resid,4837,364,0
14841,9,7.mlp.11418,7,mlp,11418,372,0
14842,9,4.resid.31550,4,resid,31550,288,0
14843,9,7.mlp.28864,7,mlp,28864,273,2
14844,9,4.resid.5702,4,resid,5702,336,0
14845,9,7.mlp.9919,7,mlp,9919,226,0
14846,9,4.resid.21874,4,resid,21874,259,0
14847,9,7.mlp.23401,7,mlp,23401,475,0
14848,9,4.resid.10437,4,resid,10437,274,0
14849,9,7.mlp.27216,7,mlp,27216,368,0
14850,9,4.resid.13307,4,resid,13307,368,0
14851,9,7.mlp.35397,7,mlp,35397,435,0
14852,9,4.resid.10535,4,resid,10535,312,0
14853,9,7.mlp.4951,7,mlp,4951,562,2423
14854,9,4.resid.8798,4,resid,8798,275,0
14855,9,7.mlp.6070,7,mlp,6070,623,2424
14856,9,4.resid.24989,4,resid,24989,359,0
14857,9,7.mlp.36575,7,mlp,36575,280,0
14858,9,4.resid.35501,4,resid,35501,181,0
14859,9,7.mlp.15733,7,mlp,15733,338,0
14860,9,4.resid.12716,4,resid,12716,164,1
14861,9,7.mlp.39101,7,mlp,39101,469,0
14862,9,4.resid.16952,4,resid,16952,285,0
14863,9,7.mlp.2326,7,mlp,2326,370,0
14864,9,5.attn.35385,5,attn,35385,206,2
14865,9,7.attn.13479,7,attn,13479,520,0
14866,9,7.attn.28485,7,attn,28485,167,0
14867,9,5.attn.18024,5,attn,18024,320,0
14868,9,7.attn.29806,7,attn,29806,339,2
14869,9,5.attn.10807,5,attn,10807,299,0
14870,9,7.attn.30093,7,attn,30093,292,2
14871,9,7.attn.23323,7,attn,23323,494,0
14872,9,5.attn.3833,5,attn,3833,357,0
14873,9,5.attn.7398,5,attn,7398,288,0
14874,9,7.attn.30428,7,attn,30428,577,2425
14875,9,5.attn.35642,5,attn,35642,214,2
14876,9,5.attn.29923,5,attn,29923,244,2
14877,9,5.attn.9481,5,attn,9481,230,2
14878,9,7.attn.40824,7,attn,40824,237,2
14879,9,7.attn.31732,7,attn,31732,483,0
14880,9,5.attn.30359,5,attn,30359,355,0
14881,9,7.attn.21787,7,attn,21787,501,0
14882,9,7.attn.3372,7,attn,3372,406,0
14883,9,5.attn.16585,5,attn,16585,187,2
14884,9,7.attn.29021,7,attn,29021,417,0
14885,9,5.attn.24276,5,attn,24276,232,2
14886,9,7.attn.11431,7,attn,11431,734,2426
14887,9,5.attn.5742,5,attn,5742,206,2
14888,9,7.attn.23072,7,attn,23072,468,0
14889,9,5.attn.10727,5,attn,10727,332,0
14890,9,7.attn.22426,7,attn,22426,312,2
14891,9,7.attn.11316,7,attn,11316,497,0
14892,9,7.attn.17229,7,attn,17229,358,2
14893,9,5.attn.26774,5,attn,26774,191,2
14894,9,5.attn.32847,5,attn,32847,389,0
14895,9,7.attn.33856,7,attn,33856,286,2
14896,9,5.attn.31208,5,attn,31208,177,2
14897,9,7.attn.27775,7,attn,27775,642,2427
14898,9,5.attn.38085,5,attn,38085,409,2
14899,9,7.attn.16562,7,attn,16562,538,2428
14900,9,5.attn.8580,5,attn,8580,211,2
14901,9,7.attn.32327,7,attn,32327,395,0
14902,9,5.mlp.35186,5,mlp,35186,345,0
14903,9,6.resid.8872,6,resid,8872,299,0
14904,9,5.mlp.33587,5,mlp,33587,376,0
14905,9,6.resid.5333,6,resid,5333,426,0
14906,9,5.mlp.6458,5,mlp,6458,319,0
14907,9,6.resid.27968,6,resid,27968,396,0
14908,9,5.mlp.18210,5,mlp,18210,353,0
14909,9,6.resid.36021,6,resid,36021,410,0
14910,9,5.mlp.37233,5,mlp,37233,218,0
14911,9,6.resid.18234,6,resid,18234,464,0
14912,9,5.mlp.30751,5,mlp,30751,241,0
14913,9,6.resid.28605,6,resid,28605,380,0
14914,9,5.mlp.36443,5,mlp,36443,371,0
14915,9,6.resid.6940,6,resid,6940,406,0
14916,9,5.mlp.29712,5,mlp,29712,561,0
14917,9,6.resid.2121,6,resid,2121,505,0
14918,9,5.mlp.6014,5,mlp,6014,241,0
14919,9,6.resid.26491,6,resid,26491,399,0
14920,9,5.mlp.33537,5,mlp,33537,255,0
14921,9,6.resid.12792,6,resid,12792,487,0
14922,9,5.mlp.17486,5,mlp,17486,762,2429
14923,9,6.resid.12225,6,resid,12225,385,0
14924,9,5.mlp.29750,5,mlp,29750,257,0
14925,9,6.resid.1508,6,resid,1508,414,0
14926,9,5.mlp.40957,5,mlp,40957,316,0
14927,9,6.resid.35442,6,resid,35442,359,0
14928,9,5.mlp.6072,5,mlp,6072,301,0
14929,9,6.resid.30675,6,resid,30675,247,0
14930,9,5.mlp.2310,5,mlp,2310,336,0
14931,9,6.resid.34899,6,resid,34899,469,0
14932,9,5.mlp.23324,5,mlp,23324,288,0
14933,9,6.resid.16488,6,resid,16488,465,0
14934,9,5.mlp.39000,5,mlp,39000,490,0
14935,9,6.resid.14245,6,resid,14245,387,0
14936,9,5.mlp.1040,5,mlp,1040,476,0
14937,9,6.resid.16645,6,resid,16645,416,0
14938,9,5.mlp.25314,5,mlp,25314,406,0
14939,9,6.resid.12533,6,resid,12533,461,0
14940,9,5.mlp.21151,5,mlp,21151,228,0
14941,9,6.resid.6922,6,resid,6922,419,0
14942,9,5.mlp.27573,5,mlp,27573,410,0
14943,9,6.resid.24871,6,resid,24871,398,0
14944,9,5.mlp.926,5,mlp,926,255,0
14945,9,6.resid.19520,6,resid,19520,466,0
14946,9,5.mlp.11696,5,mlp,11696,341,0
14947,9,6.resid.33685,6,resid,33685,355,0
14948,9,5.mlp.19700,5,mlp,19700,327,0
14949,9,6.resid.21911,6,resid,21911,415,0
14950,9,5.mlp.23549,5,mlp,23549,261,0
14951,9,6.resid.14285,6,resid,14285,535,2430
14952,9,5.mlp.22601,5,mlp,22601,306,0
14953,9,6.resid.3819,6,resid,3819,341,0
14954,9,5.mlp.7555,5,mlp,7555,315,0
14955,9,6.resid.438,6,resid,438,466,0
14956,9,5.mlp.17540,5,mlp,17540,349,0
14957,9,6.resid.27873,6,resid,27873,447,0
14958,9,5.mlp.30766,5,mlp,30766,338,0
14959,9,6.resid.23475,6,resid,23475,685,2431
14960,9,5.resid.31333,5,resid,31333,302,0
14961,9,6.mlp.11309,6,mlp,11309,505,0
14962,9,5.resid.33714,5,resid,33714,331,0
14963,9,6.mlp.39431,6,mlp,39431,271,0
14964,9,5.resid.655,5,resid,655,305,0
14965,9,6.mlp.4019,6,mlp,4019,330,0
14966,9,5.resid.36393,5,resid,36393,347,0
14967,9,6.mlp.21525,6,mlp,21525,425,0
14968,9,5.resid.32887,5,resid,32887,293,0
14969,9,6.mlp.8483,6,mlp,8483,420,0
14970,9,5.resid.6502,5,resid,6502,417,0
14971,9,6.mlp.33066,6,mlp,33066,324,0
14972,9,5.resid.29497,5,resid,29497,373,0
14973,9,6.mlp.4263,6,mlp,4263,469,0
14974,9,5.resid.29905,5,resid,29905,326,0
14975,9,6.mlp.15571,6,mlp,15571,443,0
14976,9,5.resid.33025,5,resid,33025,496,0
14977,9,6.mlp.26925,6,mlp,26925,474,0
14978,9,5.resid.24339,5,resid,24339,520,2432
14979,9,6.mlp.12832,6,mlp,12832,367,0
14980,9,5.resid.4352,5,resid,4352,417,0
14981,9,6.mlp.34435,6,mlp,34435,234,0
14982,9,5.resid.27071,5,resid,27071,367,0
14983,9,6.mlp.35465,6,mlp,35465,239,0
14984,9,5.resid.14020,5,resid,14020,446,0
14985,9,6.mlp.27212,6,mlp,27212,461,2433
14986,9,5.resid.16985,5,resid,16985,341,0
14987,9,6.mlp.21755,6,mlp,21755,348,2434
14988,9,5.resid.36040,5,resid,36040,398,0
14989,9,6.mlp.15436,6,mlp,15436,412,0
14990,9,5.resid.18766,5,resid,18766,269,0
14991,9,6.mlp.37318,6,mlp,37318,269,2
14992,9,5.resid.21998,5,resid,21998,271,0
14993,9,6.mlp.752,6,mlp,752,234,0
14994,9,5.resid.11454,5,resid,11454,322,0
14995,9,6.mlp.13294,6,mlp,13294,331,0
14996,9,5.resid.25642,5,resid,25642,306,0
14997,9,6.mlp.22541,6,mlp,22541,446,0
14998,9,5.resid.25134,5,resid,25134,326,0
14999,9,6.mlp.592,6,mlp,592,507,2435
15000,9,5.resid.16073,5,resid,16073,302,0
15001,9,6.mlp.9524,6,mlp,9524,297,0
15002,9,5.resid.9909,5,resid,9909,296,0
15003,9,6.mlp.3624,6,mlp,3624,357,0
15004,9,5.resid.20883,5,resid,20883,191,0
15005,9,6.mlp.1695,6,mlp,1695,566,0
15006,9,5.resid.21261,5,resid,21261,329,0
15007,9,6.mlp.1638,6,mlp,1638,323,0
15008,9,5.resid.25280,5,resid,25280,236,0
15009,9,6.mlp.18236,6,mlp,18236,227,0
15010,9,5.resid.40769,5,resid,40769,417,0
15011,9,6.mlp.31692,6,mlp,31692,231,0
15012,9,5.resid.37157,5,resid,37157,282,0
15013,9,6.mlp.13003,6,mlp,13003,520,2436
15014,9,5.resid.3197,5,resid,3197,298,2
15015,9,6.mlp.21201,6,mlp,21201,286,0
15016,9,6.attn.39403,6,attn,39403,251,2
15017,9,6.attn.22789,6,attn,22789,240,2
15018,9,6.attn.22639,6,attn,22639,260,2
15019,9,6.attn.38738,6,attn,38738,360,0
15020,9,6.attn.12479,6,attn,12479,408,0
15021,9,6.attn.19571,6,attn,19571,130,0
15022,9,6.attn.4079,6,attn,4079,260,2
15023,9,6.attn.26099,6,attn,26099,205,2
15024,9,6.attn.32991,6,attn,32991,340,0
15025,9,6.attn.22507,6,attn,22507,330,2
15026,9,6.attn.37033,6,attn,37033,493,2437
15027,9,6.attn.27581,6,attn,27581,224,2
15028,9,6.attn.39546,6,attn,39546,381,0
15029,9,6.attn.1933,6,attn,1933,303,2
15030,9,6.attn.14811,6,attn,14811,253,2
15031,9,6.attn.23264,6,attn,23264,608,2438
15032,9,6.attn.9288,6,attn,9288,221,2
15033,9,6.attn.35949,6,attn,35949,263,2
15034,9,6.attn.15173,6,attn,15173,296,2
15035,9,6.attn.27795,6,attn,27795,275,2
15036,9,6.attn.17279,6,attn,17279,245,2
15037,9,6.attn.30599,6,attn,30599,499,0
15038,9,6.attn.15158,6,attn,15158,379,0
15039,9,6.attn.10878,6,attn,10878,223,2
15040,9,6.attn.9843,6,attn,9843,227,2
15041,9,6.attn.33354,6,attn,33354,337,0
15042,9,6.attn.13305,6,attn,13305,247,2
15043,9,6.attn.36095,6,attn,36095,230,2
15044,9,6.attn.12305,6,attn,12305,455,0
15045,9,0.mlp.19189,0,mlp,19189,12,0
