cid,skey,seed_layer,seed_kind,seed_index,score,n_members,hub_share,n_layers,family,tok_cons,in_degree,F0_amp_b,F0_a1_b,F0_perm_b,cf_amp,n,peak,cons,top3,ex
236,10.mlp.29174,10,mlp,29174,2.092727897043505,264,0.0681818181818181,10,1,11.36,2,0.6472081218274112,0.1142131979695431,0.18527918781725883,0.930379746835443,264.0,cre,1.0,'cre',"s have been transformed, providing [[cre]] || work in these mediums, [[cre]]"
5089,9.mlp.9180,9,mlp,9180,1.904863006620138,332,0.2198795180722891,9,1,18.43,5,0.5,0.05159574468085104,0.08510638297872342,0.8878857296860262,332.0,through,1.0,'through',efficient quantum communication.ent break [[through]] || into quantum field theory. break [[through]]
4848,11.attn.16497,11,attn,16497,1.7891138734555705,53,0.2830188679245283,9,1,0.0,0,0.7925531914893618,0.8829787234042553,0.6648936170212766,0.0,53.0,Keep,1.0,'Keep',<s> [[Keep]] || <s> [[Keep]]
3907,11.attn.15279,11,attn,15279,1.7458393762150373,350,0.1971428571428571,11,21,0.0,7,0.8174603174603174,0.27182539682539686,0.5873015873015873,-0.03237410071942446,350.0,Display,0.421875,"'Display', 'a', 'to'","Europe is Trianon, [[a]] || Europe is Trianon, [[a]]"
3887,11.attn.3084,11,attn,3084,1.6920526268972342,198,0.2121212121212121,11,7,9.09,3,0.7417840375586855,0.3685446009389671,0.9107981220657277,1.3924059983748245,198.0,databases,0.921875,"'databases', 'database'", [[databases]] ||  [[databases]]
9626,1.resid.19090,1,resid,19090,1.6556458438401251,148,0.3851351351351351,2,72,0.0,3,0.9428571428571428,0.2857142857142857,0.39761904761904765,1.0290403085532784,148.0,Conf,0.453125,"'Conf', 'Sebastian', 'Deb'",in Plot Structure.<s> [[Conf]] || <s> [[Conf]]
5150,9.attn.24229,9,attn,24229,1.5058995016424748,211,0.3649289099526066,9,5,0.48,3,1.0,0.37637362637362637,0.9120879120879121,1.0274725274725274,211.0,Writing,1.0,'Writing',<s> [[Writing]] || <s> [[Writing]]
11400,11.attn.8046,11,attn,8046,1.5038151459271376,446,0.2713004484304933,11,21,0.0,9,0.8602941176470589,1.0,0.9926470588235294,0.9851937536148062,446.0,Cy,0.734375,"'Cy', 'cal', '('",<s> [[Cy]] || <s> [[Cy]]
9620,1.resid.37165,1,resid,37165,1.4932444326046,147,0.4285714285714285,2,7,0.68,5,0.9313304721030042,0.21995708154506433,0.23175965665236054,1.2625482625482625,147.0,bridge,0.6875,"'bridge', 'ology', 'table'","address within the table, the [[bridge]] || address within the table, the [[bridge]]"
11395,11.attn.1426,11,attn,1426,1.4873007705294088,335,0.1701492537313433,11,35,0.0,2,0.8959276018099548,0.1357466063348416,0.3619909502262444,1.1072190070057875,335.0,its,0.8125,"'its', 'This'", [[This]] ||  [[This]]
13208,11.resid.16872,11,resid,16872,1.4655730673596834,405,0.3925925925925926,12,3,0.74,5,0.9469387755102041,-6.1959183673469385,0.8489795918367347,1.128787878787879,405.0,ped,0.265625,"'ped', 'agog', 'virtue'","determination, courage, integrity [[,]] || determination, courage, integrity [[,]]"
7646,11.attn.9241,11,attn,9241,1.4567829959887,495,0.4909090909090909,11,3,1.42,8,0.9375,0.001220703125,0.0,0.8906116469295569,495.0,in,0.234375,"'in', 'from', 'of'",y transformed intellectual thought by emphas [[izing]] || critically with themes such [[as]]
120,11.attn.22687,11,attn,22687,1.4515448676953988,886,0.4367945823927765,11,13,1.47,9,0.9666666666666667,0.10499999999999998,0.05874999999999997,0.317551360934404,886.0,the,0.390625,"'the', 'from', 'of'",was also essentially redefining [[the]] || was also essentially redefining [[the]]
7673,11.attn.35052,11,attn,35052,1.4364354774721435,812,0.4876847290640394,11,16,1.85,15,0.9649122807017544,0.13596491228070173,0.1257309941520468,0.24776474354576844,812.0,a,0.171875,"'a', 'the', 'given'",certain input. Turing introduced [[this]] || is a fundamental concept that addresses [[the]]
12217,11.resid.12730,11,resid,12730,1.4309949875169683,220,0.5454545454545454,12,3,10.09,1,0.96,-4.72,-10.08,-0.2276595744680851,220.0,.,0.140625,"'.', 'of', 'and'","water such as temperature, color [[or]] || water such as temperature, color [[or]]"
10488,11.attn.28551,11,attn,28551,1.429025246161286,198,0.1969696969696969,11,1,0.0,1,0.8893805309734513,0.6106194690265487,0.9070796460176991,1.2300884955752212,198.0,section,1.0,'section', [[section]] ||  [[section]]
14188,11.mlp.20378,11,mlp,20378,1.4241770813468884,645,0.4341085271317829,12,3,6.83,5,0.4704142011834319,0.06065088757396453,0.12204142011834318,1.0063166206079748,645.0,Ch,0.609375,"'Ch', 'val'",Planning.<s> Supply [[Ch]] || ain Control.<s> Supply [[Ch]]
51,11.resid.23598,11,resid,23598,1.422305611187853,391,0.5831202046035806,12,3,2.56,5,0.9041916167664671,0.9580838323353293,0.655688622754491,1.7191011235955056,391.0,literature,0.65625,"'literature', 'ure', 'poetry'","architecture, music, dance, [[literature]] || architecture, music, dance, [[literature]]"
12914,4.mlp.26,4,mlp,26,1.4137323321757913,120,0.2166666666666666,4,12,3.33,2,0.93717277486911,0.0,0.2984293193717278,0.183345507669832,120.0,that,1.0,'that',can be interpreted in a way [[that]] || and painted on sound in ways [[that]]
9456,11.resid.5899,11,resid,5899,1.406281377760206,524,0.4408396946564885,12,3,9.21,7,0.8697916666666666,0.25911458333333337,-0.4375,1.7273942838041116,524.0,of,0.234375,"'of', 'to', 'experience'",iological changes that allow animals [[to]] || iological changes that allow animals [[to]]
719,7.mlp.34670,7,mlp,34670,1.3505779622122678,176,0.2784090909090909,7,41,6.82,3,0.9951456310679612,0.0,0.0,0.9621212121212122,176.0,par,1.0,'par',"and clear communication., trans [[par]] || .<s> Clearly, trans [[par]]"
12356,11.attn.20202,11,attn,20202,1.3468413606597271,1377,0.2643427741466957,11,1,0.15,17,,,,,,mathematical,0.34782608695652173,"'mathematical', 'of', 'applications'",jection of biases in favor [[of]] || jection of biases in favor [[of]]
2029,11.attn.23772,11,attn,23772,1.3405860598708783,859,0.3958090803259604,11,3,1.17,8,0.7471264367816092,0.014188218390804641,0.06968390804597702,-0.0106218792555606,859.0,introduced,0.15625,"'introduced', 'of', 'the'",his principle to the field with [[his]] || his principle to the field with [[his]]
7260,4.mlp.19092,4,mlp,19092,1.33704681596963,176,0.2613636363636363,4,18,5.71,4,0.9705882352941176,0.06617647058823528,0.4742647058823529,0.5255912460289446,176.0,intr,1.0,'intr',", culminating in an [[intr]] || , culminating in an [[intr]]"
9159,7.mlp.12942,7,mlp,12942,1.3345334376982076,369,0.3008130081300813,7,33,2.98,4,0.9333333333333333,0.0007211538461538991,0.011698717948717907,0.9424554520189635,369.0,Mother,1.0,'Mother',also acknowledging the call from [[Mother]] || humans have a constant struggle with [[Mother]]
6053,9.mlp.17646,9,mlp,17646,1.3329568953040984,307,0.3257328990228013,10,21,7.19,3,0.9005235602094241,0.046793193717277526,0.268324607329843,0.16998468606431852,307.0,us,0.140625,"'us', 'ed', ','",was the voyages of Columb [[us]] || was the voyages of Columb [[us]]
11007,4.mlp.3292,4,mlp,3292,1.3280174239575455,195,0.3846153846153846,5,33,5.15,3,0.9695121951219512,0.010908917682926789,0.09565548780487809,0.656379994195608,195.0,exam,1.0,'exam',investigative techniques.<s> By [[exam]] || can account for these processes by [[exam]]
1854,6.mlp.10497,6,mlp,10497,1.307656820868362,312,0.4455128205128205,6,10,11.22,8,0.8444444444444444,0.011631944444444486,0.06354166666666672,1.173160173160173,312.0,yn,0.9375,"'yn', 'Id'","idation of the nucleos [[yn]] || core, stellar nucleos [[yn]]"
2528,4.attn.27411,4,attn,27411,1.3034106805222674,249,0.4899598393574297,4,6,1.61,3,0.917910447761194,0.03311567164179108,0.16044776119402981,0.93437876960193,249.0,two,0.53125,"'two', 'electrons', 'electron'",which states that no two ferm [[ions]] || ple asserts that no [[two]]
12795,8.mlp.1589,8,mlp,1589,1.299714530111134,281,0.3238434163701068,9,36,12.81,9,0.7041666666666666,0.028906250000000022,0.03020833333333328,0.5359628770301624,281.0,as,1.0,'as',"you slowly move through time, [[as]] || you slowly move through time, [[as]]"
7652,11.attn.2400,11,attn,2400,1.2981958746829738,301,0.3156146179401993,11,1,0.0,1,0.9875,0.9125,0.684375,1.10625,301.0,polym,1.0,'polym', [[polym]] ||  [[polym]]
6783,10.resid.18460,10,resid,18460,1.2958131140572076,289,0.5467128027681661,11,3,12.15,5,0.9917355371900827,0.987603305785124,0.7396694214876033,0.003115264797507788,289.0,as,0.125,"'as', 'much', 'and'","istic systems worldwide, not [[only]] || room of English, but they [[remain]]"
8483,11.resid.12468,11,resid,12468,1.291582770956838,242,0.5537190082644629,12,3,7.92,5,0.9953703703703703,-27.77777777777778,-18.0,-0.47783251231527096,242.0,and,0.25,"'and', 'on', 'ural'",. recognizes that people are [[active]] || . recognizes that people are [[active]]
13330,10.resid.25765,10,resid,25765,1.2900413773448662,420,0.5904761904761905,11,16,6.67,4,0.9772727272727273,0.022727272727272707,-704.9090909090909,0.6215334420880914,420.0,the,0.265625,"'the', 'a', 'any'",) describes the natural relation between [[an]] || ) describes the natural relation between [[an]]
7084,8.resid.22220,8,resid,22220,1.2878991748704158,704,0.4758522727272727,9,19,9.39,11,0.9369747899159664,0.3445378151260504,-0.6554621848739495,1.8381400824014127,704.0,",",0.40625,"',', 'and', 'denotes'","communication, which involves using clear [[,]] || communication, which involves using clear [[,]]"
10942,4.attn.4546,4,attn,4546,1.2832593354150803,227,0.4713656387665198,4,39,5.75,3,0.9585062240663901,0.07417012448132776,0.11255186721991706,1.3561276481630464,227.0,power,1.0,'power',le reinforcement without over [[power]] || to the dish without over [[power]]
7784,10.mlp.40539,10,mlp,40539,1.2831533570756126,387,0.1162790697674418,10,21,6.46,5,0.7222222222222222,0.0,0.0,0.3691275167785235,387.0,<s>,1.0,'<s>',in the Islamic World. [[<s>]] || the Byzantine Empire. [[<s>]]
13072,5.mlp.3537,5,mlp,3537,1.2824883062461483,203,0.270935960591133,5,41,18.23,4,0.9820627802690582,0.09304932735426008,0.11771300448430488,0.720164609053498,203.0,ced,0.984375,"'ced', ')-'",\) from an \( n \ [[)-]] || global trade patterns in unpre [[ced]]
13409,1.resid.2319,1,resid,2319,1.2765260413100594,115,0.408695652173913,2,32,0.0,3,0.9620853080568721,0.14277251184834128,0.566350710900474,1.0830188679245283,115.0,virtue,0.921875,"'virtue', 'moder', 'kid'",social and personal relationships into effective [[virtue]] || it encourages the exercise of [[virtue]]
11034,7.mlp.18019,7,mlp,18019,1.2764804197793815,326,0.3865030674846625,7,31,10.74,5,0.9333333333333333,0.0,6.510416666671848e-05,0.9362380446333688,326.0,at,1.0,'at',"a powerful technique used to bre [[at]] || methods, composers can bre [[at]]"
6028,2.resid.4163,2,resid,4163,1.2742593934013595,152,0.3421052631578947,3,31,1.32,2,0.9209486166007905,0.13043478260869568,0.49604743083003955,1.3364670954972786,152.0,ul,1.0,'ul',", [[ul]] || and research-focused [[ul]]"
1927,11.resid.8702,11,resid,8702,1.2714777478634471,557,0.526032315978456,12,3,12.05,9,0.995260663507109,0.20853080568720384,-5.431279620853081,0.9077809798270894,557.0,Ent,0.46875,"'Ent', 'ty', 'es'",<s> # [[Ent]] || <s> # [[Ent]]
2947,11.attn.30203,11,attn,30203,1.2707730935528072,615,0.5040650406504065,11,9,0.16,12,0.8913043478260869,0.26449275362318836,0.1154891304347826,0.1259105098855359,615.0,of,0.21875,"'of', 'the', 'in'","not about parties, but rather [[about]] || Entanglement provides interesting results [[in]]"
6074,9.attn.21770,9,attn,21770,1.2692364749342635,684,0.4766081871345029,9,9,0.0,6,0.8962264150943396,0.0,0.08844339622641506,0.2873419121713801,684.0,to,0.34375,"'to', 'ing', 'of'",(in English) are words [[that]] || (in English) are words [[that]]
14110,11.resid.35298,11,resid,35298,1.2676500232911532,321,0.4579439252336448,12,3,8.72,4,0.8652173913043478,-1.7391304347826089,-4.2956521739130435,1.44106463878327,321.0,of,0.390625,"'of', 's', 'level'",the workplace; it includes [[both]] || the workplace; it includes [[both]]
9316,5.mlp.12384,5,mlp,12384,1.265771639061198,300,0.5033333333333333,6,24,1.35,2,0.9454545454545454,0.0,0.0,0.6831833975915084,300.0,4,1.0,'4',<s> ###  [[4]] || <s> ###  [[4]]
9777,9.mlp.15011,9,mlp,15011,1.2655928688520128,517,0.3945841392649903,10,4,4.84,8,0.9779005524861879,0.04937845303867405,0.05214088397790051,0.9667774086378738,517.0,econ,0.96875,"'econ', 'introduced'",.<s> The fundamental concept of [[econ]] || .<s> The foundation upon which [[econ]]
920,6.mlp.16792,6,mlp,16792,1.2638184284574296,235,0.3531914893617021,6,19,15.32,3,0.9171597633136095,0.00018491124260355818,0.01738165680473369,0.6141479099678456,235.0,mat,1.0,'mat',can represent both words and gram [[mat]] || modify existing words to convey gram [[mat]]
7310,4.resid.31095,4,resid,31095,1.2600070601809434,169,0.4556213017751479,5,19,9.47,5,0.8185483870967742,0.3104838709677419,0.5080645161290323,0.9526627218934911,169.0,suffix,0.5,"'suffix', 'emes', 'letters'","es, suffixes, inf [[ix]] || , infixes, and [[suffix]]"
858,6.resid.22519,6,resid,22519,1.2524933423628597,305,0.4918032786885246,7,16,16.83,5,1.0,0.2448717948717949,0.7384615384615385,1.8764415156507412,305.0,x,0.65625,"'x', 'ical', 'xes'",paradoxical parado [[x]] || philosophy.<s> Paradox [[ical]]
2690,5.mlp.11451,5,mlp,11451,1.250690950397643,269,0.4089219330855018,6,20,2.26,4,1.0,0.0,0.19278606965174128,0.9646408839779006,269.0,of,1.0,'of',<s> As part [[of]] || <s> As part [[of]]
4058,10.attn.16271,10,attn,16271,1.246131066096151,308,0.1655844155844155,10,1,0.0,1,0.9523809523809523,0.6746031746031746,0.9788359788359788,1.0634920634920635,308.0,aint,1.0,'aint',<s> M [[aint]] || <s> M [[aint]]
1127,10.resid.25024,10,resid,25024,1.245958540450517,633,0.4739336492890995,11,4,12.5,7,1.0,0.6484848484848484,-3.0181818181818185,2.146067415730337,633.0,and,0.671875,"'and', ',', 'to'",altering government spending [[and]] || direct government spending on jobs [[and]]
1406,9.attn.16847,9,attn,16847,1.2420131388864568,515,0.4970873786407767,9,9,1.95,4,0.86875,0.011914062500000044,0.05078125,0.2355478861087144,515.0,by,0.25,"'by', 'of', 'with'",Crisis refers to the series [[of]] || of World War I. began [[with]]
8769,10.attn.26192,10,attn,26192,1.241825588958683,200,0.24,10,1,,4,,,,,,scenario,0.18518518518518517,"'scenario', 'of', 'from'",", such as ice or mirror [[;]] || , such as ice or mirror [[;]]"
2532,4.mlp.5826,4,mlp,5826,1.2302326368367908,390,0.4179487179487179,5,11,1.28,8,0.9809523809523809,0.021428571428571463,0.1166666666666667,0.4228395061728395,390.0,friend,0.71875,"'friend', '-'",<s> Designing for user- [[friend]] || <s> Identifying Eco- [[friend]]
2232,9.resid.8481,9,resid,8481,1.229186327308407,587,0.5775127768313458,10,10,1.88,9,0.9647058823529412,0.996078431372549,0.19215686274509802,1.8509615384615385,587.0,evolution,0.1875,"'evolution', 'distribution', 'ification'",behind species dispersal/colon [[ization]] || behind species dispersal/colon [[ization]]
1215,10.attn.20603,10,attn,20603,1.2252942016713466,303,0.2376237623762376,10,21,0.0,1,0.4486301369863014,0.4452054794520548,0.2688356164383562,0.007459412022817025,303.0,any,0.375,"'any', 'craft', 'ative'",<s> As with [[any]] || <s> As with [[any]]
884,6.mlp.33748,6,mlp,33748,1.2245348683994357,333,0.2882882882882883,6,82,18.32,6,0.8737373737373737,0.0033143939393939226,0.014678030303030276,0.8392498325519089,333.0,cop,1.0,'cop',boundaries of future innovations in [[cop]] || ering these frontiers in block [[cop]]
4160,9.mlp.1674,9,mlp,1674,1.2198191200326558,203,0.1330049261083744,9,14,0.0,2,0.95,0.0,0.0,0.08181818181818182,203.0,.,1.0,'.',policies favoring the Spanish Crown [[.]] || diversity of the African continent [[.]]
486,3.mlp.18188,3,mlp,18188,1.2149419380457376,268,0.4701492537313433,4,6,4.1,3,0.9777777777777777,0.0,0.18055555555555558,0.47258912916423146,268.0,ve,0.859375,"'ve', 'closed', 'ynamic'",ids are crucial in con [[ve]] || considering [[closed]]
2946,11.attn.29096,11,attn,29096,1.214448985938714,97,0.1649484536082474,11,1,0.0,1,0.9076305220883534,0.9397590361445783,0.891566265060241,0.4598393574297189,97.0,On,1.0,'On',<s> [[On]] || <s> [[On]]
9936,8.resid.37060,8,resid,37060,1.211140564602412,350,0.62,9,12,10.0,6,0.9166666666666666,0.21474358974358976,0.41346153846153844,2.1223021582733814,350.0,is,0.46875,"'is', 'be', 'are'",rients and hormones [[are]] || rients and hormones [[are]]
4084,9.resid.30382,9,resid,30382,1.2060423296461544,511,0.5459882583170255,10,7,16.31,4,0.967948717948718,0.23076923076923073,0.7756410256410257,1.3755564548765682,511.0,of,0.71875,"'of', 'in', 'by'",explores the collective behavior [[of]] || natural and artificial. emerges [[from]]
6012,2.resid.14906,2,resid,14906,1.2049533628607407,249,0.5341365461847389,3,7,6.07,4,0.9240506329113924,0.14240506329113922,0.3924050632911392,1.108010801080108,249.0,retrieve,0.390625,"'retrieve', 'es', 'Sort'",significantly reduces the time required to [[retrieve]] || a manner that minimizes disk [[reads]]
9522,11.attn.13101,11,attn,13101,1.2038461460101255,65,0.2923076923076923,8,1,0.0,0,-0.28260869565217384,0.7608695652173914,0.6956521739130435,0.0,65.0,Besides,0.875,"'Besides', 'ation'",<s> [[Besides]] || <s> [[Besides]]
2328,9.attn.22928,9,attn,22928,1.2034146308995537,917,0.4972737186477644,9,8,1.86,9,0.9747899159663865,0.06197478991596639,0.10504201680672265,0.18040794771932142,917.0,in,0.28125,"'in', 'by', 'of'",the Haber process used to [[produce]] || discovery of the Haber process [[in]]
1765,5.mlp.20617,5,mlp,20617,1.202542614646121,316,0.3955696202531645,6,36,2.22,5,0.974025974025974,0.020495129870129913,0.056412337662337664,0.45721694036300775,316.0,it,0.984375,"'it', 'they'","of precision and grace, as [[it]] || frustrating characters, as [[it]]"
14006,5.mlp.1954,5,mlp,1954,1.1994115870804254,273,0.4322344322344322,6,19,2.93,4,0.9010989010989011,0.005837912087912067,0.13461538461538458,0.68207343412527,273.0,Per,1.0,'Per',ense Usage.<s> Past [[Per]] || Future Perfect.<s> Future [[Per]]
10726,9.mlp.33626,9,mlp,33626,1.190503594589288,215,0.1255813953488372,9,14,1.4,4,0.9664804469273743,0.0,0.0,0.22330097087378642,215.0,.,0.984375,"'.', '.""'","having interests, but understanding them [[.]] || understood without any need to worry [[.]]"
4143,2.resid.22077,2,resid,22077,1.1900579093983086,224,0.4508928571428571,3,5,11.66,3,0.958974358974359,0.17948717948717952,0.717948717948718,0.9381293804881978,224.0,nt,0.515625,"'nt', 'ried', 'ox'",Value of D [[ried]] || <s> The importance of d [[ried]]
6899,2.mlp.36663,2,mlp,36663,1.1897377730287502,126,0.492063492063492,3,31,0.0,2,0.9797979797979798,0.1742424242424242,0.03661616161616166,0.49848331648129424,126.0,adv,1.0,'adv',"various factors, including technological [[adv]] || , and utilizing technological [[adv]]"
11719,9.attn.27179,9,attn,27179,1.1895044368750498,926,0.4654427645788337,9,10,0.87,9,0.875,0.02242476851851849,0.07928240740740744,0.5272562686702272,926.0,to,0.25,"'to', 'of', 'during'","ations in animals, allowing them [[to]] || ivation are two distinct forms [[of]]"
6382,7.mlp.29953,7,mlp,29953,1.1865068946844073,383,0.4281984334203655,8,15,1.84,7,0.9508928571428571,0.078125,0.0,0.9219847985085329,383.0,ely,1.0,'ely',"components, much like a fin [[ely]] || fin [[ely]]"
4730,11.resid.29942,11,resid,29942,1.185036249623432,371,0.5202156334231806,12,6,12.16,4,0.9416666666666667,-1.7833333333333332,-3.7666666666666666,2.3941368078175898,371.0,with,0.265625,"'with', 'on', 'involves'",is a branch of physics that [[studies]] || is a branch of physics that [[studies]]
11521,1.resid.37356,1,resid,37356,1.183347908053621,45,0.3111111111111111,2,5,2.22,1,-4.0,-129.25,-77.5,1.0673365248040403,45.0,icing,1.0,'icing',concept that goes beyond traditional pr [[icing]] || concept that goes beyond traditional pr [[icing]]
8791,2.mlp.34509,2,mlp,34509,1.1805476750371964,113,0.4778761061946903,3,27,8.85,2,0.9856115107913669,0.0,0.27877697841726623,0.768710655164374,113.0,W,1.0,'W',Audio Workstations (DA [[W]] || Audio Workstations (DA [[W]]
5585,6.mlp.32833,6,mlp,32833,1.1792742706300576,205,0.3073170731707317,7,8,5.39,4,0.9695652173913043,0.007948369565217384,0.004279891304347805,0.5135834411384217,205.0,the,1.0,'the',mathematicians laid [[the]] || work provided atomic energy and set [[the]]
11173,5.mlp.37426,5,mlp,37426,1.1791540955222088,274,0.4087591240875912,6,35,9.16,7,0.953125,0.00537109375,0.03515625,0.6499189627228525,274.0,it,1.0,'it',"developments ep [[it]] || year imprisonment, which ep [[it]]"
421,2.resid.40267,2,resid,40267,1.1775744431139148,127,0.5826771653543307,3,13,13.39,1,0.877906976744186,0.06395348837209303,0.21947674418604646,1.272965879265092,127.0,around,0.21875,"'around', 'ens', 'the'",showcased the earliest signs [[of]] || Egyptian hieroglyphs [[and]]
9977,3.resid.19402,3,resid,19402,1.1755200471559677,301,0.6411960132890365,4,17,1.0,4,0.9222222222222223,0.6194444444444445,0.0888888888888889,0.2827868852459016,301.0,and,0.46875,"'and', ',', 'or'","vs., person vs. [[,]] || , be it character vs. [[,]]"
4801,0.resid.4386,0,resid,4386,1.17312892743464,120,0.3,1,7,13.33,3,0.9333333333333333,0.5179487179487179,0.6205128205128205,1.7624347826086957,120.0,permut,0.3125,"'permut', 'inheritance', 'Morgan'","signs, and appear in the [[deriv]] || signs, and appear in the [[deriv]]"
2954,11.attn.3126,11,attn,3126,1.1729839487161144,159,0.1194968553459119,11,1,0.0,0,0.9425287356321839,0.41954022988505746,0.7758620689655172,1.8229647740650186,159.0,further,0.9375,"'further', 'solid', 'valid'", [[further]] ||  [[further]]
14914,5.mlp.36443,5,mlp,36443,1.1695735814342014,371,0.4986522911051212,6,31,1.08,7,0.9567901234567902,0.006847993827160503,0.06635802469135799,0.9174930583101943,371.0,osis,0.546875,"'osis', 'agnostics', 'treatment'","modern nuclear medicine for accurate diagn [[osis]] || significant problems, including cancer diagn [[osis]]"
3723,6.mlp.14100,6,mlp,14100,1.1681688354228454,362,0.4613259668508287,7,56,10.25,6,0.9222222222222223,0.012326388888888928,0.0015625000000000222,0.8680659670164917,362.0,norm,1.0,'norm',convention by challenging societal [[norm]] || ara sought to challenge societal [[norm]]
7640,0.resid.6609,0,resid,6609,1.1675113990969954,116,0.396551724137931,1,2,18.1,1,0.8357664233576643,0.5328467153284672,0.31934306569343063,1.4682926829268292,116.0,landscape,0.34375,"'landscape', 'society', 'Date'","ally changed the landscape of Australian [[society]] || fernes"" are still considered [[Baron]]"
6148,3.mlp.1318,3,mlp,1318,1.1555072565135631,279,0.4551971326164875,4,28,14.39,2,0.9760479041916168,0.0,0.03517964071856283,0.5229653505237711,279.0,cial,0.625,"'cial', 'to', 'essential'","digital transformation, it becomes cru [[cial]] || complex, it becomes imperative [[to]]"
12621,2.resid.3558,2,resid,3558,1.1542429722389478,191,0.4973821989528796,3,14,4.21,1,0.9215686274509804,0.258578431372549,0.7892156862745098,1.0632411067193677,191.0,-,0.375,"'-', ':', '.'","""he.""3.5 [[?]] || ""he.""3.5 [[?]]"
2377,8.resid.16415,8,resid,16415,1.1532198944635954,482,0.5954356846473029,9,19,1.24,6,0.8514056224899599,0.6265060240963856,0.7389558232931727,1.548148148148148,482.0,child,0.296875,"'child', 'brother', 'owner'","instance, someone writes ""the [[girl]] || instance, someone writes ""the [[girl]]"
14374,10.attn.22690,10,attn,22690,1.147828380105932,587,0.3049403747870528,10,21,0.0,5,0.8200000000000001,0.9,0.872,-0.10253583241455347,587.0,.,1.0,'.',<s> ### 8 [[.]] || <s> ### 8 [[.]]
6202,3.resid.17247,3,resid,17247,1.147205186058266,221,0.5158371040723982,4,36,0.45,3,0.9805825242718447,0.10861650485436891,0.22330097087378642,1.285275130648632,221.0,as,0.296875,"'as', 'a', 'of'",his work? About as much [[as]] || ist should have as much depth [[as]]
8417,6.mlp.8229,6,mlp,8229,1.1464676340988609,268,0.3992537313432835,7,12,8.24,5,0.961352657004831,0.00494414251207731,0.009963768115942018,0.7947368421052632,268.0,po,1.0,'po',"intelligence (BI) is [[po]] || of medicine, method development is [[po]]"
9927,3.mlp.37470,3,mlp,37470,1.1458944618203246,186,0.3655913978494624,4,50,14.52,5,0.9386503067484663,0.007860429447852813,0.41104294478527603,0.7882444530945893,186.0,od,1.0,'od',"oding occurs most often, flo [[od]] || oding occurs most often, flo [[od]]"
235,1.resid.34168,1,resid,34168,1.145780053737314,107,0.4018691588785046,2,0,12.15,0,0.9939879759519038,0.6733466933867736,0.845691382765531,0.8796680497925311,107.0,cor,0.9375,"'cor', 'blow'",uncorrupted/uncor [[cor]] || uncorrupted/uncor [[cor]]
12880,4.mlp.10618,4,mlp,10618,1.1454133290569577,194,0.3144329896907216,4,13,12.37,5,0.9272727272727272,0.006344696969696972,0.0,0.9793459552495697,194.0,ult,1.0,'ult',of power distance in socioc [[ult]] || of power distance in socioc [[ult]]
10611,10.attn.16541,10,attn,16541,1.1444926541537677,2311,0.2799653829511034,10,2,,27,,,,,,while,0.14285714285714285,"'while', 'whereas', 'these'",: some moving objects remain constant [[while]] || : some moving objects remain constant [[while]]
5143,9.attn.26501,9,attn,26501,1.1403778211273614,311,0.4019292604501607,9,1,0.0,3,,,,,,the,0.32142857142857145,"'the', 'on', 'personal'",ured grid may be chosen depending [[on]] || ured grid may be chosen depending [[on]]
706,4.resid.10983,4,resid,10983,1.1393284252943994,401,0.4837905236907731,5,17,0.0,6,0.9456066945606695,0.6610878661087867,0.7196652719665272,0.20068027210884354,401.0,and,0.953125,"'and', 'or'",speech may utilize alternate double [[and]] || .aboration between HR [[and]]
10354,11.resid.40146,11,resid,40146,1.131588044544945,372,0.4758064516129032,12,3,9.95,6,0.863905325443787,-2.1420118343195265,-5.715976331360947,0.8596491228070176,372.0,of,0.421875,"'of', 's', 'possessed'",izes itself to be an expression [[of]] || izes itself to be an expression [[of]]
2897,11.mlp.32263,11,mlp,32263,1.130631002690489,594,0.3956228956228956,12,32,10.98,12,0.9180327868852459,0.0,0.00017076502732238374,0.699177438307873,594.0,Des,1.0,'Des',"17th Century, René [[Des]] || While discussing rationalism, [[Des]]"
6033,9.mlp.4152,9,mlp,4152,1.1288242178160757,296,0.3986486486486486,9,29,13.18,3,0.9338235294117647,0.0,0.05652573529411764,0.9152371342078708,296.0,m,1.0,'m',matic aspects and prag [[m]] || matic aspects and prag [[m]]
1669,7.mlp.25013,7,mlp,25013,1.1269424262041288,228,0.1403508771929824,8,17,1.75,2,0.9876543209876543,0.0,0.0008680555555555802,-0.2689655172413793,228.0,",",1.0,"','","both comprehensive yet concise [[,]] || both comprehensive yet concise [[,]]"
5688,11.resid.10145,11,resid,10145,1.1267466915987974,472,0.565677966101695,12,87,22.46,11,0.930379746835443,0.7025316455696202,0.40506329113924056,1.0141342756183747,472.0,government,0.515625,"'government', 'annual', 'company'","English (with detailed analysis), [[government]] || English (with detailed analysis), [[government]]"
2982,10.resid.12454,10,resid,12454,1.1259585457113412,291,0.5017182130584192,11,60,0.0,8,0.9685534591194969,0.8930817610062893,0.15644654088050314,0.13966480446927373,291.0,the,0.125,"'the', ',', 'and'","igals, characterized by [[their]] || Continuous tense due [[to]]"
14373,10.attn.39564,10,attn,39564,1.1246934242844953,795,0.4591194968553459,10,28,1.01,10,0.9685863874345549,0.035503926701570654,0.012434554973821954,0.27486910994764396,795.0,of,0.125,"'of', 'the', '.'","context of economics and business [[,]] || on of status quo bias [[involves]]"
13901,7.mlp.34533,7,mlp,34533,1.124369089252199,279,0.3010752688172043,8,6,1.8,3,0.9109311740890689,0.03896761133603244,0.026189271255060764,0.7003901170351106,279.0,stell,1.0,'stell',not only for the study of [[stell]] || the broader implications for [[stell]]
567,8.mlp.5382,8,mlp,5382,1.124228365732029,317,0.3596214511041009,8,27,2.52,3,0.9883720930232558,0.0,0.007994186046511587,0.8737864077669902,317.0,ien,1.0,'ien',als employ segmentation of aud [[ien]] || are engaging with their aud [[ien]]
7432,5.mlp.16529,5,mlp,16529,1.1222084506666232,428,0.4205607476635514,6,38,12.65,7,0.976,0.014125000000000054,0.05300000000000005,0.6240102171136654,428.0,While,0.734375,"'While', 't', 'Although'",Olympics in brain training.<s> [[While]] || tuning.<s> Fine- [[t]]
12777,8.mlp.24138,8,mlp,24138,1.1218774647137564,347,0.3948126801152737,8,64,2.03,4,0.9880952380952381,0.0390625,0.011346726190476164,0.8026263430163152,347.0,prof,1.0,'prof',"diverse art movements and leaving a [[prof]] || able, enabling a more [[prof]]"
208,10.resid.14806,10,resid,14806,1.1209295417852567,891,0.4365881032547699,11,3,10.45,10,0.9074074074074074,0.3533950617283951,0.7530864197530864,1.1740585774058578,891.0,require,0.3125,"'require', 'need', 'itate'",provide information about possible areas that [[need]] || that could arise. may necess [[itate]]
13458,10.attn.35054,10,attn,35054,1.1197488096105075,1052,0.4258555133079847,10,8,2.29,10,0.8353658536585366,0.09146341463414631,0.1852134146341463,0.02494926584696192,1052.0,the,0.3125,"'the', 'how', 'that'",is a fundamental phenomenon illustr [[ating]] || effect is a phenomenon observed [[when]]
11326,11.resid.15853,11,resid,15853,1.1189268629536644,228,0.5394736842105263,12,3,7.93,2,0.9282511210762332,-59.130044843049326,-3.201793721973094,-0.20627062706270627,228.0,published,0.15625,"'published', '""', 'between'",and semantics: his distinction between [[‘]] || and semantics: his distinction between [[‘]]
2176,10.attn.9609,10,attn,9609,1.1147900871759568,652,0.4616564417177914,10,24,1.69,9,0.912751677852349,0.008703859060402719,0.004142197986577223,0.03539405379896177,652.0,the,0.328125,"'the', 'in', 'on'",a significant period in the evolution [[of]] || a significant period in the evolution [[of]]
417,2.resid.35111,2,resid,35111,1.111244928667402,91,0.3736263736263736,3,25,0.0,2,0.9251101321585903,0.22466960352422904,0.5022026431718062,1.190351028877745,91.0,ism,0.984375,"'ism', 'il'","Seismology, or se [[ism]] || Seismology, or se [[ism]]"
8667,1.resid.40959,1,resid,40959,1.1069067489907396,130,0.4769230769230769,2,10,1.54,1,0.916083916083916,0.27622377622377625,0.31818181818181823,1.2525458248472505,130.0,xt,0.515625,"'xt', 'ivari', 'EM'",ainable (lower flow fi [[xt]] || ainable (lower flow fi [[xt]]
2714,5.mlp.32964,5,mlp,32964,1.1064603296100737,204,0.3725490196078431,5,10,7.35,3,0.9827586206896551,0.03879310344827591,0.053160919540229834,0.7033673855467272,204.0,et,1.0,'et',ence in Gen [[et]] || . the realm of gen [[et]]
12626,9.mlp.10053,9,mlp,10053,1.105657179588271,468,0.3376068376068376,10,24,7.51,8,0.9767441860465116,0.0,0.0,0.8212005108556832,468.0,1,1.0,'1',(1787– [[1]] || (1787– [[1]]
5455,7.mlp.36988,7,mlp,36988,1.101795871546808,222,0.3558558558558558,7,38,1.8,2,0.9615384615384616,0.0,0.0070112179487179516,0.9282511210762332,222.0,rather,1.0,'rather',on parallel or distributed computing; [[rather]] || on parallel or distributed computing; [[rather]]
14360,1.resid.40308,1,resid,40308,1.099647444367133,100,0.69,2,2,0.0,2,0.9691629955947136,0.6563876651982379,0.960352422907489,0.9695121951219512,100.0,1,0.453125,"'1', ',', '.'",Helsinki Palace in  [[1]] || Accords in Helsinki [[.]]
3675,6.resid.2942,6,resid,2942,1.098305590421366,437,0.5423340961098398,7,0,0.69,5,0.9576719576719577,0.2420634920634921,0.34391534391534395,1.4119601328903655,437.0,with,0.640625,"'with', 'across', 'in'","the rate of change diminishes [[over]] || , temperature generally decreases [[with]]"
12177,6.mlp.3541,6,mlp,3541,1.0979701263909256,527,0.4686907020872865,7,5,6.65,7,0.9430051813471503,0.08613989637305697,0.0,0.8683385579937304,527.0,ete,0.71875,"'ete', 'ks', 'arp'",ance of Intrusion D [[ete]] || . of Intrusion D [[ete]]
10358,11.resid.30729,11,resid,30729,1.0971073039479773,398,0.5150753768844221,12,3,10.58,4,0.3496503496503497,0.11188811188811187,-3.090909090909091,1.5032537960954446,398.0,cultural,0.328125,"'cultural', 'etic', 'unique'","vast array of species, gen [[etic]] || vast array of species, gen [[etic]]"
12336,11.attn.33607,11,attn,33607,1.09677825435537,782,0.459079283887468,11,3,2.43,12,0.9477611940298507,0.07789179104477617,0.07929104477611937,0.14282350170728836,782.0,a,0.109375,"'a', 'how', 'by'","ically) ""the probability of [[a]] || ically) ""the probability of [[a]]"
10276,6.mlp.24900,6,mlp,24900,1.0955699114042017,369,0.5311653116531165,7,22,0.54,6,0.865546218487395,0.014049369747899165,0.033350840336134446,0.785,369.0,lic,0.953125,"'lic', 'yl', '-'","for leveraging carboxy [[lic]] || , world of carboxy [[lic]]"
14510,2.resid.12054,2,resid,12054,1.0950471297770323,181,0.4696132596685083,3,11,0.55,3,0.9738219895287958,0.3455497382198953,0.581151832460733,1.098981077147016,181.0,fi,0.859375,"'fi', 'self', 'mem'",Kwolek who invented [[fi]] || insightful is when analyzing [[fi]]
1453,3.mlp.21579,3,mlp,21579,1.0933574502853278,199,0.4020100502512563,4,5,16.58,4,0.9359999999999999,0.05425000000000002,0.248,1.0186480186480187,199.0,ide,0.671875,"'ide', 'elf'",and the World W [[ide]] || 5. and the World W [[ide]]
3242,2.resid.17475,2,resid,17475,1.0932912663991168,221,0.4570135746606334,3,4,17.19,4,0.8795180722891567,0.17018072289156627,0.44277108433734935,1.1220209723546235,221.0,sur,0.765625,"'sur', 'ef', 'feed'",is an essential element of sub [[sur]] || is an essential element of sub [[sur]]
837,5.mlp.33096,5,mlp,33096,1.0915056822384697,223,0.3946188340807174,6,6,13.0,3,0.9831932773109243,0.0,0.0,0.8486077318194106,223.0,power,0.9375,"'power', 'energy'","renewable sources such as solar [[power]] || ewable resources, including solar [[power]]"
10097,4.mlp.12536,4,mlp,12536,1.0902668882533295,517,0.4990328820116054,5,11,1.16,5,0.9080459770114943,0.0026939655172413257,0.1364942528735632,0.6228748068006182,517.0,oms,0.703125,"'oms', 'aste', 'ca'",Idi [[oms]] || Poetry.<s> Idi [[oms]]
11224,6.mlp.5782,6,mlp,5782,1.089583178325712,294,0.3639455782312925,6,28,7.48,4,0.8379446640316206,0.018774703557312256,0.01278409090909094,0.7635705669481303,294.0,situ,0.984375,"'situ', 'lived'",approach involves the integration of in [[situ]] || the field of civil engineering. [[situ]]
2205,2.mlp.32342,2,mlp,32342,1.0894301175950178,231,0.4761904761904761,3,4,1.74,7,0.9805825242718447,0.00455097087378642,0.14441747572815533,-1.7801724137931034,231.0,ities,0.6875,"'ities', 'Des'","<s> Positive external [[ities]] || production.ly, positive external [[ities]]"
5556,5.mlp.35180,5,mlp,35180,1.0889968691279155,180,0.3666666666666666,6,5,10.56,3,0.9659090909090909,0.0757575757575758,0.025568181818181768,0.7698744769874477,180.0,ize,0.9375,"'ize', 'izes', 'izing'",who make decisions to maxim [[ize]] || who make decisions to maxim [[ize]]
6896,9.resid.28465,9,resid,28465,1.08475476912422,645,0.5937984496124031,10,1,0.78,9,0.9929078014184397,0.5851063829787234,-0.9219858156028369,0.6102088167053364,645.0,kn,0.3125,"'kn', 'ife', 'Sur'",like a linguistic Swiss Army [[kn]] || .<s> The Swiss Army kn [[ife]]
6771,10.resid.21485,10,resid,21485,1.0847110857277338,556,0.447841726618705,11,26,11.53,6,0.9574468085106383,0.7730496453900709,-2.9078014184397163,2.051094890510949,556.0,animate,1.0,'animate',add depth and meaning to in [[animate]] || adding human qualities to in [[animate]]
8139,4.attn.12304,4,attn,12304,1.0845003595924627,304,0.5328947368421053,4,17,0.0,5,0.9944444444444445,0.003211805555555558,0.1972222222222222,0.6071209330877839,304.0,and,1.0,'and',"sequently, understanding the ebb [[and]] || ides readers through the ebb [[and]]"
3825,11.resid.18587,11,resid,18587,1.0826753929909918,288,0.5833333333333334,12,3,11.81,3,0.835820895522388,-5.7611940298507465,-14.875621890547263,-0.09583333333333334,288.0,ible,0.09375,"'ible', 'that', 'which'",them. inelastic coll [[isions]] || entropy highlights the irrevers [[ible]]
9547,11.attn.31644,11,attn,31644,1.0807296038149758,2151,0.3217108321710832,11,1,0.0,20,0.8644859813084113,0.8364485981308412,0.7102803738317758,-0.11676451402478799,2151.0,developing,0.078125,"'developing', ',', 'the'",eukaryotes are marked [[by]] || often chosen for structural elements [[or]]
11198,6.mlp.35597,6,mlp,35597,1.0791113259717569,194,0.3247422680412371,6,9,9.84,1,0.9925373134328358,0.005597014925373123,0.0,0.9436884091975598,194.0,itch,1.0,'itch',um is present in all k [[itch]] || plastics in our k [[itch]]
11076,7.mlp.32601,7,mlp,32601,1.0776289115533733,275,0.3345454545454545,7,18,6.18,2,0.9888268156424581,0.0,0.0,0.9537190082644628,275.0,iv,1.0,'iv',Aquifer testing is a p [[iv]] || catalysis stands as a p [[iv]]
14368,10.attn.25029,10,attn,25029,1.0755503878138917,524,0.3683206106870229,10,1,,10,,,,,,a,0.2222222222222222,"'a', 'previous', 'straightforward'",applications is the sector area of [[a]] || applications is the sector area of [[a]]
7327,7.mlp.38300,7,mlp,38300,1.0746481281466722,366,0.3306010928961748,8,7,3.85,5,0.9935897435897436,0.009615384615384581,0.025841346153846145,0.7496443812233285,366.0,Quant,1.0,'Quant',<s> [[Quant]] || <s> [[Quant]]
344,9.resid.19457,9,resid,19457,1.073408545666417,586,0.5494880546075085,10,6,1.2,5,0.967948717948718,0.5961538461538461,-9.794871794871796,1.500617538081515,586.0,the,0.234375,"'the', 'or', '('","Gibbs free energy, represented [[by]] || (G) is what describes [[a]]"
9161,7.mlp.29114,7,mlp,29114,1.0721614656014584,401,0.3865336658354115,7,28,5.5,3,0.9927007299270073,0.006044708029197099,0.0,1.0828625235404896,401.0,tack,1.0,'tack',implement these advanced methodologies to [[tack]] || <s> To [[tack]]
1838,6.mlp.13829,6,mlp,13829,1.0718724926483216,615,0.3560975609756097,7,10,10.6,8,0.9182389937106918,0.0,0.0,0.9933993399339934,615.0,spons,0.78125,"'spons', 'och'",helped clarify their role in mit [[och]] || helped clarify their role in mit [[och]]
3551,7.mlp.25027,7,mlp,25027,1.0688333526601703,167,0.1017964071856287,7,14,0.0,1,0.995850622406639,0.027878630705394203,0.028786307053941917,0.11878291398478642,167.0,.,1.0,'.',located and where labor is demanded [[.]] || located and where labor is demanded [[.]]
11046,7.mlp.38680,7,mlp,38680,1.0674292838805095,386,0.3393782383419689,7,2,12.21,7,0.874706342991386,-0.03478204124249551,-0.035467240929261346,0.7392653905845835,386.0,altern,1.0,'altern',", in [[altern]] || employs [[altern]]"
6039,9.mlp.21783,9,mlp,21783,1.0650200759964978,358,0.1927374301675977,10,14,5.59,2,0.8925925925925926,0.0014756944444443976,0.01504629629629628,0.6913451511991658,358.0,",",1.0,"','","ates updates flawlessly. [[,]] || ates updates flawlessly. [[,]]"
14686,8.mlp.38053,8,mlp,38053,1.0648118524011811,377,0.3952254641909814,8,12,12.73,7,0.9074889867841409,0.0033039647577092213,0.006745594713656433,0.7851447754930759,377.0,p,1.0,'p',is a fundamental principle that under [[p]] || is a fundamental principle that under [[p]]
3077,1.resid.25478,1,resid,25478,1.0641828867306935,93,0.4516129032258064,2,17,5.38,1,0.9047619047619048,-1.2023809523809526,-0.9523809523809523,1.0147194112235511,93.0,finds,0.90625,"'finds', 'find', 'drawn'",human mind [[finds]] || human mind [[finds]]
233,1.resid.12137,1,resid,12137,1.0606364999544975,137,0.5036496350364964,2,4,8.76,3,0.9539473684210527,0.3092105263157895,0.9276315789473684,1.5289256198347108,137.0,credit,0.9375,"'credit', 'optimize', 'aku'","from bad credit situations, extending [[credit]] || to capital and the building of [[credit]]"
14455,9.resid.8463,9,resid,8463,1.0597232902461045,466,0.555793991416309,10,4,1.93,6,0.9491525423728814,0.19491525423728817,0.33615819209039544,1.7684021543985637,466.0,reflect,0.453125,"'reflect', 's', 'with'",in this market are constantly reflect [[ing]] || robust data that accurately mirror [[s]]
14073,6.mlp.18949,6,mlp,18949,1.0566720422376088,245,0.1795918367346938,7,21,0.0,5,0.8888888888888888,0.0,0.0,0.5814614728461757,245.0,<s>,1.0,'<s>',Art. [[<s>]] || Art. [[<s>]]
4062,10.attn.27934,10,attn,27934,1.0562487081024312,316,0.2468354430379747,10,18,0.0,4,0.7651515151515151,0.6742424242424243,0.8484848484848485,0.09043560606060606,316.0,the,0.25,"'the', 'of', 'in'",played essentially hand in arm for [[the]] || played essentially hand in arm for [[the]]
3512,4.mlp.40934,4,mlp,40934,1.054278418777693,517,0.3481624758220503,5,8,6.59,8,0.9867256637168141,0.004701327433628277,0.22676991150442483,0.5716320136713187,517.0,0,1.0,'0',020253 [[0]] || 020253 [[0]]
2013,1.attn.28513,1,attn,28513,1.0534987690818614,66,0.4090909090909091,1,44,16.67,0,0.9759036144578314,0.6807228915662651,0.5301204819277108,1.3253012048192772,66.0,H,0.5625,"'H', 'which', 'first'",Market Hypothesis (EM [[H]] || Market Hypothesis (EM [[H]]
1839,5.resid.17670,5,resid,17670,1.0518312223541533,326,0.6319018404907976,6,0,0.92,5,1.0,0.36868686868686873,0.9646464646464646,0.9090909090909091,326.0,systems,0.328125,"'systems', 'platforms', 'equipment'",ming/linguist programming [[models]] || ming/linguist programming [[models]]
1452,8.resid.1991,8,resid,1991,1.051188397606119,590,0.4152542372881356,9,11,19.02,11,0.8585858585858586,0.7828282828282829,0.6262626262626263,3.323232323232323,590.0,switch,0.578125,"'switch', 'ult', 'ling'","language production, the socioc [[ult]] || language acquisition and socioc [[ult]]"
13111,6.mlp.15613,6,mlp,15613,1.0449963828630937,333,0.6396396396396397,7,12,6.63,9,0.9941176470588236,0.04650735294117647,0.13970588235294112,0.8842676311030742,333.0,st,0.734375,"'st', '_', ','","er join, such as left [[,]] || er join, such as left [[,]]"
2803,6.mlp.25210,6,mlp,25210,1.0448432382332826,660,0.4333333333333333,7,11,16.08,10,0.8872549019607843,0.020680147058823484,0.056372549019607865,0.2730496453900709,660.0,text,0.4375,"'text', 'iz', '-'",a delicate balance between sub [[text]] || a Al-Khwar [[iz]]
2771,6.mlp.12847,6,mlp,12847,1.0447363769931437,367,0.3978201634877384,7,39,8.99,5,0.9753694581280788,0.022167487684729092,0.03417487684729059,0.7929472662568748,367.0,urban,1.0,'urban',experiences unforeseen dist [[urban]] || and human-induced dist [[urban]]
12076,5.mlp.2700,5,mlp,2700,1.0433194064551248,273,0.4615384615384615,6,45,10.29,3,0.9929078014184397,0.04100177304964536,0.044104609929078054,0.7542707695732013,273.0,lications,1.0,'lications',rinos has profound imp [[lications]] || Levels have profound imp [[lications]]
9325,6.mlp.21436,6,mlp,21436,1.0432486811629436,289,0.4325259515570934,6,4,0.0,2,0.9866666666666667,0.0,0.0,0.6235294117647059,289.0,loyal,1.0,'loyal',"ultimately, this approach fosters [[loyal]] || the feedback mechanism that fosters [[loyal]]"
9003,3.resid.38461,3,resid,38461,1.0409850253100763,215,0.4651162790697674,4,35,6.51,6,0.9757281553398058,0.2815533980582524,0.5169902912621359,1.1485033645293525,215.0,it,0.875,"'it', 'yst'","es with reactantes, facil [[it]] || with the reactants, facil [[it]]"
13662,3.mlp.37024,3,mlp,37024,1.0406468216916456,197,0.4010152284263959,4,6,14.21,2,0.9888423988842399,-0.30543933054393313,-0.30543933054393313,0.7574287446937538,197.0,osc,1.0,'osc',ation mechanisms at the nan [[osc]] || of sensor technology to the nan [[osc]]
14008,5.mlp.12785,5,mlp,12785,1.040219178659601,180,0.3222222222222222,6,42,10.61,3,0.9691358024691358,0.00752314814814814,0.0,0.3999197753710389,180.0,s,1.0,'s',", it' [[s]] || <s> It' [[s]]"
9479,0.resid.12578,0,resid,12578,1.038786378283353,52,0.4615384615384615,1,63,0.0,3,0.9605911330049262,0.6182266009852218,0.6896551724137931,1.4324324324324325,52.0,literally,0.953125,"'literally', 'Pope'",walk into – one can literally [[literally]] || walk into – one can literally [[literally]]
12927,7.mlp.475,7,mlp,475,1.0386601910690367,346,0.4624277456647399,8,4,11.3,4,0.9277777777777778,0.008159722222222276,0.020312499999999956,1.0240511086057873,346.0,esian,0.96875,"'esian', 'es', 'ian'",Probability: A Bay [[esian]] || to Bay [[esian]]
13526,9.resid.103,9,resid,103,1.0381114300481664,491,0.5885947046843177,10,6,13.88,4,0.989247311827957,0.20564516129032262,0.9408602150537635,1.111556562663413,491.0,of,0.59375,"'of', 'by', 'to'",instein statistics describe the distribution [[of]] || instein statistics describe the distribution [[of]]
1274,9.resid.37056,9,resid,37056,1.0379010280467944,476,0.5819327731092437,10,30,2.32,4,0.9020979020979021,0.12150349650349646,-0.2797202797202798,1.6944444444444444,476.0,relationships,0.21875,"'relationships', 'space', 'world'",and interpret the three-dimensional [[world]] || onometry expand our understanding of [[space]]
2640,4.resid.22374,4,resid,22374,1.0355452888842431,402,0.5497512437810945,5,17,0.0,3,0.9421487603305785,0.871900826446281,-0.6942148760330578,1.1338289962825279,402.0,",",1.0,"','","starts around 12 months [[,]] || , 9, 9 [[,]]"
7774,10.mlp.11519,10,mlp,11519,1.0350155203047076,487,0.5112936344969199,11,7,8.62,4,0.003953694331983781,0.001549848178137636,0.0004111842105263275,1.4557247602932881,487.0,across,0.53125,"'across', 'over', 'multiple'",allows for flexible resource availability [[across]] || allows for flexible resource availability [[across]]
12919,7.mlp.33154,7,mlp,33154,1.0341135646599535,146,0.1095890410958904,7,17,7.53,3,0.9382716049382716,0.0,0.0,-0.6781115879828327,146.0,",",0.96875,"',', '),'","field of aerospace engineering [[,]] || major turning point in naval engineering [[,]]"
7802,10.attn.25728,10,attn,25728,1.032830156910982,213,0.431924882629108,10,1,3.29,1,0.9832402234636871,0.5865921787709497,0.8491620111731844,0.3023988793556295,213.0,of,0.390625,"'of', 'Ex', 'Le'",Principle of [[Le]] || Principle of In [[clusion]]
10886,8.mlp.14359,8,mlp,14359,1.0311891982284282,319,0.4012539184952978,8,15,2.21,2,0.8928571428571429,0.0,0.0,1.072425499811392,319.0,ely,1.0,'ely',the applied force increases.vers [[ely]] || vers [[ely]]
2538,4.mlp.9141,4,mlp,9141,1.0282101144051383,448,0.53125,5,0,0.89,8,0.974025974025974,0.0,0.0,0.2807017543859649,448.0,cient,0.53125,"'cient', 'primitive', 'sc'",<s> An [[cient]] || <s> An [[cient]]
9318,5.mlp.24075,5,mlp,24075,1.0281932225354498,339,0.5132743362831859,6,5,2.36,4,0.6485714285714286,0.045357142857142874,0.045357142857142874,0.6086956521739131,339.0,avel,0.921875,"'avel', 'communic', 'share'",refractive index across w [[avel]] || refractive index across w [[avel]]
4937,10.mlp.14078,10,mlp,14078,1.0281698084877968,548,0.3740875912408759,10,345,6.76,5,0.9732620320855615,0.002172459893048151,0.006559157754010725,0.8127659574468085,548.0,dich,1.0,'dich',Zuckerberg confronted the [[dich]] || and stillness is a fundamental [[dich]]
8699,1.resid.15725,1,resid,15725,1.0281677111368517,82,0.3414634146341463,2,47,7.32,2,0.9875776397515528,0.25465838509316774,0.577639751552795,1.0461095100864553,82.0,ost,0.90625,"'ost', 'unity'","ables into nutritious comp [[ost]] || , maintaining an appropriate comp [[ost]]"
10716,9.mlp.32555,9,mlp,32555,1.02574388051053,191,0.2827225130890052,9,42,2.62,1,0.9523809523809523,0.0,0.0,0.2908777969018933,191.0,',1.0,"""'""",provides a window into the artist [[']] || which conveys the writer [[']]
3645,6.resid.36079,6,resid,36079,1.0257078716045689,481,0.5301455301455301,7,0,11.04,6,0.9929577464788732,0.13116197183098588,-1.6338028169014085,1.6857675285348241,481.0,alk,0.875,"'alk', 'id'",(alkynes converting to [[alk]] || (alkynes converting to [[alk]]
12028,7.attn.18055,7,attn,18055,1.024989932219396,486,0.5493827160493827,7,25,2.06,8,0.9239130434782609,0.0846920289855072,0.08967391304347827,0.08786444904088629,486.0,of,0.125,"'of', 'the', 'particular'","dimensional knot, which exhib [[its]] || of a knot projected [[onto]]"
6304,7.resid.17364,7,resid,17364,1.024843721682163,494,0.4574898785425101,8,17,0.2,6,0.9875776397515528,0.34782608695652173,0.21118012422360244,1.1818181818181819,494.0,",",0.984375,"',', '),'","elihood and impact of each risk [[,]] || prerequisites are established [[,]]"
872,6.mlp.25720,6,mlp,25720,1.0220496485118853,197,0.5076142131979695,6,39,7.14,3,0.8811188811188811,0.0461101398601399,0.06599650349650354,0.8231292517006803,197.0,ade,0.9375,"'ade', 'inth', 'ze'",challenges can range from in [[ade]] || these areas often struggle with in [[ade]]
8433,6.mlp.21451,6,mlp,21451,1.020712304886101,408,0.3774509803921568,6,34,0.98,4,1.0,0.07211538461538458,0.0675747863247863,0.8594730238393977,408.0,SW,1.0,'SW',issue with [[SW]] || issue with [[SW]]
7012,9.attn.12331,9,attn,12331,1.020406833126165,665,0.5112781954887218,9,9,2.41,11,0.993006993006993,0.0,0.002731643356643332,0.07041017767054178,665.0,of,0.328125,"'of', 'ing', 'that'","human behaviour and government administration, [[including]] || human behaviour and government administration, [[including]]"
4288,8.resid.306,8,resid,306,1.0190945254580115,873,0.40893470790378,9,1,9.85,14,0.9802371541501976,0.9328063241106719,0.015810276679841917,2.241952232606438,873.0,ular,0.4375,"'ular', 'icon', 'fier'",sec [[ular]] || sec [[ular]]
7438,5.mlp.29907,5,mlp,29907,1.017502473107856,496,0.5100806451612904,6,18,11.09,6,0.9900990099009901,0.017636138613861374,0.11324257425742579,0.5301204819277109,496.0,p,0.671875,"'p', 'al', 'layer'",and pooling layers. convolution [[al]] || propagation algorithm plays a [[p]]
13426,10.attn.3325,10,attn,3325,1.0171413022740663,530,0.3584905660377358,10,8,,7,,,,,,and,0.25,"'and', 'within', 'particularly'","based), indirect, register, [[and]] || based), indirect, register, [[and]]"
13850,4.mlp.17485,4,mlp,17485,1.0162994402736445,216,0.5648148148148148,5,8,1.4,4,0.9141104294478528,0.0,0.4355828220858896,0.3181818181818182,216.0,the,1.0,'the',of the matrix subtracted by [[the]] || is described using the equations by [[the]]
2265,2.resid.34402,2,resid,34402,1.0161794329138083,186,0.4193548387096774,3,5,4.3,2,0.9940476190476191,0.22470238095238093,0.40773809523809523,1.2090261282660333,186.0,ance,0.703125,"'ance', 'ry', 'competition'",be classified as incomplete domin [[ance]] || <s> Complete domin [[ance]]
8035,3.mlp.28141,3,mlp,28141,1.0121709411873507,211,0.3981042654028436,3,22,0.48,2,0.9743589743589743,0.014022435897435903,0.10576923076923073,0.7949640287769785,211.0,osc,1.0,'osc',"moods like chiar [[osc]] || manner, known as chiar [[osc]]"
13818,4.mlp.11999,4,mlp,11999,1.0113375614196127,459,0.3703703703703703,5,13,1.97,5,0.8855421686746988,0.014118975903614439,0.0956325301204819,0.9936583432421721,459.0,iast,0.6875,"'iast', 'atr'",it shifted the eccles [[iast]] || <s> The [[atr]]
741,7.mlp.19667,7,mlp,19667,1.0109871397636845,385,0.4493506493506493,8,4,12.5,3,0.8267326732673268,0.030167079207920833,0.0331064356435643,0.8131689912422965,385.0,w,1.0,'w',"laws, such as the minimum [[w]] || of which there were defined minimum [[w]]"
10874,8.mlp.7826,8,mlp,7826,1.0108453768223769,417,0.4580335731414868,9,30,7.69,3,0.9951219512195122,0.017606707317073145,0.021646341463414598,0.8446601941747572,417.0,oph,0.9375,"'oph', 'aking', 'natural'",discipline employs various ge [[oph]] || discipline employs various ge [[oph]]
2716,5.mlp.1260,5,mlp,1260,1.0104279807983885,218,0.3440366972477064,6,9,1.83,3,0.9136690647482014,0.00876798561151082,0.015175359712230163,0.48663101604278075,218.0,lingu,0.796875,"'lingu', 'ingu'",and promote scientific research in L [[ingu]] || the secret sauce in a [[lingu]]
7272,4.mlp.8666,4,mlp,8666,1.0100690685308809,99,0.2323232323232323,5,8,0.0,1,0.9483870967741935,0.0,0.18548387096774188,0.2014260249554367,99.0,the,1.0,'the',"concept is founded on [[the]] || ing, which is supported by [[the]]"
13572,9.mlp.17239,9,mlp,17239,1.0098143141845974,325,0.3723076923076923,9,2,1.54,4,0.9150943396226415,0.0,0.007149174528301883,0.8678122934567085,325.0,bre,1.0,'bre',"950s, ground [[bre]] || ground [[bre]]"
7830,10.attn.11705,10,attn,11705,1.009616952913855,261,0.2567049808429119,10,40,,2,,,,,,of,0.2222222222222222,"'of', '(', ';'",a symbol of the diverse range [[of]] || a symbol of the diverse range [[of]]
12704,3.mlp.26882,3,mlp,26882,1.00898709659837,331,0.3746223564954682,4,5,0.91,3,0.962962962962963,0.0,0.11441798941798942,0.2742099898063201,331.0,loyment,0.53125,"'loyment', 'rain'",important pathways for modern d [[rain]] || important pathways for modern d [[rain]]
3285,9.attn.22192,9,attn,22192,1.0087692860738389,941,0.4771519659936238,9,19,12.02,13,0.9813084112149533,0.017085280373831724,0.017888434579439227,0.08002336448598131,941.0,the,0.546875,"'the', ';', 'ishes'",maintaining their connections. distingu [[ishes]] || maintaining their connections. distingu [[ishes]]
10499,10.resid.21641,10,resid,21641,1.0082641587922485,435,0.6137931034482759,11,40,2.07,9,0.8976377952755905,0.984251968503937,0.18996062992125984,1.3461538461538463,435.0,structures,0.296875,"'structures', 'characteristics', 'ins'",can transform strings into enticing [[pieces]] || create materials with specific properties and [[structures]]
3709,6.mlp.32579,6,mlp,32579,1.0077349861577063,328,0.4024390243902439,6,17,3.67,5,0.9536082474226804,0.03237757731958768,0.006282216494845394,0.6404494382022472,328.0,similar,0.8125,"'similar', 'ed', 'able'","inherent inverse, liken [[ed]] || oiled machine, liken [[ed]]"
10901,3.resid.19274,3,resid,19274,1.0073916563889906,283,0.6219081272084805,4,14,9.54,4,0.9336283185840708,0.3163716814159292,0.8893805309734513,0.69433465085639,283.0,ial,0.34375,"'ial', 'ical', 'ist'",to this imbalance. [[ist]] || to this imbalance. [[ist]]
6796,1.resid.20172,1,resid,20172,1.0059104622144712,104,0.3846153846153846,2,39,2.88,3,0.9944289693593314,0.9375580315691736,0.9605385329619313,0.994261119081779,104.0,appropriate,0.828125,"'appropriate', 'relevant', 'immediate'",", selecting [[appropriate]] || results. media, which provide [[immediate]]"
14461,9.resid.3292,9,resid,3292,1.0051264617612237,796,0.4057788944723618,10,1,11.56,8,0.9716312056737588,0.9361702127659575,-0.43971631205673756,2.1555555555555554,796.0,ster,0.65625,"'ster', 'Ster', 'old'",individual components before adding them under [[ster]] || individual components before adding them under [[ster]]
4795,0.resid.1511,0,resid,1511,1.0051079851937026,65,0.4615384615384615,1,34,7.69,1,0.9212121212121213,0.40909090909090906,0.4303030303030303,1.9300567107750473,65.0,ount,0.65625,"'ount', 'grat', '。'","���,�� [[�]] || hyperbolic and exponential disc [[ount]]"
14029,6.mlp.14122,6,mlp,14122,1.005037927663699,455,0.3846153846153846,7,42,1.1,6,0.7791411042944785,0.0,0.0,0.7788617886178861,455.0,',0.640625,"""'"", 'estr'",<s> Molecular biology [[']] || <s> Molecular biology [[']]
3390,3.resid.30283,3,resid,30283,1.0042327773354516,283,0.5936395759717314,4,17,7.45,3,0.9174311926605505,0.5045871559633027,0.6192660550458715,0.5739644970414202,283.0,yet,0.421875,"'yet', 'ly', 'even'","nor, but, or, [[yet]] || nor, but, or, [[yet]]"
4348,8.mlp.31678,8,mlp,31678,1.0039939227928945,336,0.3660714285714285,9,16,22.09,5,0.9094202898550725,0.02898550724637683,0.050045289855072506,0.8184451955577016,336.0,ado,1.0,'ado',<s> Par [[ado]] || <s> Par [[ado]]
12921,7.mlp.31071,7,mlp,31071,1.0022213296257914,205,0.3170731707317073,7,12,12.2,1,0.9615384615384616,0.0,0.004657451923076872,0.7895375898006678,205.0,w,1.0,'w',"during this period, they under [[w]] || CE, both ancient languages under [[w]]"
13716,3.resid.5448,3,resid,5448,1.0019465375738903,284,0.4823943661971831,4,23,2.12,2,0.9074074074074074,0.25115740740740744,0.7731481481481481,0.625,284.0,grat,0.578125,"'grat', 'bla', 'sie'","wavelengths.mission [[grat]] || of selective diffraction, [[grat]]"
10207,5.mlp.29522,5,mlp,29522,1.001196655152888,302,0.466887417218543,6,41,12.58,4,0.9742489270386266,0.0,0.0065048283261802675,0.6954939826476351,302.0,c,0.90625,"'c', 'something', 'anything'",understanding are key components of inter [[c]] || ful navigation and management of inter [[c]]
6494,5.mlp.40657,5,mlp,40657,1.0006513545124398,699,0.5393419170243204,6,14,0.29,9,0.9464285714285714,0.0,0.1428571428571429,0.0871559633027523,699.0,.,0.875,"'.', 'ither', '.""'",ties within communities.ender [[.]] || ties within communities.ender [[.]]
4524,7.mlp.12251,7,mlp,12251,1.0000327293552502,272,0.2830882352941176,7,45,0.74,1,0.9868421052631579,0.004523026315789491,0.0,0.7015613538719481,272.0,thanks,0.8125,"'thanks', 'due'","pizza crusts, [[thanks]] || pizza crusts, [[thanks]]"
4781,0.resid.1043,0,resid,1043,0.999383126545114,48,0.5208333333333334,1,19,22.92,2,0.9790794979079498,0.5648535564853556,0.8493723849372385,1.3141896435776732,48.0,ix,0.765625,"'ix', 'suffix', 'fix'",refixation attaches aff [[ix]] || refixes are aff [[ix]]
6363,4.resid.24841,4,resid,24841,0.9992655089632364,407,0.4692874692874693,5,17,1.23,5,0.9865470852017937,0.3363228699551569,0.9506726457399103,1.2866372980910425,407.0,",",0.875,"',', '2', 'that'","of practical wisdom—after all [[,]] || 'fun' – after all [[,]]"
6320,7.resid.39312,7,resid,39312,0.9981918526735706,579,0.542314335060449,8,4,3.63,8,0.9953051643192489,0.3145539906103286,-1.868544600938967,1.3325062034739454,579.0,ving,0.3125,"'ving', 'their', 'improve'",refine their work and improve [[their]] || a unique opportunity to practice and [[improve]]
6476,5.mlp.19343,5,mlp,19343,0.9952005700060668,301,0.5049833887043189,6,10,8.31,4,0.9845360824742269,0.014094716494845394,0.03898195876288657,0.7810526315789473,301.0,igen,0.984375,"'igen', 'oun'",asant encounters with ind [[igen]] || course of development for both ind [[igen]]
8965,3.mlp.5803,3,mlp,5803,0.9940031449615792,382,0.4136125654450261,4,6,11.02,6,0.9859154929577465,0.0,0.0,0.41088180112570355,382.0,et,0.703125,"'et', 'fib', 'particle'","<s> Optical [[fib]] || stewardship, honoring [[et]]"
6855,10.attn.8004,10,attn,8004,0.9930143929927316,780,0.4884615384615384,10,68,12.85,10,0.8881578947368421,0.16611842105263153,0.14884868421052633,0.02230674342105263,780.0,of,0.234375,"'of', 'the', 'involves'",other speech production: the introduction [[of]] || other speech production: the introduction [[of]]
9987,3.resid.33227,3,resid,33227,0.992623180735085,249,0.5823293172690763,4,5,8.43,3,0.9432314410480349,0.4301310043668122,0.6462882096069869,0.7073170731707317,249.0,improve,0.3125,"'improve', 'reduce', 'support'",es to minimize injury and [[improve]] || es to minimize injury and [[improve]]
13441,10.attn.14721,10,attn,14721,0.9912914323852032,243,0.411522633744856,10,5,,3,,,,,,guide,0.5,"'guide', 'including', 'through'",ers. principles and methods that [[guide]] || ers. principles and methods that [[guide]]
675,7.resid.10790,7,resid,10790,0.9912765956732222,428,0.455607476635514,8,21,0.95,8,0.8252427184466019,0.2815533980582524,0.27184466019417475,1.3202065848934796,428.0,When,0.984375,"'When', 'Yet'",<s> [[When]] || <s> [[When]]
14054,5.resid.16793,5,resid,16793,0.9899547800522418,477,0.59958071278826,6,2,15.3,6,0.9081632653061225,0.4336734693877551,0.2551020408163265,0.8685121107266436,477.0,York,0.21875,"'York', 'но', 'ности'",стика соотверен [[но]] || стика соотверен [[но]]
9015,3.resid.36740,3,resid,36740,0.989330133341716,322,0.4006211180124223,4,2,0.0,2,0.9731051344743277,0.7463325183374083,0.8178484107579462,1.232449917711821,322.0,anal,0.640625,"'anal', 'ograph', 'rome'",is [[anal]] || is [[anal]]
5874,1.resid.11129,1,resid,11129,0.989284941324702,73,0.3972602739726027,2,30,4.11,2,0.96875,0.3995535714285714,0.5892857142857143,1.0687088462639565,73.0,resources,0.90625,"'resources', 'resource', 'Resources'",change in the evolution of human [[resources]] || what was the development of human [[resources]]
7172,8.mlp.10303,8,mlp,10303,0.9882143021936028,343,0.4868804664723032,8,27,1.17,3,0.9300699300699301,0.0,0.0,0.9156118143459916,343.0,ten,0.984375,"'ten', 'as'",20% of all at [[ten]] || 20% of all at [[ten]]
8616,10.resid.23683,10,resid,23683,0.9881664547060074,287,0.5749128919860628,11,7,1.05,3,0.8734939759036144,-5.469879518072289,-3144.024096385542,0.3380614657210402,287.0,maintenance,0.296875,"'maintenance', 'optimization', 'analysis'","smart meters), more predictive [[analysis]] || smart meters), more predictive [[analysis]]"
4334,8.mlp.12450,8,mlp,12450,0.9867185310998522,380,0.3552631578947368,8,33,0.0,2,0.9766355140186916,0.0038332359813083583,0.0024824766355140415,0.9243778155232257,380.0,Charles,1.0,'Charles',"Louis Hjelmslev, [[Charles]] || and Britain, language teachers like [[Charles]]"
1235,10.attn.29343,10,attn,29343,0.9856226444968804,650,0.4323076923076923,10,1,,8,,,,,,the,0.2222222222222222,"'the', 'and', 'traditional'","surveys and focus groups, [[with]] || surveys and focus groups, [[with]]"
4050,10.attn.3953,10,attn,3953,0.9842498216403628,446,0.3901345291479821,10,21,0.0,3,0.9230769230769231,0.9294871794871795,0.8846153846153846,0.04667467948717949,446.0,and,0.21875,"'and', 'nas', 'the'",geometrical constructions [...] Their [[distinct]] || geometrical constructions [...] Their [[distinct]]
5289,8.mlp.15708,8,mlp,15708,0.9841965973238302,318,0.3679245283018867,8,41,25.16,6,0.9767441860465116,0.0,0.010855741279069742,0.8882854926299457,318.0,un,1.0,'un',"us to track multiple parameters and [[un]] || ing this skill, readers can [[un]]"
2710,5.mlp.40779,5,mlp,40779,0.9834162787882008,249,0.4056224899598393,6,36,1.2,4,0.9492753623188406,0.036684782608695676,0.012341485507246341,0.5075593952483801,249.0,as,1.0,'as',buying experience; it acts [[as]] || buying experience; it acts [[as]]
353,2.mlp.14418,2,mlp,14418,0.9833906236004266,124,0.4758064516129032,3,6,37.4,4,0.9858156028368794,0.06914893617021278,0.14627659574468088,0.7349748181309457,124.0,Field,1.0,'Field',to Topological Quantum [[Field]] || <s> # Conformal [[Field]]
7636,0.resid.35320,0,resid,35320,0.9833182577235506,35,0.4285714285714285,1,447,5.71,1,0.9712643678160919,0.5402298850574713,0.7988505747126436,1.213089802130898,35.0,ing,0.34375,"'ing', 'ure', 'ed'",", script [[ing]] || adapters as these script [[ing]]"
682,4.mlp.14480,4,mlp,14480,0.9832675197068428,332,0.4728915662650602,5,0,6.67,4,0.9492753623188406,0.026268115942028936,0.009227807971014523,0.7272727272727273,332.0,find,1.0,'find',"promote fair and inclusive way [[find]] || settings, signage and way [[find]]"
815,5.mlp.9156,5,mlp,9156,0.9807735775407832,496,0.5060483870967742,6,17,0.4,9,0.9490740740740741,0.0,0.0,0.4382716049382716,496.0,and,0.8125,"'and', 'or'",displacement of unique worldviews [[and]] || to enrich character motivations [[and]]
1667,7.mlp.24138,7,mlp,24138,0.9806915898731796,155,0.2129032258064516,7,11,1.29,1,0.9105263157894736,0.01529605263157896,0.017434210526315774,0.6429752066115703,155.0,-,1.0,'-',R is quickly becoming a game [[-]] || a powerful methodology for problem [[-]]
8012,8.resid.22299,8,resid,22299,0.9771426839691952,489,0.5521472392638037,9,29,10.22,7,1.0,0.2338056680161943,0.9230769230769231,0.8227027027027027,489.0,",",0.9375,"',', ':'",", and engagement. instance [[,]] || , and engagement. instance [[,]]"
1615,7.resid.16318,7,resid,16318,0.9764327318896878,334,0.6497005988023952,8,6,17.12,5,0.8947368421052632,0.368421052631579,0.9539473684210527,0.9625117150890347,334.0,est,0.765625,"'est', 'plan', 'planet'",trajectories that governs cel [[est]] || trajectories that governs cel [[est]]
525,8.resid.2734,8,resid,2734,0.9762400954331087,582,0.5824742268041238,9,39,0.86,4,0.7489711934156378,0.9382716049382716,0.6831275720164609,0.4767295597484277,582.0,ain,0.375,"'ain', 'opp', ','",that were previously considered unatt [[ain]] || unlocking previously unatt [[ain]]
12740,3.mlp.24147,3,mlp,24147,0.9759507452810988,200,0.435,4,22,6.5,4,0.9555555555555556,0.015625,0.5703703703703704,0.537798485730926,200.0,Im,1.0,'Im',"with surface appearance, the newer [[Im]] || significant change as the movement from [[Im]]"
10561,10.mlp.14093,10,mlp,14093,0.975591195125834,469,0.5650319829424307,11,10,0.21,5,0.9358974358974359,0.0,0.003238514957264904,1.1355932203389831,469.0,where,0.203125,"'where', 'of', 'ating'",es the intricate mechanism by [[which]] || of transcription that involves writing [[down]]
2570,4.mlp.21372,4,mlp,21372,0.9750358130083596,245,0.4857142857142857,5,11,9.02,2,0.9682539682539683,0.035218253968253954,0.04265873015873012,0.39465875370919884,245.0,-,0.59375,"'-', 'ism', 'and'",reactions known as the light [[-]] || symbiosis of light [[-]]
3472,4.mlp.13443,4,mlp,13443,0.9740443057847346,249,0.5381526104417671,5,17,0.4,5,0.9022988505747126,0.08943965517241381,0.3591954022988506,0.2310405643738977,249.0,and,0.890625,"'and', ','","ments, businesses, organizations [[,]] || ments, businesses, organizations [[,]]"
3735,6.mlp.21415,6,mlp,21415,0.9724912752672116,267,0.2284644194756554,6,5,19.55,2,0.9779411764705882,0.0,0.005170036764705843,0.9064783244033122,267.0,eu,1.0,'eu',"carriers), tactical man [[eu]] || aped by the strategic man [[eu]]"
4604,6.resid.26490,6,resid,26490,0.9711762040598816,479,0.5260960334029228,7,20,9.41,8,0.9473684210526316,0.5380116959064327,0.4766081871345029,1.3554145180483934,479.0,of,0.671875,"'of', 'to'",ic conditions demands careful attention [[to]] || requires attention to detail and consideration [[of]]
5514,5.mlp.12862,5,mlp,12862,0.969234744570618,317,0.5299684542586751,6,0,2.52,3,0.9415584415584416,0.0,0.014001623376623362,0.41284403669724773,317.0,provides,0.5625,"'provides', 'offers', 'provide'",fields allowing.<s> This section [[provides]] || .amining these fundamental systems [[provides]]
6529,6.mlp.40844,6,mlp,40844,0.9682550860739648,628,0.464968152866242,7,0,0.0,7,0.8647342995169083,0.19927536231884058,0.05555555555555558,0.8050139275766016,628.0,impl,0.921875,"'impl', 'Information', 'ph'",", research into biomedical [[impl]] || , research into biomedical [[impl]]"
1504,8.mlp.21659,8,mlp,21659,0.9681453169189854,367,0.3160762942779291,8,35,1.91,5,0.8955223880597015,0.05247201492537312,0.10727611940298509,1.0475482912332839,367.0,these,1.0,'these',of [[these]] || of [[these]]
3729,6.mlp.24408,6,mlp,24408,0.9679929928432076,259,0.2972972972972973,6,25,8.49,3,0.9142857142857143,0.025000000000000022,0.004761904761904745,0.8123167155425219,259.0,bul,1.0,'bul',are at their peak during tur [[bul]] || are at their peak during tur [[bul]]
7085,3.mlp.2437,3,mlp,2437,0.9664790693620992,575,0.4852173913043478,4,2,8.2,8,0.9136690647482014,0.3309352517985612,0.9712230215827338,-0.18126520681265207,575.0,that,0.703125,"'that', 'ân', 'cu'",", Br [[ân]] || u` which itself depends on [[`]]"
6134,3.mlp.32570,3,mlp,32570,0.9664771750814122,248,0.4717741935483871,4,22,8.91,2,0.9297520661157025,0.0003873966942148366,0.06301652892561982,0.7604790419161677,248.0,is,0.765625,"'is', 'attention', 'focus'","), there might be greater emphas [[is]] || ), there might be greater emphas [[is]]"
5405,7.resid.10074,7,resid,10074,0.9659429498849827,290,0.6793103448275862,8,20,9.66,5,0.9673469387755103,0.1438775510204081,0.6122448979591837,0.7740693196405648,290.0,world,0.21875,"'world', 'stage', 'istry'",ors of our planet's [[surface]] || scenes celebs of the [[body]]
7908,2.resid.40211,2,resid,40211,0.9658009928264304,181,0.3867403314917127,3,26,12.15,4,0.9325153374233128,0.2791411042944786,0.5368098159509203,1.2808716707021792,181.0,revel,0.828125,"'revel', 'anticip'",lines vary in their handling of [[revel]] || lines vary in their handling of [[revel]]
1592,4.mlp.7826,4,mlp,7826,0.964535225872312,179,0.4804469273743016,5,5,7.3,1,0.9887640449438202,0.0484550561797753,0.011411516853932602,0.9941860465116279,179.0,ive,1.0,'ive',cript [[ive]] || <s> # Descript [[ive]]
9683,10.attn.14191,10,attn,14191,0.9634134615252634,452,0.2676991150442478,10,14,,4,,,,,,of,0.18181818181818182,"'of', 'while', 'the'",target audiences. roots [[of]] || target audiences. roots [[of]]
10286,6.mlp.19632,6,mlp,19632,0.96264915512281,274,0.2992700729927007,6,8,16.79,4,0.896551724137931,0.0,0.0063577586206896575,1.0907652866415753,274.0,latter,1.0,'latter',and services.<s> During the [[latter]] || precedented change in the [[latter]]
3585,7.mlp.23179,7,mlp,23179,0.962287184309912,312,0.3141025641025641,8,11,12.18,3,0.9943820224719101,0.0,0.0,0.9300801165331392,312.0,World,1.0,'World',post- [[World]] || post- [[World]]
14928,5.mlp.6072,5,mlp,6072,0.9621657772489284,301,0.3588039867109635,6,22,5.69,3,0.9858490566037735,0.12028301886792447,0.16273584905660377,0.904,301.0,Ram,1.0,'Ram',).<s> At the heart of [[Ram]] || ).<s> At the heart of [[Ram]]
2458,3.resid.39024,3,resid,39024,0.9620888977134197,281,0.5836298932384342,4,0,0.72,3,0.9411764705882353,0.21266968325791857,0.6606334841628959,1.0935672514619883,281.0,tower,0.546875,"'tower', 'jump', 'swing'",ulus stratusand towering [[tower]] || ulus stratusand towering [[tower]]
8010,8.resid.1629,8,resid,1629,0.961889626111364,508,0.5728346456692913,9,37,1.38,8,0.9417040358744395,-1.766816143497758,-1.695067264573991,1.2522522522522523,508.0,France,0.15625,"'France', 'City', 'UK'",ude Van Dampside in [[Paris]] || ude Van Dampside in [[Paris]]
1683,7.mlp.24118,7,mlp,24118,0.9605448972393972,156,0.0897435897435897,7,8,1.92,2,0.927461139896373,0.0,0.003400259067357525,0.4199134199134199,156.0,the,1.0,'the',by the smaller and then replace [[the]] || by the smaller and then replace [[the]]
13721,8.mlp.40066,8,mlp,40066,0.9601815708392828,550,0.4254545454545455,8,2,5.65,6,0.9808917197452229,0.005025875796178303,0.0,0.9411824772796896,550.0,tant,1.0,'tant',use of metaphors is [[tant]] || a revolution in accuracy that is [[tant]]
594,4.attn.19822,4,attn,19822,0.9598433129316232,245,0.563265306122449,4,11,7.35,4,0.7696141775890715,0.20546427912128484,0.29407421081779583,0.28998856989175015,245.0,ple,1.0,'ple',Inclusion-Exclusion Princi [[ple]] || Inclusion-Exclusion Princi [[ple]]
12546,9.resid.1019,9,resid,1019,0.9596922548175112,376,0.574468085106383,10,6,6.4,7,0.9808917197452229,0.4140127388535032,0.37579617834394907,0.41916167664670656,376.0,different,0.34375,"'different', 'to', 'various'","reliability, and performance under [[different]] || reliability, and performance under [[different]]"
3932,10.resid.9668,10,resid,9668,0.95960562690153,692,0.4884393063583815,11,1,2.9,12,0.852760736196319,0.5153374233128835,0.5214723926380368,1.59375,692.0,format,0.375,"'format', 'al', 'ied'",create a full-bod [[ied]] || create a full-bod [[ied]]
5372,4.mlp.5198,4,mlp,5198,0.9589511426134184,151,0.3245033112582781,4,44,5.3,1,0.978494623655914,0.008904569892473124,0.31720430107526887,0.40053763440860213,151.0,(,1.0,'(',operations.ificial Intelligence [[(]] || of Artificial Intelligence [[(]]
14028,5.resid.13677,5,resid,13677,0.9576445640120154,368,0.5081521739130435,6,11,10.9,6,0.8945147679324894,0.5126582278481013,0.5738396624472574,1.0242718446601942,368.0,-,0.8125,"'-', 'means', 'understand'",offer an easy [[-]] || highly effective. offer an easy [[-]]
2429,8.mlp.28739,8,mlp,28739,0.9568635160208896,245,0.4857142857142857,8,12,6.56,3,0.9315068493150684,0.018835616438356184,0.025042808219178037,0.6173285198555957,245.0,each,1.0,'each',altered how individuals interact with [[each]] || ize the way people interact with [[each]]
1505,3.resid.34833,3,resid,34833,0.9554688685966886,310,0.4612903225806452,4,10,16.5,5,0.9855769230769231,0.18509615384615385,0.47596153846153844,1.2939825447864033,310.0,exer,0.703125,"'exer', 'era', 'dol'",tests include listening [[exer]] || tests include listening [[exer]]
9190,4.resid.21992,4,resid,21992,0.955461084651582,314,0.5668789808917197,5,17,0.32,4,0.9484536082474226,0.09278350515463918,-0.4226804123711341,1.4469571000997672,314.0,and,0.703125,"'and', ','",us (17th) [[and]] || us (17th) [[and]]
10109,4.resid.5740,4,resid,5740,0.9552725291233491,242,0.7396694214876033,5,0,8.75,2,0.935251798561151,0.48201438848920863,0.8597122302158273,0.033766233766233764,242.0,ular,0.53125,"'ular', 'abol', 'ive'",symbolizes the beauty of cell [[ular]] || a gateway to other met [[abol]]
14601,3.mlp.18151,3,mlp,18151,0.9545534752610804,152,0.3355263157894737,3,10,3.95,3,0.9052631578947369,0.06085526315789469,0.09013157894736845,0.7579617834394905,152.0,fo,1.0,'fo',tasked with mastering sea [[fo]] || choose from a range of sea [[fo]]
819,5.mlp.38754,5,mlp,38754,0.9538324188831544,460,0.5673913043478261,6,0,1.31,8,0.8504273504273504,0.1004273504273504,0.10897435897435892,0.8196221815965874,460.0,figure,0.796875,"'figure', 'ely', 'del'",to have been a seminal [[figure]] || to have been a seminal [[figure]]
10110,7.mlp.22800,7,mlp,22800,0.9531422039019166,205,0.3853658536585366,8,4,16.67,3,0.9692307692307692,0.03269230769230769,0.033173076923076916,1.0112201963534362,205.0,rop,1.0,'rop',the Agricultural Revolution made c [[rop]] || ptation strategies include c [[rop]]
3341,8.resid.32569,8,resid,32569,0.952199115874439,307,0.6644951140065146,9,16,15.64,5,0.9507042253521126,0.5985915492957746,0.5704225352112676,1.1310133060388945,307.0,plane,0.421875,"'plane', 'interval', 'point'",to a double integral over the [[plane]] || a simple closed curve in a [[plane]]
13875,7.mlp.8395,7,mlp,8395,0.9519952358120816,239,0.4393305439330544,8,12,5.86,3,0.9536082474226804,0.012483891752577359,0.0034632731958762486,0.5205992509363296,239.0,which,0.828125,"'which', 'that'",": spectrophotometry, [[which]] || : spectrophotometry, [[which]]"
9142,4.mlp.31535,4,mlp,31535,0.9519704080014388,199,0.3668341708542713,5,49,10.05,3,0.9556962025316456,0.027689873417721556,0.018196202531645556,0.6827004219409283,199.0,our,1.0,'our',stone of sustainable s [[our]] || practices to sustainable s [[our]]
13611,9.attn.24049,9,attn,24049,0.9512054512737986,676,0.5310650887573964,9,32,0.15,5,0.9807692307692307,0.016826923076923128,0.043669871794871806,-0.017440638789661695,676.0,introduced,0.09375,"'introduced', 'proposed', 'ts'","89, provided the basis [[for]] || 89, provided the basis [[for]]"
8979,3.mlp.6118,3,mlp,6118,0.9498013503288496,353,0.4674220963172804,4,56,2.56,7,0.96875,0.0,0.059814453125,0.2864459712679575,353.0,ff,0.59375,"'ff', 'both'",and discuss the significance of gra [[ff]] || isms to be used for both [[both]]
1226,10.attn.31129,10,attn,31129,0.9468419109111744,852,0.3392018779342723,10,1,0.0,11,0.9862068965517241,0.806896551724138,0.7310344827586207,0.0,852.0,to,0.234375,"'to', 'of', 'studying'","letal disorders, including [[joint]] || letal disorders, including [[joint]]"
749,7.mlp.3277,7,mlp,3277,0.9429592749293446,325,0.3938461538461538,7,30,1.23,4,0.9753694581280788,0.00230911330049266,0.0,0.8205607476635514,325.0,macro,1.0,'macro',", and societal changes. [[macro]] || , and societal changes. [[macro]]"
4304,8.resid.40031,8,resid,40031,0.9425522904040392,474,0.3924050632911392,8,32,2.75,5,0.9811320754716981,0.679245283018868,-0.7044025157232705,1.763542562338779,474.0,abandon,1.0,'abandon',iry explores the concept of [[abandon]] || fronting these complex dimensions of [[abandon]]
14916,5.mlp.29712,5,mlp,29712,0.9400710057128164,561,0.4260249554367201,6,58,7.13,7,0.9761904761904762,0.0,0.1339285714285714,0.67590618336887,561.0,current,0.578125,"'current', 'also'",well beyond its initial mission. [[current]] || uncontrolled reactions. [[current]]
14439,9.resid.6756,9,resid,6756,0.9383777873022804,969,0.4447884416924664,10,1,15.91,14,0.9197080291970803,-0.6423357664233578,-11.255474452554745,1.3989649494236651,969.0,rig,0.75,"'rig', 'per', 'Moz'",novative ir [[rig]] || novative ir [[rig]]
9049,3.resid.6422,3,resid,6422,0.9380863026124808,289,0.4429065743944637,4,24,7.61,1,0.9958333333333333,0.13645833333333335,0.18333333333333335,0.8002773925104022,289.0,0,0.53125,"'0', '', '1'",2.58 million before [[]] || 2.58 million before [[]]
14798,4.mlp.31411,4,mlp,31411,0.9376103280874072,566,0.4293286219081272,5,19,1.24,6,0.94,0.011874999999999969,0.15400000000000003,0.19658119658119658,566.0,stir,0.484375,"'stir', 'quot', 'vers'",atcher helped to popularize [[stir]] || atcher helped to popularize [[stir]]
7877,9.resid.9093,9,resid,9093,0.9375458004749876,642,0.4937694704049844,10,10,10.76,4,0.8222222222222222,0.08101851851851849,0.962962962962963,1.3592233009708738,642.0,levels,0.265625,"'levels', 'level', 'water'",profound implications for sea [[level]] || vital role in regulating sea [[levels]]
8792,9.resid.15172,9,resid,15172,0.936772303874697,540,0.4888888888888889,10,16,10.78,8,0.8571428571428572,0.8403361344537815,0.3046218487394958,1.9788519637462236,540.0,rank,0.9375,"'rank', 'phase', 'Visible'","and potential dimensionality, the [[rank]] || is the relationship between Morley [[rank]]"
818,6.resid.34272,6,resid,34272,0.9343755662557868,369,0.5420054200542005,7,14,9.24,7,0.5604026845637584,0.9865771812080537,0.8120805369127517,1.0291041382446566,369.0,the,0.671875,"'the', 'these', 's'",fluctuations.standing [[the]] || impacting the environment.standing [[the]]
3731,6.mlp.24852,6,mlp,24852,0.933945160475543,225,0.4177777777777778,6,11,4.0,1,0.8823529411764706,0.0008425245098039325,0.007314644607843146,0.6823082292716979,225.0,-,1.0,'-',undertaken by people on large [[-]] || it a robust selection for large [[-]]
6354,7.mlp.1497,7,mlp,1497,0.932727236737955,273,0.3296703296703296,7,30,22.06,4,0.9536082474226804,0.0,0.005154639175257714,0.71611071682044,273.0,ir,1.0,'ir',"evolution of [[ir]] || , which represents the evolution of [[ir]]"
12153,6.mlp.33982,6,mlp,33982,0.9313470940288312,291,0.3127147766323024,6,31,3.45,4,0.9213483146067416,0.012903792134831504,0.020014044943820197,0.8056448731689889,291.0,clin,1.0,'clin',an effective treatment plan. as [[clin]] || an effective treatment plan. as [[clin]]
2440,3.resid.21260,3,resid,21260,0.9305187869509102,204,0.3970588235294117,4,23,0.0,5,0.995475113122172,0.13518099547511309,0.3846153846153846,1.1582315299592787,204.0,tender,1.0,'tender',about cooking but also about [[tender]] || about cooking but also about [[tender]]
664,4.mlp.35684,4,mlp,35684,0.9300457093749296,392,0.3622448979591837,5,19,8.44,5,0.965034965034965,0.005572552447552392,0.24125874125874125,0.5550202562137304,392.0,ticket,0.625,"'ticket', 'ver'",have also led to instantaneous [[ticket]] || and savings applied through mobile [[ticket]]
10912,8.mlp.36274,8,mlp,36274,0.929482612948308,309,0.3236245954692556,8,38,11.33,4,0.9827586206896551,0.0013469827586206629,0.013065732758620663,0.7593984962406015,309.0,while,0.953125,"'while', 'whilst', 'whereas'",ing with egalition) [[while]] || ability to offer constructive criticism [[while]]
407,2.resid.22960,2,resid,22960,0.9288941833681084,150,0.44,3,16,2.67,1,0.9953051643192489,0.17723004694835676,0.2417840375586855,1.0282072942299922,150.0,eigen,0.96875,"'eigen', 'ogram'",; any scalar multiple of an [[eigen]] || a subspace composed entirely of [[eigen]]
8850,9.mlp.31365,9,mlp,31365,0.9286580997992404,542,0.5092250922509225,10,21,3.88,5,0.33072916666666663,0.002197265625,0.11783854166666663,1.1619433198380567,542.0,ful,0.46875,"'ful', 'ive', 'fficient'",<s> Success [[ful]] || <s> Effect [[ive]]
10264,6.mlp.14570,6,mlp,14570,0.9286270654583864,377,0.5092838196286472,7,0,1.33,3,0.9680365296803652,0.05679223744292239,0.014269406392694028,0.7894736842105263,377.0,without,0.9375,"'without', 'is', 'sp'",flow smoothly through the surface [[without]] || flow smoothly through the surface [[without]]
8056,8.resid.11962,8,resid,11962,0.9284730244969788,518,0.5752895752895753,9,37,1.55,5,0.9656488549618321,0.5687022900763359,0.3244274809160306,1.59375,518.0,in,0.703125,"'in', 'on', 'within'",ultimately results in stability for vessel [[in]] || ultimately results in stability for vessel [[in]]
3728,5.resid.22795,5,resid,22795,0.9274590087269898,391,0.5473145780051151,6,0,3.85,5,0.948905109489051,0.5182481751824817,0.7992700729927007,1.1792956243329775,391.0,ru,0.609375,"'ru', 'cru', 'param'",<s> String Inst [[ru]] || <s> String Inst [[ru]]
4328,8.mlp.18809,8,mlp,18809,0.9271870680842114,304,0.3388157894736842,9,21,2.31,2,0.9545454545454546,0.0,0.0,1.0051687934097884,304.0,its,0.90625,"'its', 'their'",for future development.<s> With [[its]] || <s> With [[its]]
1847,5.resid.9998,5,resid,9998,0.9271745615584888,500,0.498,6,0,2.01,5,0.9358974358974359,0.2996794871794872,0.6858974358974359,0.605878700062099,500.0,�,0.578125,"'�', 'er', 'SY'",as F₁ₐ [[�]] || (F₁ₐ [[�]]
7953,9.attn.18398,9,attn,18398,0.9259054598091748,628,0.5732484076433121,9,16,1.44,7,0.9502262443438914,0.11595022624434392,0.060803167420814486,0.36899469381901623,628.0,which,0.234375,"'which', ',', 's'","<s> According to Goldbach [[,]] || <s> According to Goldbach [[,]]"
245,1.resid.32901,1,resid,32901,0.9254137578682088,120,0.375,2,5,0.0,2,0.8900709219858156,0.20390070921985815,0.5354609929078014,1.1043129388164494,120.0,als,0.46875,"'als', 'ation', 'US'",on modern calculators. numer [[als]] || become known as Arabic numer [[als]]
7473,6.mlp.18168,6,mlp,18168,0.9250498326619084,448,0.4620535714285714,7,0,8.05,6,0.937984496124031,0.0683139534883721,0.050145348837209336,0.9415730337078652,448.0,it,0.9375,"'it', 'ck', ''",has transformed our understanding of what [[it]] || unique perspectives on what [[it]]
8432,5.resid.36185,5,resid,36185,0.9246490210166842,308,0.512987012987013,6,20,0.65,3,0.907103825136612,0.16803278688524592,0.4098360655737705,1.395973154362416,308.0,of,0.9375,"'of', 'the', 'all'",factorial of the total number [[of]] || by the ratio of the number [[of]]
6686,0.resid.8251,0,resid,8251,0.9246280107539344,57,0.2280701754385964,1,56,1.75,1,0.9692307692307692,0.6358974358974359,0.7076923076923076,1.5427509293680297,57.0,°,0.703125,"'°', 'uniform', 'norm'",0°C/80 [[°]] || 0°C/80 [[°]]
6299,4.mlp.31463,4,mlp,31463,0.9223421994975716,268,0.4029850746268656,5,69,6.37,3,0.9574468085106383,0.030585106382978733,0.07579787234042556,0.5521343596920923,268.0,pie,1.0,'pie',ro electric materials offer superior [[pie]] || ro electric materials offer superior [[pie]]
4819,0.resid.16619,0,resid,16619,0.922157934646247,73,0.273972602739726,1,20,23.29,2,0.9807692307692307,0.5512820512820513,0.5641025641025641,1.867132867132867,73.0,ige,0.484375,"'ige', 'agnet', 'é'",of Paramagnetism and Diam [[agnet]] || igeonholes and P [[ige]]
6381,4.resid.26669,4,resid,26669,0.9216416088143136,329,0.7325227963525835,5,0,0.0,5,0.9038461538461539,0.37259615384615385,0.3870192307692307,-0.2128099173553719,329.0,",",0.453125,"',', 'by', ""'""",and articles can be capitalize [[D]] || and articles can be capitalize [[D]]
8990,8.resid.6924,8,resid,6924,0.9208372067410552,517,0.5686653771760155,9,8,8.51,6,0.97165991902834,0.8906882591093117,-122.89068825910931,1.0998372219207813,517.0,and,0.40625,"'and', 'the', 'including'","spinning jenny and [[the]] || ile production, exemplified by [[the]]"
7331,7.mlp.38111,7,mlp,38111,0.9193637980590764,400,0.3325,7,23,9.5,3,0.95,0.02075892857142858,0.0026227678571428825,0.8192941176470588,400.0,ni,1.0,'ni',"proposed this idea as being om [[ni]] || matter, while also being om [[ni]]"
13473,2.mlp.33656,2,mlp,33656,0.9189766700122524,214,0.7102803738317757,3,2,10.28,1,0.9180327868852459,0.05507172131147542,0.12397540983606559,-0.042105263157894736,214.0,1,0.078125,"'1', 'ulate', 'cot'",ulation.ries sought to accum [[ulate]] || ulation.ries sought to accum [[ulate]]
748,4.resid.12415,4,resid,12415,0.9186999014588032,472,0.3707627118644068,5,30,20.38,9,0.8321678321678322,0.0699300699300699,0.3076923076923077,1.6357615894039734,472.0,osp,0.5,"'osp', 'conf', 'dom'",amentals of Ge [[osp]] || ospatial Data.<s> Ge [[osp]]
12003,4.resid.27325,4,resid,27325,0.9148158497235784,384,0.5598958333333334,5,13,10.21,3,0.7297297297297297,0.08783783783783783,0.2635135135135135,0.6936936936936937,384.0,ad,0.5,"'ad', 'on', 'Mass'",<s> Decol [[on]] || <s> Decol [[on]]
8039,3.mlp.29584,3,mlp,29584,0.9144284052787464,179,0.5865921787709497,4,16,0.0,2,0.8813559322033898,0.014830508474576232,0.18926553672316382,0.32653061224489793,179.0,true,0.90625,"'true', '0', 'Environment'",Q is true whenever P is [[true]] || true if 'Q' is [[true]]
11767,3.mlp.804,3,mlp,804,0.9130320869116452,232,0.4956896551724138,4,12,21.21,4,1.0,0.004672897196261627,0.5210280373831775,0.6904603068712475,232.0,s,0.953125,"'s', 'imm'",ulinary techniques were becoming more [[s]] || effects often skew much more [[s]]
8247,7.mlp.1641,7,mlp,1641,0.9125369570395704,341,0.3460410557184751,7,15,2.35,2,0.9877300613496932,0.0010544478527607648,0.0,0.7399821905609973,341.0,istic,1.0,'istic',being replaced by more soph [[istic]] || being replaced by more soph [[istic]]
5375,7.resid.6442,7,resid,6442,0.9105144857202454,369,0.5745257452574526,8,5,6.79,3,0.9936305732484076,0.2054140127388535,0.6815286624203822,1.6468401486988848,369.0,ing,0.671875,"'ing', 'less', 'shared'",able curiosity and our relent [[less]] || ity's unrelent [[ing]]
12750,3.resid.3762,3,resid,3762,0.9098642099517378,284,0.4788732394366197,4,79,3.87,4,0.9567567567567568,0.2675675675675676,0.5837837837837838,0.7698669543329737,284.0,ition,0.328125,"'ition', 'cent', 'otion'",practitioners (general pract [[ition]] || practitioners (general pract [[ition]]
4954,1.resid.33071,1,resid,33071,0.907501354179676,145,0.593103448275862,2,7,1.38,1,0.9681818181818181,0.15909090909090906,0.3363636363636363,1.0738390539371214,145.0,devices,0.46875,"'devices', 'components', 'parts'",miniature integrated circuits or [[components]] || miniature integrated circuits or [[components]]
6118,3.mlp.35341,3,mlp,35341,0.907442213033352,307,0.4657980456026058,4,82,0.33,2,0.9696969696969697,0.0,0.3484848484848485,0.6560900716479018,307.0,ch,1.0,'ch',"19th century, cro [[ch]] || 19th century, cro [[ch]]"
4641,5.resid.35002,5,resid,35002,0.9068758644668172,539,0.4007421150278293,6,24,1.12,7,0.9328358208955224,0.15391791044776115,0.2126865671641791,1.9306122448979592,539.0,retro,0.40625,"'retro', 'pover', '2'",the creation of bespoke [[retro]] || it was done in early  [[2]]
8104,8.mlp.22734,8,mlp,22734,0.9067559474602356,316,0.5253164556962026,9,31,13.33,3,0.9270833333333334,0.04622395833333337,0.01798502604166663,1.0298730395817774,316.0,om,0.921875,"'om', 'in', 'the'",ativeness (often expressed [[in]] || ativeness (often expressed [[in]]
12760,3.resid.21022,3,resid,21022,0.906127634577376,264,0.3106060606060606,4,31,3.03,4,0.8769230769230769,0.25769230769230766,0.3961538461538462,1.3037974683544304,264.0,ce,0.890625,"'ce', 'hr'",ing the scope of pharma [[ce]] || diverse applications such as pharma [[ce]]
3316,3.mlp.2196,3,mlp,2196,0.9034790533262328,333,0.5345345345345346,4,2,6.91,2,0.9466019417475728,0.0,0.04308252427184467,0.6161754626456477,333.0,traditional,0.5,"'traditional', 'purely', 'rural'","shift, transitioning from the [[traditional]] || era observed a shift from the [[traditional]]"
1469,3.mlp.36792,3,mlp,36792,0.9034137567295528,366,0.3797814207650273,4,25,20.27,8,0.9391891891891891,0.09290540540540537,0.17989864864864868,0.38093202223172296,366.0,otic,0.75,"'otic', 'ness', 'be'",ex [[otic]] || offering an abundance of ex [[otic]]
13048,5.mlp.12873,5,mlp,12873,0.9023714586292974,223,0.5426008968609866,6,20,2.69,3,0.9625,0.012402343750000044,0.05429687500000002,0.2935323383084577,223.0,of,1.0,'of',ensuring the longevity [[of]] || extended period. preserve the integrity [[of]]
12603,2.resid.7959,2,resid,7959,0.8989216348469045,205,0.3804878048780488,3,15,2.93,3,0.9358974358974359,0.20619658119658124,0.4807692307692307,0.9742592840863387,205.0,ly,0.8125,"'ly', 'pecially'",interest in education (particular [[ly]] || interest in education (particular [[ly]]
11343,0.resid.39670,0,resid,39670,0.8970180717472435,68,0.2647058823529412,1,19,0.0,1,0.9809523809523809,0.5238095238095238,0.8238095238095238,1.561904761904762,68.0,apest,0.46875,"'apest', 'ies', 'phony'",businesses find not a t [[apest]] || Greek philosophy or Medieval t [[apest]]
13401,1.resid.28936,1,resid,28936,0.8960963063513698,154,0.5064935064935064,2,11,7.79,3,0.8917525773195876,0.46649484536082475,0.5309278350515464,0.9533999433679867,154.0,neg,0.75,"'neg', 'preced', 'auxili'",but there is also auxiliary [[neg]] || but there is also auxiliary [[neg]]
3069,1.resid.29196,1,resid,29196,0.8952136093307829,130,0.4615384615384615,2,8,2.31,2,0.9556962025316456,0.7088607594936709,0.7552742616033755,0.8574062692071297,130.0,initial,0.765625,"'initial', 'ynamic', 'numerical'",constant C is determined using the [[initial]] || the foundation for subsequent aerod [[ynamic]]
527,8.resid.26994,8,resid,26994,0.8947226534105509,493,0.6004056795131846,9,1,1.42,9,0.9,0.6318181818181818,0.44772727272727275,0.8950819672131147,493.0,time,0.09375,"'time', 'history', 'past'",them to identify patterns in language [[usage]] || it patterns and seasonality over [[time]]
2146,1.resid.20912,1,resid,20912,0.8930706461470088,171,0.4093567251461988,2,24,5.85,1,0.8770491803278688,0.14241803278688525,0.3114754098360656,1.3002207505518764,171.0,th,0.53125,"'th', 'ree', 'centuries'",stemming from linear (deg [[ree]] || straight (180deg [[ree]]
11653,2.resid.15376,2,resid,15376,0.893057358932128,202,0.5396039603960396,3,41,0.0,3,0.9888268156424581,0.22486033519553073,0.3505586592178771,1.3419051068453458,202.0,ced,0.703125,"'ced', 'itud', 'ent'",": ""climate-indu [[ced]] || : natural and human-indu [[ced]]"
2378,3.mlp.28374,3,mlp,28374,0.8915864721554305,211,0.5023696682464455,4,5,10.43,3,0.9166666666666666,0.009393601190476164,0.014415922619047672,0.6863342215454892,211.0,trying,0.4375,"'trying', 'attempting', 'try'",time zones is comparable to [[trying]] || as part of the challenge of [[trying]]
14324,1.resid.7843,1,resid,7843,0.8823889727657848,129,0.4418604651162791,2,24,0.78,1,0.9489795918367347,0.32397959183673475,0.5382653061224489,1.4913217623497996,129.0,million,0.9375,"'million', 'istics', 'yth'",(1–2 [[million]] || (1–2 [[million]]
5275,8.mlp.30913,8,mlp,30913,0.8797242175365717,315,0.2761904761904762,8,27,18.73,2,0.9340659340659341,0.006739354395604358,0.014938186813186816,0.5732217573221757,315.0,ien,1.0,'ien',"ies were redefined as aud [[ien]] || younger viewers, older aud [[ien]]"
10027,8.attn.28611,8,attn,28611,0.8783788234304254,565,0.5380530973451327,8,16,1.77,7,0.9558011049723757,0.08701657458563539,0.10980662983425415,0.7051926298157454,565.0,has,0.578125,"'has', 'a', 'contain'",called compact if every open cover [[has]] || a space where every open cover [[has]]
6060,2.resid.18815,2,resid,18815,0.875710944424528,179,0.329608938547486,3,6,14.53,3,0.9368932038834952,0.12439320388349517,0.23179611650485432,1.1131089595819885,179.0,comb,0.75,"'comb', 'sun', 'inf'",ternal [[comb]] || ternal [[comb]]
8064,8.mlp.17420,8,mlp,17420,0.8749088145642654,256,0.30078125,8,14,2.34,2,0.9876543209876543,0.0,0.0,0.7478826078392752,256.0,',1.0,"""'""",see how to identify them. [[']] || see how to identify them. [[']]
377,2.resid.11138,2,resid,11138,0.873680790776984,204,0.5098039215686274,3,2,2.45,2,0.8125,0.1591796875,0.4375,0.6170028996236658,204.0,orrow,0.453125,"'orrow', 'ien', 'imagination'","version (""Will she visit tom [[orrow]] || version (""Will she visit tom [[orrow]]"
2483,8.attn.38035,8,attn,38035,0.8722228240347857,388,0.4201030927835051,8,1,,3,,,,,,(,0.3333333333333333,"'(', 'and', 'custom'",significance is not limited to mathematics [[and]] || significance is not limited to mathematics [[and]]
11661,2.resid.8075,2,resid,8075,0.8677077836870257,192,0.4791666666666667,3,42,0.0,4,0.9761904761904762,0.5714285714285714,0.12127976190476186,0.9876400154499807,192.0,',0.984375,"""'"", '’'","Clerk Maxwell [[']] || <s> Essentially, Maxwell [[']]"
11659,2.resid.702,2,resid,702,0.8626549362175236,225,0.5644444444444444,3,2,11.11,3,0.9671052631578947,0.140625,0.18256578947368418,0.8674467974939161,225.0,una,0.5,"'una', 'affected', 'inhab'",", once a stealthy [[inhab]] || placing affected individuals alongside those of [[una]]"
9770,2.mlp.11004,2,mlp,11004,0.8597768858574002,124,0.5564516129032258,3,30,1.61,3,0.9940828402366864,0.0,0.009892751479289918,0.5818930041152264,124.0,os,1.0,'os',", pathos, and log [[os]] || , pathos, and log [[os]]"
6052,2.resid.13958,2,resid,13958,0.8574997757032528,164,0.3780487804878049,3,5,1.22,1,0.9902912621359223,0.19902912621359226,0.6310679611650485,1.009739209830515,164.0,ple,0.9375,"'ple', 'uting', 'demic'","n-type's de [[ple]] || ion, nutrient de [[ple]]"
8659,1.mlp.25126,1,mlp,25126,0.8520627258846616,141,0.524822695035461,2,4,0.71,2,0.751131221719457,0.1923076923076923,0.09728506787330315,0.9337865799586166,141.0,id,0.5625,"'id', 'il', 'belief'","hedron are not only equ [[id]] || polygon, which is both equ [[il]]"
7922,2.resid.25185,2,resid,25185,0.8516781430755653,245,0.5755102040816327,3,2,0.82,2,0.8927038626609443,0.2532188841201717,0.1131974248927039,0.5775719818151204,245.0,ower,0.34375,"'ower', 'pping', 'closed'","the line between chance and dest [[iny]] || closed set, revealing that [[closed]]"
12623,2.resid.3692,2,resid,3692,0.8508369168185477,225,0.6177777777777778,3,28,4.02,4,0.9470588235294117,0.4794117647058823,0.4676470588235294,0.43646408839779005,225.0,to,0.453125,"'to', 'in', 'at'","notch service, which leads [[to]] || notch service, which leads [[to]]"
9828,2.resid.26305,2,resid,26305,0.8473968084534382,132,0.6893939393939394,3,26,17.42,3,0.8884297520661157,0.22417355371900827,0.9173553719008265,1.044382801664355,132.0,the,0.46875,"'the', 'imate', 'object'",ing narrative voice outside of [[those]] || ing narrative voice outside of [[those]]
11645,2.resid.5028,2,resid,5028,0.8459399449336203,258,0.562015503875969,3,15,2.33,5,0.9914163090128756,0.23390557939914158,0.27896995708154504,0.6833186470548364,258.0,linked,0.46875,"'linked', 'extends', 'ed'","linked lists, including singly [[linked]] || , [[linked]]"
8771,2.mlp.33844,2,mlp,33844,0.8456262410105921,235,0.4936170212765957,3,25,1.7,4,0.9928057553956835,0.03709532374100721,0.24100719424460426,0.6276276276276276,235.0,ial,0.671875,"'ial', 'al', 'istic'",loys the definition of factor [[ial]] || absolutism.<s> Mor [[al]]
14504,2.resid.1052,2,resid,1052,0.8426481624530993,166,0.4216867469879518,3,23,35.54,4,0.9543147208121827,0.20304568527918787,0.14530456852791873,1.015619915392125,166.0,fra,0.84375,"'fra', 'sa', 'sau'","then perform the addition. the [[fra]] || M) of denominators, [[fra]]"
13259,0.resid.13158,0,resid,13158,0.8418924000469797,162,0.3271604938271605,1,7,9.26,1,0.7771428571428571,0.36571428571428577,0.6514285714285715,2.295336787564767,162.0,side,0.328125,"'side', 'front', 'box'","rounded shape (the box), [[neck]] || rounded shape (the box), [[neck]]"
12543,2.mlp.9228,2,mlp,9228,0.8401306179494205,155,0.535483870967742,3,7,8.5,2,0.9944444444444445,0.014583333333333282,0.25555555555555554,0.3940256045519203,155.0,Ent,0.90625,"'Ent', 'ent'",Relation Between Information [[Ent]] || 5. Relation Between Information [[Ent]]
5116,2.resid.687,2,resid,687,0.8366949229513623,133,0.3383458646616541,3,24,2.26,4,0.7346153846153847,0.375,0.3730769230769231,0.675,133.0,8,0.84375,"'8', '6', '5'",ite Rebellion (1 [[8]] || ite Rebellion (1 [[8]]
4821,0.resid.36071,0,resid,36071,0.8294952195013188,169,0.4142011834319526,1,42,0.0,1,0.6224489795918368,0.21173469387755106,0.2551020408163265,2.3721973094170403,169.0,',0.09375,"""'"", 'and', 'ulse'","s, giving them rights over [[newly]] || s, giving them rights over [[newly]]"
11619,2.mlp.23814,2,mlp,23814,0.8290929293485381,120,0.4083333333333333,3,7,1.67,1,1.0,0.01409313725490191,0.053002450980392135,0.4715447154471545,120.0,probabil,0.96875,"'probabil', 'ino'",for the visualization of complex [[probabil]] || for the visualization of complex [[probabil]]
1106,1.mlp.30144,1,mlp,30144,0.827649874507699,93,0.5483870967741935,2,25,3.23,2,0.9399141630901288,0.14914163090128751,0.2811158798283262,1.1238095238095238,93.0,ism,0.9375,"'ism', 'type', 'an'","its course, Cub [[ism]] || to architectural designs, Cub [[ism]]"
3991,1.resid.10288,1,resid,10288,0.8249537325073206,117,0.4615384615384615,2,18,5.98,2,0.9695652173913043,0.49347826086956526,0.8565217391304347,0.9112426035502958,117.0,A,0.65625,"'A', 'An'",<s> [[An]] || <s> [[An]]
10592,1.resid.18221,1,resid,18221,0.8209740442874714,180,0.4166666666666667,2,49,7.22,1,0.9959349593495935,0.8709349593495935,0.883130081300813,1.1715953000552006,180.0,umb,0.296875,"'umb', 'uff', 'gate'",are like [[need]] || are akin to bread cr [[umb]]
12410,1.mlp.8945,1,mlp,8945,0.8135463513440311,112,0.5,2,71,1.79,2,0.9661016949152542,0.06073446327683618,0.48587570621468923,0.5411983361359413,112.0,yst,0.890625,"'yst', 'text', 'cop'",ogeneous catal [[yst]] || eterogen-phase catal [[yst]]
14308,1.mlp.23525,1,mlp,23525,0.8102705402594801,157,0.4713375796178344,2,19,0.0,5,0.9107505070993915,0.13184584178498981,0.20081135902636915,0.22123893805309736,157.0,inu,0.515625,"'inu', 'gru', 'ambigu'",", meaning any number is con [[gru]] || <s> ## 5. [[inu]]"
12436,1.resid.8049,1,resid,8049,0.8073449763610807,122,0.4098360655737705,2,18,11.57,2,0.9595959595959596,0.648989898989899,0.7542087542087542,0.8871794871794871,122.0,point,0.703125,"'point', 'moment', 'figure'","point marks the [[point]] || , such as mean (first [[moment]]"
6830,1.resid.36459,1,resid,36459,0.8008045880458543,101,0.504950495049505,2,12,6.93,2,0.9722222222222222,0.7013888888888888,0.5277777777777778,1.1309823677581865,101.0,that,1.0,'that',the.<s> As a business [[that]] || audience. is through this knowledge [[that]]
10554,1.resid.21712,1,resid,21712,0.7986362191386998,142,0.4014084507042254,2,31,0.0,2,0.950354609929078,0.2978723404255319,0.35106382978723405,1.3244397011739595,142.0,aments,0.4375,"'aments', 'osis', 'ament'",study of galaxy fil [[aments]] || rather diagnosed through early diagn [[osis]]
7769,1.resid.18145,1,resid,18145,0.7977575032823483,151,0.4635761589403973,2,7,7.28,1,0.9444444444444444,0.41161616161616166,0.3055555555555556,1.2590681800142869,151.0,gram,0.34375,"'gram', 'units', 'MT'",Zimmermann Tele [[gram]] || Zimmermann Tele [[gram]]
5711,0.resid.38022,0,resid,38022,0.7974058978056958,67,0.3582089552238806,1,5,0.0,1,0.950354609929078,0.4893617021276596,0.6099290780141844,1.556844547563805,67.0,ude,0.5625,"'ude', 'udes', 'amplit'",plit [[ude]] || Engineering: Signal Amplit [[ude]]
12432,1.resid.22638,1,resid,22638,0.7924727407075296,100,0.44,2,41,2.0,1,0.9800995024875622,0.3159203980099502,0.3980099502487562,0.8335809806835067,100.0,for,0.53125,"'for', 'cert', 'break'","un [[cert]] || business industry, acknowledging un [[cert]]"
3037,1.resid.10900,1,resid,10900,0.7876707520312222,112,0.4464285714285714,2,6,2.68,1,0.9868421052631579,0.32675438596491224,0.5197368421052632,1.3314669652855544,112.0,att,0.6875,"'att', 'CP', 'ft'",common derivatives include both megaw [[att]] || common derivatives include both megaw [[att]]
3969,1.mlp.17070,1,mlp,17070,0.7832342028145882,91,0.5164835164835165,2,11,13.19,1,0.9933774834437086,0.04159768211920534,0.3145695364238411,0.504225352112676,91.0,who,0.859375,"'who', 'ction'",those [[who]] || their work.n from those [[who]]
5749,0.resid.17316,0,resid,17316,0.7764341035045356,39,0.4102564102564102,1,9,0.0,1,0.9494949494949495,0.7373737373737373,0.7575757575757576,1.5306454235083726,39.0,dialect,0.921875,"'dialect', 'hair'",lects that formed distinct regional [[dialect]] || icate balance between the use of [[dialect]]
4007,1.resid.36525,1,resid,36525,0.7764058813997718,96,0.5625,2,6,5.21,0,0.9774436090225564,0.3364661654135338,0.7067669172932332,1.0228925718373674,96.0,variable,0.90625,"'variable', 'suff', 'heap'",. the coefficient of an independent [[variable]] || roborated by an independent [[variable]]
8522,0.resid.15211,0,resid,15211,0.7215577480836515,43,0.4186046511627907,1,7,25.58,0,0.9714285714285714,0.5551020408163265,0.6775510204081633,1.257621378996382,43.0,u,0.375,"'u', 'a', 'ap'",ers.<s> According to Sh [[a]] || automobiles including the Sh [[el]]
13229,0.resid.28812,0,resid,28812,0.7158062173130461,103,0.4854368932038835,1,5,16.67,2,0.9235294117647059,0.32499999999999996,0.34852941176470587,2.545816733067729,103.0,amp,0.171875,"'amp', 'Pod', 'ish'",ough looks like molten sp [[agh]] || ough looks like molten sp [[agh]]
12292,0.resid.29342,0,resid,29342,0.704204277804742,55,0.2545454545454545,1,6,12.73,1,0.9735449735449735,0.6507936507936508,0.7883597883597884,1.3381294964028776,55.0,iger,0.875,"'iger', 'reci', 'force'",apor-compression refr [[iger]] || °C) while refr [[iger]]
96,0.resid.32683,0,resid,32683,0.6845832037053189,144,0.4722222222222222,1,34,10.49,1,0.9421052631578948,0.33289473684210524,0.012664473684210531,1.507936507936508,144.0,editing,0.140625,"'editing', 'ũ', 'Müller'",ز المقول [[ة]] || في [[ال]]
12318,0.resid.1466,0,resid,1466,0.6818968677066617,126,0.492063492063492,1,19,2.38,1,0.7132867132867133,0.3094405594405595,0.3723776223776224,1.992303402119353,126.0,constit,0.375,"'constit', 'iat', 'irre'",ensive Treatise On Super [[CON]] || ensive Treatise On Super [[CON]]
8568,0.resid.10328,0,resid,10328,0.6757838933482863,120,0.3333333333333333,1,27,15.0,1,0.8010752688172043,0.4086021505376344,0.4408602150537635,1.5739910313901346,120.0,Media,0.296875,"'Media', 'Vel', 'wave'",Media Research.<s> [[Media]] || <s> Media Economics.<s> [[Media]]
3880,0.resid.11812,0,resid,11812,0.6750942210515258,137,0.4452554744525547,1,17,10.95,1,0.8909952606635071,0.443127962085308,0.5450236966824644,1.9118773946360152,137.0,lished,0.203125,"'lished', 'EM', 'in'",traditional interpretation and introduced a new [[perspective]] || ca 1528 [[)]]
9483,0.resid.9981,0,resid,9981,0.6690270663346812,42,0.2857142857142857,1,10,11.9,1,0.9238578680203046,0.8984771573604061,0.8121827411167513,1.4469589816124468,42.0,root,0.84375,"'root', 'branch'",taproot or fibrous [[root]] || taproot or fibrous [[root]]
10445,0.resid.28308,0,resid,28308,0.6602839089957987,100,0.57,1,34,20.0,1,0.8209606986899564,0.7161572052401747,0.9082969432314411,1.5383502170767005,100.0,ers,0.171875,"'ers', 'ord', 'sell'",forall$) and existential ($\ [[exists]] || ي [[ج]]
12312,0.resid.33004,0,resid,33004,0.659127668864523,99,0.3232323232323232,1,11,8.08,0,0.8836206896551724,0.375,0.49784482758620685,1.577650429799427,99.0,desc,0.28125,"'desc', 'pre', 'cont'","–nominator"", "" [[pred]] || –nominator"", "" [[pred]]"
2926,0.resid.15817,0,resid,15817,0.6488113944087418,78,0.5512820512820513,1,19,6.41,0,0.9754901960784313,0.4509803921568627,0.5294117647058824,1.1942009440323669,78.0,poss,0.21875,"'poss', 'verb', 'ject'","These adverbs modify ad [[ject]] || as 'very,' 'ext [[rem]]"
7642,0.resid.17997,0,resid,17997,0.6434897246627925,88,0.5681818181818182,1,14,26.14,2,0.7834394904458599,0.48089171974522293,0.8789808917197452,1.7432150313152401,88.0,component,0.640625,"'component', 'vital', 'u'",<s> A vital [[component]] || <s> A vital [[component]]
3856,0.resid.2347,0,resid,2347,0.6239110494717753,154,0.2727272727272727,1,19,27.27,1,0.8951048951048951,0.49650349650349646,0.6013986013986015,1.5819488100583745,154.0,Lev,0.171875,"'Lev', 'ander', 'Cour'",Levitation and Diamagnetic [[Lev]] || Levitation and Diamagnetic [[Lev]]
9499,0.resid.37830,0,resid,37830,0.6191836093674195,122,0.4754098360655737,1,39,9.84,1,0.9347826086956522,0.3532608695652174,0.37681159420289856,1.7759060745278203,122.0,comprom,0.296875,"'comprom', 'jest', 'directly'",offers conciliation where parties [[comprom]] || offers conciliation where parties [[comprom]]
4817,0.resid.12730,0,resid,12730,0.6138178333787903,41,0.3658536585365853,1,29,5.0,1,0.9657534246575342,0.8493150684931507,0.910958904109589,1.4038461538461537,41.0,feedback,0.796875,"'feedback', 'tone', 'voice'",can one deliver such [[feedback]] || can transformative feedback has positive [[feedback]]
1009,0.resid.18909,0,resid,18909,0.5588462611132327,55,0.4181818181818181,1,12,1.82,0,0.9803921568627451,0.9294117647058824,0.8705882352941177,1.648814078041316,55.0,exposed,0.328125,"'exposed', 'Clay', 'acid'",determined by ensuring that the [[trial]] ||  [[Clay]]
11361,0.resid.7361,0,resid,7361,0.5294640095795846,62,0.5483870967741935,1,603,0.0,1,0.9798657718120806,0.5771812080536913,0.6241610738255033,1.2507583417593529,62.0,CI,0.8125,"'CI', '/', 'на'","∪ An| =  [[∑]] || ibility, offers a comprehensive [[CI]]"
10433,0.resid.37559,0,resid,37559,0.5086445660689558,44,0.5227272727272727,1,5,13.64,1,0.9951219512195122,0.7707317073170732,0.9414634146341463,1.0440611195043124,44.0,ance,1.0,'ance',facets.<s> To enh [[ance]] || enhance communication processes and enh [[ance]]
13233,0.resid.16698,0,resid,16698,0.4973961518900801,43,0.3488372093023256,1,6,0.0,0,0.9894179894179894,0.6507936507936508,0.6878306878306879,1.5449735449735449,43.0,Integr,0.984375,"'Integr', 'ynam'",Evolution of Continuous [[Integr]] || Evolution of Continuous [[Integr]]
13245,0.resid.11781,0,resid,11781,0.4938010327790781,34,0.3529411764705882,1,34,8.82,0,0.9814814814814815,0.44212962962962965,0.32638888888888884,1.5740740740740742,34.0,ater,0.640625,"'ater', 'ang', 'ine'","otes biliteracy, bil [[ang]] || otes biliteracy, bil [[ang]]"
