cid,skey,seed_layer,seed_kind,n_members,family
0,0.mlp.2683,0,mlp,6,106
1,11.resid.31655,11,resid,598,4
2,0.mlp.22374,0,mlp,29,12
3,11.resid.20555,11,resid,763,11
4,0.mlp.10582,0,mlp,14,107
5,11.resid.11738,11,resid,504,9
6,0.mlp.17022,0,mlp,29,2
7,11.resid.21562,11,resid,399,101
8,0.mlp.35587,0,mlp,26,108
9,11.resid.8074,11,resid,613,4
10,0.mlp.10950,0,mlp,12,109
11,11.resid.6380,11,resid,312,7
12,0.mlp.15449,0,mlp,4,110
13,11.resid.29900,11,resid,920,20
14,0.mlp.27336,0,mlp,59,7
15,11.resid.33991,11,resid,447,26
16,0.mlp.586,0,mlp,18,111
17,11.resid.6662,11,resid,389,9
18,0.mlp.16890,0,mlp,20,112
19,11.resid.39455,11,resid,494,4
20,0.mlp.32928,0,mlp,11,113
21,11.resid.20924,11,resid,691,12
22,0.mlp.22135,0,mlp,22,114
23,11.resid.31219,11,resid,326,4
24,0.mlp.12724,0,mlp,12,115
25,11.resid.29252,11,resid,758,17
26,0.mlp.12640,0,mlp,14,2
27,11.resid.31033,11,resid,434,4
28,0.mlp.16150,0,mlp,23,116
29,11.resid.18166,11,resid,344,4
30,0.mlp.2423,0,mlp,57,117
31,11.resid.22854,11,resid,235,4
32,0.mlp.24296,0,mlp,18,7
33,11.resid.33628,11,resid,637,4
34,0.mlp.333,0,mlp,22,9
35,11.resid.6599,11,resid,603,4
36,0.mlp.40059,0,mlp,14,118
37,11.resid.26346,11,resid,1298,0
38,0.mlp.28055,0,mlp,52,119
39,11.resid.15958,11,resid,748,4
40,0.mlp.28006,0,mlp,12,120
41,11.resid.8924,11,resid,430,86
42,0.mlp.39346,0,mlp,26,121
43,11.resid.18301,11,resid,555,4
44,0.mlp.2860,0,mlp,16,122
45,11.resid.15030,11,resid,520,4
46,0.mlp.15497,0,mlp,8,123
47,11.resid.11000,11,resid,486,22
48,0.mlp.13135,0,mlp,16,124
49,11.resid.10792,11,resid,622,12
50,0.mlp.35873,0,mlp,63,7
51,11.resid.23598,11,resid,391,4
52,0.mlp.30765,0,mlp,13,125
53,11.resid.37173,11,resid,557,32
54,0.mlp.10973,0,mlp,10,126
55,11.resid.3758,11,resid,533,4
56,0.mlp.24137,0,mlp,33,5
57,11.resid.37685,11,resid,478,2
58,0.resid.30766,0,resid,33,2
59,11.mlp.14781,11,mlp,677,11
60,0.resid.1150,0,resid,23,15
61,11.mlp.30196,11,mlp,768,18
62,0.resid.7365,0,resid,63,7
63,11.mlp.29809,11,mlp,483,25
64,0.resid.11658,0,resid,19,127
65,11.mlp.29954,11,mlp,592,17
66,0.resid.16583,0,resid,32,0
67,11.mlp.40709,11,mlp,642,10
68,0.resid.30806,0,resid,19,128
69,11.mlp.21011,11,mlp,415,2
70,0.resid.12076,0,resid,64,21
71,11.mlp.31545,11,mlp,299,22
72,0.resid.22652,0,resid,10,129
73,11.mlp.1452,11,mlp,411,4
74,0.resid.27303,0,resid,33,47
75,11.mlp.23285,11,mlp,658,4
76,0.resid.13631,0,resid,21,11
77,11.mlp.2626,11,mlp,324,24
78,0.resid.13192,0,resid,39,7
79,11.mlp.24286,11,mlp,632,18
80,0.resid.19870,0,resid,28,130
81,11.mlp.4848,11,mlp,361,64
82,0.resid.7173,0,resid,45,19
83,11.mlp.29727,11,mlp,357,18
84,0.resid.3893,0,resid,42,131
85,11.mlp.35392,11,mlp,442,9
86,0.resid.3461,0,resid,49,23
87,11.mlp.19062,11,mlp,499,26
88,0.resid.21286,0,resid,70,7
89,11.mlp.15750,11,mlp,433,739
90,0.resid.10132,0,resid,102,3
91,11.mlp.28306,11,mlp,630,24
92,0.resid.1542,0,resid,30,17
93,11.mlp.33065,11,mlp,398,18
94,0.resid.8823,0,resid,35,10
95,11.mlp.22701,11,mlp,454,685
96,0.resid.32683,0,resid,144,7
97,11.mlp.11218,11,mlp,378,746
98,0.resid.28805,0,resid,20,132
99,11.mlp.21052,11,mlp,451,5
100,0.resid.4506,0,resid,61,6
101,11.mlp.30151,11,mlp,396,65
102,0.resid.14848,0,resid,31,40
103,11.mlp.28620,11,mlp,437,22
104,0.resid.34560,0,resid,26,22
105,11.mlp.17425,11,mlp,318,22
106,0.resid.38082,0,resid,27,17
107,11.mlp.25667,11,mlp,476,13
108,0.resid.25669,0,resid,49,35
109,11.mlp.29332,11,mlp,437,8
110,0.resid.36259,0,resid,8,133
111,11.mlp.36677,11,mlp,258,12
112,0.resid.39897,0,resid,73,14
113,11.mlp.37484,11,mlp,539,4
114,11.attn.30402,11,attn,264,27
115,1.attn.30282,1,attn,133,21
116,11.attn.32581,11,attn,681,10
117,11.attn.31678,11,attn,342,1
118,11.attn.7179,11,attn,215,18
119,11.attn.20963,11,attn,253,11
120,11.attn.22687,11,attn,886,8
121,11.attn.10874,11,attn,339,14
122,11.attn.32710,11,attn,718,0
123,1.attn.38963,1,attn,144,21
124,11.attn.17119,11,attn,663,18
125,1.attn.10824,1,attn,34,33
126,11.attn.18611,11,attn,427,14
127,11.attn.3216,11,attn,285,14
128,11.attn.24994,11,attn,242,56
129,1.attn.6656,1,attn,82,9
130,11.attn.7345,11,attn,315,1
131,11.attn.9755,11,attn,205,11
132,1.attn.31675,1,attn,158,15
133,11.attn.33776,11,attn,311,10
134,11.attn.28023,11,attn,425,1
135,1.attn.21144,1,attn,35,0
136,11.attn.3434,11,attn,656,14
137,11.attn.19865,11,attn,193,11
138,11.attn.13542,11,attn,770,1
139,1.attn.2805,1,attn,52,38
140,11.attn.3091,11,attn,247,24
141,1.attn.27068,1,attn,79,15
142,11.attn.32086,11,attn,199,18
143,11.attn.22419,11,attn,736,5
144,11.attn.718,11,attn,390,1
145,11.attn.7471,11,attn,378,1
146,11.attn.40600,11,attn,332,11
147,11.attn.567,11,attn,383,1
148,1.attn.39747,1,attn,67,11
149,11.attn.26100,11,attn,347,1
150,1.attn.22589,1,attn,68,29
151,1.attn.33298,1,attn,61,30
152,11.attn.20373,11,attn,559,57
153,1.mlp.26265,1,mlp,165,0
154,10.resid.9577,10,resid,374,67
155,1.mlp.37885,1,mlp,101,0
156,10.resid.39566,10,resid,828,0
157,1.mlp.4483,1,mlp,91,2
158,10.resid.37177,10,resid,643,3
159,1.mlp.17197,1,mlp,91,8
160,10.resid.21023,10,resid,942,0
161,1.mlp.22301,1,mlp,182,2
162,10.resid.7716,10,resid,588,32
163,1.mlp.27221,1,mlp,108,17
164,10.resid.20081,10,resid,752,1
165,1.mlp.30876,1,mlp,126,7
166,10.resid.8415,10,resid,700,3
167,1.mlp.6095,1,mlp,243,9
168,10.resid.8506,10,resid,316,12
169,1.mlp.17681,1,mlp,78,6
170,10.resid.24699,10,resid,331,44
171,1.mlp.40471,1,mlp,129,39
172,10.resid.36987,10,resid,711,5
173,1.mlp.31792,1,mlp,255,52
174,10.resid.21872,10,resid,651,35
175,1.mlp.27952,1,mlp,121,36
176,10.resid.26748,10,resid,467,15
177,1.mlp.8495,1,mlp,123,8
178,10.resid.27948,10,resid,688,2
179,1.mlp.10013,1,mlp,132,6
180,10.resid.34899,10,resid,223,24
181,1.mlp.4173,1,mlp,104,12
182,10.resid.17393,10,resid,681,56
183,1.mlp.33021,1,mlp,78,5
184,10.resid.8042,10,resid,687,15
185,1.mlp.33683,1,mlp,191,2
186,10.resid.33347,10,resid,699,2
187,1.mlp.32571,1,mlp,157,0
188,10.resid.9142,10,resid,321,8
189,1.mlp.27927,1,mlp,89,6
190,10.resid.27129,10,resid,632,23
191,1.mlp.5208,1,mlp,169,3
192,10.resid.29514,10,resid,587,0
193,1.mlp.1605,1,mlp,98,21
194,10.resid.23932,10,resid,569,36
195,1.mlp.7905,1,mlp,194,31
196,10.resid.4902,10,resid,837,1
197,1.mlp.16058,1,mlp,106,2
198,10.resid.18214,10,resid,543,40
199,1.mlp.16290,1,mlp,88,6
200,10.resid.18365,10,resid,358,11
201,1.mlp.8190,1,mlp,137,9
202,10.resid.32386,10,resid,758,7
203,1.mlp.38568,1,mlp,186,19
204,10.resid.14010,10,resid,384,37
205,1.mlp.11209,1,mlp,191,3
206,10.resid.39189,10,resid,306,34
207,1.mlp.21731,1,mlp,122,3
208,10.resid.14806,10,resid,891,46
209,1.resid.20485,1,resid,92,10
210,10.mlp.40572,10,mlp,406,4
211,1.resid.10581,1,resid,85,17
212,10.mlp.3229,10,mlp,485,15
213,1.resid.10458,1,resid,90,0
214,10.mlp.1851,10,mlp,603,3
215,1.resid.1874,1,resid,49,7
216,10.mlp.28576,10,mlp,552,11
217,1.resid.18743,1,resid,96,135
218,10.mlp.26655,10,mlp,297,32
219,1.resid.19719,1,resid,26,136
220,10.mlp.5521,10,mlp,506,29
221,1.resid.17995,1,resid,157,29
222,10.mlp.39631,10,mlp,448,738
223,1.resid.210,1,resid,76,137
224,10.mlp.36951,10,mlp,484,12
225,1.resid.38381,1,resid,156,28
226,10.mlp.16421,10,mlp,267,9
227,1.resid.16556,1,resid,44,0
228,10.mlp.15218,10,mlp,221,5
229,1.resid.39725,1,resid,207,35
230,10.mlp.24601,10,mlp,506,12
231,1.resid.334,1,resid,88,38
232,10.mlp.11902,10,mlp,249,16
233,1.resid.12137,1,resid,137,8
234,10.mlp.37595,10,mlp,524,18
235,1.resid.34168,1,resid,107,138
236,10.mlp.29174,10,mlp,264,1
237,1.resid.11075,1,resid,52,139
238,10.mlp.23594,10,mlp,341,69
239,1.resid.6281,1,resid,123,20
240,10.mlp.10279,10,mlp,160,30
241,1.resid.19029,1,resid,93,43
242,10.mlp.33351,10,mlp,300,37
243,1.resid.9760,1,resid,88,60
244,10.mlp.9326,10,mlp,350,25
245,1.resid.32901,1,resid,120,2
246,10.mlp.38196,10,mlp,529,168
247,1.resid.17731,1,resid,157,5
248,10.mlp.3607,10,mlp,555,9
249,1.resid.11734,1,resid,88,69
250,10.mlp.20386,10,mlp,470,0
251,1.resid.40670,1,resid,150,7
252,10.mlp.28988,10,mlp,574,21
253,1.resid.20917,1,resid,79,2
254,10.mlp.23465,10,mlp,384,258
255,1.resid.34619,1,resid,41,0
256,10.mlp.21218,10,mlp,334,372
257,1.resid.24744,1,resid,164,2
258,10.mlp.39647,10,mlp,522,18
259,1.resid.22677,1,resid,107,6
260,10.mlp.30990,10,mlp,491,29
261,1.resid.32802,1,resid,135,2
262,10.mlp.10580,10,mlp,574,10
263,1.resid.26860,1,resid,119,17
264,10.mlp.39325,10,mlp,471,237
265,1.resid.32492,1,resid,142,28
266,10.attn.22284,10,attn,691,14
267,10.attn.21431,10,attn,741,15
268,2.attn.2078,2,attn,100,0
269,10.attn.34357,10,attn,515,1
270,10.attn.15410,10,attn,544,5
271,2.attn.25814,2,attn,121,0
272,10.attn.15911,10,attn,310,1
273,2.attn.29868,2,attn,142,2
274,10.attn.843,10,attn,194,11
275,2.attn.27221,2,attn,136,2
276,10.attn.9183,10,attn,492,14
277,10.attn.7776,10,attn,418,24
278,10.attn.1662,10,attn,552,1
279,10.attn.20056,10,attn,618,16
280,2.attn.30906,2,attn,68,19
281,10.attn.10186,10,attn,434,8
282,10.attn.15864,10,attn,997,0
283,2.attn.27772,2,attn,60,11
284,10.attn.2718,10,attn,427,1
285,2.attn.29757,2,attn,186,0
286,10.attn.1746,10,attn,449,1
287,2.attn.3761,2,attn,320,21
288,10.attn.22291,10,attn,790,1
289,2.attn.12829,2,attn,163,0
290,10.attn.34828,10,attn,286,1
291,10.attn.3973,10,attn,1760,0
292,10.attn.28108,10,attn,132,1
293,2.attn.6178,2,attn,185,0
294,10.attn.12239,10,attn,298,1
295,2.attn.31696,2,attn,141,0
296,10.attn.3069,10,attn,360,1
297,2.attn.20826,2,attn,187,7
298,10.attn.36359,10,attn,369,1
299,2.attn.39546,2,attn,120,6
300,10.attn.31127,10,attn,204,11
301,2.attn.17028,2,attn,96,28
302,10.attn.5114,10,attn,491,13
303,2.attn.36558,2,attn,144,16
304,10.attn.39200,10,attn,424,1
305,10.attn.7369,10,attn,419,1
306,10.attn.19037,10,attn,263,27
307,2.attn.17304,2,attn,213,6
308,10.attn.23352,10,attn,465,1
309,2.attn.25826,2,attn,104,3
310,10.attn.13493,10,attn,822,13
311,2.mlp.27931,2,mlp,287,28
312,9.resid.22205,9,resid,607,1
313,2.mlp.30725,2,mlp,205,2
314,9.resid.36191,9,resid,248,9
315,2.mlp.4293,2,mlp,163,80
316,9.resid.17804,9,resid,304,16
317,2.mlp.27698,2,mlp,142,29
318,9.resid.32854,9,resid,596,140
319,2.mlp.38939,2,mlp,180,0
320,9.resid.29578,9,resid,608,9
321,2.mlp.11749,2,mlp,202,28
322,9.resid.29946,9,resid,618,1
323,2.mlp.40518,2,mlp,254,6
324,9.resid.24491,9,resid,739,1
325,2.mlp.38441,2,mlp,147,3
326,9.resid.11507,9,resid,698,9
327,2.mlp.11443,2,mlp,169,6
328,9.resid.10889,9,resid,480,16
329,2.mlp.25935,2,mlp,209,31
330,9.resid.40097,9,resid,473,13
331,2.mlp.12002,2,mlp,179,9
332,9.resid.28810,9,resid,635,2
333,2.mlp.26851,2,mlp,119,22
334,9.resid.16726,9,resid,642,1
335,2.mlp.22161,2,mlp,161,41
336,9.resid.38286,9,resid,534,1
337,2.mlp.33684,2,mlp,138,8
338,9.resid.1987,9,resid,409,25
339,2.mlp.13450,2,mlp,351,21
340,9.resid.21063,9,resid,670,0
341,2.mlp.25569,2,mlp,211,31
342,9.resid.23288,9,resid,677,21
343,2.mlp.38910,2,mlp,253,0
344,9.resid.19457,9,resid,586,9
345,2.mlp.21601,2,mlp,319,0
346,9.resid.39776,9,resid,462,12
347,2.mlp.14399,2,mlp,201,21
348,9.resid.32089,9,resid,615,1
349,2.mlp.21077,2,mlp,136,16
350,9.resid.4922,9,resid,527,18
351,2.mlp.13173,2,mlp,183,0
352,9.resid.16590,9,resid,567,40
353,2.mlp.14418,2,mlp,124,22
354,9.resid.30304,9,resid,645,12
355,2.mlp.39969,2,mlp,121,3
356,9.resid.16265,9,resid,674,23
357,2.mlp.3887,2,mlp,214,2
358,9.resid.5197,9,resid,471,3
359,2.mlp.19934,2,mlp,120,5
360,9.resid.33987,9,resid,697,1
361,2.mlp.18867,2,mlp,196,0
362,9.resid.10751,9,resid,388,1
363,2.mlp.37084,2,mlp,120,31
364,9.resid.7549,9,resid,140,11
365,2.mlp.33257,2,mlp,178,2
366,9.resid.14062,9,resid,665,15
367,2.mlp.34954,2,mlp,219,2
368,9.mlp.18147,9,mlp,694,732
369,2.resid.40872,2,resid,92,0
370,9.mlp.28488,9,mlp,563,342
371,2.resid.24964,2,resid,149,2
372,9.mlp.29970,9,mlp,298,18
373,2.resid.37326,2,resid,128,2
374,9.mlp.20952,9,mlp,587,0
375,2.resid.40566,2,resid,220,0
376,9.mlp.24696,9,mlp,670,15
377,2.resid.11138,2,resid,204,0
378,9.mlp.9936,9,mlp,661,15
379,2.resid.22913,2,resid,159,70
380,9.mlp.30947,9,mlp,368,16
381,2.resid.5602,2,resid,221,17
382,9.mlp.8728,9,mlp,552,12
383,2.resid.12951,2,resid,137,28
384,9.mlp.4466,9,mlp,524,5
385,2.resid.18995,2,resid,160,22
386,9.mlp.35450,9,mlp,507,6
387,2.resid.40360,2,resid,70,0
388,9.mlp.38760,9,mlp,679,5
389,2.resid.2927,2,resid,150,0
390,9.mlp.23440,9,mlp,579,5
391,2.resid.4409,2,resid,276,2
392,9.mlp.18163,9,mlp,347,32
393,2.resid.22242,2,resid,155,4
394,9.mlp.21173,9,mlp,397,19
395,2.resid.26050,2,resid,145,2
396,9.mlp.21429,9,mlp,413,5
397,2.resid.21427,2,resid,118,7
398,9.mlp.22703,9,mlp,600,21
399,2.resid.12751,2,resid,172,0
400,9.mlp.30067,9,mlp,517,33
401,2.resid.38153,2,resid,93,20
402,9.mlp.40941,9,mlp,455,26
403,2.resid.39476,2,resid,129,2
404,9.mlp.1895,9,mlp,613,33
405,2.resid.32082,2,resid,186,67
406,9.mlp.25658,9,mlp,520,23
407,2.resid.22960,2,resid,150,13
408,9.mlp.25651,9,mlp,460,9
409,2.resid.4434,2,resid,82,39
410,9.mlp.37959,9,mlp,419,37
411,2.resid.11849,2,resid,218,26
412,9.mlp.32370,9,mlp,667,610
413,2.resid.13083,2,resid,144,4
414,9.mlp.14123,9,mlp,459,10
415,2.resid.25633,2,resid,119,17
416,9.mlp.38366,9,mlp,540,19
417,2.resid.35111,2,resid,91,6
418,9.mlp.24330,9,mlp,499,23
419,2.resid.23390,2,resid,96,3
420,9.mlp.5240,9,mlp,432,22
421,2.resid.40267,2,resid,127,26
422,9.mlp.21447,9,mlp,168,32
423,2.resid.10698,2,resid,179,9
424,9.mlp.22280,9,mlp,634,47
425,3.attn.17951,3,attn,209,0
426,9.attn.28587,9,attn,661,5
427,3.attn.34360,3,attn,297,0
428,9.attn.35715,9,attn,398,11
429,9.attn.378,9,attn,1081,0
430,3.attn.20049,3,attn,142,0
431,9.attn.1100,9,attn,258,18
432,3.attn.16975,3,attn,177,21
433,9.attn.8087,9,attn,588,5
434,3.attn.37600,3,attn,234,0
435,9.attn.38757,9,attn,281,1
436,3.attn.37736,3,attn,149,0
437,9.attn.5826,9,attn,280,1
438,3.attn.1392,3,attn,264,0
439,9.attn.19273,9,attn,809,15
440,3.attn.20797,3,attn,311,0
441,9.attn.39559,9,attn,476,9
442,3.attn.28046,3,attn,146,21
443,9.attn.9760,9,attn,328,14
444,3.attn.20952,3,attn,111,0
445,9.attn.8755,9,attn,240,1
446,3.attn.28664,3,attn,233,0
447,9.attn.26640,9,attn,297,13
448,3.attn.8052,3,attn,177,0
449,9.attn.22520,9,attn,250,25
450,11.resid.39024,11,resid,262,18
451,0.mlp.27861,0,mlp,87,142
452,11.resid.22700,11,resid,570,15
453,0.mlp.7980,0,mlp,10,143
454,11.resid.5447,11,resid,272,11
455,0.mlp.13785,0,mlp,26,144
456,11.resid.14738,11,resid,558,4
457,0.mlp.16157,0,mlp,32,145
458,11.resid.13355,11,resid,422,26
459,0.mlp.24488,0,mlp,19,31
460,11.resid.23928,11,resid,310,4
461,0.mlp.26127,0,mlp,16,146
462,11.resid.34264,11,resid,371,2
463,0.mlp.35753,0,mlp,16,147
464,11.resid.19284,11,resid,385,37
465,0.mlp.21680,0,mlp,9,148
466,11.resid.1829,11,resid,466,27
467,0.mlp.19660,0,mlp,12,149
468,11.resid.6532,11,resid,540,17
469,0.mlp.21735,0,mlp,33,150
470,11.resid.33624,11,resid,415,10
471,0.mlp.1498,0,mlp,12,9
472,11.resid.23273,11,resid,424,4
473,0.mlp.38921,0,mlp,17,151
474,11.resid.30047,11,resid,850,23
475,0.mlp.38396,0,mlp,16,152
476,11.resid.40745,11,resid,635,39
477,0.mlp.20739,0,mlp,11,153
478,11.resid.2195,11,resid,615,4
479,0.mlp.12557,0,mlp,15,154
480,11.resid.20257,11,resid,266,8
481,0.mlp.30261,0,mlp,28,3
482,11.resid.3354,11,resid,415,4
483,0.mlp.28150,0,mlp,102,3
484,11.resid.30062,11,resid,373,4
485,0.mlp.38532,0,mlp,11,155
486,11.resid.21315,11,resid,467,37
487,0.mlp.27197,0,mlp,18,156
488,11.resid.18519,11,resid,370,4
489,0.mlp.40866,0,mlp,18,16
490,11.resid.37588,11,resid,582,5
491,0.mlp.16615,0,mlp,7,157
492,11.resid.10297,11,resid,376,3
493,0.mlp.8652,0,mlp,14,2
494,11.resid.33725,11,resid,628,4
495,0.mlp.5856,0,mlp,13,0
496,11.resid.16733,11,resid,647,2
497,0.mlp.24326,0,mlp,83,158
498,11.resid.27206,11,resid,533,4
499,0.mlp.21544,0,mlp,17,2
500,11.resid.1579,11,resid,649,2
501,0.mlp.2189,0,mlp,72,7
502,11.resid.32229,11,resid,424,4
503,0.mlp.26489,0,mlp,45,3
504,11.resid.24403,11,resid,289,25
505,0.mlp.38161,0,mlp,27,2
506,11.resid.26325,11,resid,485,40
507,0.resid.20611,0,resid,9,159
508,11.mlp.19660,11,mlp,396,308
509,0.resid.18909,0,resid,55,20
510,11.mlp.33353,11,mlp,783,1
511,0.resid.137,0,resid,38,16
512,11.mlp.10161,11,mlp,327,12
513,0.resid.22233,0,resid,26,28
514,11.mlp.38116,11,mlp,597,18
515,0.resid.29060,0,resid,23,17
516,11.mlp.3112,11,mlp,623,2
517,0.resid.16713,0,resid,24,36
518,11.mlp.32902,11,mlp,505,12
519,0.resid.1641,0,resid,24,0
520,11.mlp.12439,11,mlp,405,4
521,0.resid.5614,0,resid,10,0
522,11.mlp.8443,11,mlp,460,15
523,0.resid.30180,0,resid,19,160
524,11.mlp.32807,11,mlp,744,15
525,0.resid.27337,0,resid,19,161
526,11.mlp.25734,11,mlp,506,12
527,0.resid.6091,0,resid,112,8
528,11.mlp.31991,11,mlp,368,16
529,0.resid.10849,0,resid,26,2
530,11.mlp.18340,11,mlp,384,32
531,0.resid.5980,0,resid,15,5
532,11.mlp.40471,11,mlp,441,15
533,0.resid.28471,0,resid,30,24
534,11.mlp.35106,11,mlp,539,15
535,0.resid.23681,0,resid,71,2
536,11.mlp.9049,11,mlp,519,36
537,0.resid.31318,0,resid,58,15
538,11.mlp.4635,11,mlp,624,23
539,0.resid.4555,0,resid,66,7
540,11.mlp.25302,11,mlp,355,22
541,0.resid.20959,0,resid,44,9
542,11.mlp.17774,11,mlp,512,25
543,0.resid.18112,0,resid,147,6
544,11.mlp.5002,11,mlp,473,10
545,0.resid.12702,0,resid,10,162
546,11.mlp.29398,11,mlp,282,13
547,0.resid.8414,0,resid,12,163
548,11.mlp.28340,11,mlp,379,10
549,0.resid.530,0,resid,101,8
550,11.mlp.40497,11,mlp,388,585
551,0.resid.2438,0,resid,46,25
552,11.mlp.20886,11,mlp,280,4
553,0.resid.30549,0,resid,82,164
554,11.mlp.10752,11,mlp,529,26
555,0.resid.40079,0,resid,77,35
556,11.mlp.4069,11,mlp,372,535
557,0.resid.15499,0,resid,43,3
558,11.mlp.15606,11,mlp,311,91
559,0.resid.30119,0,resid,13,165
560,11.mlp.16210,11,mlp,276,73
561,0.resid.18274,0,resid,21,166
562,11.mlp.5906,11,mlp,362,12
563,1.attn.36053,1,attn,150,0
564,11.attn.25192,11,attn,401,1
565,11.attn.6244,11,attn,234,1
566,11.attn.31935,11,attn,532,747
567,1.attn.7060,1,attn,86,13
568,11.attn.30156,11,attn,302,1
569,11.attn.2836,11,attn,908,14
570,11.attn.15376,11,attn,327,14
571,11.attn.6934,11,attn,411,13
572,1.attn.29306,1,attn,110,15
573,11.attn.12762,11,attn,708,36
574,11.attn.21066,11,attn,554,3
575,11.attn.31803,11,attn,449,1
576,11.attn.11280,11,attn,772,1
577,11.attn.2951,11,attn,511,10
578,11.attn.9831,11,attn,116,15
579,1.attn.26907,1,attn,80,3
580,11.attn.33573,11,attn,429,1
581,11.attn.977,11,attn,364,5
582,11.attn.34120,11,attn,608,10
583,11.attn.38700,11,attn,187,27
584,1.attn.16144,1,attn,77,167
585,11.attn.3427,11,attn,501,14
586,11.attn.10332,11,attn,400,1
587,1.attn.27606,1,attn,80,0
588,11.attn.30726,11,attn,526,11
589,11.attn.5312,11,attn,612,13
590,11.attn.32429,11,attn,795,1
591,1.attn.5704,1,attn,71,36
592,11.attn.11701,11,attn,222,11
593,11.attn.36218,11,attn,372,11
594,11.attn.6751,11,attn,463,14
595,11.attn.18477,11,attn,692,19
596,1.attn.40322,1,attn,120,33
597,11.attn.24152,11,attn,600,11
598,11.attn.39056,11,attn,518,14
599,11.attn.11907,11,attn,294,44
600,1.mlp.9529,1,mlp,260,2
601,10.resid.20112,10,resid,387,27
602,1.mlp.14355,1,mlp,95,2
603,10.resid.10297,10,resid,640,15
604,1.mlp.21174,1,mlp,249,2
605,10.resid.32273,10,resid,347,9
606,1.mlp.30144,1,mlp,93,6
607,10.resid.24262,10,resid,384,8
608,1.mlp.4836,1,mlp,170,6
609,10.resid.19399,10,resid,722,32
610,1.mlp.17957,1,mlp,195,6
611,10.resid.3021,10,resid,471,34
612,1.mlp.1452,1,mlp,173,8
613,10.resid.25270,10,resid,481,13
614,1.mlp.33129,1,mlp,77,12
615,10.resid.26031,10,resid,405,9
616,1.mlp.21481,1,mlp,231,2
617,10.resid.37990,10,resid,907,1
618,1.mlp.1510,1,mlp,152,10
619,10.resid.32183,10,resid,434,10
620,1.mlp.9178,1,mlp,163,3
621,10.resid.8766,10,resid,684,15
622,1.mlp.16197,1,mlp,135,12
623,10.resid.8973,10,resid,338,34
624,1.mlp.29163,1,mlp,176,7
625,10.resid.5451,10,resid,346,34
626,1.mlp.26678,1,mlp,126,41
627,10.resid.25024,10,resid,633,8
628,1.mlp.12513,1,mlp,142,19
629,10.resid.32131,10,resid,571,33
630,1.mlp.9345,1,mlp,213,7
631,10.resid.17931,10,resid,575,5
632,1.mlp.21259,1,mlp,224,7
633,10.resid.33816,10,resid,921,0
634,1.mlp.22660,1,mlp,96,6
635,10.resid.37500,10,resid,730,7
636,1.mlp.14095,1,mlp,168,6
637,10.resid.11617,10,resid,467,14
638,1.mlp.521,1,mlp,168,2
639,10.resid.19411,10,resid,692,33
640,1.mlp.9169,1,mlp,62,7
641,10.resid.26236,10,resid,480,2
642,1.mlp.29918,1,mlp,126,42
643,10.resid.40464,10,resid,500,26
644,1.mlp.32535,1,mlp,75,2
645,10.resid.19787,10,resid,764,169
646,1.mlp.10172,1,mlp,152,7
647,10.resid.7485,10,resid,766,35
648,1.mlp.16148,1,mlp,157,41
649,10.resid.30948,10,resid,757,20
650,1.mlp.22659,1,mlp,147,2
651,10.resid.317,10,resid,774,2
652,1.mlp.9815,1,mlp,153,62
653,10.resid.3005,10,resid,281,27
654,1.mlp.18963,1,mlp,98,20
655,10.resid.20467,10,resid,695,0
656,1.resid.10828,1,resid,106,10
657,10.mlp.37372,10,mlp,572,25
658,1.resid.33945,1,resid,128,2
659,10.mlp.28049,10,mlp,671,5
660,1.resid.32859,1,resid,79,7
661,10.mlp.3604,10,mlp,240,9
662,1.resid.32876,1,resid,166,2
663,10.mlp.13054,10,mlp,527,26
664,1.resid.9146,1,resid,70,171
665,10.mlp.31374,10,mlp,676,5
666,1.resid.28864,1,resid,78,38
667,10.mlp.3352,10,mlp,616,2
668,1.resid.33935,1,resid,35,172
669,10.mlp.31097,10,mlp,447,21
670,1.resid.5171,1,resid,122,3
671,10.mlp.17017,10,mlp,436,25
672,1.resid.7483,1,resid,49,39
673,10.mlp.29467,10,mlp,569,10
674,1.resid.32470,1,resid,39,28
675,10.mlp.6699,10,mlp,235,18
676,1.resid.28196,1,resid,130,2
677,10.mlp.8929,10,mlp,603,5
678,1.resid.20998,1,resid,89,3
679,10.mlp.21980,10,mlp,573,26
680,1.resid.26101,1,resid,126,29
681,10.mlp.22916,10,mlp,594,2
682,1.resid.31018,1,resid,144,16
683,10.mlp.20393,10,mlp,405,25
684,1.resid.30188,1,resid,77,8
685,10.mlp.20133,10,mlp,578,37
686,1.resid.1533,1,resid,73,37
687,10.mlp.6194,10,mlp,670,19
688,1.resid.24993,1,resid,147,10
689,10.mlp.8806,10,mlp,433,104
690,1.resid.37386,1,resid,82,2
691,10.mlp.37247,10,mlp,343,8
692,1.resid.27734,1,resid,101,6
693,10.mlp.27447,10,mlp,519,15
694,1.resid.28543,1,resid,71,23
695,10.mlp.6565,10,mlp,517,597
696,1.resid.18321,1,resid,75,13
697,10.mlp.30619,10,mlp,464,723
698,1.resid.25602,1,resid,93,3
699,10.mlp.4556,10,mlp,566,34
700,1.resid.11900,1,resid,101,3
701,10.mlp.32026,10,mlp,488,9
702,1.resid.15846,1,resid,104,45
703,10.mlp.16331,10,mlp,352,5
704,1.resid.23676,1,resid,66,8
705,10.mlp.31456,10,mlp,302,417
706,1.resid.18442,1,resid,154,6
707,10.mlp.17015,10,mlp,444,26
708,1.resid.21501,1,resid,101,47
709,10.mlp.7021,10,mlp,358,34
710,1.resid.20931,1,resid,140,19
711,10.mlp.34681,10,mlp,678,0
712,1.resid.19007,1,resid,126,29
713,10.attn.23889,10,attn,565,1
714,2.attn.40845,2,attn,84,17
715,10.attn.20603,10,attn,303,11
716,2.attn.12630,2,attn,122,0
717,10.attn.37002,10,attn,344,1
718,10.attn.49,10,attn,745,60
719,2.attn.971,2,attn,103,3
720,10.attn.26205,10,attn,1076,14
721,10.attn.40893,10,attn,506,1
722,10.attn.39876,10,attn,377,1
723,2.attn.19148,2,attn,76,0
724,10.attn.4608,10,attn,350,14
725,2.attn.18531,2,attn,143,5
726,10.attn.31129,10,attn,852,1
727,10.attn.12083,10,attn,914,1
728,2.attn.1166,2,attn,154,21
729,10.attn.28464,10,attn,590,0
730,10.attn.5724,10,attn,516,8
731,10.attn.14676,10,attn,388,1
732,2.attn.33325,2,attn,196,23
733,10.attn.407,10,attn,348,10
734,2.attn.3853,2,attn,77,36
735,10.attn.29343,10,attn,650,1
736,2.attn.19129,2,attn,145,38
737,10.attn.13757,10,attn,875,0
738,10.attn.5464,10,attn,492,16
739,10.attn.24004,10,attn,389,34
740,10.attn.7360,10,attn,635,14
741,2.attn.32264,2,attn,95,31
742,10.attn.28525,10,attn,500,8
743,2.attn.8705,2,attn,207,26
744,10.attn.6641,10,attn,795,1
745,10.attn.40769,10,attn,294,1
746,2.attn.34863,2,attn,136,0
747,10.attn.21740,10,attn,287,1
748,2.attn.20892,2,attn,378,0
749,10.attn.7159,10,attn,330,44
750,10.attn.26226,10,attn,314,1
751,2.attn.35518,2,attn,107,0
752,10.attn.38360,10,attn,730,58
753,10.attn.1416,10,attn,378,1
754,2.attn.5167,2,attn,142,6
755,10.attn.34215,10,attn,297,14
756,10.attn.36168,10,attn,611,8
757,2.mlp.26898,2,mlp,139,7
758,9.resid.36681,9,resid,469,1
759,2.mlp.7864,2,mlp,192,21
760,9.resid.30611,9,resid,574,12
761,2.mlp.1913,2,mlp,191,0
762,9.resid.34747,9,resid,726,2
763,2.mlp.37567,2,mlp,151,5
764,9.resid.34730,9,resid,413,10
765,2.mlp.28770,2,mlp,115,7
766,9.resid.38115,9,resid,884,0
767,2.mlp.30062,2,mlp,89,2
768,9.resid.33981,9,resid,554,16
769,2.mlp.14309,2,mlp,222,0
770,9.resid.16804,9,resid,689,1
771,2.mlp.28526,2,mlp,119,173
772,9.resid.33233,9,resid,280,13
773,2.mlp.24863,2,mlp,212,6
774,9.resid.37056,9,resid,476,27
775,2.mlp.5766,2,mlp,186,0
776,9.resid.37407,9,resid,496,48
777,2.mlp.15730,2,mlp,190,3
778,9.resid.30042,9,resid,533,21
779,2.mlp.24844,2,mlp,184,9
780,9.resid.19955,9,resid,636,1
781,2.mlp.8251,2,mlp,158,63
782,9.resid.13846,9,resid,628,33
783,2.mlp.28222,2,mlp,179,14
784,9.resid.38885,9,resid,450,51
785,2.mlp.32638,2,mlp,184,0
786,9.resid.7123,9,resid,569,5
787,2.mlp.11514,2,mlp,160,39
788,9.resid.2535,9,resid,700,37
789,2.mlp.2469,2,mlp,147,5
790,9.resid.15411,9,resid,515,13
791,2.mlp.35503,2,mlp,210,6
792,9.resid.34427,9,resid,443,57
793,2.mlp.15814,2,mlp,132,17
794,9.resid.5945,9,resid,551,18
795,2.mlp.32484,2,mlp,405,17
796,9.resid.37599,9,resid,373,34
797,2.mlp.7299,2,mlp,224,23
798,9.resid.8566,9,resid,656,9
799,2.mlp.17671,2,mlp,318,2
800,9.resid.38786,9,resid,619,7
801,2.mlp.22119,2,mlp,136,72
802,9.resid.40489,9,resid,503,3
803,2.mlp.13399,2,mlp,185,39
804,9.resid.15964,9,resid,324,16
805,2.mlp.8400,2,mlp,275,30
806,9.resid.15548,9,resid,590,54
807,2.mlp.38578,2,mlp,175,0
808,9.resid.2881,9,resid,511,36
809,2.mlp.16287,2,mlp,158,6
810,9.resid.3002,9,resid,491,12
811,2.mlp.1585,2,mlp,105,5
812,9.resid.28803,9,resid,321,10
813,2.resid.17043,2,resid,162,6
814,9.mlp.17765,9,mlp,517,78
815,2.resid.23066,2,resid,338,3
816,9.mlp.23577,9,mlp,551,0
817,2.resid.5734,2,resid,180,19
818,9.mlp.27320,9,mlp,373,9
819,2.resid.22542,2,resid,100,174
820,9.mlp.23857,9,mlp,384,75
821,2.resid.21949,2,resid,115,34
822,9.mlp.2800,9,mlp,351,8
823,2.resid.16256,2,resid,114,3
824,9.mlp.15860,9,mlp,712,29
825,2.resid.29583,2,resid,98,2
826,9.mlp.15001,9,mlp,475,59
827,2.resid.18593,2,resid,155,10
828,9.mlp.37162,9,mlp,519,8
829,2.resid.9307,2,resid,73,3
830,9.mlp.29685,9,mlp,221,27
831,2.resid.32078,2,resid,156,17
832,9.mlp.11034,9,mlp,444,2
833,2.resid.22935,2,resid,104,40
834,9.mlp.38723,9,mlp,551,341
835,2.resid.25372,2,resid,141,29
836,9.mlp.9559,9,mlp,433,29
837,2.resid.26064,2,resid,204,7
838,9.mlp.17303,9,mlp,395,3
839,2.resid.18129,2,resid,146,6
840,9.mlp.5402,9,mlp,551,23
841,2.resid.4151,2,resid,103,7
842,9.mlp.14106,9,mlp,432,30
843,2.resid.13686,2,resid,108,10
844,9.mlp.10005,9,mlp,497,10
845,2.resid.10521,2,resid,184,2
846,9.mlp.2957,9,mlp,618,2
847,2.resid.33353,2,resid,210,38
848,9.mlp.38184,9,mlp,787,10
849,2.resid.7413,2,resid,213,5
850,9.mlp.30683,9,mlp,569,10
851,2.resid.33857,2,resid,146,6
852,9.mlp.40083,9,mlp,365,22
853,2.resid.8734,2,resid,120,6
854,9.mlp.19739,9,mlp,548,30
855,2.resid.22395,2,resid,151,34
856,9.mlp.22520,9,mlp,447,19
857,2.resid.17913,2,resid,210,10
858,9.mlp.11422,9,mlp,762,18
859,2.resid.7,2,resid,133,26
860,9.mlp.26756,9,mlp,351,8
861,2.resid.10693,2,resid,134,20
862,9.mlp.26893,9,mlp,354,33
863,2.resid.15015,2,resid,172,20
864,9.mlp.13324,9,mlp,436,11
865,2.resid.1104,2,resid,218,6
866,9.mlp.26304,9,mlp,522,2
867,2.resid.28632,2,resid,152,2
868,9.mlp.17718,9,mlp,438,35
869,2.resid.18819,2,resid,158,2
870,9.mlp.9456,9,mlp,352,9
871,3.attn.36629,3,attn,217,0
872,9.attn.12285,9,attn,295,11
873,9.attn.17149,9,attn,621,30
874,3.attn.10377,3,attn,204,16
875,9.attn.31326,9,attn,243,14
876,3.attn.35427,3,attn,200,0
877,9.attn.21033,9,attn,316,1
878,3.attn.622,3,attn,246,29
879,9.attn.3411,9,attn,276,1
880,9.attn.36055,9,attn,262,54
881,9.attn.2946,9,attn,542,1
882,3.attn.6577,3,attn,292,0
883,9.attn.27795,9,attn,341,27
884,3.attn.31061,3,attn,165,17
885,9.attn.13429,9,attn,412,11
886,3.attn.22869,3,attn,184,0
887,9.attn.17113,9,attn,404,5
888,3.attn.36450,3,attn,179,0
889,9.attn.1367,9,attn,181,27
890,9.attn.26581,9,attn,678,22
891,3.attn.34717,3,attn,178,15
892,9.attn.40165,9,attn,234,1
893,3.attn.29396,3,attn,167,2
894,9.attn.6960,9,attn,547,11
895,3.attn.30709,3,attn,154,28
896,9.attn.38824,9,attn,725,16
897,3.attn.33455,3,attn,246,0
898,9.attn.22886,9,attn,529,14
899,3.attn.1154,3,attn,185,0
900,0.mlp.18452,0,mlp,25,176
901,11.resid.25550,11,resid,508,15
902,0.mlp.28737,0,mlp,57,177
903,11.resid.8822,11,resid,498,4
904,0.mlp.11740,0,mlp,19,18
905,11.resid.31027,11,resid,512,4
906,0.mlp.14371,0,mlp,26,178
907,11.resid.13585,11,resid,719,1
908,0.mlp.38643,0,mlp,14,17
909,11.resid.22970,11,resid,814,17
910,0.mlp.9618,0,mlp,29,28
911,11.resid.28923,11,resid,400,14
912,0.mlp.9375,0,mlp,23,7
913,11.resid.33769,11,resid,395,4
914,0.mlp.1722,0,mlp,21,179
915,11.resid.19251,11,resid,371,8
916,0.mlp.32521,0,mlp,27,180
917,11.resid.4024,11,resid,411,32
918,0.mlp.33344,0,mlp,13,181
919,11.resid.23860,11,resid,308,4
920,0.mlp.28710,0,mlp,26,182
921,11.resid.38589,11,resid,673,24
922,0.mlp.21970,0,mlp,57,31
923,11.resid.9387,11,resid,583,4
924,0.mlp.16502,0,mlp,78,32
925,11.resid.14474,11,resid,554,4
926,0.mlp.7113,0,mlp,24,183
927,11.resid.40511,11,resid,380,10
928,0.mlp.14912,0,mlp,20,184
929,11.resid.30722,11,resid,616,24
930,0.mlp.18232,0,mlp,36,185
931,11.resid.34845,11,resid,526,11
932,0.mlp.32843,0,mlp,22,186
933,11.resid.27236,11,resid,509,4
934,0.mlp.23688,0,mlp,39,187
935,11.resid.8187,11,resid,543,4
936,0.mlp.28005,0,mlp,15,188
937,11.resid.40318,11,resid,638,4
938,0.mlp.19944,0,mlp,16,189
939,11.resid.8702,11,resid,557,4
940,0.mlp.40156,0,mlp,91,7
941,11.resid.4030,11,resid,644,24
942,0.mlp.31513,0,mlp,10,190
943,11.resid.29394,11,resid,670,5
944,0.mlp.14551,0,mlp,6,191
945,11.resid.30561,11,resid,425,4
946,0.mlp.39035,0,mlp,8,192
947,11.resid.20466,11,resid,695,20
948,0.mlp.28510,0,mlp,11,193
949,11.resid.9323,11,resid,438,4
950,0.mlp.6283,0,mlp,44,194
951,11.resid.35783,11,resid,328,10
952,0.mlp.9328,0,mlp,56,3
953,11.resid.12969,11,resid,481,19
954,0.mlp.29383,0,mlp,8,195
955,11.resid.36699,11,resid,635,1
956,0.resid.427,0,resid,23,196
957,11.mlp.9957,11,mlp,541,46
958,0.resid.23137,0,resid,43,197
959,11.mlp.16697,11,mlp,537,90
960,0.resid.11519,0,resid,66,26
961,11.mlp.24227,11,mlp,578,692
962,0.resid.1875,0,resid,30,7
963,11.mlp.30624,11,mlp,550,28
964,0.resid.19474,0,resid,62,2
965,11.mlp.29769,11,mlp,541,10
966,0.resid.27129,0,resid,35,198
967,11.mlp.5658,11,mlp,514,4
968,0.resid.19735,0,resid,29,199
969,11.mlp.411,11,mlp,673,7
970,0.resid.21823,0,resid,66,28
971,11.mlp.2607,11,mlp,472,9
972,0.resid.2318,0,resid,109,55
973,11.mlp.19319,11,mlp,716,34
974,0.resid.32397,0,resid,27,0
975,11.mlp.10947,11,mlp,420,3
976,0.resid.40371,0,resid,23,31
977,11.mlp.40228,11,mlp,530,17
978,0.resid.37130,0,resid,29,2
979,11.mlp.4008,11,mlp,309,7
980,0.resid.6102,0,resid,52,15
981,11.mlp.28516,11,mlp,230,11
982,0.resid.8310,0,resid,69,7
983,11.mlp.2759,11,mlp,371,13
984,0.resid.11229,0,resid,30,2
985,11.mlp.34825,11,mlp,426,4
986,0.resid.14166,0,resid,35,24
987,11.mlp.34302,11,mlp,360,11
988,0.resid.30897,0,resid,23,200
989,11.mlp.1250,11,mlp,365,575
990,0.resid.12134,0,resid,26,18
991,11.mlp.21181,11,mlp,570,2
992,0.resid.27406,0,resid,82,20
993,11.mlp.37741,11,mlp,428,7
994,0.resid.39304,0,resid,60,48
995,11.mlp.25560,11,mlp,497,7
996,0.resid.20426,0,resid,21,201
997,11.mlp.21934,11,mlp,532,19
998,0.resid.29449,0,resid,19,202
999,11.mlp.8836,11,mlp,542,35
1000,0.resid.35390,0,resid,69,30
1001,11.mlp.37102,11,mlp,313,73
1002,0.resid.3439,0,resid,24,203
1003,11.mlp.14491,11,mlp,351,366
1004,0.resid.23064,0,resid,46,5
1005,11.mlp.18950,11,mlp,330,19
1006,0.resid.20634,0,resid,22,9
1007,11.mlp.8050,11,mlp,772,0
1008,0.resid.21692,0,resid,143,53
1009,11.mlp.3512,11,mlp,394,24
1010,0.resid.12810,0,resid,39,12
1011,11.mlp.28410,11,mlp,465,4
1012,0.resid.30937,0,resid,17,204
1013,11.mlp.2554,11,mlp,505,59
1014,11.attn.1507,11,attn,315,68
1015,11.attn.13496,11,attn,627,14
1016,11.attn.32285,11,attn,636,5
1017,1.attn.34489,1,attn,79,2
1018,11.attn.3900,11,attn,416,1
1019,11.attn.40778,11,attn,402,1
1020,1.attn.17837,1,attn,144,7
1021,11.attn.31968,11,attn,442,12
1022,1.attn.18303,1,attn,58,53
1023,11.attn.29373,11,attn,408,56
1024,11.attn.38361,11,attn,313,44
1025,1.attn.28513,1,attn,66,7
1026,11.attn.21240,11,attn,917,16
1027,11.attn.27192,11,attn,200,37
1028,11.attn.29889,11,attn,354,24
1029,11.attn.20989,11,attn,276,11
1030,11.attn.9,11,attn,314,1
1031,1.attn.40513,1,attn,35,11
1032,11.attn.1,11,attn,316,11
1033,11.attn.6336,11,attn,653,14
1034,1.attn.20791,1,attn,87,8
1035,11.attn.1222,11,attn,857,11
1036,11.attn.31690,11,attn,328,1
1037,11.attn.22315,11,attn,415,44
1038,1.attn.28481,1,attn,55,21
1039,11.attn.38734,11,attn,572,20
1040,11.attn.8005,11,attn,713,20
1041,11.attn.23772,11,attn,859,11
1042,1.attn.19986,1,attn,155,17
1043,11.attn.511,11,attn,540,11
1044,11.attn.3938,11,attn,320,9
1045,11.attn.2645,11,attn,210,35
1046,11.attn.40602,11,attn,218,11
1047,11.attn.17107,11,attn,553,3
1048,11.attn.24366,11,attn,609,1
1049,11.attn.30933,11,attn,788,5
1050,1.mlp.32663,1,mlp,199,2
1051,10.resid.5058,10,resid,740,21
1052,1.mlp.12604,1,mlp,151,4
1053,10.resid.12244,10,resid,454,11
1054,1.mlp.25339,1,mlp,74,6
1055,10.resid.32421,10,resid,582,18
1056,1.mlp.39170,1,mlp,129,33
1057,10.resid.2826,10,resid,768,32
1058,1.mlp.6248,1,mlp,124,6
1059,10.resid.8782,10,resid,394,1
1060,1.mlp.14006,1,mlp,126,6
1061,10.resid.6198,10,resid,608,8
1062,1.mlp.27843,1,mlp,114,31
1063,10.resid.8116,10,resid,571,54
1064,1.mlp.33534,1,mlp,151,16
1065,10.resid.8287,10,resid,667,23
1066,1.mlp.7074,1,mlp,241,3
1067,10.resid.27164,10,resid,660,39
1068,1.mlp.9758,1,mlp,175,49
1069,10.resid.30872,10,resid,596,2
1070,1.mlp.23713,1,mlp,279,9
1071,10.resid.24367,10,resid,293,5
1072,1.mlp.9432,1,mlp,174,38
1073,10.resid.25033,10,resid,419,13
1074,1.mlp.33400,1,mlp,103,3
1075,10.resid.32973,10,resid,553,10
1076,1.mlp.35039,1,mlp,79,3
1077,10.resid.12706,10,resid,948,11
1078,1.mlp.16241,1,mlp,183,7
1079,10.resid.13202,10,resid,610,12
1080,1.mlp.28609,1,mlp,110,2
1081,10.resid.12333,10,resid,618,0
1082,1.mlp.11269,1,mlp,114,2
1083,10.resid.30443,10,resid,683,26
1084,1.mlp.40925,1,mlp,199,9
1085,10.resid.28688,10,resid,501,9
1086,1.mlp.28102,1,mlp,191,2
1087,10.resid.19452,10,resid,755,17
1088,1.mlp.3268,1,mlp,297,0
1089,10.resid.13793,10,resid,388,9
1090,1.mlp.28692,1,mlp,166,20
1091,10.resid.4853,10,resid,522,21
1092,1.mlp.8350,1,mlp,145,3
1093,10.resid.32708,10,resid,303,11
1094,1.mlp.20961,1,mlp,122,18
1095,10.resid.15401,10,resid,580,13
1096,1.mlp.25444,1,mlp,67,2
1097,10.resid.26318,10,resid,595,23
1098,1.mlp.40438,1,mlp,231,10
1099,10.resid.16208,10,resid,765,13
1100,1.mlp.30251,1,mlp,109,6
1101,10.resid.33487,10,resid,1037,13
1102,1.mlp.15024,1,mlp,301,6
1103,10.resid.16104,10,resid,362,50
1104,1.mlp.19127,1,mlp,254,2
1105,10.resid.19551,10,resid,622,3
1106,1.mlp.5252,1,mlp,140,39
1107,10.resid.4488,10,resid,449,46
1108,1.resid.26767,1,resid,95,2
1109,10.mlp.21245,10,mlp,247,8
1110,1.resid.13067,1,resid,123,22
1111,10.mlp.16197,10,mlp,367,8
1112,1.resid.9739,1,resid,80,207
1113,10.mlp.4832,10,mlp,584,25
1114,1.resid.29975,1,resid,59,38
1115,10.mlp.29228,10,mlp,396,208
1116,1.resid.4319,1,resid,83,6
1117,10.mlp.19006,10,mlp,549,23
1118,1.resid.25890,1,resid,70,209
1119,10.mlp.30663,10,mlp,528,0
1120,1.resid.2535,1,resid,113,15
1121,10.mlp.33197,10,mlp,575,16
1122,1.resid.5653,1,resid,136,6
1123,10.mlp.39394,10,mlp,811,21
1124,1.resid.32968,1,resid,75,7
1125,10.mlp.3244,10,mlp,716,33
1126,1.resid.38395,1,resid,99,24
1127,10.mlp.23385,10,mlp,458,13
1128,1.resid.26761,1,resid,22,12
1129,10.mlp.30885,10,mlp,332,5
1130,1.resid.34438,1,resid,26,21
1131,10.mlp.36441,10,mlp,600,24
1132,1.resid.40546,1,resid,47,9
1133,10.mlp.5010,10,mlp,805,20
1134,1.resid.40946,1,resid,57,2
1135,10.mlp.19510,10,mlp,428,9
1136,1.resid.7943,1,resid,173,3
1137,10.mlp.24963,10,mlp,572,49
1138,1.resid.11351,1,resid,114,12
1139,10.mlp.3904,10,mlp,367,55
1140,1.resid.8754,1,resid,78,3
1141,10.mlp.10972,10,mlp,365,12
1142,1.resid.1648,1,resid,69,210
1143,10.mlp.32418,10,mlp,355,10
1144,1.resid.28898,1,resid,193,10
1145,10.mlp.13522,10,mlp,655,23
1146,1.resid.23339,1,resid,90,23
1147,10.mlp.17755,10,mlp,384,37
1148,1.resid.38743,1,resid,57,2
1149,10.mlp.36659,10,mlp,669,3
1150,1.resid.5011,1,resid,153,2
1151,10.mlp.30263,10,mlp,614,3
1152,1.resid.116,1,resid,59,211
1153,10.mlp.4215,10,mlp,572,43
1154,1.resid.4992,1,resid,127,7
1155,10.mlp.573,10,mlp,420,10
1156,1.resid.23399,1,resid,138,22
1157,10.mlp.24840,10,mlp,509,15
1158,1.resid.20912,1,resid,171,3
1159,10.mlp.37747,10,mlp,459,377
1160,1.resid.31903,1,resid,83,4
1161,10.mlp.309,10,mlp,477,10
1162,1.resid.4511,1,resid,92,8
1163,10.mlp.36812,10,mlp,265,27
1164,2.attn.30077,2,attn,115,28
1165,10.attn.31480,10,attn,243,14
1166,2.attn.26162,2,attn,86,212
1167,10.attn.30069,10,attn,383,1
1168,2.attn.12054,2,attn,256,15
1169,10.attn.6471,10,attn,212,1
1170,10.attn.25228,10,attn,969,50
1171,2.attn.29026,2,attn,213,0
1172,10.attn.6237,10,attn,320,1
1173,10.attn.14058,10,attn,510,1
1174,2.attn.5030,2,attn,83,8
1175,10.attn.16784,10,attn,1006,0
1176,2.attn.11200,2,attn,117,0
1177,10.attn.1461,10,attn,348,1
1178,2.attn.30542,2,attn,182,17
1179,10.attn.21966,10,attn,1154,0
1180,2.attn.36766,2,attn,158,26
1181,10.attn.32073,10,attn,410,1
1182,2.attn.15353,2,attn,127,2
1183,10.attn.30324,10,attn,528,1
1184,2.attn.8000,2,attn,166,0
1185,10.attn.16339,10,attn,225,13
1186,10.attn.35910,10,attn,265,14
1187,2.attn.28581,2,attn,160,0
1188,10.attn.9609,10,attn,652,5
1189,2.attn.18690,2,attn,134,15
1190,10.attn.14537,10,attn,194,1
1191,2.attn.22508,2,attn,131,0
1192,10.attn.34438,10,attn,760,9
1193,10.attn.20495,10,attn,293,1
1194,2.attn.25471,2,attn,118,33
1195,2.attn.19200,2,attn,114,48
1196,10.attn.17137,10,attn,796,0
1197,2.attn.18918,2,attn,116,52
1198,10.attn.29674,10,attn,941,68
1199,2.attn.4789,2,attn,112,17
1200,10.attn.24002,10,attn,305,1
1201,2.attn.21339,2,attn,136,0
1202,10.attn.23258,10,attn,828,24
1203,10.attn.15854,10,attn,209,14
1204,2.attn.38077,2,attn,274,0
1205,10.attn.13896,10,attn,322,22
1206,2.attn.26031,2,attn,18,213
1207,10.attn.17945,10,attn,313,1
1208,2.attn.6903,2,attn,95,3
1209,10.attn.11910,10,attn,248,1
1210,10.attn.31380,10,attn,725,1
1211,2.mlp.23342,2,mlp,143,2
1212,9.resid.37063,9,resid,309,27
1213,2.mlp.30254,2,mlp,298,28
1214,9.resid.39115,9,resid,424,27
1215,2.mlp.1750,2,mlp,130,2
1216,9.resid.8108,9,resid,619,9
1217,2.mlp.32342,2,mlp,231,7
1218,9.resid.17260,9,resid,517,24
1219,2.mlp.13510,2,mlp,186,53
1220,9.resid.7373,9,resid,616,1
1221,2.mlp.33167,2,mlp,189,6
1222,9.resid.20419,9,resid,388,26
1223,2.mlp.33608,2,mlp,133,3
1224,9.resid.18027,9,resid,308,27
1225,2.mlp.3860,2,mlp,229,0
1226,9.resid.24382,9,resid,584,12
1227,2.mlp.5911,2,mlp,185,7
1228,9.resid.34888,9,resid,522,20
1229,2.mlp.33464,2,mlp,209,68
1230,9.resid.18340,9,resid,509,35
1231,2.mlp.25974,2,mlp,158,6
1232,9.resid.23119,9,resid,675,2
1233,2.mlp.10272,2,mlp,206,16
1234,9.resid.35718,9,resid,626,8
1235,2.mlp.36308,2,mlp,260,3
1236,9.resid.39080,9,resid,688,34
1237,2.mlp.4271,2,mlp,344,0
1238,9.resid.17129,9,resid,678,8
1239,2.mlp.10331,2,mlp,284,2
1240,9.resid.11781,9,resid,413,10
1241,2.mlp.16000,2,mlp,228,6
1242,9.resid.17596,9,resid,658,12
1243,2.mlp.23763,2,mlp,111,6
1244,9.resid.8481,9,resid,587,16
1245,2.mlp.4776,2,mlp,196,47
1246,9.resid.26298,9,resid,599,2
1247,2.mlp.22859,2,mlp,139,63
1248,9.resid.7995,9,resid,637,73
1249,2.mlp.3657,2,mlp,216,0
1250,9.resid.30708,9,resid,722,22
1251,2.mlp.39022,2,mlp,228,22
1252,9.resid.7106,9,resid,642,2
1253,2.mlp.16845,2,mlp,156,1
1254,9.resid.33023,9,resid,796,1
1255,2.mlp.5794,2,mlp,322,2
1256,9.resid.33653,9,resid,622,8
1257,2.mlp.30081,2,mlp,70,36
1258,9.resid.17605,9,resid,741,0
1259,2.mlp.4406,2,mlp,255,40
1260,9.resid.29881,9,resid,504,36
1261,2.mlp.3888,2,mlp,234,6
1262,9.resid.25703,9,resid,632,19
1263,2.mlp.25765,2,mlp,111,7
1264,9.resid.1841,9,resid,558,0
1265,2.mlp.38972,2,mlp,125,3
1266,9.resid.19759,9,resid,546,4
1267,2.mlp.19178,2,mlp,155,12
1268,9.resid.39885,9,resid,557,0
1269,2.resid.12974,2,resid,199,43
1270,9.mlp.24453,9,mlp,553,17
1271,2.resid.40361,2,resid,145,6
1272,9.mlp.7312,9,mlp,654,31
1273,2.resid.29981,2,resid,145,29
1274,9.mlp.2360,9,mlp,446,13
1275,2.resid.9306,2,resid,81,8
1276,9.mlp.7611,9,mlp,662,26
1277,2.resid.34402,2,resid,186,2
1278,9.mlp.19905,9,mlp,307,5
1279,2.resid.24624,2,resid,137,76
1280,9.mlp.12544,9,mlp,516,13
1281,2.resid.179,2,resid,141,51
1282,9.mlp.39623,9,mlp,446,57
1283,2.resid.38371,2,resid,213,12
1284,9.mlp.31704,9,mlp,528,30
1285,2.resid.18239,2,resid,129,30
1286,9.mlp.38200,9,mlp,461,28
1287,2.resid.33493,2,resid,101,20
1288,9.mlp.5321,9,mlp,395,39
1289,2.resid.27274,2,resid,214,7
1290,9.mlp.28906,9,mlp,479,421
1291,2.resid.25242,2,resid,200,19
1292,9.mlp.38805,9,mlp,456,21
1293,2.resid.14924,2,resid,134,35
1294,9.mlp.16208,9,mlp,586,17
1295,2.resid.15575,2,resid,106,7
1296,9.mlp.38247,9,mlp,525,21
1297,2.resid.32900,2,resid,234,45
1298,9.mlp.19392,9,mlp,275,25
1299,2.resid.24920,2,resid,228,10
1300,9.mlp.20727,9,mlp,527,13
1301,2.resid.33109,2,resid,172,7
1302,9.mlp.13808,9,mlp,665,12
1303,2.resid.26960,2,resid,114,10
1304,9.mlp.16334,9,mlp,514,19
1305,2.resid.33335,2,resid,131,5
1306,9.mlp.18225,9,mlp,578,22
1307,2.resid.9155,2,resid,210,21
1308,9.mlp.35924,9,mlp,760,1
1309,2.resid.29544,2,resid,265,0
1310,9.mlp.19667,9,mlp,580,8
1311,2.resid.15472,2,resid,80,2
1312,9.mlp.25026,9,mlp,498,61
1313,2.resid.20635,2,resid,196,2
1314,9.mlp.26894,9,mlp,378,12
1315,2.resid.38721,2,resid,161,39
1316,9.mlp.31829,9,mlp,616,733
1317,2.resid.12824,2,resid,127,7
1318,9.mlp.2752,9,mlp,464,24
1319,2.resid.10144,2,resid,93,0
1320,9.mlp.6752,9,mlp,577,3
1321,2.resid.12628,2,resid,125,2
1322,9.mlp.7402,9,mlp,449,16
1323,2.resid.4292,2,resid,140,81
1324,9.mlp.5942,9,mlp,701,32
1325,3.attn.30540,3,attn,367,0
1326,9.attn.27124,9,attn,287,23
1327,3.attn.4201,3,attn,217,0
1328,9.attn.22360,9,attn,821,11
1329,3.attn.40216,3,attn,120,22
1330,9.attn.27389,9,attn,443,32
1331,3.attn.12386,3,attn,176,0
1332,9.attn.30542,9,attn,279,14
1333,9.attn.38875,9,attn,270,26
1334,3.attn.33244,3,attn,174,10
1335,9.attn.26366,9,attn,256,40
1336,3.attn.20211,3,attn,146,0
1337,9.attn.6608,9,attn,328,14
1338,3.attn.1023,3,attn,199,0
1339,3.attn.24644,3,attn,183,0
1340,9.attn.22928,9,attn,917,15
1341,3.attn.39421,3,attn,181,0
1342,9.attn.19165,9,attn,548,22
1343,3.attn.27594,3,attn,116,62
1344,9.attn.7817,9,attn,647,17
1345,3.attn.10818,3,attn,193,0
1346,9.attn.25193,9,attn,205,27
1347,3.attn.38132,3,attn,129,1
1348,9.attn.38772,9,attn,270,54
1349,3.attn.25589,3,attn,206,0
1350,9.attn.531,9,attn,230,18
1351,3.attn.17429,3,attn,135,18
1352,9.attn.40283,9,attn,399,1
1353,3.attn.537,3,attn,206,0
1354,9.attn.23509,9,attn,452,1
1355,3.attn.22257,3,attn,148,0
1356,9.attn.25076,9,attn,270,1
1357,9.attn.38891,9,attn,302,1
1358,3.attn.23405,3,attn,150,19
1359,9.attn.2870,9,attn,299,1
1360,11.resid.5848,11,resid,471,32
1361,0.mlp.15999,0,mlp,6,217
1362,11.resid.28167,11,resid,491,4
1363,0.mlp.9834,0,mlp,10,218
1364,11.resid.31549,11,resid,470,5
1365,0.mlp.307,0,mlp,23,7
1366,11.resid.20523,11,resid,768,4
1367,0.mlp.8301,0,mlp,11,219
1368,11.resid.8122,11,resid,779,23
1369,0.mlp.28070,0,mlp,12,220
1370,11.resid.25703,11,resid,255,25
1371,0.mlp.24291,0,mlp,28,221
1372,11.resid.16822,11,resid,570,3
1373,0.mlp.34055,0,mlp,25,7
1374,11.resid.8485,11,resid,539,4
1375,0.mlp.25174,0,mlp,13,222
1376,11.resid.25055,11,resid,594,4
1377,0.mlp.17982,0,mlp,27,223
1378,11.resid.31012,11,resid,599,6
1379,0.mlp.37079,0,mlp,35,6
1380,11.resid.22098,11,resid,218,18
1381,0.mlp.38046,0,mlp,14,224
1382,11.resid.37576,11,resid,486,10
1383,0.mlp.21430,0,mlp,11,225
1384,11.resid.6383,11,resid,420,16
1385,0.mlp.4818,0,mlp,24,226
1386,11.resid.12278,11,resid,397,4
1387,0.mlp.39827,0,mlp,44,227
1388,11.resid.1629,11,resid,777,4
1389,0.mlp.16214,0,mlp,11,36
1390,11.resid.15144,11,resid,550,25
1391,0.mlp.7864,0,mlp,19,228
1392,11.resid.10265,11,resid,766,4
1393,0.mlp.35086,0,mlp,78,229
1394,11.resid.21323,11,resid,303,4
1395,0.mlp.20501,0,mlp,19,230
1396,11.resid.35730,11,resid,349,4
1397,0.mlp.37051,0,mlp,7,231
1398,11.resid.6881,11,resid,272,4
1399,0.mlp.6225,0,mlp,35,232
1400,11.resid.40288,11,resid,611,3
1401,0.mlp.35631,0,mlp,20,233
1402,11.resid.29864,11,resid,504,4
1403,0.mlp.5233,0,mlp,18,234
1404,11.resid.12607,11,resid,459,4
1405,0.mlp.25788,0,mlp,50,22
1406,11.resid.9722,11,resid,476,5
1407,0.mlp.4772,0,mlp,25,235
1408,11.resid.60,11,resid,419,19
1409,0.mlp.23934,0,mlp,14,236
1410,11.resid.17248,11,resid,604,4
1411,0.mlp.5986,0,mlp,16,2
1412,11.resid.18948,11,resid,379,4
1413,0.mlp.1078,0,mlp,25,2
1414,11.resid.40546,11,resid,439,10
1415,0.resid.17246,0,resid,114,2
1416,11.mlp.37443,11,mlp,483,8
1417,0.resid.10775,0,resid,35,80
1418,11.mlp.11101,11,mlp,606,749
1419,0.resid.13745,0,resid,18,19
1420,11.mlp.37786,11,mlp,646,0
1421,0.resid.36878,0,resid,22,238
1422,11.mlp.38295,11,mlp,271,13
1423,0.resid.5454,0,resid,52,5
1424,11.mlp.19493,11,mlp,603,28
1425,0.resid.4630,0,resid,18,28
1426,11.mlp.32263,11,mlp,594,7
1427,0.resid.28560,0,resid,44,11
1428,11.mlp.2410,11,mlp,686,32
1429,0.resid.29117,0,resid,28,35
1430,11.mlp.3266,11,mlp,367,16
1431,0.resid.28095,0,resid,20,9
1432,11.mlp.6221,11,mlp,566,32
1433,0.resid.15051,0,resid,16,239
1434,11.mlp.34608,11,mlp,310,25
1435,0.resid.7847,0,resid,28,25
1436,11.mlp.30094,11,mlp,615,19
1437,0.resid.15933,0,resid,87,4
1438,11.mlp.16038,11,mlp,543,17
1439,0.resid.12585,0,resid,50,240
1440,11.mlp.6859,11,mlp,451,22
1441,0.resid.1918,0,resid,155,3
1442,11.mlp.2599,11,mlp,616,17
1443,0.resid.12470,0,resid,17,0
1444,11.mlp.11518,11,mlp,338,13
1445,0.resid.39738,0,resid,52,0
1446,11.mlp.15224,11,mlp,414,28
1447,0.resid.3842,0,resid,37,241
1448,11.mlp.1644,11,mlp,380,9
1449,0.resid.22914,0,resid,11,242
1450,11.mlp.6492,11,mlp,459,35
1451,0.resid.7305,0,resid,17,243
1452,11.mlp.38013,11,mlp,574,18
1453,0.resid.26415,0,resid,38,52
1454,11.mlp.39184,11,mlp,373,19
1455,0.resid.15817,0,resid,78,7
1456,11.mlp.5071,11,mlp,340,32
1457,0.resid.8006,0,resid,121,7
1458,11.mlp.28324,11,mlp,498,15
1459,0.resid.9935,0,resid,99,0
1460,11.mlp.4275,11,mlp,539,25
1461,0.resid.32992,0,resid,45,50
1462,11.mlp.16017,11,mlp,243,24
1463,0.resid.1596,0,resid,25,13
1464,11.mlp.8144,11,mlp,571,27
1465,0.resid.6451,0,resid,30,244
1466,11.mlp.14409,11,mlp,425,7
1467,0.resid.36718,0,resid,49,29
1468,11.mlp.17969,11,mlp,231,37
1469,0.resid.29129,0,resid,20,2
1470,11.mlp.2261,11,mlp,518,9
1471,0.resid.28664,0,resid,18,245
1472,11.mlp.9923,11,mlp,503,21
1473,1.attn.37873,1,attn,178,3
1474,11.attn.36001,11,attn,1291,0
1475,11.attn.29096,11,attn,97,1
1476,11.attn.30203,11,attn,615,14
1477,11.attn.22473,11,attn,505,13
1478,11.attn.40484,11,attn,169,14
1479,11.attn.3234,11,attn,492,25
1480,11.attn.7486,11,attn,1283,1
1481,1.attn.13728,1,attn,131,26
1482,11.attn.16416,11,attn,644,13
1483,11.attn.3126,11,attn,159,1
1484,11.attn.36297,11,attn,604,16
1485,1.attn.39924,1,attn,66,2
1486,11.attn.11673,11,attn,904,1
1487,1.attn.837,1,attn,65,246
1488,11.attn.14062,11,attn,1014,0
1489,1.attn.12956,1,attn,180,33
1490,11.attn.40205,11,attn,320,27
1491,11.attn.17506,11,attn,466,1
1492,11.attn.3318,11,attn,732,13
1493,11.attn.17732,11,attn,664,0
1494,1.attn.8428,1,attn,42,247
1495,11.attn.21627,11,attn,213,19
1496,11.attn.36625,11,attn,543,15
1497,11.attn.33195,11,attn,278,34
1498,11.attn.30508,11,attn,238,34
1499,11.attn.24790,11,attn,256,1
1500,11.attn.20374,11,attn,349,1
1501,1.attn.15709,1,attn,72,0
1502,11.attn.35622,11,attn,583,44
1503,11.attn.16140,11,attn,424,9
1504,11.attn.34231,11,attn,616,66
1505,11.attn.20012,11,attn,469,1
1506,11.attn.21057,11,attn,476,11
1507,11.attn.22637,11,attn,306,1
1508,1.mlp.35561,1,mlp,156,5
1509,10.resid.36817,10,resid,315,99
1510,1.mlp.27400,1,mlp,106,3
1511,10.resid.12454,10,resid,291,26
1512,1.mlp.1766,1,mlp,115,29
1513,10.resid.17955,10,resid,749,20
1514,1.mlp.10368,1,mlp,145,6
1515,10.resid.27528,10,resid,633,34
1516,1.mlp.29369,1,mlp,173,3
1517,10.resid.3404,10,resid,695,24
1518,1.mlp.68,1,mlp,184,8
1519,10.resid.28967,10,resid,785,20
1520,1.mlp.13616,1,mlp,132,7
1521,10.resid.8109,10,resid,443,96
1522,1.mlp.30874,1,mlp,179,36
1523,10.resid.23134,10,resid,302,5
1524,1.mlp.27354,1,mlp,119,7
1525,10.resid.37343,10,resid,374,8
1526,1.mlp.23292,1,mlp,92,22
1527,10.resid.17843,10,resid,753,9
1528,1.mlp.20983,1,mlp,210,7
1529,10.resid.35438,10,resid,586,34
1530,1.mlp.16611,1,mlp,89,7
1531,10.resid.242,10,resid,515,0
1532,1.mlp.17959,1,mlp,198,19
1533,10.resid.10706,10,resid,393,27
1534,1.mlp.36519,1,mlp,70,5
1535,10.resid.26297,10,resid,373,10
1536,1.mlp.28943,1,mlp,172,55
1537,10.resid.6573,10,resid,568,5
1538,1.mlp.21454,1,mlp,154,0
1539,10.resid.16754,10,resid,733,44
1540,1.mlp.2989,1,mlp,188,2
1541,10.resid.7389,10,resid,735,1
1542,1.mlp.4472,1,mlp,75,2
1543,10.resid.18901,10,resid,673,1
1544,1.mlp.24884,1,mlp,88,47
1545,10.resid.19756,10,resid,408,25
1546,1.mlp.29711,1,mlp,218,7
1547,10.resid.28726,10,resid,638,8
1548,1.mlp.37109,1,mlp,83,5
1549,10.resid.20262,10,resid,614,12
1550,1.mlp.23304,1,mlp,111,17
1551,10.resid.7845,10,resid,409,13
1552,1.mlp.35511,1,mlp,233,6
1553,10.resid.2452,10,resid,513,12
1554,1.mlp.16391,1,mlp,116,2
1555,10.resid.14129,10,resid,270,20
1556,1.mlp.4070,1,mlp,233,7
1557,10.resid.39180,10,resid,501,6
1558,1.mlp.34772,1,mlp,125,33
1559,10.resid.4014,10,resid,577,12
1560,1.mlp.36512,1,mlp,106,42
1561,10.resid.34657,10,resid,643,9
1562,1.mlp.9498,1,mlp,97,3
1563,10.resid.16128,10,resid,452,32
1564,1.mlp.8164,1,mlp,175,2
1565,10.resid.36393,10,resid,745,6
1566,1.resid.10900,1,resid,112,38
1567,10.mlp.25507,10,mlp,497,5
1568,1.resid.19666,1,resid,94,16
1569,10.mlp.33396,10,mlp,656,19
1570,1.resid.3636,1,resid,65,13
1571,10.mlp.7083,10,mlp,421,5
1572,1.resid.23514,1,resid,128,29
1573,10.mlp.26128,10,mlp,446,20
1574,1.resid.33347,1,resid,92,43
1575,10.mlp.39535,10,mlp,724,2
1576,1.resid.37469,1,resid,84,6
1577,10.mlp.11615,10,mlp,356,22
1578,1.resid.23740,1,resid,96,17
1579,10.mlp.19525,10,mlp,642,375
1580,1.resid.27082,1,resid,99,251
1581,10.mlp.5613,10,mlp,417,32
1582,1.resid.7723,1,resid,85,29
1583,10.mlp.34809,10,mlp,291,66
1584,1.resid.36397,1,resid,50,23
1585,10.mlp.37996,10,mlp,338,69
1586,1.resid.30993,1,resid,180,59
1587,10.mlp.26199,10,mlp,632,1
1588,1.resid.32926,1,resid,136,22
1589,10.mlp.17325,10,mlp,648,1
1590,1.resid.9963,1,resid,94,17
1591,10.mlp.11068,10,mlp,717,43
1592,1.resid.39272,1,resid,129,2
1593,10.mlp.27528,10,mlp,449,141
1594,1.resid.16522,1,resid,27,252
1595,10.mlp.18985,10,mlp,328,15
1596,1.resid.1099,1,resid,108,55
1597,10.mlp.16693,10,mlp,704,23
1598,1.resid.29196,1,resid,130,29
1599,10.mlp.36154,10,mlp,432,22
1600,1.resid.20910,1,resid,65,6
1601,10.mlp.31941,10,mlp,512,51
1602,1.resid.39486,1,resid,56,7
1603,10.mlp.34113,10,mlp,616,0
1604,1.resid.25267,1,resid,133,38
1605,10.mlp.18110,10,mlp,567,500
1606,1.resid.25478,1,resid,93,9
1607,10.mlp.23701,10,mlp,556,338
1608,1.resid.32600,1,resid,63,47
1609,10.mlp.299,10,mlp,445,25
1610,1.resid.22163,1,resid,95,29
1611,10.mlp.33528,10,mlp,549,5
1612,1.resid.39175,1,resid,63,6
1613,10.mlp.36798,10,mlp,782,32
1614,1.resid.3592,1,resid,143,17
1615,10.mlp.25764,10,mlp,529,43
1616,1.resid.14378,1,resid,87,35
1617,10.mlp.29809,10,mlp,566,16
1618,1.resid.32079,1,resid,130,22
1619,10.mlp.4833,10,mlp,420,761
1620,1.resid.30391,1,resid,111,79
1621,10.mlp.9109,10,mlp,552,3
1622,10.attn.3299,10,attn,403,1
1623,2.attn.2993,2,attn,215,0
1624,2.attn.23603,2,attn,130,12
1625,10.attn.30910,10,attn,991,0
1626,2.attn.21750,2,attn,133,22
1627,10.attn.7358,10,attn,630,17
1628,2.attn.16634,2,attn,134,8
1629,10.attn.36809,10,attn,539,11
1630,2.attn.36565,2,attn,214,0
1631,10.attn.15768,10,attn,255,5
1632,2.attn.38643,2,attn,61,254
1633,10.attn.295,10,attn,825,11
1634,10.attn.20796,10,attn,197,27
1635,2.attn.1249,2,attn,70,255
1636,10.attn.39088,10,attn,388,1
1637,10.attn.27734,10,attn,377,1
1638,2.attn.18801,2,attn,84,18
1639,10.attn.1714,10,attn,235,11
1640,2.attn.19771,2,attn,473,0
1641,10.attn.11364,10,attn,694,11
1642,2.attn.34126,2,attn,176,34
1643,10.attn.32255,10,attn,325,1
1644,2.attn.14727,2,attn,170,0
1645,10.attn.18814,10,attn,891,0
1646,2.attn.30777,2,attn,128,13
1647,10.attn.15350,10,attn,1064,17
1648,2.attn.2709,2,attn,182,2
1649,10.attn.6192,10,attn,854,0
1650,2.attn.36905,2,attn,95,12
1651,10.attn.30770,10,attn,474,11
1652,2.attn.38760,2,attn,143,61
1653,10.attn.32193,10,attn,238,1
1654,10.attn.21477,10,attn,321,11
1655,2.attn.12980,2,attn,183,32
1656,10.attn.5264,10,attn,483,8
1657,10.attn.2594,10,attn,249,1
1658,2.attn.911,2,attn,53,256
1659,10.attn.8901,10,attn,317,9
1660,2.attn.27411,2,attn,178,5
1661,10.attn.24730,10,attn,589,11
1662,10.attn.38067,10,attn,246,5
1663,2.attn.17102,2,attn,183,2
1664,10.attn.33695,10,attn,396,13
1665,2.attn.4239,2,attn,140,0
1666,10.attn.32241,10,attn,477,1
1667,2.attn.35811,2,attn,91,30
1668,10.attn.10243,10,attn,844,21
1669,2.mlp.9618,2,mlp,210,5
1670,10.attn.31771,10,attn,844,11
1671,2.mlp.4636,2,mlp,283,68
1672,9.resid.27585,9,resid,584,2
1673,2.mlp.38831,2,mlp,150,7
1674,9.resid.18031,9,resid,521,0
1675,2.mlp.4722,2,mlp,170,28
1676,9.resid.40252,9,resid,536,16
1677,2.mlp.6458,2,mlp,193,257
1678,9.resid.22625,9,resid,725,19
1679,2.mlp.13069,2,mlp,319,0
1680,9.resid.33063,9,resid,651,29
1681,2.mlp.948,2,mlp,234,3
1682,9.resid.11600,9,resid,556,20
1683,2.mlp.24421,2,mlp,237,20
1684,9.resid.37786,9,resid,427,20
1685,2.mlp.35337,2,mlp,222,0
1686,9.resid.15443,9,resid,610,2
1687,2.mlp.31102,2,mlp,231,0
1688,9.resid.13326,9,resid,531,3
1689,2.mlp.30287,2,mlp,164,2
1690,9.resid.25697,9,resid,495,25
1691,2.mlp.33738,2,mlp,155,19
1692,9.resid.26858,9,resid,583,1
1693,2.mlp.32798,2,mlp,166,31
1694,9.resid.575,9,resid,532,4
1695,2.mlp.32017,2,mlp,136,40
1696,9.resid.18214,9,resid,583,72
1697,2.mlp.1440,2,mlp,269,29
1698,9.resid.33488,9,resid,646,7
1699,2.mlp.8448,2,mlp,124,50
1700,9.resid.19988,9,resid,404,27
1701,2.mlp.23049,2,mlp,183,0
1702,9.resid.11834,9,resid,574,1
1703,2.mlp.26823,2,mlp,242,0
1704,9.resid.37027,9,resid,512,36
1705,2.mlp.6564,2,mlp,197,47
1706,9.resid.15524,9,resid,527,22
1707,2.mlp.30122,2,mlp,141,2
1708,9.resid.40406,9,resid,630,1
1709,2.mlp.37022,2,mlp,362,30
1710,9.resid.34898,9,resid,636,0
1711,2.mlp.10487,2,mlp,142,18
1712,9.resid.32658,9,resid,650,6
1713,2.mlp.27017,2,mlp,229,17
1714,9.resid.28021,9,resid,646,1
1715,2.mlp.10736,2,mlp,166,22
1716,9.resid.19070,9,resid,403,24
1717,2.mlp.18595,2,mlp,136,22
1718,9.resid.11845,9,resid,583,35
1719,2.mlp.10730,2,mlp,102,20
1720,9.resid.9936,9,resid,534,734
1721,2.mlp.17153,2,mlp,178,0
1722,9.resid.26833,9,resid,210,67
1723,2.mlp.3144,2,mlp,190,15
1724,9.resid.29803,9,resid,511,34
1725,2.mlp.35750,2,mlp,378,6
1726,9.resid.26670,9,resid,519,12
1727,2.resid.18148,2,resid,116,22
1728,9.mlp.9144,9,mlp,463,21
1729,2.resid.5332,2,resid,198,31
1730,9.mlp.13336,9,mlp,625,16
1731,2.resid.8158,2,resid,77,2
1732,9.mlp.34216,9,mlp,454,12
1733,2.resid.744,2,resid,219,6
1734,9.mlp.26833,9,mlp,439,10
1735,2.resid.2139,2,resid,47,10
1736,9.mlp.504,9,mlp,337,28
1737,2.resid.29868,2,resid,184,6
1738,9.mlp.39737,9,mlp,518,40
1739,2.resid.32866,2,resid,292,59
1740,9.mlp.17499,9,mlp,636,10
1741,2.resid.18757,2,resid,337,0
1742,9.mlp.27172,9,mlp,599,33
1743,2.resid.2330,2,resid,176,2
1744,9.mlp.12048,9,mlp,715,3
1745,2.resid.15727,2,resid,206,2
1746,9.mlp.40344,9,mlp,335,24
1747,2.resid.31378,2,resid,119,2
1748,9.mlp.26872,9,mlp,505,8
1749,2.resid.4319,2,resid,137,13
1750,9.mlp.7789,9,mlp,637,12
1751,2.resid.15714,2,resid,243,0
1752,9.mlp.26300,9,mlp,490,24
1753,2.resid.37832,2,resid,167,6
1754,9.mlp.13723,9,mlp,385,22
1755,2.resid.3491,2,resid,203,10
1756,9.mlp.10650,9,mlp,552,23
1757,2.resid.28655,2,resid,208,60
1758,9.mlp.33422,9,mlp,512,11
1759,2.resid.21823,2,resid,179,31
1760,9.mlp.37684,9,mlp,540,19
1761,2.resid.8818,2,resid,252,38
1762,9.mlp.23870,9,mlp,424,9
1763,2.resid.39563,2,resid,206,3
1764,9.mlp.18918,9,mlp,384,16
1765,2.resid.1697,2,resid,103,3
1766,9.mlp.486,9,mlp,588,25
1767,2.resid.36960,2,resid,175,10
1768,9.mlp.9034,9,mlp,458,20
1769,2.resid.21889,2,resid,151,19
1770,9.mlp.22518,9,mlp,537,19
1771,2.resid.17475,2,resid,221,2
1772,9.mlp.23761,9,mlp,527,13
1773,2.resid.11060,2,resid,183,0
1774,9.mlp.22268,9,mlp,671,18
1775,2.resid.17790,2,resid,150,0
1776,9.mlp.1612,9,mlp,435,32
1777,2.resid.28743,2,resid,110,6
1778,9.mlp.24835,9,mlp,420,20
1779,2.resid.25995,2,resid,144,19
1780,9.mlp.8676,9,mlp,423,2
1781,2.resid.26583,2,resid,147,2
1782,9.mlp.3038,9,mlp,542,15
1783,3.attn.12225,3,attn,121,0
1784,9.attn.8981,9,attn,291,1
1785,3.attn.10120,3,attn,193,0
1786,9.attn.3440,9,attn,331,14
1787,3.attn.6987,3,attn,189,2
1788,9.attn.6711,9,attn,443,10
1789,3.attn.12560,3,attn,377,0
1790,9.attn.32465,9,attn,439,17
1791,3.attn.15673,3,attn,198,0
1792,9.attn.34787,9,attn,467,11
1793,3.attn.40357,3,attn,257,0
1794,9.attn.14523,9,attn,774,9
1795,9.attn.33359,9,attn,551,1
1796,3.attn.10734,3,attn,167,0
1797,9.attn.38089,9,attn,411,10
1798,3.attn.31840,3,attn,265,0
1799,9.attn.11700,9,attn,252,12
1800,3.attn.9312,3,attn,161,0
1801,3.attn.2785,3,attn,134,260
1802,9.attn.37739,9,attn,542,11
1803,3.attn.1858,3,attn,148,17
1804,9.attn.21168,9,attn,810,0
1805,3.attn.39326,3,attn,179,0
1806,9.attn.1421,9,attn,515,0
1807,3.attn.33863,3,attn,187,0
1808,9.attn.34980,9,attn,266,11
1809,3.attn.5076,3,attn,194,0
1810,9.attn.15931,9,attn,521,14
1811,3.attn.27496,3,attn,182,0
1812,9.attn.21705,9,attn,553,14
1813,3.attn.37782,3,attn,325,0
1814,9.attn.22192,9,attn,941,0
1815,3.attn.713,3,attn,195,0
1816,9.attn.2299,9,attn,424,1
1817,3.attn.27480,3,attn,237,0
1818,9.attn.7570,9,attn,753,55
1819,3.attn.3998,3,attn,217,33
1820,0.mlp.20950,0,mlp,9,261
1821,11.resid.40838,11,resid,351,27
1822,0.mlp.37693,0,mlp,55,7
1823,11.resid.34384,11,resid,592,41
1824,0.mlp.34258,0,mlp,25,262
1825,11.resid.19502,11,resid,299,4
1826,0.mlp.959,0,mlp,7,263
1827,11.resid.34791,11,resid,838,0
1828,0.mlp.12647,0,mlp,34,264
1829,11.resid.9594,11,resid,717,15
1830,0.mlp.7226,0,mlp,15,265
1831,11.resid.36756,11,resid,339,8
1832,0.mlp.11909,0,mlp,46,266
1833,11.resid.21016,11,resid,491,4
1834,0.mlp.33931,0,mlp,25,267
1835,11.resid.3936,11,resid,684,2
1836,0.mlp.35822,0,mlp,11,268
1837,11.resid.326,11,resid,517,4
1838,0.mlp.20194,0,mlp,8,269
1839,11.resid.8003,11,resid,307,27
1840,0.mlp.34425,0,mlp,20,270
1841,11.resid.30441,11,resid,564,9
1842,0.mlp.16208,0,mlp,9,271
1843,11.resid.962,11,resid,524,4
1844,0.mlp.33229,0,mlp,31,272
1845,11.resid.35534,11,resid,691,4
1846,0.mlp.34669,0,mlp,90,273
1847,11.resid.8678,11,resid,567,4
1848,0.mlp.4821,0,mlp,25,6
1849,11.resid.13428,11,resid,576,25
1850,0.mlp.26864,0,mlp,6,274
1851,11.resid.27714,11,resid,648,4
1852,0.mlp.5196,0,mlp,8,275
1853,11.resid.7575,11,resid,285,10
1854,0.mlp.27605,0,mlp,8,276
1855,11.resid.22717,11,resid,435,13
1856,0.mlp.27979,0,mlp,33,24
1857,11.resid.12492,11,resid,688,4
1858,0.mlp.681,0,mlp,15,277
1859,11.resid.4888,11,resid,234,4
1860,0.mlp.12412,0,mlp,24,9
1861,11.resid.17714,11,resid,397,12
1862,0.mlp.9400,0,mlp,25,278
1863,11.resid.7111,11,resid,310,4
1864,0.mlp.4526,0,mlp,8,279
1865,11.resid.15522,11,resid,391,4
1866,0.mlp.40873,0,mlp,24,280
1867,11.resid.11020,11,resid,514,15
1868,0.mlp.31382,0,mlp,79,87
1869,11.resid.5047,11,resid,289,10
1870,0.mlp.30553,0,mlp,11,281
1871,11.resid.23147,11,resid,260,5
1872,0.mlp.8187,0,mlp,23,282
1873,11.resid.18587,11,resid,288,4
1874,0.mlp.11463,0,mlp,15,283
1875,11.resid.33267,11,resid,801,32
1876,0.resid.18765,0,resid,75,7
1877,11.mlp.1225,11,mlp,396,10
1878,0.resid.33760,0,resid,8,284
1879,11.mlp.14648,11,mlp,330,56
1880,0.resid.21319,0,resid,39,51
1881,11.mlp.38674,11,mlp,283,26
1882,0.resid.20314,0,resid,37,13
1883,11.mlp.6370,11,mlp,730,5
1884,0.resid.2461,0,resid,27,285
1885,11.mlp.36944,11,mlp,367,18
1886,0.resid.18294,0,resid,10,286
1887,11.mlp.6959,11,mlp,551,23
1888,0.resid.15147,0,resid,25,287
1889,11.mlp.31945,11,mlp,419,18
1890,0.resid.9841,0,resid,42,3
1891,11.mlp.36869,11,mlp,593,0
1892,0.resid.36161,0,resid,66,288
1893,11.mlp.6922,11,mlp,376,4
1894,0.resid.36574,0,resid,16,289
1895,11.mlp.2372,11,mlp,407,13
1896,0.resid.270,0,resid,21,22
1897,11.mlp.20292,11,mlp,330,249
1898,0.resid.18570,0,resid,33,291
1899,11.mlp.19544,11,mlp,245,33
1900,0.resid.25689,0,resid,27,292
1901,11.mlp.27205,11,mlp,376,28
1902,0.resid.2910,0,resid,10,293
1903,11.mlp.28054,11,mlp,550,764
1904,0.resid.2347,0,resid,154,0
1905,11.mlp.33114,11,mlp,580,10
1906,0.resid.13681,0,resid,40,0
1907,11.mlp.5609,11,mlp,284,94
1908,0.resid.31236,0,resid,25,47
1909,11.mlp.30415,11,mlp,394,18
1910,0.resid.16278,0,resid,34,294
1911,11.mlp.31072,11,mlp,357,68
1912,0.resid.26330,0,resid,25,3
1913,11.mlp.7495,11,mlp,533,16
1914,0.resid.7491,0,resid,34,295
1915,11.mlp.37919,11,mlp,707,20
1916,0.resid.8566,0,resid,130,42
1917,11.mlp.28367,11,mlp,306,24
1918,0.resid.31862,0,resid,46,296
1919,11.mlp.32305,11,mlp,500,10
1920,0.resid.37901,0,resid,19,297
1921,11.mlp.17156,11,mlp,376,10
1922,0.resid.11029,0,resid,86,3
1923,11.mlp.29381,11,mlp,507,31
1924,0.resid.10347,0,resid,101,42
1925,11.mlp.21136,11,mlp,661,12
1926,0.resid.19773,0,resid,18,4
1927,11.mlp.37849,11,mlp,599,30
1928,0.resid.11812,0,resid,137,3
1929,11.mlp.39759,11,mlp,510,46
1930,0.resid.34026,0,resid,78,28
1931,11.mlp.33563,11,mlp,419,37
1932,0.resid.39330,0,resid,47,6
1933,11.mlp.35410,11,mlp,563,33
1934,1.attn.24685,1,attn,93,15
1935,11.attn.3084,11,attn,198,1
1936,1.attn.16012,1,attn,119,3
1937,11.attn.15133,11,attn,314,18
1938,11.attn.21022,11,attn,421,1
1939,1.attn.649,1,attn,93,3
1940,11.attn.17627,11,attn,208,32
1941,11.attn.30099,11,attn,248,3
1942,11.attn.21382,11,attn,402,1
1943,11.attn.32290,11,attn,513,16
1944,11.attn.30586,11,attn,442,1
1945,11.attn.3366,11,attn,606,10
1946,11.attn.24028,11,attn,405,1
1947,1.attn.27315,1,attn,50,298
1948,11.attn.32488,11,attn,378,11
1949,11.attn.33061,11,attn,513,16
1950,1.attn.40817,1,attn,66,5
1951,11.attn.24685,11,attn,340,1
1952,1.attn.27154,1,attn,111,12
1953,11.attn.6710,11,attn,445,1
1954,11.attn.7879,11,attn,501,9
1955,11.attn.15279,11,attn,350,11
1956,11.attn.4039,11,attn,287,11
1957,11.attn.12898,11,attn,389,1
1958,11.attn.23067,11,attn,490,1
1959,11.attn.16685,11,attn,453,9
1960,11.attn.21917,11,attn,251,1
1961,11.attn.22843,11,attn,366,1
1962,11.attn.26260,11,attn,388,1
1963,11.attn.27088,11,attn,275,1
1964,1.attn.34198,1,attn,147,51
1965,11.attn.21483,11,attn,217,11
1966,11.attn.23743,11,attn,498,1
1967,1.attn.7573,1,attn,56,299
1968,11.attn.1034,11,attn,404,1
1969,1.mlp.422,1,mlp,104,6
1970,10.resid.27537,10,resid,673,0
1971,1.mlp.25868,1,mlp,94,10
1972,10.resid.1770,10,resid,542,1
1973,1.mlp.21597,1,mlp,145,2
1974,10.resid.22820,10,resid,389,5
1975,1.mlp.23758,1,mlp,109,2
1976,10.resid.15036,10,resid,452,35
1977,1.mlp.20028,1,mlp,71,2
1978,10.resid.29479,10,resid,512,613
1979,1.mlp.23601,1,mlp,147,6
1980,10.resid.9668,10,resid,692,1
1981,1.mlp.2790,1,mlp,80,2
1982,10.resid.10184,10,resid,722,34
1983,1.mlp.22357,1,mlp,175,6
1984,10.resid.11632,10,resid,603,11
1985,1.mlp.6982,1,mlp,72,2
1986,10.resid.3485,10,resid,728,1
1987,1.mlp.21315,1,mlp,108,12
1988,10.resid.25490,10,resid,698,24
1989,1.mlp.39226,1,mlp,124,23
1990,10.resid.28171,10,resid,514,5
1991,1.mlp.3317,1,mlp,90,2
1992,10.resid.36405,10,resid,361,16
1993,1.mlp.17829,1,mlp,214,7
1994,10.resid.16860,10,resid,576,17
1995,1.mlp.27666,1,mlp,92,65
1996,10.resid.10491,10,resid,605,9
1997,1.mlp.19092,1,mlp,227,7
1998,10.resid.40502,10,resid,757,11
1999,1.mlp.21188,1,mlp,261,12
2000,10.resid.24849,10,resid,522,22
2001,1.mlp.17032,1,mlp,106,2
2002,10.resid.5160,10,resid,600,1
2003,1.mlp.7349,1,mlp,145,7
2004,10.resid.25533,10,resid,472,16
2005,1.mlp.32604,1,mlp,136,36
2006,10.resid.23850,10,resid,815,18
2007,1.mlp.2963,1,mlp,89,40
2008,10.resid.33994,10,resid,788,21
2009,1.mlp.588,1,mlp,123,0
2010,10.resid.26664,10,resid,499,15
2011,1.mlp.19941,1,mlp,251,31
2012,10.resid.9348,10,resid,593,9
2013,1.mlp.438,1,mlp,177,21
2014,10.resid.839,10,resid,509,84
2015,1.mlp.28766,1,mlp,172,21
2016,10.resid.27563,10,resid,990,34
2017,1.mlp.17070,1,mlp,91,3
2018,10.resid.13333,10,resid,396,1
2019,1.mlp.13418,1,mlp,216,2
2020,10.resid.23442,10,resid,219,16
2021,1.mlp.11198,1,mlp,93,47
2022,10.resid.40364,10,resid,697,57
2023,1.mlp.18095,1,mlp,111,0
2024,10.resid.24175,10,resid,656,59
2025,1.resid.22381,1,resid,73,7
2026,10.resid.36026,10,resid,520,35
2027,1.resid.13551,1,resid,97,9
2028,10.mlp.40274,10,mlp,658,24
2029,1.resid.4533,1,resid,110,7
2030,10.mlp.32849,10,mlp,479,33
2031,1.resid.20090,1,resid,57,7
2032,10.mlp.7316,10,mlp,439,22
2033,1.resid.18041,1,resid,112,2
2034,10.mlp.11131,10,mlp,559,5
2035,1.resid.35271,1,resid,60,41
2036,10.mlp.23525,10,mlp,580,36
2037,1.resid.31085,1,resid,53,2
2038,10.mlp.34922,10,mlp,453,46
2039,1.resid.10288,1,resid,117,7
2040,10.mlp.38259,10,mlp,421,14
2041,1.resid.18072,1,resid,54,2
2042,10.mlp.39376,10,mlp,622,32
2043,1.resid.14844,1,resid,68,3
2044,10.mlp.34588,10,mlp,607,18
2045,1.resid.15968,1,resid,167,6
2046,10.mlp.25462,10,mlp,294,8
2047,1.resid.26931,1,resid,93,2
2048,10.mlp.5059,10,mlp,284,10
2049,1.resid.19694,1,resid,229,6
2050,10.mlp.5000,10,mlp,616,35
2051,1.resid.32159,1,resid,55,301
2052,10.mlp.16789,10,mlp,552,8
2053,1.resid.34977,1,resid,143,21
2054,10.mlp.38434,10,mlp,576,8
2055,1.resid.36525,1,resid,96,9
2056,10.mlp.37051,10,mlp,525,39
2057,1.resid.2867,1,resid,69,2
2058,10.mlp.37647,10,mlp,427,25
2059,1.resid.4406,1,resid,117,2
2060,10.mlp.18097,10,mlp,468,15
2061,1.resid.26305,1,resid,56,1
2062,10.mlp.5068,10,mlp,615,3
2063,1.resid.27724,1,resid,169,31
2064,10.mlp.38607,10,mlp,295,16
2065,1.resid.15176,1,resid,43,0
2066,10.mlp.21997,10,mlp,407,9
2067,1.resid.10696,1,resid,67,44
2068,10.mlp.24299,10,mlp,353,11
2069,1.resid.5471,1,resid,55,15
2070,10.mlp.13720,10,mlp,537,17
2071,1.resid.18788,1,resid,102,7
2072,10.mlp.23403,10,mlp,473,20
2073,1.resid.36652,1,resid,86,13
2074,10.mlp.9751,10,mlp,551,34
2075,1.resid.26198,1,resid,178,3
2076,10.mlp.27021,10,mlp,573,28
2077,1.resid.30212,1,resid,87,302
2078,10.mlp.24731,10,mlp,518,63
2079,1.resid.15261,1,resid,118,20
2080,10.mlp.1682,10,mlp,518,25
2081,1.resid.6584,1,resid,84,6
2082,10.mlp.27080,10,mlp,378,13
2083,10.attn.13758,10,attn,589,14
2084,2.attn.32852,2,attn,106,33
2085,10.attn.23985,10,attn,457,57
2086,10.attn.8523,10,attn,661,5
2087,2.attn.2518,2,attn,171,0
2088,10.attn.34111,10,attn,954,0
2089,10.attn.38751,10,attn,603,1
2090,10.attn.38563,10,attn,377,1
2091,2.attn.21293,2,attn,92,4
2092,10.attn.12730,10,attn,333,5
2093,10.attn.11330,10,attn,527,637
2094,2.attn.29959,2,attn,142,37
2095,10.attn.19205,10,attn,234,30
2096,2.attn.5611,2,attn,141,10
2097,10.attn.30312,10,attn,235,1
2098,10.attn.3953,10,attn,446,0
2099,2.attn.37256,2,attn,135,6
2100,10.attn.17381,10,attn,454,44
2101,2.attn.38344,2,attn,167,2
2102,10.attn.16070,10,attn,269,27
2103,2.attn.2689,2,attn,123,0
2104,10.attn.27853,10,attn,663,22
2105,2.attn.26969,2,attn,276,0
2106,10.attn.16271,10,attn,308,1
2107,2.attn.22674,2,attn,55,303
2108,10.attn.38472,10,attn,385,12
2109,2.attn.12290,2,attn,113,21
2110,10.attn.27934,10,attn,316,1
2111,2.attn.10251,2,attn,142,8
2112,10.attn.29010,10,attn,615,14
2113,2.attn.3921,2,attn,93,0
2114,10.attn.18828,10,attn,912,17
2115,2.attn.11536,2,attn,179,0
2116,10.attn.5811,10,attn,650,12
2117,2.attn.17966,2,attn,125,0
2118,10.attn.6771,10,attn,588,12
2119,10.attn.35886,10,attn,293,1
2120,2.attn.9167,2,attn,130,0
2121,10.attn.34645,10,attn,325,1
2122,2.attn.16005,2,attn,124,7
2123,10.attn.26472,10,attn,313,18
2124,2.attn.38848,2,attn,182,305
2125,10.attn.12081,10,attn,678,15
2126,10.attn.27744,10,attn,536,760
2127,2.mlp.38670,2,mlp,102,12
2128,10.attn.28202,10,attn,886,1
2129,2.mlp.15179,2,mlp,96,30
2130,9.resid.22501,9,resid,627,9
2131,2.mlp.30546,2,mlp,194,6
2132,9.resid.30382,9,resid,511,10
2133,2.mlp.21399,2,mlp,183,45
2134,9.resid.30334,9,resid,637,33
2135,2.mlp.2261,2,mlp,144,9
2136,9.resid.67,9,resid,547,61
2137,2.mlp.40349,2,mlp,233,2
2138,9.resid.33467,9,resid,631,12
2139,2.mlp.10615,2,mlp,282,29
2140,9.resid.27657,9,resid,721,0
2141,2.mlp.3277,2,mlp,165,29
2142,9.resid.13754,9,resid,470,42
2143,2.mlp.4441,2,mlp,228,2
2144,9.resid.14557,9,resid,442,36
2145,2.mlp.20771,2,mlp,126,24
2146,9.resid.32706,9,resid,546,13
2147,2.mlp.26053,2,mlp,171,41
2148,9.resid.15376,9,resid,469,3
2149,2.mlp.3015,2,mlp,145,0
2150,9.resid.2866,9,resid,526,5
2151,2.mlp.35507,2,mlp,134,26
2152,9.resid.34177,9,resid,542,24
2153,2.mlp.19586,2,mlp,232,6
2154,9.resid.7978,9,resid,688,2
2155,2.mlp.36540,2,mlp,292,0
2156,9.resid.21288,9,resid,460,45
2157,2.mlp.24185,2,mlp,112,2
2158,9.resid.37933,9,resid,483,15
2159,2.mlp.32296,2,mlp,137,5
2160,9.resid.9327,9,resid,380,15
2161,2.mlp.23149,2,mlp,306,21
2162,9.resid.2062,9,resid,646,0
2163,2.mlp.35053,2,mlp,169,64
2164,9.resid.31602,9,resid,710,0
2165,2.mlp.32556,2,mlp,149,16
2166,9.resid.30267,9,resid,552,13
2167,2.mlp.37287,2,mlp,161,22
2168,9.resid.24686,9,resid,449,47
2169,2.mlp.4251,2,mlp,214,0
2170,9.resid.15739,9,resid,455,35
2171,2.mlp.27528,2,mlp,147,10
2172,9.resid.33368,9,resid,612,25
2173,2.mlp.10761,2,mlp,234,19
2174,9.resid.35230,9,resid,585,1
2175,2.mlp.36494,2,mlp,203,19
2176,9.resid.9145,9,resid,455,9
2177,2.mlp.11732,2,mlp,219,52
2178,9.resid.11417,9,resid,663,23
2179,2.mlp.35695,2,mlp,200,29
2180,9.resid.9332,9,resid,576,25
2181,2.mlp.39995,2,mlp,168,3
2182,9.resid.39619,9,resid,588,3
2183,2.mlp.35133,2,mlp,141,15
2184,9.resid.8761,9,resid,638,9
2185,2.resid.12143,2,resid,85,45
2186,9.mlp.21504,9,mlp,619,103
2187,2.resid.10415,2,resid,164,62
2188,9.mlp.12695,9,mlp,744,0
2189,2.resid.29259,2,resid,106,13
2190,9.mlp.36872,9,mlp,470,38
2191,2.resid.22077,2,resid,224,12
2192,9.mlp.28058,9,mlp,455,48
2193,2.resid.6444,2,resid,148,10
2194,9.mlp.37206,9,mlp,380,22
2195,2.resid.7349,2,resid,186,21
2196,9.mlp.24426,9,mlp,638,10
2197,2.resid.32809,2,resid,168,17
2198,9.mlp.27970,9,mlp,393,259
2199,2.resid.14946,2,resid,107,3
2200,9.mlp.18697,9,mlp,404,16
2201,2.resid.28539,2,resid,176,8
2202,9.mlp.20312,9,mlp,311,27
2203,2.resid.32561,2,resid,135,9
2204,9.mlp.33549,9,mlp,498,18
2205,2.resid.33970,2,resid,122,9
2206,9.mlp.26252,9,mlp,576,64
2207,2.resid.34339,2,resid,139,2
2208,9.mlp.1674,9,mlp,203,21
2209,2.resid.15965,2,resid,73,29
2210,9.mlp.850,9,mlp,427,5
2211,2.resid.18905,2,resid,101,12
2212,9.mlp.24019,9,mlp,533,32
2213,2.resid.31565,2,resid,103,38
2214,9.mlp.40383,9,mlp,475,33
2215,2.resid.40246,2,resid,84,8
2216,9.mlp.5125,9,mlp,510,12
2217,2.resid.12892,2,resid,162,22
2218,9.mlp.3267,9,mlp,388,10
2219,2.resid.2200,2,resid,174,23
2220,9.mlp.1468,9,mlp,389,15
2221,2.resid.14749,2,resid,196,0
2222,9.mlp.11734,9,mlp,493,17
2223,2.resid.37505,2,resid,173,11
2224,9.mlp.36033,9,mlp,645,15
2225,2.resid.22066,2,resid,188,42
2226,9.mlp.12279,9,mlp,692,21
2227,2.resid.901,2,resid,105,6
2228,9.mlp.21695,9,mlp,462,13
2229,2.resid.38609,2,resid,203,6
2230,9.mlp.4459,9,mlp,392,13
2231,2.resid.13159,2,resid,172,2
2232,9.mlp.33426,9,mlp,624,5
2233,2.resid.11786,2,resid,103,6
2234,9.mlp.12523,9,mlp,553,15
2235,2.resid.18299,2,resid,93,9
2236,9.mlp.36317,9,mlp,360,23
2237,2.resid.40723,2,resid,114,7
2238,9.mlp.28133,9,mlp,689,31
2239,2.resid.17493,2,resid,142,8
2240,9.mlp.2380,9,mlp,526,16
2241,3.attn.28362,3,attn,231,0
2242,9.attn.32335,9,attn,542,14
2243,3.attn.40378,3,attn,148,0
2244,9.attn.26259,9,attn,301,1
2245,3.attn.29455,3,attn,251,8
2246,9.attn.32429,9,attn,321,5
2247,3.attn.24796,3,attn,155,35
2248,9.attn.15708,9,attn,548,14
2249,3.attn.33020,3,attn,188,0
2250,9.attn.22384,9,attn,626,14
2251,3.attn.18515,3,attn,268,0
2252,9.attn.19283,9,attn,253,58
2253,3.attn.4371,3,attn,321,0
2254,9.attn.35915,9,attn,244,5
2255,3.attn.32355,3,attn,141,0
2256,9.attn.11003,9,attn,116,12
2257,3.attn.27127,3,attn,235,0
2258,9.attn.14510,9,attn,428,6
2259,3.attn.17933,3,attn,201,0
2260,9.attn.418,9,attn,315,14
2261,3.attn.35304,3,attn,188,0
2262,9.attn.27749,9,attn,678,1
2263,3.attn.31852,3,attn,162,16
2264,9.attn.24553,9,attn,290,25
2265,3.attn.26549,3,attn,220,0
2266,9.attn.40012,9,attn,428,8
2267,3.attn.33305,3,attn,186,0
2268,9.attn.13554,9,attn,666,18
2269,3.attn.12516,3,attn,157,0
2270,9.attn.27077,9,attn,273,13
2271,3.attn.37629,3,attn,385,0
2272,9.attn.5627,9,attn,191,11
2273,3.attn.25084,3,attn,234,8
2274,9.attn.28659,9,attn,343,1
2275,3.attn.20903,3,attn,340,0
2276,9.attn.15018,9,attn,197,22
2277,3.attn.7021,3,attn,201,0
2278,9.attn.18609,9,attn,339,8
2279,3.attn.30674,3,attn,211,21
2280,11.resid.5097,11,resid,845,4
2281,0.mlp.38044,0,mlp,46,309
2282,11.resid.40417,11,resid,582,23
2283,0.mlp.29941,0,mlp,36,310
2284,11.resid.30378,11,resid,369,4
2285,0.mlp.16593,0,mlp,24,311
2286,11.resid.8328,11,resid,588,19
2287,0.mlp.11983,0,mlp,10,312
2288,11.resid.40719,11,resid,724,23
2289,0.mlp.21540,0,mlp,23,3
2290,11.resid.8767,11,resid,730,24
2291,0.mlp.11254,0,mlp,56,313
2292,11.resid.22484,11,resid,381,11
2293,0.mlp.13304,0,mlp,16,314
2294,11.resid.6710,11,resid,303,10
2295,0.mlp.29406,0,mlp,29,315
2296,11.resid.29334,11,resid,229,4
2297,0.mlp.25951,0,mlp,68,7
2298,11.resid.34404,11,resid,532,4
2299,0.mlp.12669,0,mlp,39,316
2300,11.resid.29942,11,resid,371,4
2301,0.mlp.16560,0,mlp,9,317
2302,11.resid.36758,11,resid,559,4
2303,0.mlp.12662,0,mlp,15,318
2304,11.resid.11925,11,resid,338,13
2305,0.mlp.38712,0,mlp,9,319
2306,11.resid.40098,11,resid,421,14
2307,0.mlp.37060,0,mlp,83,7
2308,11.resid.3626,11,resid,563,12
2309,0.mlp.6000,0,mlp,9,320
2310,11.resid.20907,11,resid,598,4
2311,0.mlp.19970,0,mlp,11,321
2312,11.resid.36336,11,resid,387,13
2313,0.mlp.5304,0,mlp,8,322
2314,11.resid.5488,11,resid,684,4
2315,0.mlp.38446,0,mlp,78,7
2316,11.resid.37028,11,resid,559,15
2317,0.mlp.826,0,mlp,26,323
2318,11.resid.30873,11,resid,608,26
2319,0.mlp.14893,0,mlp,25,20
2320,11.resid.33668,11,resid,655,39
2321,0.mlp.34068,0,mlp,13,324
2322,11.resid.17881,11,resid,641,26
2323,0.mlp.19572,0,mlp,9,325
2324,11.resid.10845,11,resid,605,4
2325,0.mlp.1624,0,mlp,113,326
2326,11.resid.26282,11,resid,417,5
2327,0.mlp.19340,0,mlp,13,0
2328,11.resid.32335,11,resid,614,4
2329,0.mlp.37128,0,mlp,52,7
2330,11.resid.19164,11,resid,381,17
2331,0.mlp.33696,0,mlp,13,327
2332,11.resid.16413,11,resid,704,30
2333,0.mlp.32316,0,mlp,36,3
2334,11.resid.3956,11,resid,448,0
2335,0.resid.3726,0,resid,43,10
2336,11.mlp.40466,11,mlp,331,27
2337,0.resid.15977,0,resid,22,3
2338,11.mlp.32999,11,mlp,320,3
2339,0.resid.1723,0,resid,172,3
2340,11.mlp.24731,11,mlp,244,4
2341,0.resid.20107,0,resid,22,8
2342,11.mlp.15446,11,mlp,560,5
2343,0.resid.11260,0,resid,24,50
2344,11.mlp.9637,11,mlp,414,9
2345,0.resid.5550,0,resid,33,328
2346,11.mlp.39885,11,mlp,445,337
2347,0.resid.35225,0,resid,69,2
2348,11.mlp.17574,11,mlp,551,61
2349,0.resid.117,0,resid,16,329
2350,11.mlp.13109,11,mlp,520,20
2351,0.resid.1043,0,resid,48,2
2352,11.mlp.7993,11,mlp,584,77
2353,0.resid.18423,0,resid,19,2
2354,11.mlp.30538,11,mlp,651,21
2355,0.resid.33711,0,resid,58,20
2356,11.mlp.17303,11,mlp,328,12
2357,0.resid.836,0,resid,27,330
2358,11.mlp.39065,11,mlp,394,16
2359,0.resid.5133,0,resid,27,6
2360,11.mlp.8475,11,mlp,273,18
2361,0.resid.8230,0,resid,10,331
2362,11.mlp.26949,11,mlp,392,41
2363,0.resid.18230,0,resid,17,19
2364,11.mlp.4455,11,mlp,348,14
2365,0.resid.1511,0,resid,65,19
2366,11.mlp.23505,11,mlp,291,763
2367,0.resid.9895,0,resid,32,41
2368,11.mlp.37557,11,mlp,643,4
2369,0.resid.30382,0,resid,19,332
2370,11.mlp.8055,11,mlp,494,26
2371,0.resid.4386,0,resid,120,14
2372,11.mlp.25240,11,mlp,460,23
2373,0.resid.8589,0,resid,33,17
2374,11.mlp.34379,11,mlp,355,11
2375,0.resid.33149,0,resid,153,7
2376,11.mlp.37874,11,mlp,522,7
2377,0.resid.1152,0,resid,49,42
2378,11.mlp.21783,11,mlp,302,5
2379,0.resid.27416,0,resid,17,333
2380,11.mlp.36622,11,mlp,559,24
2381,0.resid.27661,0,resid,14,334
2382,11.mlp.7639,11,mlp,451,11
2383,0.resid.23823,0,resid,33,41
2384,11.mlp.12820,11,mlp,738,32
2385,0.resid.29498,0,resid,59,28
2386,11.mlp.18818,11,mlp,524,27
2387,0.resid.12730,0,resid,41,5
2388,11.mlp.23389,11,mlp,577,20
2389,0.resid.16619,0,resid,73,12
2390,11.mlp.14043,11,mlp,452,686
2391,0.resid.36071,0,resid,169,36
2392,11.mlp.19693,11,mlp,631,11
2393,11.attn.2746,11,attn,337,1
2394,11.attn.12482,11,attn,565,1
2395,11.attn.33782,11,attn,1041,0
2396,11.attn.33930,11,attn,521,1
2397,11.attn.6311,11,attn,1010,37
2398,11.attn.27755,11,attn,236,22
2399,11.attn.8094,11,attn,312,1
2400,11.attn.5504,11,attn,251,1
2401,11.attn.32862,11,attn,758,18
2402,11.attn.37039,11,attn,615,1
2403,11.attn.34369,11,attn,336,8
2404,11.attn.9111,11,attn,530,1
2405,1.attn.9409,1,attn,59,33
2406,11.attn.28483,11,attn,1047,1
2407,11.attn.11003,11,attn,607,14
2408,1.attn.13590,1,attn,118,0
2409,11.attn.18031,11,attn,474,13
2410,11.attn.11375,11,attn,669,12
2411,1.attn.10289,1,attn,42,335
2412,11.attn.6019,11,attn,587,13
2413,11.attn.20991,11,attn,299,1
2414,11.attn.4931,11,attn,257,11
2415,11.attn.22508,11,attn,477,5
2416,11.attn.23028,11,attn,451,7
2417,11.attn.25336,11,attn,654,0
2418,11.attn.16497,11,attn,53,1
2419,1.attn.25516,1,attn,41,336
2420,11.attn.38511,11,attn,818,11
2421,1.attn.39315,1,attn,77,34
2422,11.attn.1493,11,attn,539,5
2423,11.attn.9220,11,attn,511,13
2424,1.mlp.864,1,mlp,217,7
2425,10.resid.20841,10,resid,663,25
2426,1.mlp.32098,1,mlp,162,28
2427,10.resid.12680,10,resid,907,23
2428,1.mlp.5039,1,mlp,407,6
2429,10.resid.23497,10,resid,526,2
2430,1.mlp.32090,1,mlp,168,23
2431,10.resid.22183,10,resid,405,64
2432,1.mlp.25522,1,mlp,134,0
2433,10.resid.10568,10,resid,644,19
2434,1.mlp.19165,1,mlp,186,0
2435,10.resid.13036,10,resid,632,2
2436,1.mlp.1676,1,mlp,119,12
2437,10.resid.23481,10,resid,380,8
2438,1.mlp.6384,1,mlp,189,6
2439,10.resid.27147,10,resid,440,35
2440,1.mlp.17624,1,mlp,228,31
2441,10.resid.37695,10,resid,760,12
2442,1.mlp.18122,1,mlp,106,53
2443,10.resid.40093,10,resid,758,1
2444,1.mlp.767,1,mlp,187,3
2445,10.resid.37799,10,resid,754,12
2446,1.mlp.7385,1,mlp,101,12
2447,10.resid.36357,10,resid,362,20
2448,1.mlp.16686,1,mlp,231,2
2449,10.resid.21614,10,resid,641,2
2450,1.mlp.26071,1,mlp,158,8
2451,10.resid.10797,10,resid,675,33
2452,1.mlp.21022,1,mlp,117,0
2453,10.resid.15390,10,resid,609,5
2454,1.mlp.39877,1,mlp,167,28
2455,10.resid.22035,10,resid,720,0
2456,1.mlp.6273,1,mlp,97,2
2457,10.resid.19110,10,resid,322,20
2458,1.mlp.35318,1,mlp,123,19
2459,10.resid.6508,10,resid,682,23
2460,1.mlp.2020,1,mlp,90,23
2461,10.resid.19616,10,resid,603,205
2462,1.mlp.32390,1,mlp,250,2
2463,10.resid.22534,10,resid,605,16
2464,1.mlp.36950,1,mlp,108,2
2465,10.resid.8194,10,resid,607,1
2466,1.mlp.34480,1,mlp,139,2
2467,10.resid.23965,10,resid,533,30
2468,1.mlp.6151,1,mlp,138,38
2469,10.resid.20442,10,resid,592,20
2470,1.mlp.15266,1,mlp,220,31
2471,10.resid.16908,10,resid,710,32
2472,1.mlp.15941,1,mlp,77,2
2473,10.resid.15501,10,resid,445,22
2474,1.mlp.25599,1,mlp,90,5
2475,10.resid.15564,10,resid,329,37
2476,1.mlp.2221,1,mlp,132,28
2477,10.resid.23602,10,resid,519,37
2478,1.mlp.3752,1,mlp,139,7
2479,10.resid.25196,10,resid,659,22
2480,1.resid.29795,1,resid,62,8
2481,10.resid.35676,10,resid,682,31
2482,1.resid.24687,1,resid,107,7
2483,10.mlp.2107,10,mlp,452,41
2484,1.resid.35995,1,resid,97,3
2485,10.mlp.27221,10,mlp,633,30
2486,1.resid.5028,1,resid,93,2
2487,10.mlp.2958,10,mlp,526,0
2488,1.resid.34464,1,resid,76,24
2489,10.mlp.8426,10,mlp,438,24
2490,1.resid.5799,1,resid,75,3
2491,10.mlp.17143,10,mlp,371,37
2492,1.resid.40892,1,resid,125,7
2493,10.mlp.27491,10,mlp,669,70
2494,1.resid.11450,1,resid,107,8
2495,10.mlp.9516,10,mlp,292,22
2496,1.resid.14617,1,resid,131,6
2497,10.mlp.10376,10,mlp,459,17
2498,1.resid.17403,1,resid,39,25
2499,10.mlp.7353,10,mlp,401,18
2500,1.resid.25692,1,resid,49,16
2501,10.mlp.1288,10,mlp,449,12
2502,1.resid.17607,1,resid,59,7
2503,10.mlp.32017,10,mlp,574,13
2504,1.resid.8354,1,resid,69,9
2505,10.mlp.36014,10,mlp,491,13
2506,1.resid.35629,1,resid,110,3
2507,10.mlp.14078,10,mlp,548,339
2508,1.resid.5076,1,resid,98,3
2509,10.mlp.5477,10,mlp,604,0
2510,1.resid.5013,1,resid,77,21
2511,10.mlp.31551,10,mlp,758,5
2512,1.resid.5439,1,resid,67,8
2513,10.mlp.27955,10,mlp,409,648
2514,1.resid.22760,1,resid,103,13
2515,10.mlp.39334,10,mlp,661,31
2516,1.resid.9000,1,resid,117,3
2517,10.mlp.13789,10,mlp,411,24
2518,1.resid.27030,1,resid,112,50
2519,10.mlp.7850,10,mlp,311,24
2520,1.resid.30849,1,resid,113,3
2521,10.mlp.27002,10,mlp,720,27
2522,1.resid.4615,1,resid,45,59
2523,10.mlp.17685,10,mlp,523,2
2524,1.resid.33071,1,resid,145,30
2525,10.mlp.40533,10,mlp,545,170
2526,1.resid.10705,1,resid,50,6
2527,10.mlp.23086,10,mlp,438,12
2528,1.resid.14753,1,resid,32,2
2529,10.mlp.36718,10,mlp,444,25
2530,1.resid.33027,1,resid,74,340
2531,10.mlp.24865,10,mlp,513,19
2532,1.resid.22202,1,resid,217,53
2533,10.mlp.30483,10,mlp,340,736
2534,1.resid.26182,1,resid,47,47
2535,10.mlp.30506,10,mlp,759,18
2536,1.resid.24816,1,resid,112,0
2537,10.mlp.28025,10,mlp,524,683
2538,2.attn.6976,2,attn,116,9
2539,10.attn.2901,10,attn,401,1
2540,2.attn.7991,2,attn,395,0
2541,10.attn.35759,10,attn,225,11
2542,10.attn.29291,10,attn,332,1
2543,2.attn.23178,2,attn,115,2
2544,10.attn.15886,10,attn,469,24
2545,2.attn.31188,2,attn,139,20
2546,10.attn.29997,10,attn,762,13
2547,2.attn.26125,2,attn,92,17
2548,10.attn.34641,10,attn,313,1
2549,2.attn.5764,2,attn,157,16
2550,10.attn.18394,10,attn,434,1
2551,2.attn.20834,2,attn,165,3
2552,10.attn.34067,10,attn,404,35
2553,10.attn.6609,10,attn,570,14
2554,2.attn.23791,2,attn,103,343
2555,10.attn.38927,10,attn,881,0
2556,10.attn.28212,10,attn,322,1
2557,2.attn.40761,2,attn,236,0
2558,10.attn.36181,10,attn,427,9
2559,2.attn.36780,2,attn,173,0
2560,10.attn.19612,10,attn,335,1
2561,2.attn.1342,2,attn,106,0
2562,10.attn.34890,10,attn,252,18
2563,2.attn.31095,2,attn,93,16
2564,10.attn.33835,10,attn,580,87
2565,2.attn.30487,2,attn,120,0
2566,2.attn.7049,2,attn,203,6
2567,10.attn.16198,10,attn,321,1
2568,2.attn.3746,2,attn,190,22
2569,10.attn.23676,10,attn,369,1
2570,2.attn.1643,2,attn,179,39
2571,10.attn.14758,10,attn,512,11
2572,10.attn.28893,10,attn,323,10
2573,10.attn.28379,10,attn,364,1
2574,2.attn.31810,2,attn,119,28
2575,10.attn.37083,10,attn,324,1
2576,2.attn.28500,2,attn,216,40
2577,10.attn.5929,10,attn,639,2
2578,10.attn.21565,10,attn,720,1
2579,2.attn.10365,2,attn,157,0
2580,10.attn.1505,10,attn,368,1
2581,2.attn.13091,2,attn,293,0
2582,10.attn.15548,10,attn,520,11
2583,2.attn.26294,2,attn,287,0
2584,10.attn.10418,10,attn,599,0
2585,10.attn.36117,10,attn,295,1
2586,2.mlp.22774,2,mlp,200,17
2587,10.attn.18378,10,attn,350,1
2588,2.mlp.28478,2,mlp,192,2
2589,9.resid.32974,9,resid,663,0
2590,2.mlp.20594,2,mlp,279,0
2591,9.resid.14794,9,resid,769,3
2592,2.mlp.35662,2,mlp,345,6
2593,9.resid.9739,9,resid,549,9
2594,2.mlp.29035,2,mlp,144,17
2595,9.resid.39368,9,resid,527,23
2596,2.mlp.23604,2,mlp,188,29
2597,9.resid.24750,9,resid,325,3
2598,2.mlp.7763,2,mlp,112,33
2599,9.resid.23924,9,resid,579,1
2600,2.mlp.40780,2,mlp,283,0
2601,9.resid.32465,9,resid,718,58
2602,2.mlp.24311,2,mlp,191,2
2603,9.resid.17554,9,resid,468,17
2604,2.mlp.3303,2,mlp,153,2
2605,9.resid.7066,9,resid,364,10
2606,2.mlp.10150,2,mlp,137,30
2607,9.resid.30313,9,resid,474,0
2608,2.mlp.38184,2,mlp,218,0
2609,9.resid.15811,9,resid,483,15
2610,2.mlp.32152,2,mlp,145,19
2611,9.resid.17147,9,resid,588,16
2612,2.mlp.29513,2,mlp,164,29
2613,9.resid.1953,9,resid,449,10
2614,2.mlp.34736,2,mlp,135,2
2615,9.resid.22052,9,resid,436,10
2616,2.mlp.29627,2,mlp,141,13
2617,9.resid.33878,9,resid,568,23
2618,2.mlp.3734,2,mlp,283,0
2619,9.resid.14108,9,resid,651,0
2620,2.mlp.12992,2,mlp,276,0
2621,9.resid.30491,9,resid,489,729
2622,2.mlp.2597,2,mlp,119,5
2623,9.resid.2766,9,resid,636,12
2624,2.mlp.3299,2,mlp,237,0
2625,9.resid.35546,9,resid,812,42
2626,2.mlp.24026,2,mlp,235,0
2627,9.resid.37369,9,resid,509,21
2628,2.mlp.13205,2,mlp,108,4
2629,9.resid.1558,9,resid,576,6
2630,2.mlp.38557,2,mlp,113,5
2631,9.resid.33060,9,resid,314,25
2632,2.mlp.29914,2,mlp,310,3
2633,9.resid.3635,9,resid,677,1
2634,2.mlp.28995,2,mlp,211,3
2635,9.resid.2772,9,resid,660,20
2636,2.mlp.6527,2,mlp,312,2
2637,9.resid.11107,9,resid,496,13
2638,2.mlp.3184,2,mlp,158,0
2639,9.resid.22181,9,resid,650,5
2640,2.mlp.496,2,mlp,163,6
2641,9.resid.5667,9,resid,734,0
2642,2.mlp.8061,2,mlp,163,5
2643,9.resid.22276,9,resid,659,1
2644,2.resid.34969,2,resid,207,58
2645,9.mlp.23116,9,mlp,467,19
2646,2.resid.32568,2,resid,74,6
2647,9.mlp.3836,9,mlp,520,15
2648,2.resid.26177,2,resid,108,3
2649,9.mlp.23811,9,mlp,436,39
2650,2.resid.33664,2,resid,114,19
2651,9.mlp.34578,9,mlp,719,21
2652,2.resid.14716,2,resid,173,23
2653,9.mlp.2358,9,mlp,378,32
2654,2.resid.7712,2,resid,178,22
2655,9.mlp.26308,9,mlp,442,19
2656,2.resid.16266,2,resid,204,21
2657,9.mlp.10213,9,mlp,542,5
2658,2.resid.36613,2,resid,142,10
2659,9.mlp.9180,9,mlp,332,1
2660,2.resid.28316,2,resid,233,2
2661,9.mlp.24416,9,mlp,544,23
2662,2.resid.20522,2,resid,91,12
2663,9.mlp.21241,9,mlp,384,8
2664,2.resid.36315,2,resid,227,41
2665,9.mlp.19669,9,mlp,401,15
2666,2.resid.8656,2,resid,93,9
2667,9.mlp.24879,9,mlp,550,10
2668,2.resid.6432,2,resid,123,30
2669,9.mlp.27174,9,mlp,404,23
2670,2.resid.1764,2,resid,183,2
2671,9.mlp.10610,9,mlp,562,20
2672,2.resid.21037,2,resid,178,10
2673,9.mlp.8134,9,mlp,266,34
2674,2.resid.20921,2,resid,87,23
2675,9.mlp.31169,9,mlp,773,0
2676,2.resid.16251,2,resid,78,2
2677,9.mlp.32455,9,mlp,476,37
2678,2.resid.32365,2,resid,135,2
2679,9.mlp.38206,9,mlp,726,0
2680,2.resid.32815,2,resid,82,346
2681,9.mlp.29705,9,mlp,359,9
2682,2.resid.31971,2,resid,230,6
2683,9.mlp.37378,9,mlp,465,5
2684,2.resid.13106,2,resid,143,23
2685,9.mlp.7802,9,mlp,448,27
2686,2.resid.687,2,resid,133,3
2687,9.mlp.31249,9,mlp,388,8
2688,2.resid.34887,2,resid,143,2
2689,9.mlp.9211,9,mlp,601,8
2690,2.resid.17136,2,resid,88,22
2691,9.mlp.36992,9,mlp,599,16
2692,2.resid.7019,2,resid,242,2
2693,9.mlp.28537,9,mlp,462,64
2694,2.resid.6404,2,resid,203,8
2695,9.mlp.9697,9,mlp,475,19
2696,2.resid.38091,2,resid,194,18
2697,9.mlp.28793,9,mlp,467,10
2698,2.resid.20831,2,resid,117,16
2699,9.mlp.9043,9,mlp,478,5
2700,3.attn.28984,3,attn,186,0
2701,9.mlp.6959,9,mlp,398,9
2702,3.attn.4350,3,attn,126,0
2703,9.attn.26282,9,attn,252,8
2704,3.attn.36304,3,attn,155,0
2705,9.attn.13544,9,attn,133,11
2706,3.attn.20517,3,attn,299,0
2707,9.attn.7697,9,attn,850,11
2708,3.attn.35945,3,attn,296,0
2709,9.attn.2814,9,attn,426,1
2710,3.attn.8644,3,attn,171,0
2711,9.attn.2896,9,attn,575,14
2712,3.attn.907,3,attn,240,0
2713,9.attn.26501,9,attn,311,1
2714,3.attn.36353,3,attn,142,0
2715,3.attn.37985,3,attn,352,0
2716,9.attn.7926,9,attn,339,26
2717,3.attn.6659,3,attn,395,0
2718,9.attn.20421,9,attn,501,14
2719,3.attn.3281,3,attn,171,16
2720,9.attn.24229,9,attn,211,1
2721,3.attn.10180,3,attn,138,17
2722,9.attn.36674,9,attn,564,14
2723,3.attn.29119,3,attn,325,0
2724,9.attn.36639,9,attn,506,1
2725,3.attn.14564,3,attn,135,347
2726,9.attn.9191,9,attn,381,18
2727,3.attn.6779,3,attn,347,0
2728,9.attn.13402,9,attn,259,1
2729,3.attn.23156,3,attn,117,5
2730,0.mlp.3113,0,mlp,19,348
2731,11.resid.30373,11,resid,592,4
2732,0.mlp.26949,0,mlp,9,349
2733,11.resid.27380,11,resid,446,18
2734,0.mlp.8221,0,mlp,16,350
2735,11.resid.10373,11,resid,616,4
2736,0.mlp.25181,0,mlp,19,351
2737,11.resid.13086,11,resid,253,11
2738,0.mlp.33290,0,mlp,42,7
2739,11.resid.34045,11,resid,737,35
2740,0.mlp.1796,0,mlp,53,2
2741,11.resid.13472,11,resid,546,4
2742,0.mlp.26430,0,mlp,36,352
2743,11.resid.24479,11,resid,670,19
2744,0.mlp.10381,0,mlp,19,353
2745,11.resid.29305,11,resid,630,20
2746,0.mlp.27736,0,mlp,17,5
2747,11.resid.32701,11,resid,631,4
2748,0.mlp.4380,0,mlp,15,354
2749,11.resid.40663,11,resid,777,21
2750,0.mlp.10563,0,mlp,19,355
2751,11.resid.13145,11,resid,840,0
2752,0.mlp.17849,0,mlp,15,356
2753,11.resid.11513,11,resid,494,27
2754,0.mlp.13055,0,mlp,10,357
2755,11.resid.20240,11,resid,646,4
2756,0.mlp.26734,0,mlp,52,7
2757,11.resid.32965,11,resid,584,4
2758,0.mlp.3828,0,mlp,23,20
2759,11.resid.28561,11,resid,696,4
2760,0.mlp.11790,0,mlp,12,358
2761,11.resid.5677,11,resid,437,16
2762,0.mlp.31594,0,mlp,22,4
2763,11.resid.337,11,resid,483,4
2764,0.mlp.8083,0,mlp,8,359
2765,11.resid.33546,11,resid,546,4
2766,0.mlp.31023,0,mlp,14,3
2767,11.resid.10145,11,resid,472,4
2768,0.mlp.18367,0,mlp,50,360
2769,11.resid.18315,11,resid,267,4
2770,0.mlp.6938,0,mlp,10,361
2771,11.resid.20898,11,resid,421,19
2772,0.mlp.25911,0,mlp,27,8
2773,11.resid.25366,11,resid,423,4
2774,0.mlp.824,0,mlp,15,362
2775,11.resid.14333,11,resid,338,10
2776,0.mlp.32276,0,mlp,24,363
2777,11.resid.3455,11,resid,452,4
2778,0.mlp.4619,0,mlp,18,3
2779,11.resid.4273,11,resid,758,0
2780,0.mlp.10086,0,mlp,39,0
2781,11.resid.32804,11,resid,538,7
2782,0.mlp.17672,0,mlp,9,364
2783,11.resid.38029,11,resid,480,36
2784,0.mlp.27323,0,mlp,18,46
2785,11.resid.25614,11,resid,776,4
2786,0.resid.8502,0,resid,16,365
2787,11.resid.35168,11,resid,430,8
2788,0.resid.39596,0,resid,27,10
2789,11.mlp.38550,11,mlp,332,19
2790,0.resid.38022,0,resid,67,2
2791,11.mlp.22060,11,mlp,410,11
2792,0.resid.2689,0,resid,55,28
2793,11.mlp.28189,11,mlp,554,17
2794,0.resid.14146,0,resid,17,19
2795,11.mlp.747,11,mlp,666,17
2796,0.resid.14406,0,resid,116,2
2797,11.mlp.13421,11,mlp,650,8
2798,0.resid.6397,0,resid,27,34
2799,11.mlp.23721,11,mlp,551,2
2800,0.resid.8360,0,resid,70,22
2801,11.mlp.16298,11,mlp,627,3
2802,0.resid.14661,0,resid,82,61
2803,11.mlp.35167,11,mlp,731,26
2804,0.resid.4905,0,resid,50,17
2805,11.mlp.3311,11,mlp,765,33
2806,0.resid.12693,0,resid,15,12
2807,11.mlp.20508,11,mlp,399,11
2808,0.resid.35801,0,resid,52,8
2809,11.mlp.27850,11,mlp,333,10
2810,0.resid.36295,0,resid,30,367
2811,11.mlp.10775,11,mlp,578,40
2812,0.resid.9251,0,resid,56,7
2813,11.mlp.25456,11,mlp,610,8
2814,0.resid.11949,0,resid,17,7
2815,11.mlp.29858,11,mlp,528,4
2816,0.resid.28245,0,resid,136,39
2817,11.mlp.40276,11,mlp,305,13
2818,0.resid.24621,0,resid,25,368
2819,11.mlp.5961,11,mlp,327,765
2820,0.resid.70,0,resid,34,2
2821,11.mlp.7375,11,mlp,351,67
2822,0.resid.26547,0,resid,24,369
2823,11.mlp.25533,11,mlp,430,20
2824,0.resid.35276,0,resid,37,3
2825,11.mlp.15675,11,mlp,381,752
2826,0.resid.27712,0,resid,80,38
2827,11.mlp.587,11,mlp,710,4
2828,0.resid.17316,0,resid,39,5
2829,11.mlp.30282,11,mlp,617,11
2830,0.resid.17063,0,resid,153,7
2831,11.mlp.11704,11,mlp,664,5
2832,0.resid.24667,0,resid,92,35
2833,11.mlp.28722,11,mlp,261,10
2834,0.resid.21536,0,resid,32,17
2835,11.mlp.16006,11,mlp,360,10
2836,0.resid.29463,0,resid,20,28
2837,11.mlp.26213,11,mlp,612,36
2838,0.resid.224,0,resid,145,25
2839,11.mlp.17369,11,mlp,323,13
2840,0.resid.20835,0,resid,28,370
2841,11.mlp.34093,11,mlp,567,43
2842,11.mlp.7311,11,mlp,393,56
2843,11.attn.18973,11,attn,447,12
2844,11.attn.25308,11,attn,390,14
2845,11.attn.10647,11,attn,274,11
2846,11.attn.8759,11,attn,260,33
2847,11.attn.33608,11,attn,712,14
2848,11.attn.30154,11,attn,755,9
2849,11.attn.27617,11,attn,1017,14
2850,11.attn.12431,11,attn,367,27
2851,11.attn.30600,11,attn,306,1
2852,1.attn.39307,1,attn,124,12
2853,11.attn.38435,11,attn,584,14
2854,11.attn.6172,11,attn,623,66
2855,11.attn.11775,11,attn,856,0
2856,11.attn.1690,11,attn,596,13
2857,11.attn.17388,11,attn,259,14
2858,11.attn.7406,11,attn,371,5
2859,11.attn.37456,11,attn,708,24
2860,11.attn.6381,11,attn,310,24
2861,11.attn.23835,11,attn,366,1
2862,1.attn.19768,1,attn,35,7
2863,11.attn.21401,11,attn,748,1
2864,11.attn.21603,11,attn,1140,0
2865,1.attn.23243,1,attn,127,0
2866,11.attn.8811,11,attn,625,12
2867,1.attn.19390,1,attn,97,79
2868,11.attn.17068,11,attn,261,10
2869,1.attn.36796,1,attn,129,2
2870,11.attn.26048,11,attn,348,1
2871,1.attn.20384,1,attn,53,2
2872,11.attn.30926,11,attn,516,1
2873,1.attn.25434,1,attn,63,10
2874,11.attn.30308,11,attn,697,24
2875,1.mlp.17447,1,mlp,162,2
2876,10.resid.15566,10,resid,692,2
2877,1.mlp.21342,1,mlp,162,33
2878,10.resid.14610,10,resid,699,34
2879,1.mlp.426,1,mlp,109,3
2880,10.resid.15327,10,resid,554,3
2881,1.mlp.6558,1,mlp,170,19
2882,10.resid.36667,10,resid,871,1
2883,1.mlp.2153,1,mlp,131,29
2884,10.resid.1334,10,resid,608,5
2885,1.mlp.19314,1,mlp,113,2
2886,10.resid.21494,10,resid,381,39
2887,1.mlp.23609,1,mlp,96,6
2888,10.resid.36682,10,resid,510,9
2889,1.mlp.34765,1,mlp,133,28
2890,10.resid.25751,10,resid,345,5
2891,1.mlp.6415,1,mlp,174,11
2892,10.resid.21741,10,resid,596,33
2893,1.mlp.23337,1,mlp,162,38
2894,10.resid.40164,10,resid,685,8
2895,1.mlp.13937,1,mlp,181,31
2896,10.resid.12083,10,resid,564,2
2897,1.mlp.22442,1,mlp,106,38
2898,10.resid.560,10,resid,376,7
2899,1.mlp.33160,1,mlp,114,37
2900,10.resid.40520,10,resid,844,2
2901,1.mlp.19874,1,mlp,130,2
2902,10.resid.2538,10,resid,809,31
2903,1.mlp.24678,1,mlp,164,20
2904,10.resid.14982,10,resid,463,9
2905,1.mlp.2677,1,mlp,254,35
2906,10.resid.25378,10,resid,731,5
2907,1.mlp.10625,1,mlp,181,26
2908,10.resid.8281,10,resid,644,46
2909,1.mlp.14712,1,mlp,96,9
2910,10.resid.4163,10,resid,845,23
2911,1.mlp.32883,1,mlp,210,31
2912,10.resid.31256,10,resid,423,9
2913,1.mlp.17127,1,mlp,159,7
2914,10.resid.8016,10,resid,603,2
2915,1.mlp.29234,1,mlp,224,8
2916,10.resid.547,10,resid,447,20
2917,1.mlp.17227,1,mlp,85,373
2918,10.resid.26207,10,resid,697,3
2919,1.mlp.3909,1,mlp,142,0
2920,10.resid.30298,10,resid,378,5
2921,1.mlp.3446,1,mlp,232,2
2922,10.resid.20408,10,resid,722,26
2923,1.mlp.10760,1,mlp,110,20
2924,10.resid.19064,10,resid,741,12
2925,1.mlp.38883,1,mlp,118,33
2926,10.resid.4573,10,resid,581,10
2927,1.mlp.10486,1,mlp,104,2
2928,10.resid.21523,10,resid,619,12
2929,1.mlp.15153,1,mlp,90,2
2930,10.resid.22165,10,resid,749,1
2931,1.resid.29360,1,resid,57,10
2932,10.resid.16337,10,resid,878,0
2933,1.resid.11128,1,resid,45,0
2934,10.mlp.14874,10,mlp,751,54
2935,1.resid.25066,1,resid,127,14
2936,10.mlp.18713,10,mlp,481,5
2937,1.resid.23745,1,resid,51,9
2938,10.mlp.14925,10,mlp,443,26
2939,1.resid.26288,1,resid,146,17
2940,10.mlp.36208,10,mlp,601,13
2941,1.resid.32723,1,resid,107,3
2942,10.mlp.32186,10,mlp,604,15
2943,1.resid.14649,1,resid,113,26
2944,10.mlp.36809,10,mlp,696,33
2945,1.resid.38301,1,resid,107,0
2946,10.mlp.10573,10,mlp,221,10
2947,1.resid.35993,1,resid,72,9
2948,10.mlp.8398,10,mlp,271,30
2949,1.resid.22520,1,resid,63,16
2950,10.mlp.4923,10,mlp,345,33
2951,1.resid.31955,1,resid,72,17
2952,10.mlp.18334,10,mlp,323,34
2953,1.resid.11129,1,resid,73,16
2954,10.mlp.25544,10,mlp,406,12
2955,1.resid.6472,1,resid,43,0
2956,10.mlp.5867,10,mlp,781,8
2957,1.resid.9016,1,resid,68,6
2958,10.mlp.7747,10,mlp,509,5
2959,1.resid.15545,1,resid,109,0
2960,10.mlp.24237,10,mlp,556,43
2961,1.resid.28191,1,resid,154,7
2962,10.mlp.8951,10,mlp,384,66
2963,1.resid.125,1,resid,91,26
2964,10.mlp.10945,10,mlp,390,24
2965,1.resid.28442,1,resid,152,29
2966,10.mlp.3072,10,mlp,627,26
2967,1.resid.28053,1,resid,153,7
2968,10.mlp.1619,10,mlp,475,757
2969,1.resid.21389,1,resid,58,7
2970,10.mlp.25100,10,mlp,473,9
2971,1.resid.17902,1,resid,83,3
2972,10.mlp.21183,10,mlp,347,371
2973,1.resid.14622,1,resid,127,76
2974,10.mlp.25879,10,mlp,464,7
2975,1.resid.33259,1,resid,88,20
2976,10.mlp.11064,10,mlp,464,9
2977,1.resid.9266,1,resid,41,0
2978,10.mlp.11526,10,mlp,477,5
2979,1.resid.6702,1,resid,112,6
2980,10.mlp.30745,10,mlp,660,1
2981,1.resid.17316,1,resid,62,35
2982,10.mlp.34702,10,mlp,605,0
2983,1.resid.12005,1,resid,176,7
2984,10.mlp.4006,10,mlp,622,2
2985,1.resid.917,1,resid,78,0
2986,10.mlp.36235,10,mlp,616,9
2987,1.resid.5532,1,resid,43,22
2988,10.mlp.1172,10,mlp,476,16
2989,10.attn.29665,10,attn,268,14
2990,2.attn.32494,2,attn,166,33
2991,10.attn.23886,10,attn,726,17
2992,2.attn.8408,2,attn,159,0
2993,10.attn.4798,10,attn,252,10
2994,10.attn.3630,10,attn,347,1
2995,2.attn.37184,2,attn,80,0
2996,10.attn.16803,10,attn,341,24
2997,2.attn.16331,2,attn,99,71
2998,10.attn.27033,10,attn,512,53
2999,2.attn.38286,2,attn,137,374
3000,10.attn.23748,10,attn,646,11
3001,10.attn.17047,10,attn,549,1
3002,2.attn.29277,2,attn,230,0
3003,10.attn.40096,10,attn,485,58
3004,2.attn.33758,2,attn,111,6
3005,10.attn.9575,10,attn,582,0
3006,2.attn.14400,2,attn,184,2
3007,10.attn.19115,10,attn,404,1
3008,2.attn.24047,2,attn,111,21
3009,10.attn.7439,10,attn,280,1
3010,2.attn.24302,2,attn,94,0
3011,10.attn.36324,10,attn,286,9
3012,2.attn.25675,2,attn,120,2
3013,10.attn.27845,10,attn,305,14
3014,10.attn.13346,10,attn,248,27
3015,10.attn.18047,10,attn,511,22
3016,2.attn.16643,2,attn,158,2
3017,10.attn.31142,10,attn,231,15
3018,10.attn.14996,10,attn,510,18
3019,2.attn.35716,2,attn,182,6
3020,10.attn.38205,10,attn,237,27
3021,2.attn.22452,2,attn,140,6
3022,2.attn.21521,2,attn,117,0
3023,10.attn.14475,10,attn,295,1
3024,10.attn.27575,10,attn,190,11
3025,10.attn.25641,10,attn,866,1
3026,10.attn.10458,10,attn,498,11
3027,2.attn.29137,2,attn,84,36
3028,10.attn.4270,10,attn,282,5
3029,2.attn.28778,2,attn,155,38
3030,10.attn.11768,10,attn,819,18
3031,2.mlp.16899,2,mlp,199,2
3032,10.attn.1496,10,attn,492,25
3033,2.mlp.9586,2,mlp,203,2
3034,9.resid.7116,9,resid,699,35
3035,2.mlp.32544,2,mlp,259,25
3036,9.resid.39647,9,resid,592,38
3037,2.mlp.38677,2,mlp,110,3
3038,9.resid.12537,9,resid,624,10
3039,2.mlp.17282,2,mlp,209,2
3040,9.resid.13262,9,resid,636,10
3041,2.mlp.23058,2,mlp,211,3
3042,9.resid.16652,9,resid,529,1
3043,2.mlp.37486,2,mlp,154,0
3044,9.resid.5724,9,resid,395,93
3045,2.mlp.14274,2,mlp,258,0
3046,9.resid.34939,9,resid,377,68
3047,2.mlp.38678,2,mlp,112,5
3048,9.resid.28846,9,resid,555,1
3049,2.mlp.32377,2,mlp,335,0
3050,9.resid.35519,9,resid,478,57
3051,2.mlp.6504,2,mlp,183,5
3052,9.resid.19822,9,resid,878,0
3053,2.mlp.2039,2,mlp,97,34
3054,9.resid.14243,9,resid,892,1
3055,2.mlp.7478,2,mlp,183,32
3056,9.resid.2665,9,resid,573,23
3057,2.mlp.11388,2,mlp,141,18
3058,9.resid.6333,9,resid,607,19
3059,2.mlp.4433,2,mlp,177,14
3060,9.resid.16341,9,resid,322,8
3061,2.mlp.13737,2,mlp,313,49
3062,9.resid.7210,9,resid,664,32
3063,2.mlp.41,2,mlp,274,2
3064,9.resid.16465,9,resid,526,17
3065,2.mlp.37257,2,mlp,243,2
3066,9.resid.2072,9,resid,648,15
3067,2.mlp.14630,2,mlp,126,16
3068,9.resid.36662,9,resid,719,21
3069,2.mlp.33845,2,mlp,215,8
3070,9.resid.3030,9,resid,644,0
3071,2.mlp.14457,2,mlp,136,7
3072,9.resid.20996,9,resid,434,12
3073,2.mlp.14286,2,mlp,148,9
3074,9.resid.3490,9,resid,371,11
3075,2.mlp.10091,2,mlp,111,29
3076,9.resid.33013,9,resid,478,7
3077,2.mlp.8363,2,mlp,139,52
3078,9.resid.31723,9,resid,522,307
3079,2.mlp.22652,2,mlp,152,6
3080,9.resid.11506,9,resid,725,0
3081,2.mlp.11608,2,mlp,208,39
3082,9.resid.35009,9,resid,355,8
3083,2.mlp.36319,2,mlp,283,38
3084,9.resid.25849,9,resid,552,36
3085,2.mlp.3763,2,mlp,177,0
3086,9.resid.7799,9,resid,624,27
3087,2.mlp.11652,2,mlp,309,3
3088,9.resid.341,9,resid,487,9
3089,2.resid.36253,2,resid,157,9
3090,9.mlp.31412,9,mlp,439,11
3091,2.resid.14906,2,resid,249,31
3092,9.mlp.22342,9,mlp,531,17
3093,2.resid.18456,2,resid,197,36
3094,9.mlp.975,9,mlp,482,10
3095,2.resid.32443,2,resid,261,0
3096,9.mlp.16706,9,mlp,466,25
3097,2.resid.38509,2,resid,89,8
3098,9.mlp.24663,9,mlp,350,9
3099,2.resid.14118,2,resid,140,19
3100,9.mlp.24612,9,mlp,329,22
3101,2.resid.27132,2,resid,94,2
3102,9.mlp.34475,9,mlp,430,15
3103,2.resid.37399,2,resid,157,36
3104,9.mlp.29630,9,mlp,558,9
3105,2.resid.3430,2,resid,149,2
3106,9.mlp.7092,9,mlp,485,18
3107,2.resid.4163,2,resid,152,28
3108,9.mlp.33646,9,mlp,637,12
3109,2.resid.17278,2,resid,161,5
3110,9.mlp.2541,9,mlp,362,21
3111,2.resid.8070,2,resid,134,48
3112,9.mlp.4152,9,mlp,296,5
3113,2.resid.36802,2,resid,105,2
3114,9.mlp.22053,9,mlp,525,22
3115,2.resid.16736,2,resid,105,36
3116,9.mlp.35249,9,mlp,416,674
3117,2.resid.6512,2,resid,191,32
3118,9.mlp.21783,9,mlp,358,21
3119,2.resid.604,2,resid,174,2
3120,9.mlp.30530,9,mlp,268,27
3121,2.resid.38351,2,resid,197,28
3122,9.mlp.29806,9,mlp,442,39
3123,2.resid.17374,2,resid,122,23
3124,9.mlp.19075,9,mlp,721,290
3125,2.resid.10746,2,resid,226,2
3126,9.mlp.80,9,mlp,357,17
3127,2.resid.31814,2,resid,164,3
3128,9.mlp.32343,9,mlp,459,12
3129,2.resid.10477,2,resid,128,31
3130,9.mlp.32504,9,mlp,440,16
3131,2.resid.13958,2,resid,164,2
3132,9.mlp.17646,9,mlp,307,11
3133,2.resid.35081,2,resid,210,3
3134,9.mlp.39516,9,mlp,601,12
3135,2.resid.22649,2,resid,121,8
3136,9.mlp.19340,9,mlp,678,2
3137,2.resid.10019,2,resid,179,8
3138,9.mlp.12956,9,mlp,643,62
3139,2.resid.18815,2,resid,179,9
3140,9.mlp.15791,9,mlp,634,74
3141,2.resid.35629,2,resid,198,3
3142,9.mlp.4017,9,mlp,620,42
3143,2.resid.15480,2,resid,163,2
3144,9.mlp.5740,9,mlp,581,24
3145,3.attn.31456,3,attn,142,7
3146,9.mlp.807,9,mlp,555,5
3147,3.attn.32167,3,attn,117,0
3148,9.attn.19131,9,attn,286,1
3149,3.attn.23828,3,attn,363,0
3150,9.attn.8693,9,attn,525,22
3151,9.attn.32390,9,attn,432,12
3152,3.attn.14435,3,attn,132,0
3153,9.attn.21770,9,attn,684,5
3154,3.attn.12112,3,attn,181,15
3155,9.attn.15069,9,attn,1211,0
3156,3.attn.21610,3,attn,208,21
3157,9.attn.813,9,attn,488,40
3158,3.attn.34725,3,attn,180,0
3159,9.attn.6069,9,attn,767,11
3160,3.attn.22346,3,attn,138,8
3161,9.attn.2160,9,attn,490,26
3162,9.attn.20028,9,attn,235,11
3163,3.attn.35734,3,attn,202,0
3164,9.attn.4433,9,attn,432,1
3165,3.attn.9032,3,attn,381,0
3166,9.attn.35621,9,attn,347,1
3167,3.attn.36249,3,attn,248,0
3168,9.attn.17548,9,attn,330,24
3169,3.attn.6042,3,attn,265,0
3170,9.attn.22913,9,attn,254,1
3171,3.attn.9449,3,attn,215,0
3172,9.attn.27492,9,attn,651,15
3173,3.attn.1654,3,attn,199,0
3174,9.attn.26589,9,attn,197,11
3175,3.attn.1105,3,attn,194,51
3176,9.attn.14311,9,attn,464,11
3177,9.attn.7307,9,attn,847,1
3178,9.attn.16275,9,attn,800,3
3179,3.attn.10409,3,attn,129,0
3180,9.attn.30097,9,attn,1073,0
3181,3.attn.28943,3,attn,458,0
3182,9.attn.16993,9,attn,565,5
3183,3.attn.5447,3,attn,184,0
3184,9.attn.36266,9,attn,254,25
3185,3.attn.18441,3,attn,182,0
3186,9.attn.5163,9,attn,489,14
3187,3.attn.7563,3,attn,164,0
3188,9.attn.31220,9,attn,145,11
3189,3.attn.16787,3,attn,105,2
3190,11.resid.22325,11,resid,1279,0
3191,0.mlp.23227,0,mlp,13,378
3192,11.resid.1040,11,resid,598,34
3193,0.mlp.30191,0,mlp,17,379
3194,11.resid.303,11,resid,500,36
3195,0.mlp.11128,0,mlp,20,380
3196,11.resid.12728,11,resid,424,4
3197,0.mlp.35387,0,mlp,9,381
3198,11.resid.3010,11,resid,428,27
3199,0.mlp.8603,0,mlp,20,82
3200,11.resid.34746,11,resid,555,27
3201,0.mlp.30498,0,mlp,71,0
3202,11.resid.13451,11,resid,539,2
3203,0.mlp.3680,0,mlp,74,382
3204,11.resid.11361,11,resid,624,2
3205,0.mlp.18787,0,mlp,20,383
3206,11.resid.6334,11,resid,395,26
3207,0.mlp.22965,0,mlp,28,384
3208,11.resid.32946,11,resid,267,16
3209,0.mlp.33703,0,mlp,21,385
3210,11.resid.12011,11,resid,442,4
3211,0.mlp.9037,0,mlp,11,386
3212,11.resid.33293,11,resid,603,3
3213,0.mlp.19001,0,mlp,19,387
3214,11.resid.24874,11,resid,254,4
3215,0.mlp.36863,0,mlp,10,388
3216,11.resid.9050,11,resid,226,4
3217,0.mlp.2422,0,mlp,21,19
3218,11.resid.25729,11,resid,424,4
3219,0.mlp.3905,0,mlp,11,389
3220,11.resid.984,11,resid,545,36
3221,0.mlp.20609,0,mlp,6,390
3222,11.resid.38903,11,resid,439,6
3223,0.mlp.27404,0,mlp,11,391
3224,11.resid.29015,11,resid,524,23
3225,0.mlp.25904,0,mlp,11,392
3226,11.resid.22928,11,resid,398,25
3227,0.mlp.34089,0,mlp,13,393
3228,11.resid.21497,11,resid,461,4
3229,0.mlp.3011,0,mlp,11,394
3230,11.resid.3827,11,resid,436,19
3231,0.mlp.36466,0,mlp,17,395
3232,11.resid.3824,11,resid,251,4
3233,0.mlp.32703,0,mlp,16,396
3234,11.resid.34166,11,resid,528,5
3235,0.mlp.16567,0,mlp,19,397
3236,11.resid.34761,11,resid,528,0
3237,0.mlp.2723,0,mlp,10,398
3238,11.resid.13385,11,resid,715,19
3239,0.mlp.28888,0,mlp,23,399
3240,11.resid.27021,11,resid,362,4
3241,0.mlp.31978,0,mlp,6,400
3242,11.resid.35290,11,resid,443,4
3243,0.mlp.18451,0,mlp,96,401
3244,11.resid.11442,11,resid,382,4
3245,0.resid.20159,0,resid,36,38
3246,11.resid.9200,11,resid,243,4
3247,0.resid.3921,0,resid,100,402
3248,11.mlp.31503,11,mlp,465,3
3249,0.resid.4239,0,resid,61,10
3250,11.mlp.37543,11,mlp,510,6
3251,0.resid.38913,0,resid,18,8
3252,11.mlp.2995,11,mlp,714,11
3253,0.resid.36310,0,resid,84,2
3254,11.mlp.39491,11,mlp,362,21
3255,0.resid.25088,0,resid,87,8
3256,11.mlp.25102,11,mlp,325,5
3257,0.resid.21293,0,resid,36,6
3258,11.mlp.6222,11,mlp,564,34
3259,0.resid.4632,0,resid,23,3
3260,11.mlp.39805,11,mlp,369,5
3261,0.resid.18377,0,resid,80,7
3262,11.mlp.31807,11,mlp,252,66
3263,0.resid.6977,0,resid,28,403
3264,11.mlp.12848,11,mlp,485,4
3265,0.resid.25980,0,resid,64,42
3266,11.mlp.181,11,mlp,390,14
3267,0.resid.22480,0,resid,33,404
3268,11.mlp.32883,11,mlp,266,46
3269,0.resid.40036,0,resid,11,31
3270,11.mlp.16093,11,mlp,572,12
3271,0.resid.24601,0,resid,63,2
3272,11.mlp.11568,11,mlp,467,10
3273,0.resid.32142,0,resid,24,2
3274,11.mlp.34390,11,mlp,416,18
3275,0.resid.26044,0,resid,10,405
3276,11.mlp.10665,11,mlp,513,5
3277,0.resid.30799,0,resid,96,2
3278,11.mlp.13468,11,mlp,373,27
3279,0.resid.26181,0,resid,51,14
3280,11.mlp.408,11,mlp,368,306
3281,0.resid.38917,0,resid,25,6
3282,11.mlp.10585,11,mlp,352,43
3283,0.resid.40321,0,resid,30,9
3284,11.mlp.30743,11,mlp,497,2
3285,0.resid.37408,0,resid,78,23
3286,11.mlp.33730,11,mlp,661,35
3287,0.resid.25535,0,resid,32,29
3288,11.mlp.22523,11,mlp,330,24
3289,0.resid.2862,0,resid,127,10
3290,11.mlp.3588,11,mlp,441,1
3291,0.resid.26693,0,resid,33,406
3292,11.mlp.37333,11,mlp,352,9
3293,0.resid.8251,0,resid,57,39
3294,11.mlp.40060,11,mlp,347,11
3295,0.resid.7693,0,resid,27,61
3296,11.mlp.23129,11,mlp,558,8
3297,0.resid.38600,0,resid,22,407
3298,11.mlp.5738,11,mlp,456,8
3299,0.resid.10299,0,resid,21,408
3300,11.mlp.7604,11,mlp,400,23
3301,11.mlp.30045,11,mlp,272,13
3302,1.attn.31587,1,attn,71,6
3303,11.attn.6134,11,attn,494,31
3304,1.attn.38574,1,attn,84,3
3305,11.attn.18788,11,attn,142,27
3306,11.attn.40146,11,attn,681,16
3307,11.attn.20345,11,attn,524,5
3308,11.attn.22830,11,attn,305,11
3309,1.attn.4549,1,attn,154,7
3310,11.attn.25915,11,attn,377,56
3311,11.attn.2510,11,attn,620,14
3312,11.attn.15696,11,attn,663,17
3313,11.attn.29563,11,attn,576,3
3314,1.attn.29136,1,attn,26,409
3315,11.attn.27714,11,attn,306,7
3316,11.attn.16258,11,attn,169,25
3317,11.attn.15251,11,attn,840,44
3318,11.attn.27904,11,attn,371,13
3319,1.attn.23660,1,attn,78,0
3320,11.attn.27747,11,attn,311,1
3321,1.attn.12839,1,attn,158,21
3322,11.attn.29893,11,attn,1002,17
3323,11.attn.26394,11,attn,248,11
3324,1.attn.3314,1,attn,58,410
3325,11.attn.17637,11,attn,548,1
3326,11.attn.868,11,attn,300,1
3327,1.attn.21980,1,attn,66,411
3328,11.attn.33980,11,attn,622,1
3329,11.attn.2406,11,attn,421,11
3330,1.attn.8182,1,attn,68,6
3331,11.attn.14554,11,attn,386,742
3332,1.attn.16210,1,attn,131,17
3333,11.attn.16298,11,attn,1083,18
3334,11.attn.35308,11,attn,183,27
3335,11.attn.31177,11,attn,398,1
3336,11.attn.21898,11,attn,502,24
3337,11.attn.35361,11,attn,182,26
3338,11.attn.18983,11,attn,376,1
3339,1.attn.15618,1,attn,61,3
3340,11.attn.30093,11,attn,528,17
3341,1.mlp.23230,1,mlp,240,6
3342,10.resid.31231,10,resid,618,16
3343,1.mlp.271,1,mlp,181,0
3344,10.resid.15842,10,resid,405,10
3345,1.mlp.25847,1,mlp,90,413
3346,10.resid.23987,10,resid,626,23
3347,1.mlp.30756,1,mlp,132,15
3348,10.resid.142,10,resid,447,25
3349,1.mlp.36979,1,mlp,279,29
3350,10.resid.2969,10,resid,875,32
3351,1.mlp.34664,1,mlp,97,3
3352,10.resid.4503,10,resid,401,27
3353,1.mlp.35047,1,mlp,104,45
3354,10.resid.6231,10,resid,304,17
3355,1.mlp.21637,1,mlp,141,55
3356,10.resid.621,10,resid,784,17
3357,1.mlp.2877,1,mlp,74,6
3358,10.resid.9147,10,resid,507,8
3359,1.mlp.37640,1,mlp,96,36
3360,10.resid.31351,10,resid,620,37
3361,1.mlp.30660,1,mlp,209,45
3362,10.resid.29519,10,resid,718,2
3363,1.mlp.1435,1,mlp,82,20
3364,10.resid.16402,10,resid,275,46
3365,1.mlp.15846,1,mlp,138,49
3366,10.resid.31707,10,resid,611,33
3367,1.mlp.10152,1,mlp,101,45
3368,10.resid.24391,10,resid,564,16
3369,1.mlp.31476,1,mlp,106,3
3370,10.resid.20721,10,resid,377,16
3371,1.mlp.16358,1,mlp,101,0
3372,10.resid.11481,10,resid,370,30
3373,1.mlp.4614,1,mlp,125,7
3374,10.resid.18922,10,resid,549,35
3375,1.mlp.7430,1,mlp,164,2
3376,10.resid.463,10,resid,486,4
3377,1.mlp.25106,1,mlp,114,7
3378,10.resid.21485,10,resid,556,25
3379,1.mlp.16609,1,mlp,88,22
3380,10.resid.2638,10,resid,546,26
3381,1.mlp.20225,1,mlp,162,3
3382,10.resid.25816,10,resid,348,19
3383,1.mlp.5455,1,mlp,210,36
3384,10.resid.8021,10,resid,616,11
3385,1.mlp.6349,1,mlp,109,3
3386,10.resid.12446,10,resid,807,0
3387,1.mlp.22821,1,mlp,143,6
3388,10.resid.18917,10,resid,397,3
3389,1.mlp.35529,1,mlp,148,7
3390,10.resid.18460,10,resid,289,5
3391,1.mlp.27041,1,mlp,122,28
3392,10.resid.12840,10,resid,612,1
3393,1.mlp.14003,1,mlp,105,45
3394,10.resid.3811,10,resid,815,15
3395,1.mlp.27145,1,mlp,151,2
3396,10.resid.14014,10,resid,455,15
3397,1.resid.13568,1,resid,112,16
3398,10.resid.40373,10,resid,513,86
3399,1.resid.20475,1,resid,178,2
3400,10.mlp.33547,10,mlp,500,29
3401,1.resid.33611,1,resid,99,61
3402,10.mlp.38788,10,mlp,615,89
3403,1.resid.20172,1,resid,104,21
3404,10.mlp.16853,10,mlp,601,611
3405,1.resid.6403,1,resid,185,0
3406,10.mlp.570,10,mlp,265,24
3407,1.resid.30914,1,resid,45,22
3408,10.mlp.27212,10,mlp,585,5
3409,1.resid.25287,1,resid,60,8
3410,10.mlp.8281,10,mlp,307,20
3411,1.resid.3222,1,resid,86,7
3412,10.mlp.21091,10,mlp,734,27
3413,1.resid.28407,1,resid,54,31
3414,10.mlp.26366,10,mlp,819,5
3415,1.resid.13218,1,resid,133,8
3416,10.mlp.27182,10,mlp,430,5
3417,1.resid.6137,1,resid,159,6
3418,10.mlp.18232,10,mlp,476,25
3419,1.resid.941,1,resid,38,414
3420,10.mlp.37968,10,mlp,409,59
3421,1.resid.33769,1,resid,75,34
3422,10.mlp.779,10,mlp,354,30
3423,1.resid.28237,1,resid,125,5
3424,10.mlp.4593,10,mlp,413,5
3425,1.resid.37588,1,resid,73,3
3426,10.mlp.11226,10,mlp,565,46
3427,1.resid.11869,1,resid,97,0
3428,10.mlp.33618,10,mlp,578,15
3429,1.resid.11365,1,resid,63,8
3430,10.mlp.18490,10,mlp,458,11
3431,1.resid.14334,1,resid,68,50
3432,10.mlp.31926,10,mlp,558,22
3433,1.resid.287,1,resid,107,2
3434,10.mlp.14404,10,mlp,507,26
3435,1.resid.39196,1,resid,66,2
3436,10.mlp.2814,10,mlp,594,7
3437,1.resid.36459,1,resid,101,37
3438,10.mlp.11063,10,mlp,354,30
3439,1.resid.34322,1,resid,31,415
3440,10.mlp.3158,10,mlp,348,19
3441,1.resid.31222,1,resid,132,15
3442,10.mlp.32089,10,mlp,344,8
3443,1.resid.17333,1,resid,131,9
3444,10.mlp.4771,10,mlp,325,12
3445,1.resid.5051,1,resid,113,2
3446,10.mlp.8873,10,mlp,347,19
3447,1.resid.19432,1,resid,38,37
3448,10.mlp.34541,10,mlp,597,33
3449,1.resid.1530,1,resid,145,2
3450,10.mlp.20244,10,mlp,704,29
3451,1.resid.7707,1,resid,52,0
3452,10.mlp.16592,10,mlp,661,19
3453,1.resid.35008,1,resid,26,416
3454,10.mlp.18782,10,mlp,427,16
3455,10.attn.2823,10,attn,340,14
3456,2.attn.10434,2,attn,124,8
3457,10.attn.20665,10,attn,615,24
3458,10.attn.21322,10,attn,387,11
3459,10.attn.38860,10,attn,335,1
3460,2.attn.33915,2,attn,193,0
3461,10.attn.33561,10,attn,360,9
3462,10.attn.8004,10,attn,780,23
3463,2.attn.33365,2,attn,254,0
3464,10.attn.29716,10,attn,294,9
3465,2.attn.11852,2,attn,127,16
3466,10.attn.34458,10,attn,435,1
3467,2.attn.23322,2,attn,114,2
3468,10.attn.22547,10,attn,542,23
3469,10.attn.2981,10,attn,341,18
3470,2.attn.4987,2,attn,99,0
3471,10.attn.223,10,attn,317,1
3472,10.attn.20049,10,attn,1369,1
3473,2.attn.24322,2,attn,80,5
3474,10.attn.2148,10,attn,362,1
3475,2.attn.25072,2,attn,127,26
3476,10.attn.26339,10,attn,797,14
3477,2.attn.9168,2,attn,109,0
3478,10.attn.23753,10,attn,569,15
3479,10.attn.37798,10,attn,235,13
3480,2.attn.25181,2,attn,189,5
3481,10.attn.30845,10,attn,570,14
3482,2.attn.28916,2,attn,171,2
3483,10.attn.11580,10,attn,607,11
3484,2.attn.2984,2,attn,114,10
3485,10.attn.2019,10,attn,356,1
3486,2.attn.5085,2,attn,107,28
3487,10.attn.14976,10,attn,420,8
3488,10.attn.20825,10,attn,279,9
3489,10.attn.9969,10,attn,837,0
3490,10.attn.10872,10,attn,488,8
3491,2.attn.36285,2,attn,121,0
3492,10.attn.8043,10,attn,1015,1
3493,2.attn.1238,2,attn,135,2
3494,10.attn.5927,10,attn,456,13
3495,10.attn.33973,10,attn,708,0
3496,2.attn.34021,2,attn,124,0
3497,10.attn.16846,10,attn,1165,0
3498,2.attn.21876,2,attn,196,0
3499,10.attn.25103,10,attn,626,16
3500,2.mlp.36057,2,mlp,134,0
3501,10.attn.30220,10,attn,702,1
3502,2.mlp.6540,2,mlp,164,3
3503,9.resid.28465,9,resid,645,1
3504,2.mlp.3928,2,mlp,211,2
3505,9.resid.29865,9,resid,374,22
3506,2.mlp.36663,2,mlp,126,10
3507,9.resid.1339,9,resid,647,1
3508,2.mlp.24552,2,mlp,172,8
3509,9.resid.18663,9,resid,582,0
3510,2.mlp.30848,2,mlp,171,23
3511,9.resid.40367,9,resid,625,1
3512,2.mlp.33964,2,mlp,251,2
3513,9.resid.40073,9,resid,415,39
3514,2.mlp.36689,2,mlp,155,31
3515,9.resid.1756,9,resid,647,41
3516,2.mlp.15581,2,mlp,186,0
3517,9.resid.35841,9,resid,269,8
3518,2.mlp.17827,2,mlp,336,6
3519,9.resid.30573,9,resid,743,1
3520,2.mlp.6114,2,mlp,119,10
3521,9.resid.8422,9,resid,651,32
3522,2.mlp.14523,2,mlp,179,2
3523,9.resid.5494,9,resid,422,5
3524,2.mlp.34742,2,mlp,250,0
3525,9.resid.7640,9,resid,245,34
3526,2.mlp.16013,2,mlp,240,31
3527,9.resid.7184,9,resid,431,3
3528,2.mlp.26002,2,mlp,237,10
3529,9.resid.23778,9,resid,356,248
3530,2.mlp.5882,2,mlp,149,2
3531,9.resid.40415,9,resid,436,39
3532,2.mlp.381,2,mlp,298,0
3533,9.resid.38926,9,resid,270,13
3534,2.mlp.21486,2,mlp,193,0
3535,9.resid.37613,9,resid,356,5
3536,2.mlp.31850,2,mlp,168,6
3537,9.resid.19303,9,resid,492,12
3538,2.mlp.36899,2,mlp,156,39
3539,9.resid.9852,9,resid,338,27
3540,2.mlp.5884,2,mlp,230,0
3541,9.resid.224,9,resid,322,9
3542,2.mlp.16878,2,mlp,132,13
3543,9.resid.39204,9,resid,604,9
3544,2.mlp.36713,2,mlp,171,0
3545,9.resid.9360,9,resid,651,35
3546,2.mlp.39186,2,mlp,176,0
3547,9.resid.35985,9,resid,704,16
3548,2.mlp.17739,2,mlp,166,12
3549,9.resid.28077,9,resid,631,9
3550,2.mlp.28949,2,mlp,160,2
3551,9.resid.353,9,resid,589,1
3552,2.mlp.12145,2,mlp,230,0
3553,9.resid.32203,9,resid,679,10
3554,2.mlp.27995,2,mlp,176,0
3555,9.resid.39411,9,resid,638,2
3556,2.mlp.20359,2,mlp,251,0
3557,9.resid.29291,9,resid,538,2
3558,2.resid.24664,2,resid,202,5
3559,9.mlp.20985,9,mlp,292,42
3560,2.resid.3709,2,resid,164,2
3561,9.mlp.1295,9,mlp,485,0
3562,2.resid.27392,2,resid,148,3
3563,9.mlp.28448,9,mlp,496,16
3564,2.resid.32239,2,resid,63,8
3565,9.mlp.14873,9,mlp,443,748
3566,2.resid.24317,2,resid,175,7
3567,9.mlp.12007,9,mlp,545,5
3568,2.resid.29625,2,resid,246,21
3569,9.mlp.3507,9,mlp,423,8
3570,2.resid.38067,2,resid,202,12
3571,9.mlp.8353,9,mlp,534,35
3572,2.resid.30426,2,resid,112,32
3573,9.mlp.10513,9,mlp,530,18
3574,2.resid.21132,2,resid,200,3
3575,9.mlp.40042,9,mlp,369,26
3576,2.resid.4037,2,resid,204,53
3577,9.mlp.33593,9,mlp,336,10
3578,2.resid.4809,2,resid,118,22
3579,9.mlp.27468,9,mlp,450,51
3580,2.resid.11844,2,resid,158,0
3581,9.mlp.35576,9,mlp,465,10
3582,2.resid.22755,2,resid,200,0
3583,9.mlp.7980,9,mlp,490,23
3584,2.resid.6582,2,resid,224,2
3585,9.mlp.29168,9,mlp,508,16
3586,2.resid.32171,2,resid,169,14
3587,9.mlp.13098,9,mlp,445,418
3588,2.resid.16087,2,resid,91,6
3589,9.mlp.5103,9,mlp,430,8
3590,2.resid.40672,2,resid,142,8
3591,9.mlp.23544,9,mlp,633,35
3592,2.resid.40619,2,resid,169,2
3593,9.mlp.21946,9,mlp,353,11
3594,2.resid.39263,2,resid,57,2
3595,9.mlp.4040,9,mlp,428,9
3596,2.resid.25213,2,resid,163,41
3597,9.mlp.3890,9,mlp,362,22
3598,2.resid.541,2,resid,125,2
3599,9.mlp.36887,9,mlp,557,17
3600,2.resid.23796,2,resid,160,2
3601,9.mlp.5833,9,mlp,355,30
3602,2.resid.32107,2,resid,247,2
3603,9.mlp.35689,9,mlp,406,57
3604,2.resid.29140,2,resid,101,2
3605,9.mlp.7551,9,mlp,621,5
3606,2.resid.36365,2,resid,65,3
3607,9.mlp.6451,9,mlp,855,25
3608,2.resid.7673,2,resid,92,5
3609,9.mlp.28919,9,mlp,522,18
3610,2.resid.30038,2,resid,199,16
3611,9.mlp.3149,9,mlp,488,15
3612,2.resid.40113,2,resid,142,2
3613,9.mlp.2498,9,mlp,724,18
3614,3.attn.16329,3,attn,156,5
3615,9.mlp.21432,9,mlp,491,744
3616,3.attn.40113,3,attn,179,0
3617,9.attn.12487,9,attn,517,1
3618,3.attn.11039,3,attn,147,24
3619,9.attn.12331,9,attn,665,11
3620,9.attn.31746,9,attn,529,10
3621,3.attn.17119,3,attn,199,0
3622,9.attn.31342,9,attn,280,1
3623,3.attn.32534,3,attn,225,0
3624,9.attn.1264,9,attn,372,40
3625,3.attn.22658,3,attn,204,0
3626,9.attn.26793,9,attn,643,14
3627,3.attn.32169,3,attn,140,5
3628,9.attn.28912,9,attn,193,11
3629,3.attn.35645,3,attn,213,0
3630,9.attn.10695,9,attn,293,1
3631,3.attn.13573,3,attn,357,0
3632,9.attn.4231,9,attn,213,1
3633,3.attn.6934,3,attn,180,0
3634,9.attn.13822,9,attn,401,11
3635,3.attn.12672,3,attn,218,0
3636,9.attn.18880,9,attn,388,17
3637,3.attn.12750,3,attn,153,419
3638,9.attn.6708,9,attn,228,11
3639,3.attn.11385,3,attn,312,0
3640,9.attn.25486,9,attn,262,14
3641,3.attn.9496,3,attn,157,0
3642,9.attn.29690,9,attn,310,26
3643,3.attn.39730,3,attn,198,0
3644,9.attn.719,9,attn,625,18
3645,3.attn.38168,3,attn,162,0
3646,9.attn.16671,9,attn,754,14
3647,3.attn.25252,3,attn,142,0
3648,9.attn.35869,9,attn,573,16
3649,3.attn.13314,3,attn,175,0
3650,0.mlp.27329,0,mlp,10,16
3651,11.resid.7008,11,resid,636,18
3652,0.mlp.40867,0,mlp,51,420
3653,11.resid.18628,11,resid,440,15
3654,0.mlp.8483,0,mlp,18,5
3655,11.resid.14865,11,resid,250,5
3656,0.mlp.20419,0,mlp,36,422
3657,11.resid.1193,11,resid,353,27
3658,0.mlp.18150,0,mlp,39,423
3659,11.resid.34359,11,resid,519,12
3660,0.mlp.7965,0,mlp,14,424
3661,11.resid.10765,11,resid,623,32
3662,0.mlp.27189,0,mlp,7,425
3663,11.resid.27940,11,resid,459,4
3664,0.mlp.33214,0,mlp,39,426
3665,11.resid.22837,11,resid,306,5
3666,0.mlp.33790,0,mlp,9,427
3667,11.resid.14348,11,resid,249,10
3668,0.mlp.10205,0,mlp,12,428
3669,11.resid.29119,11,resid,638,2
3670,0.mlp.27961,0,mlp,12,429
3671,11.resid.32771,11,resid,440,3
3672,0.mlp.8279,0,mlp,62,2
3673,11.resid.24654,11,resid,414,35
3674,0.mlp.17701,0,mlp,12,430
3675,11.resid.40380,11,resid,218,12
3676,0.mlp.32630,0,mlp,22,431
3677,11.resid.20830,11,resid,768,34
3678,0.mlp.5171,0,mlp,10,432
3679,11.resid.6484,11,resid,487,1
3680,0.mlp.7337,0,mlp,7,433
3681,11.resid.37386,11,resid,214,4
3682,0.mlp.37714,0,mlp,27,434
3683,11.resid.19616,11,resid,630,4
3684,0.mlp.32284,0,mlp,19,2
3685,11.resid.20067,11,resid,662,32
3686,0.mlp.8786,0,mlp,10,435
3687,11.resid.39553,11,resid,508,20
3688,0.mlp.8142,0,mlp,24,436
3689,11.resid.6102,11,resid,453,4
3690,0.mlp.1316,0,mlp,53,437
3691,11.resid.36301,11,resid,532,4
3692,0.mlp.14147,0,mlp,15,438
3693,11.resid.40096,11,resid,447,11
3694,0.mlp.4877,0,mlp,33,439
3695,11.resid.39103,11,resid,370,22
3696,0.mlp.3842,0,mlp,25,440
3697,11.resid.2586,11,resid,400,4
3698,0.mlp.3034,0,mlp,11,441
3699,11.resid.35762,11,resid,582,37
3700,0.mlp.22742,0,mlp,72,7
3701,11.resid.11112,11,resid,422,54
3702,0.mlp.7413,0,mlp,13,82
3703,11.resid.38825,11,resid,514,13
3704,0.mlp.19146,0,mlp,18,442
3705,11.resid.31488,11,resid,349,4
3706,0.mlp.2269,0,mlp,5,443
3707,11.resid.1667,11,resid,361,4
3708,0.resid.26125,0,resid,43,24
3709,11.mlp.9913,11,mlp,836,1
3710,0.resid.25822,0,resid,48,444
3711,11.mlp.39066,11,mlp,544,5
3712,0.resid.6622,0,resid,27,1
3713,11.mlp.2397,11,mlp,563,13
3714,0.resid.14785,0,resid,26,31
3715,11.mlp.26282,11,mlp,399,13
3716,0.resid.13310,0,resid,61,6
3717,11.mlp.10508,11,mlp,353,77
3718,0.resid.11738,0,resid,77,81
3719,11.mlp.14027,11,mlp,574,13
3720,0.resid.31517,0,resid,31,49
3721,11.mlp.12092,11,mlp,444,37
3722,0.resid.6505,0,resid,25,37
3723,11.mlp.10819,11,mlp,351,5
3724,0.resid.23016,0,resid,23,12
3725,11.mlp.19334,11,mlp,247,24
3726,0.resid.29966,0,resid,16,445
3727,11.mlp.39113,11,mlp,326,4
3728,0.resid.1119,0,resid,35,446
3729,11.mlp.4384,11,mlp,330,4
3730,0.resid.6699,0,resid,27,447
3731,11.mlp.17337,11,mlp,250,56
3732,0.resid.4178,0,resid,22,448
3733,11.mlp.260,11,mlp,422,19
3734,0.resid.40160,0,resid,10,12
3735,11.mlp.21943,11,mlp,392,59
3736,0.resid.20544,0,resid,136,29
3737,11.mlp.4405,11,mlp,444,4
3738,0.resid.6819,0,resid,29,1
3739,11.mlp.37580,11,mlp,321,16
3740,0.resid.26869,0,resid,220,0
3741,11.mlp.33333,11,mlp,753,48
3742,0.resid.31301,0,resid,25,2
3743,11.mlp.39610,11,mlp,314,77
3744,0.resid.39163,0,resid,38,9
3745,11.mlp.15124,11,mlp,465,12
3746,0.resid.40182,0,resid,54,449
3747,11.mlp.26429,11,mlp,322,13
3748,0.resid.12650,0,resid,60,0
3749,11.mlp.38091,11,mlp,564,17
3750,0.resid.22943,0,resid,84,7
3751,11.mlp.12563,11,mlp,571,5
3752,0.resid.29665,0,resid,37,450
3753,11.mlp.5009,11,mlp,596,32
3754,0.resid.35320,0,resid,35,451
3755,11.mlp.34675,11,mlp,478,4
3756,0.resid.1744,0,resid,102,49
3757,11.mlp.29146,11,mlp,329,11
3758,0.resid.6609,0,resid,116,0
3759,11.mlp.15821,11,mlp,386,15
3760,0.resid.17997,0,resid,88,452
3761,11.mlp.11295,11,mlp,422,9
3762,0.resid.29358,0,resid,22,453
3763,11.mlp.16482,11,mlp,410,33
3764,11.attn.9241,11,attn,495,8
3765,11.attn.27443,11,attn,1050,1
3766,1.attn.7256,1,attn,62,19
3767,11.attn.24717,11,attn,441,14
3768,11.attn.20723,11,attn,599,3
3769,11.attn.18582,11,attn,363,13
3770,11.attn.2400,11,attn,301,1
3771,11.attn.27718,11,attn,567,22
3772,11.attn.34895,11,attn,315,27
3773,11.attn.25068,11,attn,670,14
3774,11.attn.13030,11,attn,581,5
3775,11.attn.19627,11,attn,170,44
3776,11.attn.26385,11,attn,693,17
3777,11.attn.29586,11,attn,435,11
3778,1.attn.24367,1,attn,68,15
3779,11.attn.10015,11,attn,147,11
3780,11.attn.16279,11,attn,575,14
3781,1.attn.20855,1,attn,90,14
3782,11.attn.17052,11,attn,135,25
3783,1.attn.18861,1,attn,106,11
3784,11.attn.18425,11,attn,316,1
3785,11.attn.10133,11,attn,360,1
3786,11.attn.5399,11,attn,282,56
3787,11.attn.27337,11,attn,839,44
3788,11.attn.31786,11,attn,660,20
3789,11.attn.7252,11,attn,472,11
3790,1.attn.2217,1,attn,93,28
3791,11.attn.35052,11,attn,812,13
3792,11.attn.20311,11,attn,133,22
3793,11.attn.7016,11,attn,502,1
3794,1.attn.17708,1,attn,60,6
3795,11.attn.7319,11,attn,450,17
3796,11.attn.1179,11,attn,380,43
3797,1.mlp.36895,1,mlp,91,6
3798,10.resid.29235,10,resid,452,5
3799,1.mlp.4355,1,mlp,86,30
3800,10.resid.15285,10,resid,690,20
3801,1.mlp.27504,1,mlp,105,70
3802,10.resid.11335,10,resid,621,10
3803,1.mlp.10848,1,mlp,63,455
3804,10.resid.3214,10,resid,524,5
3805,1.mlp.858,1,mlp,91,3
3806,10.resid.31442,10,resid,379,16
3807,1.mlp.38837,1,mlp,103,53
3808,10.resid.22306,10,resid,509,6
3809,1.mlp.7679,1,mlp,258,2
3810,10.resid.28400,10,resid,709,2
3811,1.mlp.1565,1,mlp,246,3
3812,10.resid.40723,10,resid,608,25
3813,1.mlp.16823,1,mlp,181,3
3814,10.resid.6843,10,resid,614,40
3815,1.mlp.16507,1,mlp,177,3
3816,10.resid.39739,10,resid,560,23
3817,1.mlp.26679,1,mlp,66,13
3818,10.resid.23333,10,resid,258,46
3819,1.mlp.1703,1,mlp,119,16
3820,10.resid.16338,10,resid,626,29
3821,1.mlp.23013,1,mlp,236,2
3822,10.resid.25884,10,resid,748,8
3823,1.mlp.28675,1,mlp,201,2
3824,10.resid.40900,10,resid,650,9
3825,1.mlp.28619,1,mlp,94,37
3826,10.resid.18242,10,resid,610,10
3827,1.mlp.9253,1,mlp,151,10
3828,10.resid.37104,10,resid,630,0
3829,1.mlp.21322,1,mlp,108,28
3830,10.resid.37849,10,resid,615,1
3831,1.mlp.26308,1,mlp,89,2
3832,10.resid.7292,10,resid,602,30
3833,1.mlp.6365,1,mlp,117,2
3834,10.resid.29892,10,resid,371,1
3835,1.mlp.15346,1,mlp,170,9
3836,10.resid.23146,10,resid,292,18
3837,1.mlp.38457,1,mlp,232,7
3838,10.resid.38306,10,resid,470,5
3839,1.mlp.14500,1,mlp,163,2
3840,10.resid.3240,10,resid,483,44
3841,1.mlp.10157,1,mlp,155,15
3842,10.resid.5693,10,resid,826,16
3843,1.mlp.28554,1,mlp,93,0
3844,10.resid.19387,10,resid,344,66
3845,1.mlp.19063,1,mlp,138,41
3846,10.resid.12562,10,resid,623,20
3847,1.mlp.1779,1,mlp,180,2
3848,10.resid.39165,10,resid,669,11
3849,1.mlp.28440,1,mlp,57,49
3850,10.resid.30825,10,resid,420,19
3851,1.mlp.17915,1,mlp,137,29
3852,10.resid.3744,10,resid,552,12
3853,1.resid.31886,1,resid,115,8
3854,10.mlp.8720,10,mlp,507,15
3855,1.resid.29324,1,resid,143,19
3856,10.mlp.20700,10,mlp,415,13
3857,1.resid.38792,1,resid,185,3
3858,10.mlp.38154,10,mlp,628,11
3859,1.resid.20458,1,resid,46,31
3860,10.mlp.16861,10,mlp,465,8
3861,1.resid.29578,1,resid,109,29
3862,10.mlp.18768,10,mlp,522,23
3863,1.resid.20219,1,resid,53,8
3864,10.mlp.26066,10,mlp,654,2
3865,1.resid.9633,1,resid,99,9
3866,10.mlp.17726,10,mlp,503,1
3867,1.resid.32126,1,resid,73,10
3868,10.mlp.5340,10,mlp,481,21
3869,1.resid.8095,1,resid,76,7
3870,10.mlp.29750,10,mlp,381,36
3871,1.resid.40640,1,resid,80,24
3872,10.mlp.16102,10,mlp,334,18
3873,1.resid.24282,1,resid,120,38
3874,10.mlp.23169,10,mlp,592,11
3875,1.resid.8888,1,resid,130,14
3876,10.mlp.33794,10,mlp,632,25
3877,1.resid.16680,1,resid,154,49
3878,10.mlp.2064,10,mlp,514,2
3879,1.resid.451,1,resid,125,24
3880,10.mlp.16863,10,mlp,447,13
3881,1.resid.3175,1,resid,48,456
3882,10.mlp.23216,10,mlp,365,13
3883,1.resid.38836,1,resid,74,457
3884,10.mlp.36147,10,mlp,249,10
3885,1.resid.40714,1,resid,87,35
3886,10.mlp.3141,10,mlp,389,22
3887,1.resid.18145,1,resid,151,0
3888,10.mlp.30090,10,mlp,418,9
3889,1.resid.36345,1,resid,182,7
3890,10.mlp.16827,10,mlp,360,100
3891,1.resid.2986,1,resid,43,7
3892,10.mlp.11519,10,mlp,487,10
3893,1.resid.33580,1,resid,103,15
3894,10.mlp.6800,10,mlp,628,175
3895,1.resid.34090,1,resid,80,31
3896,10.mlp.28052,10,mlp,443,459
3897,1.resid.40905,1,resid,95,16
3898,10.mlp.10566,10,mlp,425,42
3899,1.resid.9292,1,resid,120,31
3900,10.mlp.774,10,mlp,363,49
3901,1.resid.22946,1,resid,153,50
3902,10.mlp.40539,10,mlp,387,11
3903,1.resid.1043,1,resid,74,6
3904,10.mlp.9622,10,mlp,528,71
3905,1.resid.33212,1,resid,121,7
3906,10.mlp.33165,10,mlp,619,76
3907,1.resid.31163,1,resid,93,28
3908,10.mlp.32572,10,mlp,618,57
3909,1.resid.12243,1,resid,134,8
3910,10.mlp.9528,10,mlp,510,8
3911,10.attn.30908,10,attn,686,35
3912,10.attn.19668,10,attn,566,9
3913,2.attn.6837,2,attn,103,20
3914,10.attn.25178,10,attn,377,1
3915,10.attn.24673,10,attn,422,11
3916,2.attn.30938,2,attn,104,11
3917,10.attn.1880,10,attn,269,28
3918,2.attn.37565,2,attn,114,0
3919,10.attn.25143,10,attn,340,1
3920,10.attn.25728,10,attn,213,1
3921,2.attn.11443,2,attn,128,13
3922,10.attn.34094,10,attn,527,1
3923,2.attn.8230,2,attn,174,6
3924,2.attn.6464,2,attn,203,8
3925,10.attn.14044,10,attn,711,3
3926,2.attn.9193,2,attn,257,0
3927,10.attn.2689,10,attn,606,10
3928,10.attn.4851,10,attn,487,1
3929,2.attn.25624,2,attn,97,0
3930,10.attn.39928,10,attn,480,14
3931,2.attn.10202,2,attn,48,21
3932,10.attn.18220,10,attn,323,30
3933,2.attn.20239,2,attn,73,3
3934,10.attn.28019,10,attn,297,1
3935,10.attn.21131,10,attn,484,14
3936,2.attn.8035,2,attn,141,29
3937,10.attn.38274,10,attn,1200,0
3938,2.attn.9281,2,attn,153,0
3939,10.attn.6974,10,attn,549,1
3940,10.attn.27185,10,attn,424,1
3941,10.attn.38252,10,attn,901,0
3942,2.attn.21112,2,attn,96,6
3943,10.attn.34581,10,attn,302,14
3944,10.attn.36670,10,attn,1177,0
3945,10.attn.24880,10,attn,374,1
3946,10.attn.11697,10,attn,191,1
3947,2.attn.11778,2,attn,86,458
3948,10.attn.11705,10,attn,261,1
3949,2.attn.16369,2,attn,124,0
3950,10.attn.12619,10,attn,506,13
3951,10.attn.35915,10,attn,587,32
3952,2.mlp.12645,2,mlp,126,55
3953,9.resid.19171,9,resid,487,23
3954,2.mlp.8404,2,mlp,189,0
3955,9.resid.8932,9,resid,423,46
3956,2.mlp.23215,2,mlp,164,20
3957,9.resid.11677,9,resid,500,13
3958,2.mlp.6475,2,mlp,187,2
3959,9.resid.4044,9,resid,575,13
3960,2.mlp.12568,2,mlp,88,3
3961,9.resid.14838,9,resid,592,8
3962,2.mlp.18801,2,mlp,175,12
3963,9.resid.3907,9,resid,409,2
3964,2.mlp.26556,2,mlp,173,2
3965,9.resid.36448,9,resid,274,16
3966,2.mlp.16205,2,mlp,116,0
3967,9.resid.20784,9,resid,558,0
3968,2.mlp.4180,2,mlp,108,2
3969,9.resid.37380,9,resid,651,35
3970,2.mlp.31812,2,mlp,145,3
3971,9.resid.2723,9,resid,710,17
3972,2.mlp.15458,2,mlp,267,2
3973,9.resid.29864,9,resid,478,15
3974,2.mlp.4269,2,mlp,239,12
3975,9.resid.21835,9,resid,528,13
3976,2.mlp.20286,2,mlp,170,6
3977,9.resid.24834,9,resid,662,34
3978,2.mlp.4757,2,mlp,207,6
3979,9.resid.2753,9,resid,699,3
3980,2.mlp.29720,2,mlp,154,7
3981,9.resid.1482,9,resid,732,1
3982,2.mlp.25220,2,mlp,112,31
3983,9.resid.32343,9,resid,674,23
3984,2.mlp.32232,2,mlp,280,3
3985,9.resid.17183,9,resid,549,2
3986,2.mlp.11500,2,mlp,188,2
3987,9.resid.6464,9,resid,500,20
3988,2.mlp.23158,2,mlp,179,26
3989,9.resid.33670,9,resid,580,37
3990,2.mlp.28246,2,mlp,154,20
3991,9.resid.17768,9,resid,430,5
3992,2.mlp.40773,2,mlp,107,25
3993,9.resid.13945,9,resid,305,22
3994,2.mlp.19313,2,mlp,347,0
3995,9.resid.9093,9,resid,642,16
3996,2.mlp.33001,2,mlp,256,40
3997,9.resid.16961,9,resid,735,33
3998,2.mlp.28806,2,mlp,155,9
3999,9.resid.30928,9,resid,676,38
4000,2.mlp.33431,2,mlp,203,38
4001,9.resid.26693,9,resid,482,300
4002,2.mlp.39387,2,mlp,160,5
4003,9.resid.5371,9,resid,666,5
4004,2.mlp.35302,2,mlp,119,10
4005,9.resid.10542,9,resid,303,20
4006,2.mlp.21288,2,mlp,148,19
4007,9.resid.40100,9,resid,443,8
4008,2.resid.26715,2,resid,125,31
4009,9.mlp.7518,9,mlp,401,19
4010,2.resid.36684,2,resid,156,6
4011,9.mlp.14984,9,mlp,684,0
4012,2.resid.14986,2,resid,202,21
4013,9.mlp.8127,9,mlp,700,5
4014,2.resid.5570,2,resid,100,2
4015,9.mlp.13444,9,mlp,529,15
4016,2.resid.39302,2,resid,108,2
4017,9.mlp.29531,9,mlp,509,10
4018,2.resid.26986,2,resid,107,2
4019,9.mlp.4907,9,mlp,547,304
4020,2.resid.40710,2,resid,137,2
4021,9.mlp.10936,9,mlp,466,3
4022,2.resid.32546,2,resid,236,2
4023,9.mlp.15286,9,mlp,704,15
4024,2.resid.24298,2,resid,114,0
4025,9.mlp.32082,9,mlp,444,30
4026,2.resid.40211,2,resid,181,6
4027,9.mlp.6845,9,mlp,637,0
4028,2.resid.2121,2,resid,169,45
4029,9.mlp.4188,9,mlp,556,51
4030,2.resid.13672,2,resid,141,28
4031,9.mlp.29797,9,mlp,328,22
4032,2.resid.6002,2,resid,102,8
4033,9.mlp.12259,9,mlp,365,18
4034,2.resid.31658,2,resid,197,0
4035,9.mlp.21701,9,mlp,657,21
4036,2.resid.17718,2,resid,116,2
4037,9.mlp.38374,9,mlp,497,20
4038,2.resid.13191,2,resid,246,3
4039,9.mlp.16423,9,mlp,461,26
4040,2.resid.25185,2,resid,245,0
4041,9.mlp.36310,9,mlp,515,22
4042,2.resid.22009,2,resid,269,30
4043,9.mlp.10663,9,mlp,412,16
4044,2.resid.38759,2,resid,237,28
4045,9.mlp.13390,9,mlp,480,41
4046,2.resid.15897,2,resid,229,46
4047,9.mlp.20314,9,mlp,428,5
4048,2.resid.10267,2,resid,130,9
4049,9.mlp.23883,9,mlp,595,8
4050,2.resid.27234,2,resid,199,6
4051,9.mlp.28333,9,mlp,594,649
4052,2.resid.20343,2,resid,189,38
4053,9.mlp.6562,9,mlp,221,6
4054,2.resid.10808,2,resid,101,29
4055,9.mlp.30615,9,mlp,471,5
4056,2.resid.30879,2,resid,210,45
4057,9.mlp.2590,9,mlp,634,52
4058,2.resid.14616,2,resid,181,6
4059,9.mlp.18523,9,mlp,456,20
4060,2.resid.3746,2,resid,146,9
4061,9.mlp.9044,9,mlp,515,65
4062,2.resid.27397,2,resid,203,16
4063,9.mlp.13014,9,mlp,174,9
4064,2.resid.22654,2,resid,185,2
4065,9.mlp.38283,9,mlp,544,8
4066,3.attn.23537,3,attn,129,2
4067,9.attn.40793,9,attn,380,1
4068,3.attn.38120,3,attn,197,0
4069,9.attn.8419,9,attn,240,14
4070,3.attn.40870,3,attn,192,0
4071,9.attn.18398,9,attn,628,13
4072,3.attn.31075,3,attn,133,1
4073,9.attn.1396,9,attn,726,29
4074,3.attn.32859,3,attn,170,0
4075,9.attn.17445,9,attn,575,1
4076,3.attn.1187,3,attn,222,0
4077,9.attn.6977,9,attn,510,14
4078,3.attn.23159,3,attn,156,0
4079,9.attn.10998,9,attn,456,22
4080,9.attn.9574,9,attn,582,1
4081,3.attn.18614,3,attn,216,0
4082,9.attn.7479,9,attn,425,1
4083,3.attn.5505,3,attn,150,0
4084,9.attn.8863,9,attn,652,1
4085,3.attn.29009,3,attn,161,0
4086,9.attn.9845,9,attn,330,11
4087,3.attn.28134,3,attn,128,0
4088,9.attn.5917,9,attn,229,27
4089,3.attn.35723,3,attn,215,0
4090,9.attn.40844,9,attn,759,40
4091,3.attn.24436,3,attn,197,0
4092,9.attn.830,9,attn,215,1
4093,3.attn.11307,3,attn,101,10
4094,9.attn.36345,9,attn,721,10
4095,3.attn.20195,3,attn,160,2
4096,9.attn.20584,9,attn,349,1
4097,3.attn.28619,3,attn,205,5
4098,9.attn.14825,9,attn,376,743
4099,3.attn.27058,3,attn,169,0
4100,9.attn.2281,9,attn,249,14
4101,3.attn.20322,3,attn,421,0
4102,9.attn.33027,9,attn,385,47
4103,9.attn.10501,9,attn,262,13
4104,3.attn.6315,3,attn,163,3
4105,9.attn.20814,9,attn,511,18
4106,3.attn.35619,3,attn,156,5
4107,9.attn.11054,9,attn,414,7
4108,3.attn.3485,3,attn,210,17
4109,9.attn.23885,9,attn,798,12
4110,11.resid.11848,11,resid,559,15
4111,0.mlp.36356,0,mlp,30,20
4112,11.resid.30283,11,resid,384,18
4113,0.mlp.23193,0,mlp,31,461
4114,11.resid.3513,11,resid,565,11
4115,0.mlp.35195,0,mlp,21,462
4116,11.resid.40292,11,resid,715,4
4117,0.mlp.2,0,mlp,20,463
4118,11.resid.13547,11,resid,340,21
4119,0.mlp.5000,0,mlp,12,464
4120,11.resid.8143,11,resid,378,4
4121,0.mlp.27584,0,mlp,20,465
4122,11.resid.9401,11,resid,448,10
4123,0.mlp.24726,0,mlp,16,28
4124,11.resid.18584,11,resid,572,18
4125,0.mlp.7964,0,mlp,21,466
4126,11.resid.29973,11,resid,803,40
4127,0.mlp.27907,0,mlp,29,7
4128,11.resid.24075,11,resid,719,11
4129,0.mlp.11637,0,mlp,15,467
4130,11.resid.12468,11,resid,242,4
4131,0.mlp.7357,0,mlp,22,468
4132,11.resid.10549,11,resid,574,5
4133,0.mlp.1788,0,mlp,26,2
4134,11.resid.40608,11,resid,519,4
4135,0.mlp.23592,0,mlp,23,7
4136,11.resid.11333,11,resid,408,4
4137,0.mlp.16182,0,mlp,13,469
4138,11.resid.24826,11,resid,489,4
4139,0.mlp.251,0,mlp,14,470
4140,11.resid.3395,11,resid,525,12
4141,0.mlp.34052,0,mlp,5,471
4142,11.resid.14311,11,resid,797,5
4143,0.mlp.9455,0,mlp,16,8
4144,11.resid.24566,11,resid,426,7
4145,0.mlp.19192,0,mlp,22,472
4146,11.resid.13433,11,resid,632,7
4147,0.mlp.8621,0,mlp,19,473
4148,11.resid.17958,11,resid,281,4
4149,0.mlp.18331,0,mlp,42,474
4150,11.resid.16052,11,resid,717,4
4151,0.mlp.5994,0,mlp,21,475
4152,11.resid.9865,11,resid,445,4
4153,0.mlp.1030,0,mlp,7,476
4154,11.resid.37335,11,resid,575,9
4155,0.mlp.21040,0,mlp,48,477
4156,11.resid.28140,11,resid,612,21
4157,0.mlp.11343,0,mlp,23,5
4158,11.resid.5021,11,resid,556,4
4159,0.mlp.13516,0,mlp,25,478
4160,11.resid.14880,11,resid,748,4
4161,0.mlp.29144,0,mlp,38,479
4162,11.resid.13026,11,resid,407,4
4163,0.mlp.40655,0,mlp,11,480
4164,11.resid.37750,11,resid,223,4
4165,0.mlp.12823,0,mlp,7,481
4166,11.resid.36128,11,resid,565,4
4167,0.resid.8895,0,resid,29,45
4168,11.mlp.34552,11,mlp,429,18
4169,0.resid.15211,0,resid,43,482
4170,11.mlp.466,11,mlp,472,12
4171,0.resid.8392,0,resid,151,3
4172,11.mlp.22278,11,mlp,349,20
4173,0.resid.20015,0,resid,66,19
4174,11.mlp.24503,11,mlp,344,27
4175,0.resid.36168,0,resid,29,9
4176,11.mlp.19238,11,mlp,706,15
4177,0.resid.5127,0,resid,24,483
4178,11.mlp.9630,11,mlp,551,3
4179,0.resid.12074,0,resid,29,2
4180,11.mlp.18905,11,mlp,482,4
4181,0.resid.38675,0,resid,17,484
4182,11.mlp.3807,11,mlp,438,19
4183,0.resid.21030,0,resid,50,2
4184,11.mlp.28769,11,mlp,553,27
4185,0.resid.32187,0,resid,117,7
4186,11.mlp.7027,11,mlp,369,23
4187,0.resid.35011,0,resid,39,485
4188,11.mlp.28654,11,mlp,587,19
4189,0.resid.5120,0,resid,59,6
4190,11.mlp.26964,11,mlp,611,9
4191,0.resid.36150,0,resid,11,4
4192,11.mlp.26534,11,mlp,351,13
4193,0.resid.28447,0,resid,21,9
4194,11.mlp.35174,11,mlp,524,9
4195,0.resid.17352,0,resid,28,486
4196,11.mlp.21834,11,mlp,221,35
4197,0.resid.25846,0,resid,123,25
4198,11.mlp.20904,11,mlp,472,19
4199,0.resid.33292,0,resid,23,5
4200,11.mlp.34318,11,mlp,234,16
4201,0.resid.30957,0,resid,19,487
4202,11.mlp.35295,11,mlp,666,30
4203,0.resid.1264,0,resid,16,488
4204,11.mlp.2383,11,mlp,428,25
4205,0.resid.27990,0,resid,13,489
4206,11.mlp.38696,11,mlp,450,26
4207,0.resid.30757,0,resid,18,3
4208,11.mlp.36045,11,mlp,750,21
4209,0.resid.4060,0,resid,16,490
4210,11.mlp.24211,11,mlp,536,8
4211,0.resid.12668,0,resid,21,491
4212,11.mlp.36112,11,mlp,635,34
4213,0.resid.31500,0,resid,21,492
4214,11.mlp.1596,11,mlp,616,1
4215,0.resid.10328,0,resid,120,3
4216,11.mlp.26834,11,mlp,297,23
4217,0.resid.3187,0,resid,29,493
4218,11.mlp.30567,11,mlp,303,4
4219,0.resid.33618,0,resid,6,494
4220,11.mlp.22722,11,mlp,607,49
4221,0.resid.33814,0,resid,20,495
4222,11.mlp.4750,11,mlp,543,7
4223,11.attn.12618,11,attn,377,1
4224,1.attn.40006,1,attn,61,3
4225,11.attn.20200,11,attn,373,11
4226,1.attn.13436,1,attn,112,6
4227,11.attn.32910,11,attn,293,1
4228,1.attn.34422,1,attn,65,0
4229,11.attn.32630,11,attn,256,56
4230,11.attn.36023,11,attn,197,27
4231,11.attn.11559,11,attn,416,1
4232,11.attn.19144,11,attn,254,10
4233,1.attn.20652,1,attn,143,7
4234,11.attn.5162,11,attn,266,1
4235,11.attn.36714,11,attn,704,49
4236,11.attn.39967,11,attn,863,14
4237,1.attn.33266,1,attn,48,60
4238,11.attn.36572,11,attn,385,12
4239,11.attn.30364,11,attn,367,11
4240,11.attn.33618,11,attn,321,22
4241,11.attn.13967,11,attn,665,26
4242,11.attn.27766,11,attn,813,14
4243,11.attn.20484,11,attn,328,1
4244,11.attn.5842,11,attn,325,27
4245,11.attn.19950,11,attn,420,18
4246,1.attn.37386,1,attn,132,41
4247,11.attn.22077,11,attn,513,11
4248,11.attn.2940,11,attn,347,11
4249,11.attn.34354,11,attn,553,13
4250,11.attn.13375,11,attn,623,5
4251,1.attn.23931,1,attn,69,1
4252,11.attn.11996,11,attn,424,98
4253,11.attn.34394,11,attn,390,1
4254,1.attn.30449,1,attn,128,15
4255,11.attn.34099,11,attn,383,1
4256,11.attn.11906,11,attn,284,11
4257,11.attn.15593,11,attn,295,56
4258,1.mlp.13499,1,mlp,96,59
4259,10.resid.1753,10,resid,639,5
4260,1.mlp.37928,1,mlp,270,2
4261,10.resid.3707,10,resid,609,15
4262,1.mlp.10912,1,mlp,103,3
4263,10.resid.23683,10,resid,287,30
4264,1.mlp.26631,1,mlp,224,2
4265,10.resid.29592,10,resid,412,5
4266,1.mlp.32344,1,mlp,92,5
4267,10.resid.26830,10,resid,767,496
4268,1.mlp.39036,1,mlp,146,6
4269,10.resid.39351,10,resid,618,1
4270,1.mlp.22130,1,mlp,82,2
4271,10.resid.34709,10,resid,375,18
4272,1.mlp.23126,1,mlp,92,8
4273,10.resid.10423,10,resid,478,15
4274,1.mlp.20608,1,mlp,86,0
4275,10.resid.12208,10,resid,615,11
4276,1.mlp.28030,1,mlp,150,7
4277,10.resid.39458,10,resid,662,25
4278,1.mlp.38812,1,mlp,206,0
4279,10.resid.40583,10,resid,757,35
4280,1.mlp.21751,1,mlp,276,21
4281,10.resid.34222,10,resid,591,1
4282,1.mlp.22623,1,mlp,113,2
4283,10.resid.5080,10,resid,819,1
4284,1.mlp.3631,1,mlp,188,28
4285,10.resid.28162,10,resid,441,22
4286,1.mlp.20285,1,mlp,132,53
4287,10.resid.8458,10,resid,520,13
4288,1.mlp.17805,1,mlp,70,49
4289,10.resid.4613,10,resid,926,33
4290,1.mlp.9693,1,mlp,185,2
4291,10.resid.17005,10,resid,660,40
4292,1.mlp.24308,1,mlp,171,2
4293,10.resid.39884,10,resid,581,43
4294,1.mlp.24137,1,mlp,78,25
4295,10.resid.14859,10,resid,664,15
4296,1.mlp.18579,1,mlp,128,6
4297,10.resid.18516,10,resid,436,18
4298,1.mlp.12084,1,mlp,140,23
4299,10.resid.26187,10,resid,630,44
4300,1.mlp.14238,1,mlp,146,26
4301,10.resid.38311,10,resid,431,66
4302,1.mlp.7102,1,mlp,192,8
4303,10.resid.39507,10,resid,610,23
4304,1.mlp.12601,1,mlp,136,2
4305,10.resid.30575,10,resid,405,21
4306,1.mlp.25126,1,mlp,141,7
4307,10.resid.14686,10,resid,879,13
4308,1.mlp.12740,1,mlp,117,7
4309,10.resid.38573,10,resid,731,13
4310,1.mlp.25286,1,mlp,116,7
4311,10.resid.32657,10,resid,688,2
4312,1.mlp.10857,1,mlp,97,7
4313,10.resid.18797,10,resid,712,18
4314,1.resid.40959,1,resid,130,7
4315,10.mlp.34200,10,mlp,715,13
4316,1.resid.39639,1,resid,121,4
4317,10.mlp.30299,10,mlp,361,65
4318,1.resid.17027,1,resid,223,32
4319,10.mlp.38201,10,mlp,597,9
4320,1.resid.3779,1,resid,187,48
4321,10.mlp.17919,10,mlp,670,30
4322,1.resid.28753,1,resid,62,7
4323,10.mlp.33407,10,mlp,501,3
4324,1.resid.28364,1,resid,135,497
4325,10.mlp.11417,10,mlp,540,5
4326,1.resid.14253,1,resid,165,0
4327,10.mlp.12647,10,mlp,344,18
4328,1.resid.27715,1,resid,82,22
4329,10.mlp.16753,10,mlp,372,13
4330,1.resid.30367,1,resid,58,3
4331,10.mlp.4091,10,mlp,666,44
4332,1.resid.9185,1,resid,162,39
4333,10.mlp.6617,10,mlp,409,85
4334,1.resid.30981,1,resid,62,17
4335,10.mlp.7028,10,mlp,339,13
4336,1.resid.12323,1,resid,92,8
4337,10.mlp.5089,10,mlp,387,26
4338,1.resid.31084,1,resid,159,2
4339,10.mlp.10362,10,mlp,436,33
4340,1.resid.19685,1,resid,18,498
4341,10.mlp.10699,10,mlp,360,46
4342,1.resid.39222,1,resid,115,5
4343,10.mlp.20326,10,mlp,553,18
4344,1.resid.28698,1,resid,117,7
4345,10.mlp.19841,10,mlp,392,46
4346,1.resid.15725,1,resid,82,2
4347,10.mlp.30686,10,mlp,351,9
4348,1.resid.36683,1,resid,91,17
4349,10.mlp.419,10,mlp,609,32
4350,1.resid.24190,1,resid,70,3
4351,10.mlp.11854,10,mlp,397,54
4352,1.resid.11122,1,resid,126,6
4353,10.mlp.29794,10,mlp,279,741
4354,1.resid.27255,1,resid,31,75
4355,10.mlp.34108,10,mlp,646,20
4356,1.resid.22765,1,resid,88,24
4357,10.mlp.17749,10,mlp,535,15
4358,1.resid.7630,1,resid,99,18
4359,10.mlp.21361,10,mlp,538,24
4360,1.resid.35442,1,resid,91,33
4361,10.mlp.2447,10,mlp,642,16
4362,1.resid.1722,1,resid,134,2
4363,10.mlp.22471,10,mlp,556,5
4364,1.resid.1851,1,resid,114,6
4365,10.mlp.26978,10,mlp,536,20
4366,1.resid.10564,1,resid,72,5
4367,10.mlp.5829,10,mlp,466,755
4368,1.resid.23771,1,resid,67,8
4369,10.mlp.5987,10,mlp,441,16
4370,10.mlp.27388,10,mlp,231,9
4371,2.attn.21063,2,attn,256,0
4372,10.attn.25246,10,attn,473,11
4373,10.attn.28352,10,attn,872,1
4374,2.attn.16321,2,attn,151,0
4375,2.attn.14210,2,attn,162,0
4376,10.attn.27725,10,attn,965,1
4377,2.attn.5712,2,attn,100,41
4378,10.attn.9144,10,attn,453,7
4379,10.attn.26851,10,attn,283,34
4380,2.attn.28364,2,attn,222,2
4381,10.attn.40350,10,attn,1049,1
4382,2.attn.39045,2,attn,214,2
4383,10.attn.38664,10,attn,574,11
4384,2.attn.18822,2,attn,91,17
4385,10.attn.38380,10,attn,554,13
4386,2.attn.32033,2,attn,105,53
4387,10.attn.17456,10,attn,316,1
4388,2.attn.17508,2,attn,64,499
4389,2.attn.26492,2,attn,188,0
4390,10.attn.5654,10,attn,626,14
4391,10.attn.19104,10,attn,325,18
4392,2.attn.20259,2,attn,98,18
4393,10.attn.14015,10,attn,509,1
4394,2.attn.37127,2,attn,98,29
4395,10.attn.32975,10,attn,842,18
4396,2.attn.632,2,attn,116,7
4397,10.attn.14145,10,attn,191,1
4398,2.attn.5265,2,attn,126,0
4399,10.attn.14188,10,attn,302,1
4400,10.attn.4120,10,attn,278,11
4401,2.attn.20962,2,attn,149,30
4402,10.attn.24596,10,attn,440,1
4403,10.attn.29079,10,attn,258,1
4404,2.attn.9453,2,attn,152,30
4405,10.attn.32090,10,attn,223,9
4406,2.attn.11927,2,attn,322,0
4407,10.attn.39376,10,attn,404,13
4408,2.attn.19587,2,attn,115,12
4409,10.attn.34249,10,attn,147,34
4410,2.attn.25484,2,attn,116,16
4411,10.attn.18317,10,attn,279,14
4412,2.attn.35501,2,attn,165,0
4413,10.attn.34089,10,attn,200,27
4414,2.attn.10098,2,attn,115,0
4415,10.attn.7206,10,attn,796,105
4416,10.attn.26192,10,attn,200,1
4417,10.attn.8780,10,attn,281,1
4418,2.mlp.33844,2,mlp,235,6
4419,9.resid.40186,9,resid,598,15
4420,2.mlp.14362,2,mlp,212,52
4421,9.resid.12271,9,resid,758,33
4422,2.mlp.1233,2,mlp,100,2
4423,9.resid.10798,9,resid,818,28
4424,2.mlp.33441,2,mlp,209,10
4425,9.resid.19989,9,resid,416,23
4426,2.mlp.899,2,mlp,205,48
4427,9.resid.38255,9,resid,686,5
4428,2.mlp.12249,2,mlp,206,8
4429,9.resid.17442,9,resid,573,34
4430,2.mlp.11357,2,mlp,115,0
4431,9.resid.691,9,resid,857,1
4432,2.mlp.13300,2,mlp,228,0
4433,9.resid.11398,9,resid,439,20
4434,2.mlp.33674,2,mlp,228,29
4435,9.resid.33351,9,resid,747,23
4436,2.mlp.31338,2,mlp,220,8
4437,9.resid.17530,9,resid,421,65
4438,2.mlp.34509,2,mlp,113,18
4439,9.resid.15172,9,resid,540,13
4440,2.mlp.15655,2,mlp,220,38
4441,9.resid.26764,9,resid,593,1
4442,2.mlp.33718,2,mlp,127,2
4443,9.resid.29479,9,resid,397,20
4444,2.mlp.31147,2,mlp,249,19
4445,9.resid.32528,9,resid,514,5
4446,2.mlp.1173,2,mlp,140,13
4447,9.resid.13768,9,resid,532,17
4448,2.mlp.40766,2,mlp,126,6
4449,9.resid.29953,9,resid,412,25
4450,2.mlp.2570,2,mlp,271,19
4451,9.resid.38315,9,resid,395,5
4452,2.mlp.171,2,mlp,155,20
4453,9.resid.16089,9,resid,636,30
4454,2.mlp.36638,2,mlp,117,6
4455,9.resid.33123,9,resid,539,2
4456,2.mlp.33868,2,mlp,284,10
4457,9.resid.33048,9,resid,550,19
4458,2.mlp.34789,2,mlp,216,0
4459,9.resid.3953,9,resid,630,19
4460,2.mlp.27925,2,mlp,221,6
4461,9.resid.23472,9,resid,557,30
4462,2.mlp.32193,2,mlp,177,19
4463,9.resid.26597,9,resid,628,29
4464,2.mlp.26365,2,mlp,168,3
4465,9.resid.13808,9,resid,255,8
4466,2.mlp.37861,2,mlp,325,33
4467,9.resid.8706,9,resid,340,24
4468,2.mlp.18546,2,mlp,259,28
4469,9.resid.36119,9,resid,611,13
4470,2.mlp.1664,2,mlp,326,2
4471,9.resid.3578,9,resid,606,9
4472,2.mlp.8649,2,mlp,268,3
4473,9.resid.392,9,resid,788,1
4474,2.resid.33546,2,resid,126,7
4475,9.mlp.30610,9,mlp,378,15
4476,2.resid.3389,2,resid,166,48
4477,9.mlp.20620,9,mlp,317,5
4478,2.resid.15019,2,resid,112,42
4479,9.mlp.17435,9,mlp,495,42
4480,2.resid.27783,2,resid,89,2
4481,9.mlp.17984,9,mlp,508,25
4482,2.resid.33322,2,resid,72,16
4483,9.mlp.5397,9,mlp,403,10
4484,2.resid.32993,2,resid,101,3
4485,9.mlp.26730,9,mlp,311,32
4486,2.resid.1358,2,resid,100,28
4487,9.mlp.17733,9,mlp,593,33
4488,2.resid.17383,2,resid,249,0
4489,9.mlp.33236,9,mlp,690,19
4490,2.resid.28986,2,resid,89,2
4491,9.mlp.34613,9,mlp,459,5
4492,2.resid.10630,2,resid,182,9
4493,9.mlp.3158,9,mlp,405,5
4494,2.resid.32159,2,resid,106,7
4495,9.mlp.5693,9,mlp,438,15
4496,2.resid.11545,2,resid,107,6
4497,9.mlp.31365,9,mlp,542,11
4498,2.resid.5818,2,resid,145,3
4499,9.mlp.7826,9,mlp,374,751
4500,2.resid.33645,2,resid,95,21
4501,9.mlp.32126,9,mlp,506,5
4502,2.resid.10208,2,resid,219,2
4503,9.mlp.4490,9,mlp,512,23
4504,2.resid.29234,2,resid,196,0
4505,9.mlp.15397,9,mlp,745,15
4506,2.resid.23742,2,resid,199,18
4507,9.mlp.24987,9,mlp,554,20
4508,2.resid.30122,2,resid,84,2
4509,9.mlp.28981,9,mlp,471,10
4510,2.resid.33782,2,resid,177,2
4511,9.mlp.982,9,mlp,427,15
4512,2.resid.32526,2,resid,241,7
4513,9.mlp.28938,9,mlp,528,41
4514,2.resid.32655,2,resid,172,58
4515,9.mlp.27176,9,mlp,235,5
4516,2.resid.38209,2,resid,171,3
4517,9.mlp.37938,9,mlp,515,9
4518,2.resid.37158,2,resid,108,501
4519,9.mlp.21834,9,mlp,654,0
4520,2.resid.8378,2,resid,153,0
4521,9.mlp.27768,9,mlp,685,9
4522,2.resid.24305,2,resid,179,31
4523,9.mlp.57,9,mlp,452,2
4524,2.resid.10947,2,resid,147,12
4525,9.mlp.26691,9,mlp,560,1
4526,2.resid.24538,2,resid,99,2
4527,9.mlp.13529,9,mlp,470,10
4528,2.resid.26314,2,resid,111,2
4529,9.mlp.1964,9,mlp,363,19
4530,2.resid.25819,2,resid,262,3
4531,9.mlp.29847,9,mlp,446,29
4532,3.attn.33343,3,attn,155,0
4533,9.attn.27908,9,attn,435,11
4534,9.attn.18894,9,attn,403,24
4535,3.attn.6802,3,attn,120,0
4536,9.attn.2410,9,attn,445,26
4537,3.attn.10415,3,attn,196,8
4538,9.attn.33342,9,attn,591,1
4539,3.attn.39282,3,attn,271,2
4540,9.attn.39892,9,attn,789,26
4541,3.attn.13454,3,attn,136,2
4542,9.attn.2883,9,attn,343,22
4543,3.attn.12611,3,attn,306,0
4544,9.attn.34402,9,attn,403,1
4545,3.attn.8045,3,attn,199,45
4546,9.attn.21759,9,attn,667,14
4547,3.attn.24918,3,attn,195,8
4548,9.attn.38862,9,attn,201,17
4549,3.attn.20198,3,attn,202,21
4550,9.attn.17494,9,attn,696,15
4551,3.attn.38956,3,attn,326,0
4552,9.attn.36596,9,attn,443,9
4553,3.attn.33760,3,attn,434,0
4554,9.attn.26285,9,attn,617,14
4555,9.attn.32992,9,attn,517,1
4556,3.attn.36659,3,attn,131,0
4557,9.attn.28140,9,attn,253,1
4558,3.attn.13811,3,attn,194,19
4559,9.attn.23959,9,attn,837,0
4560,3.attn.37307,3,attn,117,0
4561,9.attn.6859,9,attn,624,24
4562,3.attn.7975,3,attn,179,0
4563,9.attn.1600,9,attn,778,1
4564,3.attn.37824,3,attn,127,2
4565,9.attn.23010,9,attn,576,12
4566,3.attn.32549,3,attn,107,0
4567,9.attn.35741,9,attn,279,1
4568,3.attn.29637,3,attn,113,0
4569,9.attn.12747,9,attn,550,24
4570,0.mlp.252,0,mlp,64,7
4571,11.resid.1320,11,resid,501,3
4572,0.mlp.13693,0,mlp,11,5
4573,11.resid.21387,11,resid,493,19
4574,0.mlp.38130,0,mlp,13,502
4575,11.resid.162,11,resid,323,1
4576,0.mlp.15818,0,mlp,40,503
4577,11.resid.40266,11,resid,448,8
4578,0.mlp.1803,0,mlp,22,504
4579,11.resid.36909,11,resid,511,4
4580,0.mlp.32270,0,mlp,15,2
4581,11.resid.33726,11,resid,311,25
4582,0.mlp.7173,0,mlp,32,505
4583,11.resid.17896,11,resid,275,42
4584,0.mlp.6838,0,mlp,10,506
4585,11.resid.36393,11,resid,385,4
4586,0.mlp.14375,0,mlp,21,507
4587,11.resid.30952,11,resid,508,4
4588,0.mlp.31575,0,mlp,76,2
4589,11.resid.37859,11,resid,347,14
4590,0.mlp.13435,0,mlp,5,508
4591,11.resid.3688,11,resid,485,30
4592,0.mlp.972,0,mlp,17,509
4593,11.resid.17441,11,resid,413,4
4594,0.mlp.19419,0,mlp,16,510
4595,11.resid.37807,11,resid,362,4
4596,0.mlp.18469,0,mlp,18,511
4597,11.resid.11552,11,resid,425,13
4598,0.mlp.33261,0,mlp,18,512
4599,11.resid.38184,11,resid,244,10
4600,0.mlp.6834,0,mlp,9,513
4601,11.resid.7366,11,resid,339,8
4602,0.mlp.40617,0,mlp,67,48
4603,11.resid.13294,11,resid,616,3
4604,0.mlp.15317,0,mlp,21,49
4605,11.resid.7771,11,resid,449,8
4606,0.mlp.14603,0,mlp,80,7
4607,11.resid.7049,11,resid,291,4
4608,0.mlp.24278,0,mlp,46,2
4609,11.resid.21495,11,resid,244,4
4610,0.mlp.5576,0,mlp,13,514
4611,11.resid.1312,11,resid,621,2
4612,0.mlp.10996,0,mlp,44,515
4613,11.resid.20108,11,resid,467,19
4614,0.mlp.9261,0,mlp,53,516
4615,11.resid.37348,11,resid,520,25
4616,0.mlp.28306,0,mlp,24,517
4617,11.resid.32704,11,resid,596,4
4618,0.mlp.33745,0,mlp,12,3
4619,11.resid.5899,11,resid,524,16
4620,0.mlp.22096,0,mlp,27,518
4621,11.resid.4254,11,resid,712,15
4622,0.mlp.2494,0,mlp,18,519
4623,11.resid.12445,11,resid,185,4
4624,0.mlp.29422,0,mlp,61,520
4625,11.resid.39974,11,resid,647,33
4626,0.mlp.13048,0,mlp,37,521
4627,11.resid.27917,11,resid,315,4
4628,0.resid.15668,0,resid,18,2
4629,11.mlp.15835,11,mlp,587,754
4630,0.resid.40847,0,resid,36,522
4631,11.mlp.6609,11,mlp,324,27
4632,0.resid.28950,0,resid,27,28
4633,11.mlp.25209,11,mlp,398,4
4634,0.resid.15723,0,resid,15,20
4635,11.mlp.2893,11,mlp,339,5
4636,0.resid.29248,0,resid,35,4
4637,11.mlp.33919,11,mlp,509,12
4638,0.resid.24212,0,resid,30,20
4639,11.mlp.3200,11,mlp,214,13
4640,0.resid.31966,0,resid,77,7
4641,11.mlp.29635,11,mlp,489,7
4642,0.resid.12578,0,resid,52,523
4643,11.mlp.26483,11,mlp,482,4
4644,0.resid.8060,0,resid,55,63
4645,11.mlp.2963,11,mlp,557,23
4646,0.resid.9981,0,resid,42,17
4647,11.mlp.23625,11,mlp,570,5
4648,0.resid.36451,0,resid,11,524
4649,11.mlp.32712,11,mlp,433,214
4650,0.resid.40331,0,resid,57,16
4651,11.mlp.15893,11,mlp,347,13
4652,0.resid.14763,0,resid,69,525
4653,11.mlp.16199,11,mlp,587,4
4654,0.resid.28160,0,resid,27,34
4655,11.mlp.7437,11,mlp,584,15
4656,0.resid.12426,0,resid,17,526
4657,11.mlp.12740,11,mlp,643,15
4658,0.resid.12629,0,resid,30,527
4659,11.mlp.2298,11,mlp,449,25
4660,0.resid.35621,0,resid,56,9
4661,11.mlp.38306,11,mlp,639,15
4662,0.resid.37830,0,resid,122,21
4663,11.mlp.36265,11,mlp,368,12
4664,0.resid.6824,0,resid,17,528
4665,11.mlp.5580,11,mlp,525,1
4666,0.resid.9398,0,resid,44,9
4667,11.mlp.22476,11,mlp,655,4
4668,0.resid.30827,0,resid,19,35
4669,11.mlp.5370,11,mlp,239,15
4670,0.resid.18235,0,resid,95,34
4671,11.mlp.4958,11,mlp,526,24
4672,0.resid.23605,0,resid,24,3
4673,11.mlp.1632,11,mlp,520,22
4674,0.resid.36589,0,resid,12,529
4675,11.mlp.18500,11,mlp,543,25
4676,0.resid.23227,0,resid,29,11
4677,11.mlp.24140,11,mlp,236,25
4678,0.resid.40472,0,resid,92,530
4679,11.mlp.9014,11,mlp,636,216
4680,0.resid.36134,0,resid,11,531
4681,11.mlp.12818,11,mlp,580,2
4682,0.resid.30015,0,resid,21,532
4683,11.mlp.32905,11,mlp,441,15
4684,1.attn.17561,1,attn,71,2
4685,11.attn.13101,11,attn,65,1
4686,1.attn.26771,1,attn,78,0
4687,11.attn.37723,11,attn,250,25
4688,11.attn.7270,11,attn,327,1
4689,1.attn.10722,1,attn,82,36
4690,11.attn.17833,11,attn,312,11
4691,11.attn.30849,11,attn,687,56
4692,1.attn.26830,1,attn,51,533
4693,11.attn.360,11,attn,287,1
4694,11.attn.23290,11,attn,604,7
4695,1.attn.15965,1,attn,48,6
4696,11.attn.37274,11,attn,362,44
4697,11.attn.31041,11,attn,423,18
4698,1.attn.23540,1,attn,77,534
4699,11.attn.536,11,attn,322,8
4700,11.attn.33086,11,attn,278,43
4701,11.attn.27811,11,attn,481,25
4702,11.attn.23102,11,attn,513,11
4703,1.attn.36159,1,attn,83,17
4704,11.attn.16111,11,attn,569,58
4705,11.attn.9777,11,attn,474,1
4706,11.attn.32130,11,attn,264,27
4707,11.attn.21754,11,attn,798,13
4708,11.attn.26313,11,attn,704,23
4709,1.attn.14271,1,attn,43,2
4710,11.attn.31644,11,attn,2151,1
4711,11.attn.30177,11,attn,230,1
4712,11.attn.27682,11,attn,730,12
4713,11.attn.34869,11,attn,279,14
4714,11.attn.26196,11,attn,626,14
4715,11.attn.3636,11,attn,240,4
4716,11.attn.291,11,attn,898,15
4717,11.attn.2005,11,attn,400,1
4718,11.attn.19933,11,attn,404,13
4719,1.attn.29339,1,attn,55,0
4720,11.attn.37014,11,attn,783,14
4721,1.mlp.18178,1,mlp,177,42
4722,10.resid.40232,10,resid,515,7
4723,1.mlp.8035,1,mlp,192,6
4724,10.resid.5213,10,resid,579,19
4725,1.mlp.34352,1,mlp,147,42
4726,10.resid.25789,10,resid,336,61
4727,1.mlp.10645,1,mlp,106,16
4728,10.resid.6313,10,resid,773,0
4729,1.mlp.9698,1,mlp,132,0
4730,10.resid.4751,10,resid,571,2
4731,1.mlp.7506,1,mlp,136,3
4732,10.resid.6898,10,resid,954,1
4733,1.mlp.21441,1,mlp,197,6
4734,10.resid.3129,10,resid,676,0
4735,1.mlp.17120,1,mlp,122,40
4736,10.resid.31581,10,resid,743,2
4737,1.mlp.38098,1,mlp,124,28
4738,10.resid.4363,10,resid,756,17
4739,1.mlp.23742,1,mlp,104,28
4740,10.resid.37679,10,resid,716,11
4741,1.mlp.38311,1,mlp,127,33
4742,10.resid.35352,10,resid,225,8
4743,1.mlp.4882,1,mlp,218,21
4744,10.resid.38322,10,resid,764,21
4745,1.mlp.28109,1,mlp,147,26
4746,10.resid.30950,10,resid,388,10
4747,1.mlp.25192,1,mlp,113,0
4748,10.resid.12797,10,resid,775,25
4749,1.mlp.11780,1,mlp,119,0
4750,10.resid.10348,10,resid,611,6
4751,1.mlp.8968,1,mlp,99,26
4752,10.resid.3269,10,resid,837,5
4753,1.mlp.6194,1,mlp,91,5
4754,10.resid.3983,10,resid,540,23
4755,1.mlp.9853,1,mlp,70,6
4756,10.resid.32791,10,resid,831,0
4757,1.mlp.19956,1,mlp,89,0
4758,10.resid.15497,10,resid,710,36
4759,1.mlp.26171,1,mlp,93,17
4760,10.resid.22269,10,resid,256,24
4761,1.mlp.26959,1,mlp,190,31
4762,10.resid.9400,10,resid,391,23
4763,1.mlp.35881,1,mlp,147,7
4764,10.resid.5651,10,resid,417,22
4765,1.mlp.33007,1,mlp,159,29
4766,10.resid.8060,10,resid,703,15
4767,1.mlp.34767,1,mlp,93,69
4768,10.resid.39784,10,resid,610,8
4769,1.mlp.17413,1,mlp,126,60
4770,10.resid.38873,10,resid,930,1
4771,1.mlp.30671,1,mlp,119,72
4772,10.resid.8575,10,resid,340,26
4773,1.mlp.35042,1,mlp,165,20
4774,10.resid.18713,10,resid,366,5
4775,1.mlp.4049,1,mlp,132,20
4776,10.resid.6251,10,resid,390,5
4777,1.resid.19828,1,resid,74,6
4778,10.mlp.17360,10,mlp,591,20
4779,1.resid.11954,1,resid,72,26
4780,10.mlp.5152,10,mlp,563,32
4781,1.resid.12618,1,resid,63,2
4782,10.mlp.38934,10,mlp,653,2
4783,1.resid.37165,1,resid,147,2
4784,10.mlp.27277,10,mlp,413,59
4785,1.resid.36838,1,resid,136,10
4786,10.mlp.2382,10,mlp,362,9
4787,1.resid.32812,1,resid,121,6
4788,10.mlp.35353,10,mlp,617,17
4789,1.resid.19090,1,resid,148,0
4790,10.mlp.28855,10,mlp,628,5
4791,1.resid.951,1,resid,85,0
4792,10.mlp.3219,10,mlp,359,5
4793,1.resid.5431,1,resid,159,8
4794,10.mlp.25236,10,mlp,439,25
4795,1.resid.31921,1,resid,233,6
4796,10.mlp.33293,10,mlp,545,8
4797,1.resid.31705,1,resid,96,0
4798,10.mlp.34351,10,mlp,510,12
4799,1.resid.39129,1,resid,100,8
4800,10.mlp.37105,10,mlp,317,18
4801,1.resid.27408,1,resid,134,60
4802,10.mlp.26069,10,mlp,446,39
4803,1.resid.37817,1,resid,179,7
4804,10.mlp.14197,10,mlp,254,10
4805,1.resid.27052,1,resid,84,0
4806,10.mlp.8448,10,mlp,474,2
4807,1.resid.22465,1,resid,63,28
4808,10.mlp.37274,10,mlp,248,5
4809,1.resid.21594,1,resid,126,2
4810,10.mlp.33967,10,mlp,452,24
4811,1.resid.23607,1,resid,98,536
4812,10.mlp.29115,10,mlp,583,19
4813,1.resid.10484,1,resid,53,6
4814,10.mlp.24907,10,mlp,726,3
4815,1.resid.33535,1,resid,97,6
4816,10.mlp.21748,10,mlp,376,55
4817,1.resid.30441,1,resid,157,15
4818,10.mlp.12138,10,mlp,630,37
4819,1.resid.15960,1,resid,137,19
4820,10.mlp.30385,10,mlp,402,11
4821,1.resid.39401,1,resid,90,10
4822,10.mlp.36644,10,mlp,419,12
4823,1.resid.35396,1,resid,79,3
4824,10.mlp.20155,10,mlp,448,412
4825,1.resid.17191,1,resid,82,15
4826,10.mlp.21330,10,mlp,341,30
4827,1.resid.34933,1,resid,95,6
4828,10.mlp.8150,10,mlp,273,65
4829,1.resid.23994,1,resid,133,3
4830,10.mlp.23269,10,mlp,626,18
4831,1.resid.6849,1,resid,160,19
4832,10.mlp.24467,10,mlp,512,24
4833,10.mlp.22007,10,mlp,464,24
4834,2.attn.33479,2,attn,182,35
4835,10.attn.11160,10,attn,833,16
4836,2.attn.24941,2,attn,181,12
4837,10.attn.37438,10,attn,460,46
4838,2.attn.17512,2,attn,191,30
4839,10.attn.26063,10,attn,608,13
4840,10.attn.11974,10,attn,379,1
4841,2.attn.22342,2,attn,194,3
4842,10.attn.40306,10,attn,455,1
4843,2.attn.38672,2,attn,121,17
4844,10.attn.17677,10,attn,495,27
4845,2.attn.32497,2,attn,156,0
4846,10.attn.14191,10,attn,452,21
4847,10.attn.31949,10,attn,707,12
4848,10.attn.17779,10,attn,808,26
4849,2.attn.27803,2,attn,172,5
4850,10.attn.33452,10,attn,173,1
4851,2.attn.1581,2,attn,289,0
4852,10.attn.28797,10,attn,1385,1
4853,10.attn.18838,10,attn,415,1
4854,2.attn.30117,2,attn,107,6
4855,10.attn.14815,10,attn,368,13
4856,10.attn.38182,10,attn,271,1
4857,10.attn.34849,10,attn,455,14
4858,2.attn.9355,2,attn,66,537
4859,10.attn.34156,10,attn,813,0
4860,2.attn.38110,2,attn,188,42
4861,10.attn.15989,10,attn,505,1
4862,2.attn.37594,2,attn,148,8
4863,10.attn.21883,10,attn,802,35
4864,2.attn.23197,2,attn,54,22
4865,10.attn.38736,10,attn,520,12
4866,10.attn.7249,10,attn,502,1
4867,2.attn.22322,2,attn,168,3
4868,10.attn.17783,10,attn,725,16
4869,10.attn.24680,10,attn,305,9
4870,2.attn.11088,2,attn,189,0
4871,10.attn.16093,10,attn,346,5
4872,2.attn.18464,2,attn,314,0
4873,10.attn.14177,10,attn,644,14
4874,2.attn.15038,2,attn,163,8
4875,10.attn.37451,10,attn,802,15
4876,10.attn.33202,10,attn,434,1
4877,10.attn.24254,10,attn,701,5
4878,2.attn.3894,2,attn,103,53
4879,2.mlp.8553,2,mlp,123,538
4880,9.resid.17485,9,resid,545,16
4881,2.mlp.88,2,mlp,141,3
4882,9.resid.864,9,resid,545,23
4883,2.mlp.9455,2,mlp,246,13
4884,9.resid.11911,9,resid,617,8
4885,2.mlp.24635,2,mlp,158,6
4886,9.resid.15652,9,resid,675,2
4887,2.mlp.30055,2,mlp,124,13
4888,9.resid.27920,9,resid,883,0
4889,2.mlp.35676,2,mlp,263,0
4890,9.resid.508,9,resid,505,17
4891,2.mlp.13583,2,mlp,218,31
4892,9.resid.21493,9,resid,572,23
4893,2.mlp.18677,2,mlp,177,3
4894,9.resid.869,9,resid,548,17
4895,2.mlp.31672,2,mlp,171,9
4896,9.resid.20214,9,resid,567,3
4897,2.mlp.10876,2,mlp,189,30
4898,9.resid.5462,9,resid,463,27
4899,2.mlp.26270,2,mlp,120,23
4900,9.resid.18220,9,resid,317,36
4901,2.mlp.15277,2,mlp,207,3
4902,9.resid.28882,9,resid,608,1
4903,2.mlp.14695,2,mlp,108,22
4904,9.resid.40926,9,resid,621,36
4905,2.mlp.19601,2,mlp,226,8
4906,9.resid.24757,9,resid,272,16
4907,2.mlp.8840,2,mlp,140,38
4908,9.resid.10420,9,resid,661,1
4909,2.mlp.10387,2,mlp,134,2
4910,9.resid.15109,9,resid,710,6
4911,2.mlp.40101,2,mlp,184,6
4912,9.resid.18659,9,resid,516,9
4913,2.mlp.12273,2,mlp,222,2
4914,9.resid.36167,9,resid,889,0
4915,2.mlp.6261,2,mlp,227,7
4916,9.resid.29599,9,resid,730,1
4917,2.mlp.21449,2,mlp,168,7
4918,9.resid.35591,9,resid,573,1
4919,2.mlp.17760,2,mlp,190,0
4920,9.resid.6142,9,resid,639,1
4921,2.mlp.17391,2,mlp,197,31
4922,9.resid.36949,9,resid,599,22
4923,2.mlp.33274,2,mlp,247,2
4924,9.resid.25580,9,resid,648,0
4925,2.mlp.11162,2,mlp,248,6
4926,9.resid.1423,9,resid,572,10
4927,2.mlp.32756,2,mlp,268,12
4928,9.resid.5321,9,resid,370,30
4929,2.mlp.19817,2,mlp,255,2
4930,9.resid.26154,9,resid,305,15
4931,2.mlp.40781,2,mlp,197,2
4932,9.resid.30759,9,resid,390,12
4933,2.mlp.11004,2,mlp,124,38
4934,9.resid.8310,9,resid,828,1
4935,2.resid.36666,2,resid,205,0
4936,9.resid.20344,9,resid,701,0
4937,2.resid.2520,2,resid,249,21
4938,9.mlp.24259,9,mlp,519,10
4939,2.resid.17168,2,resid,116,2
4940,9.mlp.15011,9,mlp,517,8
4941,2.resid.5208,2,resid,197,3
4942,9.mlp.37818,9,mlp,370,25
4943,2.resid.33264,2,resid,165,0
4944,9.mlp.11462,9,mlp,685,78
4945,2.resid.994,2,resid,108,28
4946,9.mlp.22509,9,mlp,364,15
4947,2.resid.33342,2,resid,187,2
4948,9.mlp.31384,9,mlp,562,12
4949,2.resid.24955,2,resid,104,13
4950,9.mlp.40171,9,mlp,437,10
4951,2.resid.3544,2,resid,197,16
4952,9.mlp.2775,9,mlp,615,5
4953,2.resid.8322,2,resid,83,2
4954,9.mlp.35799,9,mlp,576,26
4955,2.resid.17466,2,resid,188,28
4956,9.mlp.18256,9,mlp,501,13
4957,2.resid.6216,2,resid,325,16
4958,9.mlp.28926,9,mlp,614,18
4959,2.resid.40322,2,resid,178,3
4960,9.mlp.9726,9,mlp,439,32
4961,2.resid.34091,2,resid,78,540
4962,9.mlp.28913,9,mlp,361,5
4963,2.resid.32689,2,resid,76,2
4964,9.mlp.18226,9,mlp,438,2
4965,2.resid.12155,2,resid,137,5
4966,9.mlp.19134,9,mlp,422,0
4967,2.resid.6378,2,resid,124,3
4968,9.mlp.17903,9,mlp,522,762
4969,2.resid.9130,2,resid,125,3
4970,9.mlp.15399,9,mlp,420,0
4971,2.resid.1548,2,resid,139,23
4972,9.mlp.35482,9,mlp,555,32
4973,2.resid.28664,2,resid,182,29
4974,9.mlp.27325,9,mlp,546,63
4975,2.resid.18843,2,resid,82,0
4976,9.mlp.32393,9,mlp,503,12
4977,2.resid.14708,2,resid,181,2
4978,9.mlp.26524,9,mlp,510,62
4979,2.resid.14452,2,resid,65,6
4980,9.mlp.9101,9,mlp,569,2
4981,2.resid.2479,2,resid,169,35
4982,9.mlp.13168,9,mlp,584,17
4983,2.resid.40003,2,resid,150,3
4984,9.mlp.2163,9,mlp,457,4
4985,2.resid.16477,2,resid,180,2
4986,9.mlp.24214,9,mlp,483,37
4987,2.resid.10249,2,resid,245,0
4988,9.mlp.28931,9,mlp,458,97
4989,2.resid.23176,2,resid,161,2
4990,9.mlp.5724,9,mlp,425,20
4991,2.resid.26305,2,resid,132,25
4992,9.mlp.17826,9,mlp,502,29
4993,3.attn.26172,3,attn,212,0
4994,9.attn.17486,9,attn,704,22
4995,3.attn.33334,3,attn,91,541
4996,9.attn.22483,9,attn,320,8
4997,3.attn.15922,3,attn,138,14
4998,9.attn.3057,9,attn,147,11
4999,9.attn.38080,9,attn,337,1
5000,3.attn.15155,3,attn,98,13
5001,9.attn.5086,9,attn,155,27
5002,9.attn.10539,9,attn,781,8
5003,3.attn.21454,3,attn,203,0
5004,9.attn.12940,9,attn,564,1
5005,3.attn.36793,3,attn,195,32
5006,9.attn.35204,9,attn,755,11
5007,3.attn.36320,3,attn,256,5
5008,9.attn.26368,9,attn,216,5
5009,3.attn.22938,3,attn,233,0
5010,9.attn.3682,9,attn,306,36
5011,9.attn.10484,9,attn,415,9
5012,3.attn.9767,3,attn,215,29
5013,9.attn.37945,9,attn,268,1
5014,3.attn.9669,3,attn,159,0
5015,9.attn.22281,9,attn,218,41
5016,3.attn.6835,3,attn,168,7
5017,9.attn.35179,9,attn,281,1
5018,3.attn.30543,3,attn,201,0
5019,9.attn.22125,9,attn,540,0
5020,11.resid.20305,11,resid,775,4
5021,0.mlp.38599,0,mlp,10,31
5022,11.resid.18612,11,resid,320,4
5023,0.mlp.12550,0,mlp,12,542
5024,11.resid.6626,11,resid,429,4
5025,0.mlp.33329,0,mlp,23,543
5026,11.resid.29535,11,resid,443,32
5027,0.mlp.7652,0,mlp,8,544
5028,11.resid.9381,11,resid,303,4
5029,0.mlp.16953,0,mlp,29,545
5030,11.resid.37722,11,resid,469,2
5031,0.mlp.13465,0,mlp,13,546
5032,11.resid.25835,11,resid,647,0
5033,0.mlp.19516,0,mlp,41,7
5034,11.resid.40146,11,resid,372,25
5035,0.mlp.33476,0,mlp,22,547
5036,11.resid.31023,11,resid,361,4
5037,0.mlp.10892,0,mlp,68,548
5038,11.resid.30729,11,resid,398,16
5039,0.mlp.11232,0,mlp,19,549
5040,11.resid.13407,11,resid,407,1
5041,0.mlp.35511,0,mlp,10,550
5042,11.resid.27991,11,resid,698,4
5043,0.mlp.27418,0,mlp,14,551
5044,11.resid.4965,11,resid,646,4
5045,0.mlp.28744,0,mlp,14,552
5046,11.resid.37598,11,resid,416,4
5047,0.mlp.12083,0,mlp,9,553
5048,11.resid.40599,11,resid,439,27
5049,0.mlp.11731,0,mlp,15,554
5050,11.resid.6573,11,resid,414,4
5051,0.mlp.16283,0,mlp,22,555
5052,11.resid.12657,11,resid,574,4
5053,0.mlp.38929,0,mlp,14,556
5054,11.resid.15769,11,resid,641,9
5055,0.mlp.16000,0,mlp,31,557
5056,11.resid.14017,11,resid,650,33
5057,0.mlp.36933,0,mlp,49,558
5058,11.resid.11547,11,resid,571,4
5059,0.mlp.5001,0,mlp,32,12
5060,11.resid.36164,11,resid,542,20
5061,0.mlp.4774,0,mlp,24,559
5062,11.resid.12576,11,resid,448,4
5063,0.mlp.29000,0,mlp,15,560
5064,11.resid.15257,11,resid,378,4
5065,0.mlp.3958,0,mlp,10,561
5066,11.resid.26405,11,resid,557,43
5067,0.mlp.19162,0,mlp,11,562
5068,11.resid.37996,11,resid,669,62
5069,0.mlp.7235,0,mlp,14,563
5070,11.resid.10758,11,resid,660,20
5071,0.mlp.24073,0,mlp,14,564
5072,11.resid.13863,11,resid,206,4
5073,0.mlp.16730,0,mlp,39,7
5074,11.resid.9256,11,resid,572,4
5075,0.mlp.19863,0,mlp,20,2
5076,11.mlp.21506,11,mlp,348,10
5077,0.resid.5759,0,resid,35,36
5078,11.mlp.16228,11,mlp,607,12
5079,0.resid.20005,0,resid,39,565
5080,11.mlp.39530,11,mlp,479,4
5081,0.resid.2700,0,resid,31,3
5082,11.mlp.20602,11,mlp,478,20
5083,0.resid.21783,0,resid,38,2
5084,11.mlp.4810,11,mlp,451,9
5085,0.resid.28935,0,resid,23,566
5086,11.mlp.34763,11,mlp,479,8
5087,0.resid.28114,0,resid,17,567
5088,11.mlp.14641,11,mlp,318,22
5089,0.resid.29272,0,resid,106,9
5090,11.mlp.10456,11,mlp,362,5
5091,0.resid.40903,0,resid,39,2
5092,11.mlp.33218,11,mlp,665,20
5093,0.resid.29543,0,resid,32,33
5094,11.mlp.23213,11,mlp,622,37
5095,0.resid.9328,0,resid,28,7
5096,11.mlp.32161,11,mlp,466,6
5097,0.resid.37435,0,resid,8,568
5098,11.mlp.3509,11,mlp,328,17
5099,0.resid.25920,0,resid,49,23
5100,11.mlp.14815,11,mlp,72,27
5101,0.resid.15971,0,resid,77,569
5102,11.mlp.37111,11,mlp,338,24
5103,0.resid.28262,0,resid,45,6
5104,11.mlp.35900,11,mlp,725,19
5105,0.resid.8804,0,resid,41,39
5106,11.mlp.20110,11,mlp,545,27
5107,0.resid.26090,0,resid,103,29
5108,11.mlp.26747,11,mlp,421,60
5109,0.resid.39360,0,resid,41,21
5110,11.mlp.40310,11,mlp,530,15
5111,0.resid.28344,0,resid,98,26
5112,11.mlp.20822,11,mlp,552,18
5113,0.resid.37559,0,resid,44,2
5114,11.mlp.35872,11,mlp,608,24
5115,0.resid.37542,0,resid,8,570
5116,11.mlp.4173,11,mlp,392,6
5117,0.resid.4625,0,resid,111,5
5118,11.mlp.838,11,mlp,260,12
5119,0.resid.26635,0,resid,33,50
5120,11.mlp.6901,11,mlp,254,13
5121,0.resid.31589,0,resid,92,4
5122,11.mlp.33858,11,mlp,635,2
5123,0.resid.38188,0,resid,19,571
5124,11.mlp.12080,11,mlp,374,5
5125,0.resid.28308,0,resid,100,7
5126,11.mlp.25374,11,mlp,369,9
5127,0.resid.4598,0,resid,33,6
5128,11.mlp.20705,11,mlp,499,12
5129,0.resid.27169,0,resid,45,21
5130,11.mlp.32369,11,mlp,370,5
5131,0.resid.8552,0,resid,65,19
5132,11.attn.28434,11,attn,648,1
5133,11.attn.40000,11,attn,169,9
5134,1.attn.19905,1,attn,57,6
5135,11.attn.36683,11,attn,492,1
5136,11.attn.12206,11,attn,470,25
5137,11.attn.4371,11,attn,301,1
5138,1.attn.5651,1,attn,120,0
5139,11.attn.24151,11,attn,807,10
5140,1.attn.20930,1,attn,103,6
5141,11.attn.24190,11,attn,450,25
5142,11.attn.16748,11,attn,739,1
5143,1.attn.13956,1,attn,44,10
5144,11.attn.9210,11,attn,309,11
5145,11.attn.37311,11,attn,548,1
5146,1.attn.39069,1,attn,116,9
5147,11.attn.25643,11,attn,164,17
5148,11.attn.6805,11,attn,219,11
5149,11.attn.31195,11,attn,274,44
5150,11.attn.5388,11,attn,874,14
5151,1.attn.6995,1,attn,86,2
5152,11.attn.34927,11,attn,490,14
5153,11.attn.39814,11,attn,353,1
5154,1.attn.24698,1,attn,133,21
5155,11.attn.31266,11,attn,360,1
5156,11.attn.25004,11,attn,590,44
5157,11.attn.7313,11,attn,294,43
5158,11.attn.7981,11,attn,540,1
5159,11.attn.22623,11,attn,250,1
5160,1.attn.7893,1,attn,80,10
5161,11.attn.9932,11,attn,566,12
5162,1.attn.21285,1,attn,66,0
5163,11.attn.37136,11,attn,285,14
5164,11.attn.39795,11,attn,522,1
5165,11.attn.14577,11,attn,318,1
5166,11.attn.10589,11,attn,737,3
5167,1.attn.5272,1,attn,85,3
5168,11.attn.28551,11,attn,198,1
5169,11.attn.38179,11,attn,231,1
5170,1.mlp.12622,1,mlp,180,6
5171,10.resid.32090,10,resid,698,3
5172,1.mlp.34774,1,mlp,150,0
5173,10.resid.19422,10,resid,492,8
5174,1.mlp.3208,1,mlp,89,2
5175,10.resid.10756,10,resid,284,5
5176,1.mlp.39353,1,mlp,117,52
5177,10.resid.17625,10,resid,433,1
5178,1.mlp.10668,1,mlp,125,2
5179,10.resid.21641,10,resid,435,27
5180,1.mlp.3207,1,mlp,199,28
5181,10.resid.22463,10,resid,593,50
5182,1.mlp.39146,1,mlp,156,3
5183,10.resid.4787,10,resid,567,24
5184,1.mlp.5222,1,mlp,106,3
5185,10.resid.33800,10,resid,451,27
5186,1.mlp.19583,1,mlp,114,17
5187,10.resid.21804,10,resid,535,85
5188,1.mlp.33962,1,mlp,120,0
5189,10.resid.23980,10,resid,494,27
5190,1.mlp.13799,1,mlp,146,0
5191,10.resid.31195,10,resid,608,15
5192,1.mlp.14852,1,mlp,140,2
5193,10.resid.33756,10,resid,676,20
5194,1.mlp.2639,1,mlp,165,6
5195,10.resid.26388,10,resid,671,18
5196,1.mlp.8973,1,mlp,149,19
5197,10.resid.28203,10,resid,762,38
5198,1.mlp.19730,1,mlp,146,2
5199,10.resid.28106,10,resid,717,47
5200,1.mlp.35258,1,mlp,133,18
5201,10.resid.13350,10,resid,1021,0
5202,1.mlp.21067,1,mlp,164,23
5203,10.resid.8244,10,resid,942,0
5204,1.mlp.27903,1,mlp,294,0
5205,10.resid.28933,10,resid,584,2
5206,1.mlp.17083,1,mlp,199,31
5207,10.resid.24743,10,resid,484,2
5208,1.mlp.2731,1,mlp,242,2
5209,10.resid.32364,10,resid,822,24
5210,1.mlp.17225,1,mlp,90,3
5211,10.resid.32101,10,resid,195,5
5212,1.mlp.15608,1,mlp,201,21
5213,10.resid.12890,10,resid,772,35
5214,1.mlp.13932,1,mlp,77,26
5215,10.resid.32678,10,resid,589,5
5216,1.mlp.15618,1,mlp,90,2
5217,10.resid.20200,10,resid,389,37
5218,1.mlp.2967,1,mlp,227,0
5219,10.resid.20334,10,resid,737,1
5220,1.mlp.16314,1,mlp,132,10
5221,10.resid.31783,10,resid,665,8
5222,1.mlp.11989,1,mlp,86,13
5223,10.resid.1134,10,resid,594,21
5224,1.mlp.6153,1,mlp,79,5
5225,10.resid.9495,10,resid,459,54
5226,1.mlp.40032,1,mlp,126,7
5227,10.mlp.30456,10,mlp,504,13
5228,1.resid.12941,1,resid,60,4
5229,10.mlp.18583,10,mlp,394,36
5230,1.resid.12227,1,resid,85,17
5231,10.mlp.37144,10,mlp,463,27
5232,1.resid.1504,1,resid,65,2
5233,10.mlp.1142,10,mlp,355,3
5234,1.resid.21712,1,resid,142,28
5235,10.mlp.4713,10,mlp,580,17
5236,1.resid.36067,1,resid,158,7
5237,10.mlp.20374,10,mlp,410,25
5238,1.resid.16219,1,resid,136,28
5239,10.mlp.4701,10,mlp,358,18
5240,1.resid.26296,1,resid,141,572
5241,10.mlp.14093,10,mlp,469,16
5242,1.resid.24905,1,resid,75,7
5243,10.mlp.16830,10,mlp,524,45
5244,1.resid.36003,1,resid,166,21
5245,10.mlp.15424,10,mlp,521,34
5246,1.resid.22024,1,resid,39,5
5247,10.mlp.20211,10,mlp,577,19
5248,1.resid.10729,1,resid,130,31
5249,10.mlp.32838,10,mlp,621,0
5250,1.resid.16726,1,resid,156,51
5251,10.mlp.13313,10,mlp,451,25
5252,1.resid.32682,1,resid,76,0
5253,10.mlp.34133,10,mlp,333,13
5254,1.resid.20412,1,resid,75,12
5255,10.mlp.7548,10,mlp,444,37
5256,1.resid.178,1,resid,59,12
5257,10.mlp.30908,10,mlp,491,36
5258,1.resid.8017,1,resid,114,7
5259,10.mlp.15267,10,mlp,610,17
5260,1.resid.7625,1,resid,124,29
5261,10.mlp.18875,10,mlp,520,24
5262,1.resid.11,1,resid,132,74
5263,10.mlp.37154,10,mlp,362,11
5264,1.resid.40826,1,resid,154,38
5265,10.mlp.32588,10,mlp,291,18
5266,1.resid.27332,1,resid,53,15
5267,10.mlp.23102,10,mlp,351,22
5268,1.resid.31804,1,resid,64,8
5269,10.mlp.10824,10,mlp,446,19
5270,1.resid.3236,1,resid,64,2
5271,10.mlp.1001,10,mlp,585,22
5272,1.resid.18221,1,resid,180,2
5273,10.mlp.3683,10,mlp,580,33
5274,1.resid.17146,1,resid,60,20
5275,10.mlp.32561,10,mlp,253,12
5276,1.resid.1478,1,resid,192,0
5277,10.mlp.34473,10,mlp,682,16
5278,1.resid.23168,1,resid,80,24
5279,10.mlp.36212,10,mlp,412,8
5280,1.resid.31014,1,resid,64,574
5281,10.mlp.1713,10,mlp,387,26
5282,1.resid.30293,1,resid,97,6
5283,10.mlp.3525,10,mlp,266,15
5284,10.attn.25456,10,attn,336,10
5285,2.attn.30652,2,attn,125,7
5286,10.attn.5981,10,attn,339,1
5287,2.attn.26494,2,attn,350,0
5288,10.attn.22649,10,attn,333,1
5289,10.attn.4159,10,attn,640,16
5290,2.attn.39497,2,attn,185,2
5291,10.attn.16541,10,attn,2311,0
5292,10.attn.12955,10,attn,197,13
5293,2.attn.31355,2,attn,106,60
5294,10.attn.34799,10,attn,654,25
5295,2.attn.14629,2,attn,130,0
5296,10.attn.13785,10,attn,252,1
5297,10.attn.7414,10,attn,313,1
5298,10.attn.16879,10,attn,314,58
5299,2.attn.22814,2,attn,129,0
5300,10.attn.21816,10,attn,505,10
5301,10.attn.25618,10,attn,619,1
5302,2.attn.19892,2,attn,147,22
5303,10.attn.2643,10,attn,894,8
5304,2.attn.26643,2,attn,232,0
5305,10.attn.5271,10,attn,1136,0
5306,2.attn.17311,2,attn,194,0
5307,10.attn.19979,10,attn,731,15
5308,2.attn.37577,2,attn,264,0
5309,10.attn.34622,10,attn,492,0
5310,2.attn.12354,2,attn,250,0
5311,10.attn.17589,10,attn,617,1
5312,2.attn.4041,2,attn,84,65
5313,10.attn.30899,10,attn,731,1
5314,10.attn.33711,10,attn,457,14
5315,2.attn.37490,2,attn,56,10
5316,10.attn.15150,10,attn,730,0
5317,2.attn.32331,2,attn,402,0
5318,10.attn.9650,10,attn,289,1
5319,2.attn.16898,2,attn,270,0
5320,10.attn.20753,10,attn,268,1
5321,10.attn.17131,10,attn,428,24
5322,10.attn.35240,10,attn,334,1
5323,2.attn.28742,2,attn,115,0
5324,10.attn.20136,10,attn,342,1
5325,2.attn.34326,2,attn,160,12
5326,10.attn.12107,10,attn,877,0
5327,2.attn.11808,2,attn,126,13
5328,10.attn.13034,10,attn,778,13
5329,2.attn.28843,2,attn,83,6
5330,9.resid.13280,9,resid,534,29
5331,2.mlp.20216,2,mlp,113,20
5332,9.resid.34217,9,resid,556,17
5333,2.mlp.37040,2,mlp,199,0
5334,9.resid.1315,9,resid,469,20
5335,2.mlp.23356,2,mlp,217,7
5336,9.resid.27218,9,resid,520,30
5337,2.mlp.8021,2,mlp,128,2
5338,9.resid.8012,9,resid,496,15
5339,2.mlp.39031,2,mlp,239,12
5340,9.resid.2292,9,resid,538,7
5341,2.mlp.33414,2,mlp,186,3
5342,9.resid.16248,9,resid,633,0
5343,2.mlp.25832,2,mlp,290,6
5344,9.resid.38590,9,resid,412,10
5345,2.mlp.37433,2,mlp,245,7
5346,9.resid.16922,9,resid,702,1
5347,2.mlp.2132,2,mlp,121,6
5348,9.resid.24707,9,resid,763,1
5349,2.mlp.29351,2,mlp,246,6
5350,9.resid.17553,9,resid,559,2
5351,2.mlp.22214,2,mlp,141,30
5352,9.resid.4850,9,resid,425,6
5353,2.mlp.15769,2,mlp,182,7
5354,9.resid.8556,9,resid,483,12
5355,2.mlp.20648,2,mlp,156,21
5356,9.resid.22174,9,resid,492,15
5357,2.mlp.38429,2,mlp,178,13
5358,9.resid.38379,9,resid,398,16
5359,2.mlp.28973,2,mlp,264,2
5360,9.resid.1639,9,resid,632,1
5361,2.mlp.28423,2,mlp,124,6
5362,9.resid.12586,9,resid,525,28
5363,2.mlp.31472,2,mlp,183,13
5364,9.resid.2574,9,resid,516,2
5365,2.mlp.2780,2,mlp,124,10
5366,9.resid.40140,9,resid,907,7
5367,2.mlp.15285,2,mlp,219,6
5368,9.resid.15584,9,resid,799,26
5369,2.mlp.29158,2,mlp,201,0
5370,9.resid.26323,9,resid,790,1
5371,2.mlp.29283,2,mlp,190,28
5372,9.resid.33276,9,resid,415,18
5373,2.mlp.31967,2,mlp,136,5
5374,9.resid.6245,9,resid,478,1
5375,2.mlp.17410,2,mlp,224,0
5376,9.resid.5277,9,resid,835,1
5377,2.mlp.20709,2,mlp,171,8
5378,9.resid.8388,9,resid,673,1
5379,2.mlp.8763,2,mlp,246,17
5380,9.resid.4613,9,resid,587,0
5381,2.mlp.30717,2,mlp,268,7
5382,9.resid.21919,9,resid,620,24
5383,2.mlp.40723,2,mlp,171,2
5384,9.resid.35746,9,resid,589,10
5385,2.mlp.22495,2,mlp,281,31
5386,9.resid.21966,9,resid,546,12
5387,2.resid.40298,2,resid,187,14
5388,9.mlp.40389,9,mlp,731,14
5389,2.resid.37441,2,resid,140,9
5390,9.mlp.7999,9,mlp,668,15
5391,2.resid.7583,2,resid,220,6
5392,9.mlp.30168,9,mlp,600,9
5393,2.resid.28325,2,resid,96,20
5394,9.mlp.21703,9,mlp,384,26
5395,2.resid.16183,2,resid,179,8
5396,9.mlp.32555,9,mlp,191,36
5397,2.resid.17446,2,resid,88,2
5398,9.mlp.23892,9,mlp,394,12
5399,2.resid.14392,2,resid,171,6
5400,9.mlp.20021,9,mlp,767,3
5401,2.resid.8754,2,resid,142,2
5402,9.mlp.10842,9,mlp,379,30
5403,2.resid.29999,2,resid,94,6
5404,9.mlp.35549,9,mlp,424,17
5405,2.resid.2491,2,resid,94,6
5406,9.mlp.33626,9,mlp,215,21
5407,2.resid.37321,2,resid,245,7
5408,9.mlp.1027,9,mlp,398,16
5409,2.resid.40095,2,resid,231,2
5410,9.mlp.39093,9,mlp,554,39
5411,2.resid.39582,2,resid,135,10
5412,9.mlp.16645,9,mlp,549,3
5413,2.resid.9171,2,resid,169,2
5414,9.mlp.1915,9,mlp,517,15
5415,2.resid.20333,2,resid,128,5
5416,9.mlp.16485,9,mlp,609,17
5417,2.resid.11530,2,resid,237,22
5418,9.mlp.30248,9,mlp,489,9
5419,2.resid.4168,2,resid,126,2
5420,9.mlp.19173,9,mlp,432,20
5421,2.resid.3068,2,resid,226,2
5422,9.mlp.26162,9,mlp,460,215
5423,2.resid.14094,2,resid,164,2
5424,9.mlp.10704,9,mlp,404,727
5425,2.resid.3608,2,resid,128,23
5426,9.mlp.31054,9,mlp,328,23
5427,2.resid.31661,2,resid,137,2
5428,9.mlp.39083,9,mlp,349,8
5429,2.resid.19573,2,resid,79,6
5430,9.mlp.6920,9,mlp,503,19
5431,2.resid.23932,2,resid,72,6
5432,9.mlp.26581,9,mlp,376,11
5433,2.resid.33863,2,resid,128,19
5434,9.mlp.19992,9,mlp,685,41
5435,2.resid.9318,2,resid,245,9
5436,9.mlp.11968,9,mlp,461,10
5437,2.resid.12849,2,resid,201,7
5438,9.mlp.38488,9,mlp,612,5
5439,2.resid.38675,2,resid,181,3
5440,9.mlp.9677,9,mlp,526,689
5441,2.resid.34121,2,resid,165,38
5442,9.mlp.36504,9,mlp,244,13
5443,2.resid.13877,2,resid,151,2
5444,9.attn.35349,9,attn,216,5
5445,3.attn.39106,3,attn,177,0
5446,9.attn.18802,9,attn,719,24
5447,3.attn.35123,3,attn,199,0
5448,9.attn.11297,9,attn,215,1
5449,3.attn.16687,3,attn,307,0
5450,9.attn.13499,9,attn,341,19
5451,9.attn.4831,9,attn,434,11
5452,3.attn.5836,3,attn,212,5
5453,9.attn.3259,9,attn,562,8
5454,3.attn.36179,3,attn,319,0
5455,9.attn.9523,9,attn,482,5
5456,3.attn.22479,3,attn,199,0
5457,9.attn.17812,9,attn,281,11
5458,9.attn.22164,9,attn,529,14
5459,9.attn.30427,9,attn,545,14
5460,9.attn.4563,9,attn,591,1
5461,3.attn.39974,3,attn,188,0
5462,9.attn.20636,9,attn,463,1
5463,3.attn.464,3,attn,249,0
5464,9.attn.35732,9,attn,357,1
5465,3.attn.3693,3,attn,271,0
5466,9.attn.31456,9,attn,343,1
5467,3.attn.29322,3,attn,165,19
5468,9.attn.3515,9,attn,538,29
5469,3.attn.26693,3,attn,179,0
5470,9.attn.10795,9,attn,490,8
5471,3.attn.8921,3,attn,352,0
5472,9.attn.20523,9,attn,467,16
5473,9.attn.28694,9,attn,536,18
5474,3.attn.23985,3,attn,206,0
5475,9.attn.35639,9,attn,199,11
5476,9.attn.18986,9,attn,238,44
5477,3.attn.26038,3,attn,179,28
5478,9.attn.38907,9,attn,378,1
5479,9.attn.23024,9,attn,534,1
5480,0.mlp.30543,0,mlp,26,576
5481,11.resid.13386,11,resid,209,4
5482,0.mlp.15886,0,mlp,13,577
5483,11.resid.8846,11,resid,506,21
5484,0.mlp.10327,0,mlp,14,578
5485,11.resid.25066,11,resid,677,21
5486,0.mlp.6854,0,mlp,10,579
5487,11.resid.21454,11,resid,254,16
5488,0.mlp.23210,0,mlp,20,5
5489,11.resid.31150,11,resid,710,26
5490,0.mlp.18833,0,mlp,33,35
5491,11.resid.1154,11,resid,662,3
5492,0.mlp.23821,0,mlp,16,6
5493,11.resid.36986,11,resid,522,26
5494,0.mlp.5908,0,mlp,49,7
5495,11.resid.1728,11,resid,574,3
5496,0.mlp.34512,0,mlp,9,580
5497,11.resid.5506,11,resid,478,4
5498,0.mlp.36871,0,mlp,32,581
5499,11.resid.29594,11,resid,406,11
5500,0.mlp.23367,0,mlp,9,582
5501,11.resid.1544,11,resid,558,4
5502,0.mlp.39007,0,mlp,5,583
5503,11.resid.28356,11,resid,589,10
5504,0.mlp.12725,0,mlp,42,7
5505,11.resid.7767,11,resid,649,34
5506,0.mlp.23604,0,mlp,38,20
5507,11.resid.29371,11,resid,312,4
5508,0.mlp.31603,0,mlp,44,584
5509,11.resid.11952,11,resid,439,22
5510,0.mlp.7369,0,mlp,19,2
5511,11.resid.2380,11,resid,474,4
5512,0.mlp.19700,0,mlp,35,586
5513,11.resid.7306,11,resid,281,4
5514,0.mlp.6561,0,mlp,24,3
5515,11.resid.18882,11,resid,372,10
5516,0.mlp.20821,0,mlp,19,587
5517,11.resid.19864,11,resid,264,4
5518,0.mlp.22654,0,mlp,22,588
5519,11.resid.22958,11,resid,734,4
5520,0.mlp.33267,0,mlp,20,589
5521,11.resid.6458,11,resid,468,25
5522,0.mlp.23854,0,mlp,14,590
5523,11.resid.22678,11,resid,604,47
5524,0.mlp.39334,0,mlp,61,591
5525,11.resid.14375,11,resid,427,26
5526,0.mlp.18668,0,mlp,14,592
5527,11.resid.15533,11,resid,626,29
5528,0.mlp.30265,0,mlp,69,43
5529,11.resid.15853,11,resid,228,13
5530,0.mlp.34183,0,mlp,15,593
5531,11.resid.23545,11,resid,410,4
5532,0.mlp.13566,0,mlp,17,594
5533,11.resid.18016,11,resid,532,29
5534,0.mlp.5045,0,mlp,13,595
5535,11.resid.8910,11,resid,375,5
5536,0.mlp.29282,0,mlp,18,596
5537,11.mlp.22636,11,mlp,581,7
5538,0.resid.15727,0,resid,12,16
5539,11.mlp.14270,11,mlp,400,11
5540,0.resid.10593,0,resid,163,24
5541,11.mlp.2419,11,mlp,718,18
5542,0.resid.30071,0,resid,25,8
5543,11.mlp.37513,11,mlp,434,24
5544,0.resid.30398,0,resid,165,31
5545,11.mlp.6616,11,mlp,382,5
5546,0.resid.39670,0,resid,68,52
5547,11.mlp.34539,11,mlp,426,18
5548,0.resid.17287,0,resid,73,6
5549,11.mlp.9012,11,mlp,440,35
5550,0.resid.37929,0,resid,32,598
5551,11.mlp.39520,11,mlp,258,18
5552,0.resid.37212,0,resid,9,599
5553,11.mlp.14939,11,mlp,490,7
5554,0.resid.38616,0,resid,9,600
5555,11.mlp.38079,11,mlp,250,11
5556,0.resid.4723,0,resid,21,31
5557,11.mlp.29943,11,mlp,654,27
5558,0.resid.310,0,resid,20,9
5559,11.mlp.32738,11,mlp,620,20
5560,0.resid.34525,0,resid,82,2
5561,11.mlp.9899,11,mlp,478,33
5562,0.resid.21841,0,resid,12,601
5563,11.mlp.23526,11,mlp,640,11
5564,0.resid.7361,0,resid,62,602
5565,11.mlp.11158,11,mlp,257,24
5566,0.resid.17866,0,resid,21,34
5567,11.mlp.24465,11,mlp,432,22
5568,0.resid.17422,0,resid,45,0
5569,11.mlp.11447,11,mlp,724,33
5570,0.resid.22197,0,resid,36,2
5571,11.mlp.7367,11,mlp,545,25
5572,0.resid.17144,0,resid,50,7
5573,11.mlp.30975,11,mlp,378,27
5574,0.resid.34502,0,resid,25,18
5575,11.mlp.30,11,mlp,523,21
5576,0.resid.513,0,resid,18,29
5577,11.mlp.1009,11,mlp,425,13
5578,0.resid.17311,0,resid,34,42
5579,11.mlp.23736,11,mlp,571,23
5580,0.resid.36961,0,resid,93,6
5581,11.mlp.6950,11,mlp,288,15
5582,0.resid.36407,0,resid,20,603
5583,11.mlp.25159,11,mlp,279,26
5584,0.resid.20893,0,resid,15,60
5585,11.mlp.13741,11,mlp,482,19
5586,0.resid.19766,0,resid,61,3
5587,11.mlp.7636,11,mlp,580,345
5588,0.resid.35367,0,resid,34,25
5589,11.mlp.22615,11,mlp,637,0
5590,0.resid.4289,0,resid,13,604
5591,11.mlp.22311,11,mlp,614,20
5592,0.resid.3751,0,resid,27,605
5593,11.attn.29065,11,attn,383,1
5594,11.attn.34079,11,attn,133,11
5595,11.attn.26677,11,attn,203,18
5596,11.attn.11503,11,attn,273,1
5597,11.attn.38452,11,attn,299,14
5598,11.attn.1426,11,attn,335,1
5599,11.attn.24297,11,attn,409,1
5600,11.attn.25549,11,attn,270,14
5601,11.attn.13841,11,attn,512,13
5602,1.attn.25185,1,attn,167,29
5603,11.attn.8046,11,attn,446,11
5604,1.attn.19357,1,attn,67,23
5605,11.attn.24849,11,attn,833,5
5606,1.attn.36006,1,attn,74,7
5607,11.attn.29117,11,attn,438,8
5608,11.attn.40414,11,attn,303,18
5609,1.attn.31051,1,attn,159,0
5610,11.attn.26149,11,attn,157,27
5611,11.attn.3743,11,attn,321,13
5612,1.attn.35664,1,attn,54,606
5613,11.attn.6114,11,attn,342,4
5614,11.attn.40678,11,attn,509,13
5615,1.attn.16856,1,attn,74,17
5616,11.attn.34364,11,attn,698,9
5617,11.attn.29013,11,attn,225,11
5618,1.attn.6509,1,attn,179,11
5619,11.attn.10628,11,attn,263,13
5620,11.attn.18522,11,attn,322,11
5621,11.attn.35443,11,attn,368,1
5622,11.attn.4927,11,attn,838,1
5623,11.attn.9617,11,attn,417,737
5624,11.attn.40926,11,attn,316,56
5625,1.attn.32375,1,attn,204,11
5626,11.attn.690,11,attn,468,1
5627,11.attn.23468,11,attn,725,14
5628,11.attn.2214,11,attn,313,1
5629,11.attn.36209,11,attn,313,8
5630,1.mlp.36770,1,mlp,217,3
5631,10.resid.5117,10,resid,400,22
5632,1.mlp.17713,1,mlp,129,9
5633,10.resid.10380,10,resid,361,11
5634,1.mlp.21842,1,mlp,256,26
5635,10.resid.13867,10,resid,687,6
5636,1.mlp.28471,1,mlp,140,2
5637,10.resid.40618,10,resid,371,13
5638,1.mlp.13700,1,mlp,211,7
5639,10.resid.27197,10,resid,299,17
5640,1.mlp.34764,1,mlp,200,0
5641,10.resid.31372,10,resid,593,745
5642,1.mlp.7735,1,mlp,133,6
5643,10.resid.24452,10,resid,522,34
5644,1.mlp.25684,1,mlp,224,2
5645,10.resid.30989,10,resid,307,33
5646,1.mlp.15548,1,mlp,123,38
5647,10.resid.14544,10,resid,599,20
5648,1.mlp.22294,1,mlp,113,6
5649,10.resid.38698,10,resid,191,5
5650,1.mlp.21291,1,mlp,194,3
5651,10.resid.1284,10,resid,530,32
5652,1.mlp.1622,1,mlp,155,8
5653,10.resid.25611,10,resid,589,13
5654,1.mlp.25652,1,mlp,129,10
5655,10.resid.18168,10,resid,582,52
5656,1.mlp.22350,1,mlp,111,607
5657,10.resid.18744,10,resid,782,1
5658,1.mlp.17962,1,mlp,104,19
5659,10.resid.5154,10,resid,800,18
5660,1.mlp.2768,1,mlp,168,6
5661,10.resid.2946,10,resid,652,34
5662,1.mlp.508,1,mlp,220,31
5663,10.resid.10930,10,resid,557,134
5664,1.mlp.21170,1,mlp,148,29
5665,10.resid.38542,10,resid,631,10
5666,1.mlp.40432,1,mlp,103,32
5667,10.resid.15434,10,resid,693,17
5668,1.mlp.34196,1,mlp,77,2
5669,10.resid.27760,10,resid,571,43
5670,1.mlp.7232,1,mlp,83,29
5671,10.resid.4237,10,resid,521,38
5672,1.mlp.23212,1,mlp,108,7
5673,10.resid.40269,10,resid,424,27
5674,1.mlp.11707,1,mlp,129,608
5675,10.resid.19353,10,resid,481,9
5676,1.mlp.38084,1,mlp,160,21
5677,10.resid.10497,10,resid,428,11
5678,1.mlp.8560,1,mlp,147,26
5679,10.resid.32152,10,resid,281,24
5680,1.mlp.7166,1,mlp,193,11
5681,10.resid.14564,10,resid,668,0
5682,1.mlp.20126,1,mlp,79,43
5683,10.resid.24132,10,resid,404,5
5684,1.mlp.10470,1,mlp,112,22
5685,10.resid.14868,10,resid,614,31
5686,1.mlp.17220,1,mlp,90,0
5687,10.mlp.33479,10,mlp,370,13
5688,1.resid.20810,1,resid,42,76
5689,10.mlp.19963,10,mlp,345,95
5690,1.resid.6947,1,resid,105,2
5691,10.mlp.17034,10,mlp,709,37
5692,1.resid.8429,1,resid,64,4
5693,10.mlp.27554,10,mlp,481,3
5694,1.resid.37715,1,resid,121,609
5695,10.mlp.13218,10,mlp,283,8
5696,1.resid.38720,1,resid,90,63
5697,10.mlp.7369,10,mlp,432,33
5698,1.resid.8033,1,resid,106,2
5699,10.mlp.31264,10,mlp,619,28
5700,1.resid.34566,1,resid,97,7
5701,10.mlp.4202,10,mlp,390,46
5702,1.resid.34655,1,resid,56,2
5703,10.mlp.26842,10,mlp,358,19
5704,1.resid.7743,1,resid,141,2
5705,10.mlp.40714,10,mlp,364,49
5706,1.resid.12877,1,resid,67,29
5707,10.mlp.28796,10,mlp,412,16
5708,1.resid.38712,1,resid,128,3
5709,10.mlp.20570,10,mlp,451,731
5710,1.resid.13888,1,resid,146,31
5711,10.mlp.29637,10,mlp,626,8
5712,1.resid.7913,1,resid,62,31
5713,10.mlp.10705,10,mlp,383,10
5714,1.resid.31751,1,resid,63,7
5715,10.mlp.20227,10,mlp,490,9
5716,1.resid.38810,1,resid,120,6
5717,10.mlp.38069,10,mlp,527,19
5718,1.resid.17287,1,resid,86,29
5719,10.mlp.10684,10,mlp,490,22
5720,1.resid.22060,1,resid,54,2
5721,10.mlp.5555,10,mlp,488,8
5722,1.resid.7419,1,resid,95,0
5723,10.mlp.9758,10,mlp,347,24
5724,1.resid.37356,1,resid,45,2
5725,10.mlp.10651,10,mlp,471,9
5726,1.resid.31120,1,resid,65,2
5727,10.mlp.18551,10,mlp,563,92
5728,1.resid.17021,1,resid,80,6
5729,10.mlp.27090,10,mlp,597,19
5730,1.resid.33097,1,resid,139,17
5731,10.mlp.7246,10,mlp,323,206
5732,1.resid.17431,1,resid,107,2
5733,10.mlp.34509,10,mlp,498,18
5734,1.resid.33297,1,resid,80,6
5735,10.mlp.17322,10,mlp,662,5
5736,1.resid.34729,1,resid,137,8
5737,10.mlp.22202,10,mlp,464,26
5738,1.resid.40390,1,resid,46,0
5739,10.mlp.29940,10,mlp,476,15
5740,1.resid.19456,1,resid,80,2
5741,10.mlp.19398,10,mlp,301,30
5742,1.resid.26376,1,resid,88,35
5743,10.mlp.21322,10,mlp,344,16
5744,10.attn.32487,10,attn,317,1
5745,2.attn.762,2,attn,119,0
5746,10.attn.2251,10,attn,568,1
5747,2.attn.18593,2,attn,125,28
5748,10.attn.28167,10,attn,420,1
5749,2.attn.38181,2,attn,207,16
5750,10.attn.34760,10,attn,235,0
5751,10.attn.29129,10,attn,251,1
5752,2.attn.39159,2,attn,140,0
5753,10.attn.28493,10,attn,738,27
5754,2.attn.12633,2,attn,124,0
5755,10.attn.25014,10,attn,650,1
5756,2.attn.24325,2,attn,219,0
5757,10.attn.14926,10,attn,331,1
5758,10.attn.28832,10,attn,274,11
5759,10.attn.32177,10,attn,446,18
5760,2.attn.14450,2,attn,209,17
5761,10.attn.24516,10,attn,378,11
5762,10.attn.25372,10,attn,675,9
5763,2.attn.28427,2,attn,124,9
5764,10.attn.19329,10,attn,701,13
5765,10.attn.14378,10,attn,744,17
5766,10.attn.26430,10,attn,691,1
5767,2.attn.33504,2,attn,72,13
5768,10.attn.40555,10,attn,354,11
5769,10.attn.35527,10,attn,234,14
5770,2.attn.18757,2,attn,58,3
5771,10.attn.23537,10,attn,284,1
5772,10.attn.922,10,attn,213,1
5773,2.attn.12011,2,attn,159,16
5774,10.attn.16888,10,attn,463,22
5775,2.attn.28719,2,attn,281,0
5776,10.attn.35549,10,attn,179,11
5777,2.attn.38903,2,attn,228,3
5778,10.attn.3116,10,attn,475,1
5779,2.attn.34840,2,attn,112,612
5780,10.attn.8443,10,attn,388,1
5781,10.attn.38127,10,attn,962,9
5782,10.attn.3539,10,attn,639,15
5783,10.attn.10970,10,attn,743,18
5784,2.attn.9778,2,attn,168,8
5785,10.attn.28599,10,attn,270,16
5786,2.attn.17043,2,attn,375,0
5787,10.attn.6231,10,attn,296,1
5788,2.attn.20313,2,attn,189,6
5789,9.resid.23335,9,resid,736,1
5790,2.mlp.21332,2,mlp,373,0
5791,9.resid.38531,9,resid,573,6
5792,2.mlp.8671,2,mlp,289,0
5793,9.resid.36814,9,resid,518,8
5794,2.mlp.7494,2,mlp,274,28
5795,9.resid.21276,9,resid,453,15
5796,2.mlp.10205,2,mlp,239,8
5797,9.resid.387,9,resid,665,0
5798,2.mlp.1964,2,mlp,103,31
5799,9.resid.17173,9,resid,674,10
5800,2.mlp.33341,2,mlp,137,13
5801,9.resid.21730,9,resid,656,68
5802,2.mlp.2596,2,mlp,275,0
5803,9.resid.13520,9,resid,274,9
5804,2.mlp.17688,2,mlp,182,3
5805,9.resid.22886,9,resid,777,23
5806,2.mlp.20796,2,mlp,259,0
5807,9.resid.32028,9,resid,552,67
5808,2.mlp.21252,2,mlp,271,2
5809,9.resid.22469,9,resid,591,7
5810,2.mlp.5849,2,mlp,211,0
5811,9.resid.20658,9,resid,500,37
5812,2.mlp.11099,2,mlp,149,7
5813,9.resid.32632,9,resid,389,16
5814,2.mlp.20063,2,mlp,138,12
5815,9.resid.19385,9,resid,329,21
5816,2.mlp.10238,2,mlp,169,0
5817,9.resid.111,9,resid,644,102
5818,2.mlp.36804,2,mlp,169,28
5819,9.resid.22511,9,resid,372,39
5820,2.mlp.23074,2,mlp,154,20
5821,9.resid.10786,9,resid,758,8
5822,2.mlp.23814,2,mlp,120,13
5823,9.resid.37373,9,resid,521,3
5824,2.mlp.1017,2,mlp,187,29
5825,9.resid.27608,9,resid,737,4
5826,2.mlp.31321,2,mlp,201,6
5827,9.resid.25364,9,resid,751,0
5828,2.mlp.32597,2,mlp,132,7
5829,9.resid.24694,9,resid,761,7
5830,2.mlp.21704,2,mlp,129,7
5831,9.resid.39597,9,resid,526,38
5832,2.mlp.11572,2,mlp,108,7
5833,9.resid.15938,9,resid,589,19
5834,2.mlp.15349,2,mlp,203,16
5835,9.resid.17451,9,resid,617,23
5836,2.mlp.22657,2,mlp,252,6
5837,9.resid.20373,9,resid,644,3
5838,2.mlp.22919,2,mlp,184,0
5839,9.resid.35254,9,resid,534,17
5840,2.mlp.14174,2,mlp,174,10
5841,9.resid.37014,9,resid,410,14
5842,2.mlp.32720,2,mlp,219,2
5843,9.resid.30970,9,resid,626,9
5844,2.mlp.32249,2,mlp,236,2
5845,9.resid.11853,9,resid,632,15
5846,2.resid.15164,2,resid,93,5
5847,9.mlp.30311,9,mlp,509,20
5848,2.resid.5028,2,resid,258,23
5849,9.mlp.22489,9,mlp,520,29
5850,2.resid.33789,2,resid,221,8
5851,9.mlp.21388,9,mlp,427,5
5852,2.resid.3195,2,resid,78,2
5853,9.mlp.13357,9,mlp,385,19
5854,2.resid.39798,2,resid,153,6
5855,9.mlp.8590,9,mlp,429,740
5856,2.resid.15376,2,resid,202,0
5857,9.mlp.4296,9,mlp,538,2
5858,2.resid.7642,2,resid,172,9
5859,9.mlp.35293,9,mlp,615,12
5860,2.resid.19245,2,resid,220,2
5861,9.mlp.4331,9,mlp,481,38
5862,2.resid.702,2,resid,225,0
5863,9.mlp.23567,9,mlp,342,16
5864,2.resid.8075,2,resid,192,36
5865,9.mlp.2139,9,mlp,379,3
5866,2.resid.1670,2,resid,157,7
5867,9.mlp.26068,9,mlp,455,37
5868,2.resid.24910,2,resid,128,3
5869,9.mlp.11000,9,mlp,547,19
5870,2.resid.26340,2,resid,92,3
5871,9.mlp.28138,9,mlp,588,26
5872,2.resid.13067,2,resid,143,0
5873,9.mlp.13260,9,mlp,341,23
5874,2.resid.4976,2,resid,127,8
5875,9.mlp.17337,9,mlp,385,26
5876,2.resid.26544,2,resid,113,12
5877,9.mlp.17744,9,mlp,325,8
5878,2.resid.386,2,resid,212,2
5879,9.mlp.11400,9,mlp,620,10
5880,2.resid.29968,2,resid,55,614
5881,9.mlp.40750,9,mlp,579,37
5882,2.resid.14088,2,resid,151,615
5883,9.mlp.4550,9,mlp,399,9
5884,2.resid.22495,2,resid,132,39
5885,9.mlp.7252,9,mlp,541,10
5886,2.resid.18125,2,resid,201,29
5887,9.mlp.19779,9,mlp,489,12
5888,2.resid.31599,2,resid,108,22
5889,9.mlp.16754,9,mlp,543,17
5890,2.resid.17496,2,resid,86,40
5891,9.mlp.14115,9,mlp,273,12
5892,2.resid.13321,2,resid,73,32
5893,9.mlp.8899,9,mlp,480,24
5894,2.resid.2361,2,resid,154,2
5895,9.mlp.8887,9,mlp,635,6
5896,2.resid.20053,2,resid,172,30
5897,9.mlp.35674,9,mlp,376,2
5898,2.resid.31010,2,resid,170,29
5899,9.mlp.32150,9,mlp,466,5
5900,2.resid.6184,2,resid,170,50
5901,9.mlp.18921,9,mlp,352,8
5902,2.resid.25407,2,resid,138,18
5903,9.attn.1565,9,attn,530,14
5904,3.attn.26607,3,attn,191,0
5905,9.attn.38469,9,attn,318,1
5906,3.attn.15358,3,attn,145,0
5907,9.attn.13386,9,attn,618,32
5908,3.attn.37487,3,attn,194,0
5909,9.attn.39701,9,attn,323,22
5910,3.attn.2736,3,attn,146,13
5911,9.attn.17956,9,attn,715,13
5912,3.attn.20501,3,attn,76,0
5913,9.attn.16225,9,attn,411,28
5914,9.attn.23636,9,attn,453,5
5915,3.attn.24042,3,attn,218,0
5916,9.attn.28114,9,attn,670,26
5917,9.attn.8483,9,attn,291,9
5918,3.attn.24814,3,attn,192,0
5919,9.attn.20066,9,attn,309,1
5920,9.attn.13911,9,attn,299,1
5921,3.attn.33359,3,attn,167,0
5922,9.attn.27179,9,attn,926,16
5923,3.attn.15935,3,attn,189,2
5924,9.attn.5011,9,attn,339,1
5925,3.attn.17002,3,attn,282,0
5926,9.attn.21801,9,attn,348,14
5927,3.attn.40956,3,attn,120,2
5928,9.attn.25064,9,attn,288,1
5929,9.attn.12987,9,attn,318,14
5930,3.attn.36623,3,attn,286,0
5931,9.attn.27361,9,attn,258,1
5932,9.attn.29578,9,attn,594,14
5933,3.attn.24812,3,attn,250,23
5934,9.attn.26182,9,attn,349,27
5935,3.attn.37531,3,attn,302,0
5936,9.attn.14193,9,attn,414,1
5937,3.attn.36343,3,attn,136,0
5938,9.attn.15988,9,attn,285,1
5939,9.attn.38694,9,attn,224,0
5940,11.resid.580,11,resid,438,4
5941,0.mlp.12,0,mlp,22,616
5942,11.resid.12730,11,resid,220,4
5943,0.mlp.37367,0,mlp,23,617
5944,11.resid.16250,11,resid,646,21
5945,0.mlp.38892,0,mlp,81,7
5946,11.resid.12550,11,resid,450,4
5947,0.mlp.24586,0,mlp,43,618
5948,11.resid.26271,11,resid,424,4
5949,0.mlp.24064,0,mlp,13,619
5950,11.resid.35187,11,resid,575,23
5951,0.mlp.31504,0,mlp,16,620
5952,11.resid.37482,11,resid,568,16
5953,0.mlp.11233,0,mlp,45,621
5954,11.resid.2598,11,resid,425,4
5955,0.mlp.37027,0,mlp,16,622
5956,11.resid.23865,11,resid,479,4
5957,0.mlp.27420,0,mlp,15,1
5958,11.resid.29389,11,resid,281,37
5959,0.mlp.28866,0,mlp,16,70
5960,11.resid.29034,11,resid,529,12
5961,0.mlp.1997,0,mlp,6,623
5962,11.resid.25040,11,resid,489,4
5963,0.mlp.7676,0,mlp,12,624
5964,11.resid.17399,11,resid,423,4
5965,0.mlp.24894,0,mlp,42,625
5966,11.resid.35395,11,resid,447,4
5967,0.mlp.19235,0,mlp,20,2
5968,11.resid.40042,11,resid,336,19
5969,0.mlp.15771,0,mlp,14,2
5970,11.resid.38102,11,resid,746,37
5971,0.mlp.5526,0,mlp,12,626
5972,11.resid.5209,11,resid,756,0
5973,0.mlp.22571,0,mlp,32,627
5974,11.resid.13543,11,resid,612,4
5975,0.mlp.3957,0,mlp,47,34
5976,11.resid.12948,11,resid,573,48
5977,0.mlp.5532,0,mlp,13,628
5978,11.resid.2434,11,resid,455,4
5979,0.mlp.15262,0,mlp,23,629
5980,11.resid.4398,11,resid,525,3
5981,0.mlp.13599,0,mlp,10,6
5982,11.resid.615,11,resid,669,28
5983,0.mlp.2386,0,mlp,34,630
5984,11.resid.17596,11,resid,705,19
5985,0.mlp.39209,0,mlp,13,631
5986,11.resid.17270,11,resid,476,5
5987,0.mlp.32799,0,mlp,7,632
5988,11.resid.14508,11,resid,513,4
5989,0.mlp.28843,0,mlp,45,633
5990,11.resid.7787,11,resid,428,24
5991,0.mlp.3674,0,mlp,9,634
5992,11.resid.17385,11,resid,730,21
5993,0.mlp.7434,0,mlp,40,635
5994,11.resid.28910,11,resid,445,6
5995,0.resid.13229,0,resid,15,23
5996,11.mlp.17563,11,mlp,617,20
5997,0.resid.23456,0,resid,17,636
5998,11.mlp.15998,11,mlp,633,0
5999,0.resid.38309,0,resid,42,40
6000,11.mlp.40550,11,mlp,635,1
6001,0.resid.12524,0,resid,26,638
6002,11.mlp.36130,11,mlp,621,18
6003,0.resid.32194,0,resid,19,639
6004,11.mlp.16880,11,mlp,590,17
6005,0.resid.28475,0,resid,141,33
6006,11.mlp.28897,11,mlp,643,6
6007,0.resid.27731,0,resid,21,25
6008,11.mlp.10053,11,mlp,478,20
6009,0.resid.40936,0,resid,28,5
6010,11.mlp.16843,11,mlp,452,26
6011,0.resid.5617,0,resid,16,640
6012,11.mlp.10440,11,mlp,429,12
6013,0.resid.17027,0,resid,11,641
6014,11.mlp.22709,11,mlp,470,29
6015,0.resid.7207,0,resid,64,6
6016,11.mlp.35247,11,mlp,515,84
6017,0.resid.29342,0,resid,55,62
6018,11.mlp.40806,11,mlp,338,20
6019,0.resid.2647,0,resid,183,7
6020,11.mlp.40704,11,mlp,441,69
6021,0.resid.24108,0,resid,11,6
6022,11.mlp.33597,11,mlp,395,5
6023,0.resid.33944,0,resid,13,642
6024,11.mlp.7161,11,mlp,250,13
6025,0.resid.17053,0,resid,23,643
6026,11.mlp.9357,11,mlp,364,3
6027,0.resid.4460,0,resid,66,6
6028,11.mlp.28678,11,mlp,351,10
6029,0.resid.16758,0,resid,27,644
6030,11.mlp.25869,11,mlp,308,55
6031,0.resid.36742,0,resid,22,645
6032,11.mlp.27518,11,mlp,627,41
6033,0.resid.8256,0,resid,26,17
6034,11.mlp.35518,11,mlp,774,20
6035,0.resid.30626,0,resid,51,7
6036,11.mlp.22010,11,mlp,340,4
6037,0.resid.33004,0,resid,99,3
6038,11.mlp.18368,11,mlp,257,11
6039,0.resid.6826,0,resid,52,17
6040,11.mlp.36945,11,mlp,332,24
6041,0.resid.21389,0,resid,34,2
6042,11.mlp.24195,11,mlp,443,61
6043,0.resid.1466,0,resid,126,7
6044,11.mlp.27241,11,mlp,508,22
6045,0.resid.19517,0,resid,50,51
6046,11.mlp.1887,11,mlp,496,60
6047,0.resid.35571,0,resid,51,3
6048,11.mlp.26704,11,mlp,703,2
6049,0.resid.11798,0,resid,22,646
6050,11.mlp.20694,11,mlp,273,17
6051,0.resid.16137,0,resid,19,3
6052,11.mlp.9005,11,mlp,540,5
6053,11.attn.36260,11,attn,422,1
6054,11.attn.3836,11,attn,329,11
6055,1.attn.16628,1,attn,45,23
6056,11.attn.27353,11,attn,220,16
6057,11.attn.2550,11,attn,844,0
6058,1.attn.39739,1,attn,34,647
6059,11.attn.40894,11,attn,353,1
6060,11.attn.24667,11,attn,239,1
6061,11.attn.33607,11,attn,782,13
6062,1.attn.36850,1,attn,62,83
6063,11.attn.19848,11,attn,440,1
6064,1.attn.24381,1,attn,137,3
6065,11.attn.33907,11,attn,387,1
6066,11.attn.1688,11,attn,190,11
6067,11.attn.16424,11,attn,329,43
6068,11.attn.31230,11,attn,325,4
6069,1.attn.4800,1,attn,77,9
6070,11.attn.11049,11,attn,551,14
6071,1.attn.36136,1,attn,66,0
6072,11.attn.22433,11,attn,393,14
6073,11.attn.31118,11,attn,266,4
6074,11.attn.20405,11,attn,976,0
6075,11.attn.10346,11,attn,484,5
6076,11.attn.26714,11,attn,365,1
6077,11.attn.29623,11,attn,660,8
6078,11.attn.5605,11,attn,400,1
6079,1.attn.37072,1,attn,444,21
6080,11.attn.22333,11,attn,353,9
6081,11.attn.20202,11,attn,1377,1
6082,1.attn.4542,1,attn,84,21
6083,11.attn.1669,11,attn,790,10
6084,11.attn.4155,11,attn,323,1
6085,11.attn.4800,11,attn,402,14
6086,11.attn.4104,11,attn,627,3
6087,1.attn.35263,1,attn,85,6
6088,11.attn.31080,11,attn,248,1
6089,1.mlp.22684,1,mlp,78,20
6090,10.resid.9078,10,resid,642,3
6091,1.mlp.37841,1,mlp,248,0
6092,10.resid.10682,10,resid,663,9
6093,1.mlp.35903,1,mlp,142,8
6094,10.resid.17458,10,resid,355,8
6095,1.mlp.24955,1,mlp,85,2
6096,10.resid.13011,10,resid,611,35
6097,1.mlp.9316,1,mlp,116,2
6098,10.resid.31687,10,resid,339,13
6099,1.mlp.2013,1,mlp,150,2
6100,10.resid.17538,10,resid,559,15
6101,1.mlp.29680,1,mlp,135,2
6102,10.resid.21578,10,resid,701,31
6103,1.mlp.17515,1,mlp,86,3
6104,10.resid.13434,10,resid,242,12
6105,1.mlp.28494,1,mlp,51,7
6106,10.resid.2291,10,resid,348,41
6107,1.mlp.30200,1,mlp,77,35
6108,10.resid.34531,10,resid,671,75
6109,1.mlp.8672,1,mlp,99,42
6110,10.resid.14582,10,resid,592,13
6111,1.mlp.30841,1,mlp,154,30
6112,10.resid.39536,10,resid,796,22
6113,1.mlp.22065,1,mlp,149,8
6114,10.resid.3932,10,resid,585,30
6115,1.mlp.39204,1,mlp,125,12
6116,10.resid.10981,10,resid,607,13
6117,1.mlp.7300,1,mlp,98,6
6118,10.resid.1025,10,resid,674,15
6119,1.mlp.11152,1,mlp,207,48
6120,10.resid.22634,10,resid,542,20
6121,1.mlp.22316,1,mlp,163,3
6122,10.resid.38801,10,resid,389,5
6123,1.mlp.5067,1,mlp,173,28
6124,10.resid.39235,10,resid,627,3
6125,1.mlp.21971,1,mlp,157,2
6126,10.resid.35455,10,resid,617,10
6127,1.mlp.7584,1,mlp,123,31
6128,10.resid.3832,10,resid,828,1
6129,1.mlp.9212,1,mlp,93,52
6130,10.resid.18974,10,resid,738,2
6131,1.mlp.32151,1,mlp,88,30
6132,10.resid.21476,10,resid,678,7
6133,1.mlp.25414,1,mlp,156,19
6134,10.resid.30639,10,resid,594,13
6135,1.mlp.8945,1,mlp,112,2
6136,10.resid.10617,10,resid,637,20
6137,1.mlp.26891,1,mlp,197,0
6138,10.resid.22529,10,resid,844,1
6139,1.mlp.13033,1,mlp,175,3
6140,10.resid.4932,10,resid,462,10
6141,1.mlp.8307,1,mlp,201,12
6142,10.resid.36687,10,resid,381,18
6143,1.mlp.9271,1,mlp,60,52
6144,10.resid.16180,10,resid,649,0
6145,1.mlp.23494,1,mlp,115,2
6146,10.mlp.40593,10,mlp,350,5
6147,1.resid.28840,1,resid,55,31
6148,10.mlp.40747,10,mlp,707,10
6149,1.resid.28378,1,resid,72,2
6150,10.mlp.19823,10,mlp,527,32
6151,1.resid.1388,1,resid,183,2
6152,10.mlp.27600,10,mlp,303,25
6153,1.resid.36969,1,resid,59,4
6154,10.mlp.34305,10,mlp,553,7
6155,1.resid.23300,1,resid,156,0
6156,10.mlp.16803,10,mlp,381,24
6157,1.resid.22638,1,resid,100,6
6158,10.mlp.2239,10,mlp,440,250
6159,1.resid.30088,1,resid,116,2
6160,10.mlp.8147,10,mlp,326,32
6161,1.resid.8049,1,resid,122,19
6162,10.mlp.23438,10,mlp,457,3
6163,1.resid.26823,1,resid,64,2
6164,10.mlp.31101,10,mlp,481,18
6165,1.resid.26153,1,resid,137,3
6166,10.mlp.11420,10,mlp,345,27
6167,1.resid.20036,1,resid,84,9
6168,10.mlp.8726,10,mlp,415,5
6169,1.resid.33311,1,resid,80,3
6170,10.mlp.22370,10,mlp,587,33
6171,1.resid.34370,1,resid,104,2
6172,10.mlp.22865,10,mlp,417,34
6173,1.resid.1252,1,resid,42,63
6174,10.mlp.1809,10,mlp,396,10
6175,1.resid.25906,1,resid,89,3
6176,10.mlp.18744,10,mlp,414,69
6177,1.resid.35524,1,resid,95,6
6178,10.mlp.13640,10,mlp,499,10
6179,1.resid.14469,1,resid,84,52
6180,10.mlp.34164,10,mlp,442,750
6181,1.resid.3294,1,resid,86,2
6182,10.mlp.24352,10,mlp,470,26
6183,1.resid.26383,1,resid,49,15
6184,10.mlp.88,10,mlp,520,8
6185,1.resid.11264,1,resid,121,7
6186,10.mlp.9566,10,mlp,523,52
6187,1.resid.22995,1,resid,88,17
6188,10.mlp.21343,10,mlp,665,21
6189,1.resid.34718,1,resid,59,24
6190,10.mlp.14009,10,mlp,518,34
6191,1.resid.2392,1,resid,47,34
6192,10.mlp.33416,10,mlp,771,3
6193,1.resid.32005,1,resid,108,3
6194,10.mlp.7423,10,mlp,511,9
6195,1.resid.24433,1,resid,59,7
6196,10.mlp.11900,10,mlp,581,8
6197,1.resid.27961,1,resid,141,26
6198,10.mlp.12152,10,mlp,431,20
6199,1.resid.38677,1,resid,146,51
6200,10.mlp.32948,10,mlp,473,50
6201,1.resid.31976,1,resid,149,2
6202,10.mlp.30200,10,mlp,366,15
6203,2.attn.11647,2,attn,99,19
6204,10.attn.26748,10,attn,351,1
6205,2.attn.7717,2,attn,146,41
6206,10.attn.39243,10,attn,1326,0
6207,2.attn.12562,2,attn,161,33
6208,10.attn.25658,10,attn,583,17
6209,10.attn.3891,10,attn,630,14
6210,2.attn.7809,2,attn,130,38
6211,10.attn.28037,10,attn,514,5
6212,10.attn.32863,10,attn,594,9
6213,2.attn.3090,2,attn,74,0
6214,10.attn.14975,10,attn,584,14
6215,10.attn.16498,10,attn,523,13
6216,2.attn.21907,2,attn,187,0
6217,10.attn.37661,10,attn,313,14
6218,2.attn.26317,2,attn,118,5
6219,10.attn.18666,10,attn,306,1
6220,2.attn.28038,2,attn,53,1
6221,10.attn.16564,10,attn,359,1
6222,2.attn.11691,2,attn,155,0
6223,10.attn.30832,10,attn,345,1
6224,10.attn.18974,10,attn,511,8
6225,2.attn.27390,2,attn,121,12
6226,10.attn.34775,10,attn,655,29
6227,2.attn.10781,2,attn,168,0
6228,10.attn.20502,10,attn,300,16
6229,2.attn.4433,2,attn,188,0
6230,10.attn.20340,10,attn,446,1
6231,10.attn.25889,10,attn,575,9
6232,10.attn.20464,10,attn,453,5
6233,10.attn.35582,10,attn,781,17
6234,10.attn.30082,10,attn,147,11
6235,2.attn.25361,2,attn,149,10
6236,10.attn.8882,10,attn,206,13
6237,2.attn.5960,2,attn,142,7
6238,10.attn.5552,10,attn,204,5
6239,2.attn.11783,2,attn,226,0
6240,10.attn.39087,10,attn,962,1
6241,2.attn.17956,2,attn,145,9
6242,10.attn.14869,10,attn,285,1
6243,2.attn.30982,2,attn,152,3
6244,10.attn.5975,10,attn,883,1
6245,2.attn.8864,2,attn,148,0
6246,10.attn.30833,10,attn,824,14
6247,2.attn.20804,2,attn,180,0
6248,10.attn.4238,10,attn,295,14
6249,2.attn.28244,2,attn,141,0
6250,2.attn.12596,2,attn,113,34
6251,9.resid.7278,9,resid,598,2
6252,2.mlp.20459,2,mlp,212,3
6253,9.resid.2090,9,resid,630,6
6254,2.mlp.17438,2,mlp,69,650
6255,9.resid.2445,9,resid,566,18
6256,2.mlp.11003,2,mlp,197,2
6257,9.resid.15432,9,resid,474,6
6258,2.mlp.35268,2,mlp,205,62
6259,9.resid.16239,9,resid,435,12
6260,2.mlp.1636,2,mlp,143,18
6261,9.resid.27134,9,resid,719,5
6262,2.mlp.27423,2,mlp,166,14
6263,9.resid.30218,9,resid,474,18
6264,2.mlp.23853,2,mlp,136,17
6265,9.resid.16371,9,resid,533,32
6266,2.mlp.29792,2,mlp,246,6
6267,9.resid.16580,9,resid,641,2
6268,2.mlp.9228,2,mlp,155,22
6269,9.resid.1476,9,resid,550,7
6270,2.mlp.13016,2,mlp,297,2
6271,9.resid.1019,9,resid,376,9
6272,2.mlp.33203,2,mlp,217,21
6273,9.resid.24355,9,resid,551,21
6274,2.mlp.4806,2,mlp,260,42
6275,9.resid.29678,9,resid,451,9
6276,2.mlp.37550,2,mlp,163,3
6277,9.resid.36977,9,resid,241,5
6278,2.mlp.3738,2,mlp,306,0
6279,9.resid.12209,9,resid,594,6
6280,2.mlp.29869,2,mlp,284,6
6281,9.resid.21562,9,resid,374,12
6282,2.mlp.39528,2,mlp,114,2
6283,9.resid.15165,9,resid,597,1
6284,2.mlp.32274,2,mlp,225,6
6285,9.resid.6776,9,resid,475,13
6286,2.mlp.31229,2,mlp,165,30
6287,9.resid.40851,9,resid,467,9
6288,2.mlp.683,2,mlp,208,0
6289,9.resid.15911,9,resid,961,0
6290,2.mlp.32433,2,mlp,187,13
6291,9.resid.39359,9,resid,475,88
6292,2.mlp.5496,2,mlp,107,12
6293,9.resid.39581,9,resid,470,5
6294,2.mlp.17066,2,mlp,193,2
6295,9.resid.26985,9,resid,381,15
6296,2.mlp.13469,2,mlp,227,29
6297,9.resid.14448,9,resid,598,9
6298,2.mlp.16458,2,mlp,127,3
6299,9.resid.29978,9,resid,741,7
6300,2.mlp.23594,2,mlp,150,28
6301,9.resid.2450,9,resid,516,8
6302,2.mlp.22598,2,mlp,251,20
6303,9.resid.13944,9,resid,686,1
6304,2.mlp.13479,2,mlp,246,53
6305,9.resid.1962,9,resid,515,9
6306,2.mlp.12122,2,mlp,224,8
6307,9.resid.17853,9,resid,363,19
6308,2.resid.11721,2,resid,140,44
6309,9.mlp.328,9,mlp,437,759
6310,2.resid.13559,2,resid,155,9
6311,9.mlp.35918,9,mlp,346,19
6312,2.resid.28915,2,resid,98,31
6313,9.mlp.17698,9,mlp,332,12
6314,2.resid.17334,2,resid,240,2
6315,9.mlp.20970,9,mlp,570,8
6316,2.resid.10839,2,resid,215,17
6317,9.mlp.6378,9,mlp,422,21
6318,2.resid.25742,2,resid,174,2
6319,9.mlp.25461,9,mlp,469,9
6320,2.resid.22841,2,resid,180,8
6321,9.mlp.18662,9,mlp,652,3
6322,2.resid.29441,2,resid,117,3
6323,9.mlp.20960,9,mlp,478,10
6324,2.resid.15723,2,resid,141,2
6325,9.mlp.2091,9,mlp,435,10
6326,2.resid.9614,2,resid,128,35
6327,9.mlp.11349,9,mlp,657,73
6328,2.resid.7959,2,resid,205,2
6329,9.mlp.1431,9,mlp,610,3
6330,2.resid.17257,2,resid,120,2
6331,9.mlp.15520,9,mlp,410,10
6332,2.resid.27585,2,resid,61,6
6333,9.mlp.8867,9,mlp,360,25
6334,2.resid.25319,2,resid,99,18
6335,9.mlp.11429,9,mlp,408,12
6336,2.resid.30176,2,resid,118,2
6337,9.mlp.21132,9,mlp,600,460
6338,2.resid.8145,2,resid,121,30
6339,9.mlp.18951,9,mlp,538,10
6340,2.resid.16602,2,resid,184,23
6341,9.mlp.18652,9,mlp,434,573
6342,2.resid.15846,2,resid,208,0
6343,9.mlp.28341,9,mlp,608,19
6344,2.resid.3094,2,resid,96,651
6345,9.mlp.21702,9,mlp,558,13
6346,2.resid.3558,2,resid,191,21
6347,9.mlp.5042,9,mlp,407,8
6348,2.resid.3692,2,resid,225,0
6349,9.mlp.13833,9,mlp,694,0
6350,2.resid.11208,2,resid,68,55
6351,9.mlp.10053,9,mlp,468,3
6352,2.resid.33130,2,resid,128,10
6353,9.mlp.27041,9,mlp,436,28
6354,2.resid.652,2,resid,151,21
6355,9.mlp.21377,9,mlp,479,9
6356,2.resid.14342,2,resid,170,64
6357,9.mlp.27020,9,mlp,370,14
6358,2.resid.22163,2,resid,220,0
6359,9.mlp.24344,9,mlp,346,36
6360,2.resid.15029,2,resid,200,2
6361,9.mlp.38270,9,mlp,468,2
6362,2.resid.25667,2,resid,164,12
6363,9.mlp.12753,9,mlp,450,758
6364,2.resid.10272,2,resid,123,3
6365,9.attn.12375,9,attn,672,5
6366,9.attn.27652,9,attn,470,12
6367,3.attn.33051,3,attn,182,71
6368,9.attn.26659,9,attn,209,8
6369,9.attn.36004,9,attn,180,11
6370,3.attn.1679,3,attn,209,0
6371,9.attn.4504,9,attn,469,8
6372,3.attn.4885,3,attn,146,0
6373,9.attn.10510,9,attn,198,1
6374,3.attn.38346,3,attn,112,4
6375,9.attn.14171,9,attn,564,1
6376,3.attn.12305,3,attn,182,0
6377,9.attn.11004,9,attn,583,7
6378,9.attn.40888,9,attn,700,0
6379,3.attn.23343,3,attn,226,3
6380,9.attn.6792,9,attn,834,57
6381,3.attn.20946,3,attn,364,0
6382,9.attn.30659,9,attn,462,8
6383,3.attn.24259,3,attn,172,0
6384,9.attn.13000,9,attn,533,1
6385,3.attn.4517,3,attn,153,5
6386,9.attn.12668,9,attn,852,0
6387,3.attn.38734,3,attn,144,30
6388,9.attn.38652,9,attn,269,27
6389,3.attn.26841,3,attn,276,0
6390,9.attn.9582,9,attn,778,14
6391,3.attn.20477,3,attn,155,0
6392,9.attn.17553,9,attn,476,28
6393,3.attn.32863,3,attn,276,0
6394,9.attn.30395,9,attn,364,14
6395,3.attn.30304,3,attn,145,83
6396,9.attn.25710,9,attn,669,14
6397,3.attn.39632,3,attn,301,0
6398,9.attn.38729,9,attn,231,1
6399,3.attn.29509,3,attn,346,0
6400,0.mlp.36144,0,mlp,12,652
6401,11.resid.36549,11,resid,436,4
6402,0.mlp.34295,0,mlp,4,653
6403,11.resid.26806,11,resid,565,8
6404,0.mlp.8681,0,mlp,16,654
6405,11.resid.25071,11,resid,620,3
6406,0.mlp.26260,0,mlp,21,655
6407,11.resid.27792,11,resid,202,8
6408,0.mlp.39313,0,mlp,22,656
6409,11.resid.9812,11,resid,323,4
6410,0.mlp.2759,0,mlp,12,657
6411,11.resid.15045,11,resid,849,4
6412,0.mlp.37491,0,mlp,14,658
6413,11.resid.38826,11,resid,509,4
6414,0.mlp.916,0,mlp,20,659
6415,11.resid.27269,11,resid,925,4
6416,0.mlp.9934,0,mlp,8,660
6417,11.resid.16455,11,resid,278,1
6418,0.mlp.35913,0,mlp,18,2
6419,11.resid.39121,11,resid,552,4
6420,0.mlp.39329,0,mlp,14,4
6421,11.resid.8964,11,resid,326,4
6422,0.mlp.7516,0,mlp,7,661
6423,11.resid.28811,11,resid,447,21
6424,0.mlp.1566,0,mlp,14,662
6425,11.resid.30587,11,resid,273,10
6426,0.mlp.38274,0,mlp,20,663
6427,11.resid.15437,11,resid,426,4
6428,0.mlp.401,0,mlp,27,664
6429,11.resid.18681,11,resid,460,26
6430,0.mlp.37185,0,mlp,14,665
6431,11.resid.6856,11,resid,562,23
6432,0.mlp.28453,0,mlp,57,7
6433,11.resid.6511,11,resid,438,3
6434,0.mlp.6176,0,mlp,13,12
6435,11.resid.16485,11,resid,540,16
6436,0.mlp.14799,0,mlp,14,666
6437,11.resid.5065,11,resid,650,4
6438,0.mlp.39894,0,mlp,26,667
6439,11.resid.25925,11,resid,354,4
6440,0.mlp.8297,0,mlp,35,6
6441,11.resid.4674,11,resid,239,4
6442,0.mlp.37929,0,mlp,16,28
6443,11.resid.14483,11,resid,441,9
6444,0.mlp.18039,0,mlp,18,6
6445,11.resid.17397,11,resid,519,29
6446,0.mlp.233,0,mlp,94,5
6447,11.resid.16872,11,resid,405,18
6448,0.mlp.14720,0,mlp,22,668
6449,11.resid.14145,11,resid,257,4
6450,0.mlp.27898,0,mlp,39,669
6451,11.resid.10817,11,resid,544,34
6452,0.mlp.11201,0,mlp,26,19
6453,11.resid.22570,11,resid,349,25
6454,0.mlp.38172,0,mlp,20,671
6455,11.resid.40447,11,resid,199,4
6456,0.resid.15108,0,resid,14,672
6457,11.mlp.18156,11,mlp,567,2
6458,0.resid.13036,0,resid,15,2
6459,11.mlp.27190,11,mlp,516,539
6460,0.resid.39756,0,resid,27,2
6461,11.mlp.21730,11,mlp,571,16
6462,0.resid.35455,0,resid,21,673
6463,11.mlp.1254,11,mlp,258,25
6464,0.resid.10821,0,resid,39,62
6465,11.mlp.35602,11,mlp,650,9
6466,0.resid.16705,0,resid,66,48
6467,11.mlp.23665,11,mlp,672,23
6468,0.resid.28812,0,resid,103,12
6469,11.mlp.35540,11,mlp,444,253
6470,0.resid.6237,0,resid,82,8
6471,11.mlp.6433,11,mlp,341,16
6472,0.resid.16698,0,resid,43,6
6473,11.mlp.40579,11,mlp,616,23
6474,0.resid.26357,0,resid,219,7
6475,11.mlp.29909,11,mlp,558,43
6476,0.resid.20685,0,resid,88,675
6477,11.mlp.522,11,mlp,447,13
6478,0.resid.5911,0,resid,60,21
6479,11.mlp.5473,11,mlp,592,47
6480,0.resid.28409,0,resid,81,50
6481,11.mlp.436,11,mlp,648,9
6482,0.resid.20059,0,resid,230,11
6483,11.mlp.6765,11,mlp,544,37
6484,0.resid.11781,0,resid,34,7
6485,11.mlp.17554,11,mlp,440,20
6486,0.resid.30726,0,resid,64,7
6487,11.mlp.40787,11,mlp,763,24
6488,0.resid.25124,0,resid,12,676
6489,11.mlp.29881,11,mlp,533,32
6490,0.resid.32975,0,resid,27,71
6491,11.mlp.23741,11,mlp,487,33
6492,0.resid.34590,0,resid,15,677
6493,11.mlp.14840,11,mlp,534,344
6494,0.resid.21989,0,resid,17,678
6495,11.mlp.12573,11,mlp,861,32
6496,0.resid.3221,0,resid,88,679
6497,11.mlp.28208,11,mlp,662,59
6498,0.resid.13158,0,resid,162,29
6499,11.mlp.30001,11,mlp,580,2
6500,0.resid.3940,0,resid,45,0
6501,11.mlp.31056,11,mlp,435,2
6502,0.resid.30450,0,resid,82,11
6503,11.mlp.39072,11,mlp,807,33
6504,0.resid.20345,0,resid,61,2
6505,11.mlp.1883,11,mlp,448,670
6506,0.resid.27340,0,resid,11,680
6507,11.mlp.36517,11,mlp,487,3
6508,0.resid.36600,0,resid,17,681
6509,11.mlp.16211,11,mlp,388,18
6510,0.resid.26862,0,resid,27,682
6511,11.mlp.8839,11,mlp,254,12
6512,0.resid.7434,0,resid,28,21
6513,11.mlp.17013,11,mlp,517,10
6514,11.attn.4679,11,attn,407,18
6515,11.attn.27270,11,attn,364,1
6516,11.attn.28428,11,attn,618,4
6517,11.attn.8374,11,attn,566,1
6518,1.attn.38611,1,attn,64,13
6519,11.attn.16989,11,attn,815,1
6520,11.attn.33870,11,attn,214,2
6521,11.attn.2640,11,attn,936,1
6522,11.attn.32332,11,attn,316,1
6523,11.attn.31698,11,attn,432,1
6524,1.attn.13985,1,attn,75,16
6525,11.attn.38390,11,attn,326,1
6526,11.attn.39979,11,attn,652,14
6527,1.attn.40307,1,attn,87,20
6528,11.attn.26000,11,attn,291,14
6529,11.attn.31557,11,attn,363,1
6530,11.attn.4122,11,attn,434,14
6531,11.attn.40102,11,attn,362,1
6532,11.attn.773,11,attn,883,14
6533,11.attn.30684,11,attn,392,11
6534,11.attn.28119,11,attn,394,1
6535,1.attn.22875,1,attn,60,42
6536,11.attn.18935,11,attn,661,18
6537,1.attn.5781,1,attn,83,11
6538,11.attn.3678,11,attn,473,54
6539,11.attn.17828,11,attn,578,14
6540,1.attn.35831,1,attn,119,2
6541,11.attn.36757,11,attn,517,14
6542,1.attn.4323,1,attn,50,684
6543,11.attn.31650,11,attn,218,14
6544,11.attn.17218,11,attn,711,14
6545,1.attn.19201,1,attn,141,37
6546,11.attn.8863,11,attn,306,1
6547,1.attn.28703,1,attn,88,3
6548,11.attn.28014,11,attn,503,25
6549,11.attn.9984,11,attn,611,24
6550,1.mlp.33441,1,mlp,190,31
6551,10.resid.11024,10,resid,201,5
6552,1.mlp.6156,1,mlp,148,2
6553,10.resid.40226,10,resid,709,34
6554,1.mlp.36546,1,mlp,201,3
6555,10.resid.30349,10,resid,521,24
6556,1.mlp.2193,1,mlp,137,3
6557,10.resid.14611,10,resid,376,15
6558,1.mlp.17816,1,mlp,273,3
6559,10.resid.73,10,resid,569,22
6560,1.mlp.37214,1,mlp,82,41
6561,10.resid.18513,10,resid,323,17
6562,1.mlp.28429,1,mlp,95,6
6563,10.resid.18145,10,resid,672,1
6564,1.mlp.5168,1,mlp,93,6
6565,10.resid.3757,10,resid,427,34
6566,1.mlp.35165,1,mlp,138,37
6567,10.resid.29270,10,resid,431,8
6568,1.mlp.12112,1,mlp,96,2
6569,10.resid.25765,10,resid,420,13
6570,1.mlp.29488,1,mlp,86,6
6571,10.resid.1625,10,resid,471,66
6572,1.mlp.27859,1,mlp,67,31
6573,10.resid.22758,10,resid,561,50
6574,1.mlp.22503,1,mlp,96,9
6575,10.resid.11089,10,resid,695,18
6576,1.mlp.20390,1,mlp,107,2
6577,10.resid.26862,10,resid,719,73
6578,1.mlp.18697,1,mlp,219,3
6579,10.resid.21672,10,resid,566,8
6580,1.mlp.36185,1,mlp,134,6
6581,10.resid.2581,10,resid,711,38
6582,1.mlp.35584,1,mlp,111,0
6583,10.resid.28325,10,resid,421,21
6584,1.mlp.29550,1,mlp,105,74
6585,10.resid.11684,10,resid,544,15
6586,1.mlp.7147,1,mlp,75,6
6587,10.resid.2500,10,resid,575,41
6588,1.mlp.12781,1,mlp,135,0
6589,10.resid.8183,10,resid,632,1
6590,1.mlp.28188,1,mlp,277,2
6591,10.resid.40782,10,resid,1380,0
6592,1.mlp.28328,1,mlp,178,2
6593,10.resid.17493,10,resid,458,8
6594,1.mlp.14660,1,mlp,303,6
6595,10.resid.38616,10,resid,657,11
6596,1.mlp.32750,1,mlp,123,6
6597,10.resid.21445,10,resid,842,1
6598,1.mlp.30536,1,mlp,179,9
6599,10.resid.33059,10,resid,638,1
6600,1.mlp.38376,1,mlp,143,45
6601,10.resid.36024,10,resid,436,1
6602,1.mlp.16608,1,mlp,103,19
6603,10.resid.30389,10,resid,765,21
6604,1.mlp.31816,1,mlp,143,21
6605,10.resid.27858,10,resid,220,27
6606,1.mlp.10877,1,mlp,135,2
6607,10.mlp.9846,10,mlp,616,0
6608,1.resid.33344,1,resid,73,2
6609,10.mlp.29892,10,mlp,499,13
6610,1.resid.39115,1,resid,52,687
6611,10.mlp.16234,10,mlp,252,16
6612,1.resid.5767,1,resid,74,2
6613,10.mlp.26310,10,mlp,559,8
6614,1.resid.3669,1,resid,86,17
6615,10.mlp.22284,10,mlp,633,8
6616,1.resid.26862,1,resid,154,15
6617,10.mlp.17222,10,mlp,305,22
6618,1.resid.31813,1,resid,99,31
6619,10.mlp.35239,10,mlp,607,2
6620,1.resid.10961,1,resid,104,0
6621,10.mlp.4516,10,mlp,651,33
6622,1.resid.29552,1,resid,69,39
6623,10.mlp.26902,10,mlp,297,12
6624,1.resid.1070,1,resid,113,72
6625,10.mlp.39328,10,mlp,329,24
6626,1.resid.16916,1,resid,52,6
6627,10.mlp.26665,10,mlp,497,10
6628,1.resid.1656,1,resid,54,688
6629,10.mlp.4539,10,mlp,407,26
6630,1.resid.16843,1,resid,106,35
6631,10.mlp.31184,10,mlp,419,12
6632,1.resid.31599,1,resid,143,29
6633,10.mlp.4139,10,mlp,265,22
6634,1.resid.36165,1,resid,98,37
6635,10.mlp.3589,10,mlp,440,25
6636,1.resid.6367,1,resid,57,9
6637,10.mlp.5342,10,mlp,524,23
6638,1.resid.5989,1,resid,55,3
6639,10.mlp.233,10,mlp,373,1
6640,1.resid.28936,1,resid,154,3
6641,10.mlp.22850,10,mlp,654,16
6642,1.resid.2113,1,resid,135,0
6643,10.mlp.15966,10,mlp,427,17
6644,1.resid.9259,1,resid,81,26
6645,10.mlp.5255,10,mlp,432,5
6646,1.resid.12765,1,resid,80,2
6647,10.mlp.14251,10,mlp,645,18
6648,1.resid.2319,1,resid,115,67
6649,10.mlp.34381,10,mlp,382,8
6650,1.resid.23854,1,resid,79,0
6651,10.mlp.39429,10,mlp,622,753
6652,1.resid.27382,1,resid,112,13
6653,10.mlp.10600,10,mlp,642,0
6654,1.resid.2694,1,resid,157,41
6655,10.mlp.29429,10,mlp,514,23
6656,1.resid.9528,1,resid,118,8
6657,10.mlp.18623,10,mlp,581,15
6658,1.resid.17179,1,resid,119,0
6659,10.mlp.24032,10,mlp,502,25
6660,1.resid.19605,1,resid,89,15
6661,10.mlp.21922,10,mlp,614,19
6662,1.resid.505,1,resid,161,17
6663,10.mlp.13898,10,mlp,506,18
6664,2.attn.36705,2,attn,93,11
6665,10.attn.3325,10,attn,530,1
6666,2.attn.30902,2,attn,147,0
6667,10.attn.23631,10,attn,551,14
6668,10.attn.32535,10,attn,418,14
6669,2.attn.35948,2,attn,145,6
6670,10.attn.22980,10,attn,526,0
6671,10.attn.36348,10,attn,1310,0
6672,2.attn.31613,2,attn,86,28
6673,10.attn.4043,10,attn,257,1
6674,10.attn.21857,10,attn,1017,1
6675,2.attn.37882,2,attn,87,12
6676,10.attn.10039,10,attn,351,13
6677,2.attn.12564,2,attn,98,36
6678,10.attn.7490,10,attn,346,1
6679,10.attn.16990,10,attn,374,25
6680,10.attn.14721,10,attn,243,2
6681,10.attn.10922,10,attn,347,1
6682,2.attn.1292,2,attn,159,7
6683,10.attn.12179,10,attn,687,27
6684,10.attn.35681,10,attn,429,1
6685,10.attn.11472,10,attn,372,14
6686,10.attn.22152,10,attn,646,12
6687,2.attn.38404,2,attn,93,0
6688,10.attn.2652,10,attn,1138,0
6689,2.attn.18361,2,attn,92,45
6690,10.attn.6893,10,attn,223,1
6691,10.attn.16967,10,attn,563,1
6692,2.attn.8005,2,attn,163,0
6693,10.attn.29163,10,attn,343,1
6694,2.attn.7698,2,attn,287,3
6695,10.attn.8147,10,attn,907,0
6696,2.attn.7818,2,attn,122,0
6697,10.attn.35054,10,attn,1052,15
6698,2.attn.8165,2,attn,125,43
6699,10.attn.38662,10,attn,688,0
6700,2.attn.26993,2,attn,123,0
6701,10.attn.31179,10,attn,545,14
6702,2.attn.4200,2,attn,245,0
6703,10.attn.37890,10,attn,362,1
6704,2.attn.6780,2,attn,188,0
6705,10.attn.40750,10,attn,310,1
6706,2.attn.30377,2,attn,126,2
6707,10.attn.29046,10,attn,549,5
6708,2.attn.16854,2,attn,61,690
6709,10.attn.28374,10,attn,316,1
6710,2.attn.6898,2,attn,177,39
6711,9.resid.39902,9,resid,675,18
6712,2.mlp.33656,2,mlp,214,0
6713,9.resid.1457,9,resid,910,65
6714,2.mlp.32005,2,mlp,211,6
6715,9.resid.14083,9,resid,460,9
6716,2.mlp.23989,2,mlp,198,24
6717,9.resid.6500,9,resid,439,8
6718,2.mlp.20602,2,mlp,136,0
6719,9.resid.7981,9,resid,441,20
6720,2.mlp.5291,2,mlp,249,0
6721,9.resid.39054,9,resid,266,16
6722,2.mlp.351,2,mlp,175,0
6723,9.resid.1283,9,resid,225,20
6724,2.mlp.36639,2,mlp,117,3
6725,9.resid.20985,9,resid,722,1
6726,2.mlp.18100,2,mlp,151,6
6727,9.resid.5457,9,resid,341,9
6728,2.mlp.14137,2,mlp,203,8
6729,9.resid.33440,9,resid,830,1
6730,2.mlp.29836,2,mlp,179,0
6731,9.resid.40883,9,resid,402,19
6732,2.mlp.38839,2,mlp,396,3
6733,9.resid.26767,9,resid,433,15
6734,2.mlp.27692,2,mlp,231,21
6735,9.resid.8375,9,resid,644,43
6736,2.mlp.5714,2,mlp,251,2
6737,9.resid.12589,9,resid,275,16
6738,2.mlp.33685,2,mlp,225,2
6739,9.resid.31970,9,resid,613,15
6740,2.mlp.36637,2,mlp,173,10
6741,9.resid.5546,9,resid,851,1
6742,2.mlp.8386,2,mlp,229,36
6743,9.resid.216,9,resid,507,8
6744,2.mlp.40498,2,mlp,167,0
6745,9.resid.669,9,resid,839,1
6746,2.mlp.22125,2,mlp,170,6
6747,9.resid.11729,9,resid,560,10
6748,2.mlp.29755,2,mlp,279,7
6749,9.resid.11989,9,resid,735,15
6750,2.mlp.7047,2,mlp,291,6
6751,9.resid.12359,9,resid,673,7
6752,2.mlp.36048,2,mlp,295,2
6753,9.resid.2265,9,resid,729,1
6754,2.mlp.15303,2,mlp,153,2
6755,9.resid.36200,9,resid,614,19
6756,2.mlp.34099,2,mlp,285,2
6757,9.resid.2589,9,resid,508,27
6758,2.mlp.10166,2,mlp,209,3
6759,9.resid.11393,9,resid,687,11
6760,2.mlp.20525,2,mlp,158,3
6761,9.resid.18291,9,resid,640,33
6762,2.mlp.14289,2,mlp,209,6
6763,9.resid.8812,9,resid,504,36
6764,2.mlp.38531,2,mlp,235,29
6765,9.resid.103,9,resid,491,22
6766,2.mlp.1376,2,mlp,116,7
6767,9.resid.1422,9,resid,659,1
6768,2.resid.24196,2,resid,171,16
6769,9.mlp.39153,9,mlp,338,21
6770,2.resid.12567,2,resid,106,0
6771,9.mlp.4106,9,mlp,652,10
6772,2.resid.34900,2,resid,171,3
6773,9.mlp.39232,9,mlp,797,756
6774,2.resid.4537,2,resid,121,9
6775,9.mlp.17331,9,mlp,286,34
6776,2.resid.33377,2,resid,71,20
6777,9.mlp.37143,9,mlp,352,10
6778,2.resid.36332,2,resid,210,3
6779,9.mlp.38961,9,mlp,304,5
6780,2.resid.36280,2,resid,182,2
6781,9.mlp.6477,9,mlp,581,15
6782,2.resid.1411,2,resid,116,13
6783,9.mlp.5926,9,mlp,408,10
6784,2.resid.3059,2,resid,132,693
6785,9.mlp.39804,9,mlp,529,10
6786,2.resid.7490,2,resid,152,30
6787,9.mlp.39424,9,mlp,414,6
6788,2.resid.14885,2,resid,150,63
6789,9.mlp.17059,9,mlp,400,32
6790,2.resid.21577,2,resid,224,55
6791,9.mlp.40169,9,mlp,396,8
6792,2.resid.10084,2,resid,82,17
6793,9.mlp.37910,9,mlp,357,9
6794,2.resid.19285,2,resid,162,2
6795,9.mlp.14575,9,mlp,457,35
6796,2.resid.11645,2,resid,93,31
6797,9.mlp.7679,9,mlp,379,10
6798,2.resid.25181,2,resid,131,30
6799,9.mlp.2437,9,mlp,526,2
6800,2.resid.35446,2,resid,132,74
6801,9.mlp.11116,9,mlp,552,12
6802,2.resid.33953,2,resid,75,3
6803,9.mlp.20801,9,mlp,486,3
6804,2.resid.7957,2,resid,273,0
6805,9.mlp.32653,9,mlp,759,0
6806,2.resid.32203,2,resid,95,6
6807,9.mlp.15380,9,mlp,538,16
6808,2.resid.14280,2,resid,89,28
6809,9.mlp.1634,9,mlp,458,72
6810,2.resid.1916,2,resid,201,2
6811,9.mlp.17239,9,mlp,325,694
6812,2.resid.2043,2,resid,125,0
6813,9.mlp.6047,9,mlp,561,8
6814,2.resid.23488,2,resid,159,7
6815,9.mlp.7700,9,mlp,591,15
6816,2.resid.11204,2,resid,184,8
6817,9.mlp.33725,9,mlp,656,17
6818,2.resid.12492,2,resid,125,5
6819,9.mlp.16336,9,mlp,488,9
6820,2.resid.18685,2,resid,108,3
6821,9.mlp.2266,9,mlp,533,9
6822,2.resid.14799,2,resid,132,3
6823,9.mlp.30374,9,mlp,374,28
6824,3.attn.6103,3,attn,112,2
6825,9.attn.27701,9,attn,400,1
6826,3.attn.20646,3,attn,160,21
6827,9.attn.10968,9,attn,821,1
6828,3.attn.21982,3,attn,149,0
6829,9.attn.35746,9,attn,526,40
6830,3.attn.20302,3,attn,120,695
6831,9.attn.1417,9,attn,378,1
6832,3.attn.40128,3,attn,214,10
6833,9.attn.39372,9,attn,331,58
6834,3.attn.24038,3,attn,154,2
6835,9.attn.6774,9,attn,453,11
6836,3.attn.15959,3,attn,166,51
6837,9.attn.1433,9,attn,426,1
6838,3.attn.12726,3,attn,163,0
6839,9.attn.12503,9,attn,422,1
6840,3.attn.32109,3,attn,174,0
6841,9.attn.6123,9,attn,199,11
6842,3.attn.14602,3,attn,202,0
6843,9.attn.37145,9,attn,243,9
6844,3.attn.29386,3,attn,158,17
6845,9.attn.25774,9,attn,288,27
6846,3.attn.38484,3,attn,112,38
6847,9.attn.32507,9,attn,253,11
6848,3.attn.2255,3,attn,85,696
6849,9.attn.9874,9,attn,688,9
6850,11.resid.18069,11,resid,559,42
6851,0.mlp.15519,0,mlp,11,697
6852,11.resid.5431,11,resid,414,26
6853,0.mlp.25208,0,mlp,7,698
6854,11.resid.13458,11,resid,648,4
6855,0.mlp.5682,0,mlp,13,699
6856,11.resid.35298,11,resid,321,17
6857,0.mlp.12854,0,mlp,16,700
6858,11.resid.35116,11,resid,353,14
6859,0.mlp.3856,0,mlp,13,7
6860,11.resid.24825,11,resid,281,5
6861,0.mlp.23780,0,mlp,7,701
6862,11.resid.25315,11,resid,606,29
6863,0.mlp.29963,0,mlp,105,7
6864,11.resid.20821,11,resid,368,4
6865,0.mlp.12578,0,mlp,13,702
6866,11.resid.10995,11,resid,290,18
6867,0.mlp.29235,0,mlp,14,703
6868,11.resid.20130,11,resid,265,13
6869,0.mlp.25714,0,mlp,31,704
6870,11.resid.25238,11,resid,459,11
6871,0.mlp.15291,0,mlp,7,705
6872,11.resid.32323,11,resid,351,24
6873,0.mlp.22532,0,mlp,7,706
6874,11.resid.30456,11,resid,603,12
6875,0.mlp.17534,0,mlp,44,707
6876,11.resid.9691,11,resid,659,1
6877,0.mlp.3559,0,mlp,14,708
6878,11.resid.9729,11,resid,488,4
6879,0.mlp.40758,0,mlp,76,3
6880,11.resid.29161,11,resid,724,4
6881,0.mlp.24534,0,mlp,16,709
6882,11.resid.4157,11,resid,359,9
6883,0.mlp.36101,0,mlp,23,710
6884,11.resid.24969,11,resid,740,34
6885,0.mlp.21312,0,mlp,24,711
6886,11.resid.22737,11,resid,231,4
6887,0.mlp.14266,0,mlp,33,712
6888,11.resid.16233,11,resid,462,15
6889,0.mlp.13835,0,mlp,25,713
6890,11.resid.8296,11,resid,306,4
6891,0.mlp.26992,0,mlp,10,714
6892,11.resid.21660,11,resid,654,0
6893,0.mlp.30863,0,mlp,17,715
6894,11.resid.5325,11,resid,434,10
6895,0.mlp.10268,0,mlp,18,716
6896,11.resid.13314,11,resid,495,10
6897,0.mlp.23526,0,mlp,15,6
6898,11.resid.14503,11,resid,405,4
6899,0.mlp.30941,0,mlp,35,717
6900,11.resid.428,11,resid,368,4
6901,0.mlp.174,0,mlp,17,718
6902,11.resid.8601,11,resid,637,4
6903,0.mlp.6683,0,mlp,12,719
6904,11.resid.25380,11,resid,591,4
6905,0.resid.25609,0,resid,19,0
6906,11.mlp.14560,11,mlp,609,13
6907,0.resid.2057,0,resid,37,15
6908,11.mlp.20522,11,mlp,418,4
6909,0.resid.9538,0,resid,15,720
6910,11.mlp.25764,11,mlp,406,13
6911,0.resid.16896,0,resid,23,3
6912,11.mlp.40439,11,mlp,298,13
6913,0.resid.34830,0,resid,30,7
6914,11.mlp.35673,11,mlp,329,8
6915,0.resid.24412,0,resid,17,61
6916,11.mlp.36150,11,mlp,333,18
6917,0.resid.23442,0,resid,96,2
6918,11.mlp.21737,11,mlp,325,18
6919,0.resid.10090,0,resid,55,721
6920,11.mlp.30651,11,mlp,601,25
6921,0.resid.32324,0,resid,33,33
6922,11.mlp.30578,11,mlp,713,58
6923,0.resid.32098,0,resid,16,722
6924,11.mlp.40584,11,mlp,471,12
6925,0.resid.14820,0,resid,50,30
6926,11.mlp.4655,11,mlp,454,12
6927,0.resid.5243,0,resid,60,10
6928,11.mlp.18871,11,mlp,673,4
6929,0.resid.30386,0,resid,85,7
6930,11.mlp.1282,11,mlp,495,54
6931,0.resid.20862,0,resid,28,724
6932,11.mlp.27137,11,mlp,644,32
6933,0.resid.36135,0,resid,20,7
6934,11.mlp.20378,11,mlp,645,1
6935,0.resid.30110,0,resid,65,725
6936,11.mlp.22889,11,mlp,258,30
6937,0.resid.7428,0,resid,113,17
6938,11.mlp.424,11,mlp,617,25
6939,0.resid.8375,0,resid,164,21
6940,11.mlp.28647,11,mlp,404,6
6941,0.resid.19254,0,resid,72,20
6942,11.mlp.9944,11,mlp,663,20
6943,0.resid.4406,0,resid,15,726
6944,11.mlp.17679,11,mlp,241,35
6945,0.resid.534,0,resid,27,25
6946,11.mlp.40880,11,mlp,441,10
6947,0.resid.5106,0,resid,14,57
6948,11.mlp.32531,11,mlp,194,8
6949,0.resid.7210,0,resid,77,22
6950,11.mlp.19310,11,mlp,411,691
6951,0.resid.10545,0,resid,36,28
6952,11.mlp.10737,11,mlp,532,16
6953,0.resid.31488,0,resid,17,3
6954,11.mlp.37297,11,mlp,654,70
6955,0.resid.37875,0,resid,146,7
6956,11.mlp.35339,11,mlp,463,3
6957,0.resid.16476,0,resid,62,47
6958,11.mlp.17790,11,mlp,757,27
6959,0.resid.9746,0,resid,32,55
6960,11.mlp.18021,11,mlp,673,21
6961,0.resid.18175,0,resid,10,7
6962,11.mlp.6984,11,mlp,320,18
6963,11.attn.30219,11,attn,585,1
6964,11.attn.14653,11,attn,386,1
6965,11.attn.5672,11,attn,208,24
6966,1.attn.20382,1,attn,81,6
6967,11.attn.22711,11,attn,355,10
6968,11.attn.8956,11,attn,585,1
6969,11.attn.21778,11,attn,107,1
6970,11.attn.13198,11,attn,72,1
6971,11.attn.6694,11,attn,212,1
6972,11.attn.9131,11,attn,557,11
6973,1.attn.37192,1,attn,74,47
6974,11.attn.18058,11,attn,242,11
6975,11.attn.3917,11,attn,296,1
6976,1.attn.38615,1,attn,51,2
6977,11.attn.16322,11,attn,478,376
6978,11.attn.12259,11,attn,264,11
6979,11.attn.17036,11,attn,604,16
6980,11.attn.896,11,attn,462,1
6981,1.attn.18489,1,attn,103,35
6982,11.attn.28802,11,attn,480,9
6983,11.attn.27735,11,attn,383,1
6984,11.attn.33306,11,attn,350,1
6985,11.attn.38347,11,attn,274,43
6986,1.attn.11156,1,attn,52,35
6987,11.attn.25047,11,attn,259,43
6988,1.attn.6103,1,attn,68,40
6989,11.attn.24044,11,attn,272,27
6990,11.attn.7145,11,attn,182,4
6991,1.attn.24199,1,attn,76,10
6992,11.attn.17776,11,attn,285,13
6993,11.attn.13779,11,attn,391,26
6994,1.attn.27511,1,attn,25,38
6995,11.attn.118,11,attn,185,27
6996,1.attn.1268,1,attn,59,728
6997,11.attn.40330,11,attn,154,4
6998,1.attn.26170,1,attn,64,28
6999,11.attn.32962,11,attn,811,7
7000,1.mlp.2797,1,mlp,375,7
7001,10.resid.10118,10,resid,636,21
7002,1.mlp.35777,1,mlp,139,20
7003,10.resid.39865,10,resid,426,9
7004,1.mlp.39886,1,mlp,157,10
7005,10.resid.4758,10,resid,676,17
7006,1.mlp.36329,1,mlp,243,19
7007,10.resid.4565,10,resid,333,5
7008,1.mlp.31132,1,mlp,120,63
7009,10.resid.37486,10,resid,583,20
7010,1.mlp.37083,1,mlp,213,3
7011,10.resid.21683,10,resid,347,32
7012,1.mlp.11716,1,mlp,82,5
7013,10.resid.7002,10,resid,602,0
7014,1.mlp.5635,1,mlp,75,7
7015,10.resid.33362,10,resid,597,6
7016,1.mlp.35770,1,mlp,246,28
7017,10.resid.29240,10,resid,438,1
7018,1.mlp.25159,1,mlp,169,37
7019,10.resid.17199,10,resid,716,0
7020,1.mlp.25912,1,mlp,96,9
7021,10.resid.2643,10,resid,709,20
7022,1.mlp.30051,1,mlp,206,6
7023,10.resid.24029,10,resid,922,45
7024,1.mlp.40378,1,mlp,149,2
7025,10.resid.18581,10,resid,666,71
7026,1.mlp.29489,1,mlp,173,5
7027,10.resid.26566,10,resid,512,17
7028,1.mlp.17704,1,mlp,92,10
7029,10.resid.37543,10,resid,266,18
7030,1.mlp.4645,1,mlp,162,6
7031,10.resid.36095,10,resid,746,9
7032,1.mlp.38045,1,mlp,118,3
7033,10.resid.25417,10,resid,378,30
7034,1.mlp.37357,1,mlp,175,7
7035,10.resid.32979,10,resid,613,28
7036,1.mlp.3985,1,mlp,193,21
7037,10.resid.25970,10,resid,571,7
7038,1.mlp.9446,1,mlp,97,19
7039,10.resid.38480,10,resid,786,35
7040,1.mlp.11290,1,mlp,116,9
7041,10.resid.31339,10,resid,1810,0
7042,1.mlp.34713,1,mlp,209,12
7043,10.resid.26550,10,resid,819,48
7044,1.mlp.10710,1,mlp,71,12
7045,10.resid.18743,10,resid,425,10
7046,1.mlp.16070,1,mlp,111,730
7047,10.resid.38359,10,resid,516,1
7048,1.mlp.30646,1,mlp,109,3
7049,10.resid.23761,10,resid,410,24
7050,1.mlp.37088,1,mlp,114,2
7051,10.resid.28097,10,resid,776,1
7052,1.mlp.31802,1,mlp,154,29
7053,10.resid.19750,10,resid,703,40
7054,1.mlp.23525,1,mlp,157,3
7055,10.resid.4112,10,resid,535,18
7056,1.mlp.28704,1,mlp,109,6
7057,10.resid.36965,10,resid,498,30
7058,1.resid.25065,1,resid,138,6
7059,10.mlp.14866,10,mlp,491,32
7060,1.resid.17684,1,resid,91,10
7061,10.mlp.14175,10,mlp,571,36
7062,1.resid.24317,1,resid,93,2
7063,10.mlp.28345,10,mlp,429,34
7064,1.resid.37489,1,resid,51,2
7065,10.mlp.20231,10,mlp,481,9
7066,1.resid.905,1,resid,129,38
7067,10.mlp.22319,10,mlp,315,34
7068,1.resid.12349,1,resid,71,3
7069,10.mlp.36974,10,mlp,566,17
7070,1.resid.7843,1,resid,129,3
7071,10.mlp.36570,10,mlp,368,9
7072,1.resid.9821,1,resid,69,29
7073,10.mlp.11280,10,mlp,455,21
7074,1.resid.23732,1,resid,93,40
7075,10.mlp.38872,10,mlp,257,9
7076,1.resid.33410,1,resid,140,7
7077,10.mlp.11935,10,mlp,404,5
7078,1.resid.3001,1,resid,147,2
7079,10.mlp.2890,10,mlp,434,18
7080,1.resid.34686,1,resid,95,43
7081,10.mlp.33126,10,mlp,327,10
7082,1.resid.34313,1,resid,155,0
7083,10.mlp.29456,10,mlp,427,19
7084,1.resid.31759,1,resid,128,11
7085,10.mlp.2999,10,mlp,458,16
7086,1.resid.38761,1,resid,99,9
7087,10.mlp.31534,10,mlp,407,26
7088,1.resid.29306,1,resid,52,6
7089,10.mlp.23936,10,mlp,351,22
7090,1.resid.32905,1,resid,58,3
7091,10.mlp.27860,10,mlp,290,17
7092,1.resid.38142,1,resid,144,5
7093,10.mlp.25721,10,mlp,446,16
7094,1.resid.13140,1,resid,51,19
7095,10.mlp.8967,10,mlp,576,12
7096,1.resid.15661,1,resid,68,2
7097,10.mlp.5202,10,mlp,628,3
7098,1.resid.21270,1,resid,87,6
7099,10.mlp.5465,10,mlp,351,7
7100,1.resid.10711,1,resid,99,3
7101,10.mlp.1203,10,mlp,409,10
7102,1.resid.24849,1,resid,154,0
7103,10.mlp.35433,10,mlp,600,42
7104,1.resid.38800,1,resid,95,2
7105,10.mlp.34894,10,mlp,475,19
7106,1.resid.40308,1,resid,100,0
7107,10.mlp.33572,10,mlp,456,5
7108,1.resid.39627,1,resid,115,21
7109,10.mlp.35327,10,mlp,471,15
7110,1.resid.494,1,resid,108,2
7111,10.mlp.27352,10,mlp,590,17
7112,1.resid.6695,1,resid,109,30
7113,10.mlp.8360,10,mlp,401,64
7114,10.attn.25029,10,attn,524,1
7115,10.attn.23552,10,attn,429,1
7116,2.attn.1800,2,attn,233,0
7117,10.attn.942,10,attn,390,14
7118,2.attn.3093,2,attn,136,0
7119,10.attn.39564,10,attn,795,33
7120,10.attn.22690,10,attn,587,11
7121,2.attn.10085,2,attn,214,3
7122,10.attn.10468,10,attn,329,1
7123,2.attn.9456,2,attn,67,38
7124,10.attn.32848,10,attn,236,10
7125,10.attn.22455,10,attn,281,54
7126,2.attn.37898,2,attn,85,49
7127,10.attn.37139,10,attn,876,12
7128,2.attn.29939,2,attn,112,58
7129,10.attn.11491,10,attn,1095,0
7130,2.attn.32925,2,attn,224,0
7131,10.attn.18884,10,attn,438,5
7132,2.attn.19901,2,attn,145,12
7133,10.attn.9123,10,attn,548,14
7134,10.attn.22820,10,attn,151,1
7135,2.attn.29337,2,attn,201,6
7136,10.attn.36125,10,attn,556,1
7137,2.attn.30768,2,attn,90,25
7138,10.attn.36603,10,attn,274,57
7139,2.attn.17799,2,attn,137,5
7140,10.attn.12665,10,attn,365,1
7141,2.attn.28810,2,attn,175,7
7142,10.attn.18038,10,attn,700,8
7143,2.attn.4114,2,attn,145,10
7144,10.attn.25018,10,attn,711,51
7145,2.attn.7358,2,attn,222,0
7146,10.attn.26554,10,attn,359,9
7147,2.attn.26178,2,attn,141,0
7148,10.attn.19794,10,attn,1066,0
7149,2.attn.31200,2,attn,176,0
7150,10.attn.17632,10,attn,343,5
7151,10.attn.31360,10,attn,845,0
7152,2.attn.10626,2,attn,149,5
7153,10.attn.9996,10,attn,218,1
7154,2.attn.40667,2,attn,105,0
7155,10.attn.19834,10,attn,342,64
7156,2.attn.20018,2,attn,122,25
7157,10.attn.27335,10,attn,710,12
7158,2.attn.16773,2,attn,179,0
7159,10.attn.37512,10,attn,268,10
7160,2.attn.19362,2,attn,139,0
7161,10.attn.16213,10,attn,628,14
7162,2.attn.8223,2,attn,74,25
7163,9.resid.5489,9,resid,559,1
7164,2.mlp.10389,2,mlp,153,2
7165,9.resid.24371,9,resid,330,5
7166,2.mlp.37525,2,mlp,170,3
7167,9.resid.20002,9,resid,597,30
7168,2.mlp.10506,2,mlp,96,32
7169,9.resid.25568,9,resid,672,75
7170,2.mlp.21588,2,mlp,138,7
7171,9.resid.8307,9,resid,404,31
7172,2.mlp.12677,2,mlp,167,2
7173,9.resid.20687,9,resid,680,7
7174,2.mlp.2542,2,mlp,127,48
7175,9.resid.20702,9,resid,651,2
7176,2.mlp.17959,2,mlp,265,7
7177,9.resid.4516,9,resid,652,12
7178,2.mlp.16107,2,mlp,183,2
7179,9.resid.33045,9,resid,690,11
7180,2.mlp.22439,2,mlp,136,7
7181,9.resid.13261,9,resid,692,11
7182,2.mlp.3382,2,mlp,134,78
7183,9.resid.14290,9,resid,532,21
7184,2.mlp.28015,2,mlp,242,19
7185,9.resid.6756,9,resid,969,1
7186,2.mlp.28372,2,mlp,294,21
7187,9.resid.6377,9,resid,558,2
7188,2.mlp.24631,2,mlp,222,40
7189,9.resid.23469,9,resid,574,51
7190,2.mlp.22858,2,mlp,209,2
7191,9.resid.6452,9,resid,605,22
7192,2.mlp.3061,2,mlp,136,30
7193,9.resid.2944,9,resid,494,10
7194,2.mlp.26308,2,mlp,297,6
7195,9.resid.3531,9,resid,621,2
7196,2.mlp.14183,2,mlp,168,8
7197,9.resid.40357,9,resid,690,54
7198,2.mlp.23127,2,mlp,175,13
7199,9.resid.20606,9,resid,650,24
7200,2.mlp.27319,2,mlp,146,2
7201,9.resid.8463,9,resid,466,27
7202,2.mlp.13527,2,mlp,205,38
7203,9.resid.19248,9,resid,356,13
7204,2.mlp.40755,2,mlp,184,6
7205,9.resid.16443,9,resid,842,1
7206,2.mlp.5566,2,mlp,189,12
7207,9.resid.3292,9,resid,796,1
7208,2.mlp.19968,2,mlp,198,16
7209,9.resid.13349,9,resid,710,23
7210,2.mlp.19100,2,mlp,174,0
7211,9.resid.34369,9,resid,708,44
7212,2.mlp.4630,2,mlp,130,13
7213,9.resid.3938,9,resid,617,13
7214,2.mlp.6520,2,mlp,213,3
7215,9.resid.15850,9,resid,252,11
7216,2.mlp.14322,2,mlp,107,735
7217,9.resid.40659,9,resid,378,19
7218,2.mlp.13354,2,mlp,171,6
7219,9.resid.38734,9,resid,528,0
7220,2.resid.6447,2,resid,104,16
7221,9.mlp.6869,9,mlp,583,13
7222,2.resid.6826,2,resid,125,17
7223,9.mlp.15013,9,mlp,610,9
7224,2.resid.1081,2,resid,204,19
7225,9.mlp.20662,9,mlp,558,15
7226,2.resid.33764,2,resid,264,0
7227,9.mlp.2004,9,mlp,574,15
7228,2.resid.11763,2,resid,219,23
7229,9.mlp.8525,9,mlp,281,18
7230,2.resid.12046,2,resid,98,6
7231,9.mlp.40798,9,mlp,440,12
7232,2.resid.30784,2,resid,157,0
7233,9.mlp.22210,9,mlp,490,12
7234,2.resid.26942,2,resid,197,3
7235,9.mlp.31666,9,mlp,596,1
7236,2.resid.9859,2,resid,197,20
7237,9.mlp.24840,9,mlp,554,35
7238,2.resid.4947,2,resid,98,8
7239,9.mlp.23589,9,mlp,379,67
7240,2.resid.21996,2,resid,214,8
7241,9.mlp.2195,9,mlp,430,8
7242,2.resid.23962,2,resid,56,8
7243,9.mlp.24068,9,mlp,586,10
7244,2.resid.21495,2,resid,92,10
7245,9.mlp.12525,9,mlp,393,5
7246,2.resid.23956,2,resid,95,6
7247,9.mlp.20490,9,mlp,631,40
7248,2.resid.1484,2,resid,133,50
7249,9.mlp.8013,9,mlp,390,12
7250,2.resid.1052,2,resid,166,12
7251,9.mlp.22488,9,mlp,517,9
7252,2.resid.7403,2,resid,151,29
7253,9.mlp.16525,9,mlp,480,26
7254,2.resid.30583,2,resid,109,2
7255,9.mlp.30665,9,mlp,510,454
7256,2.resid.12054,2,resid,181,3
7257,9.mlp.6557,9,mlp,263,10
7258,2.resid.20314,2,resid,113,15
7259,9.mlp.1754,9,mlp,590,27
7260,2.resid.108,2,resid,175,2
7261,9.mlp.40872,9,mlp,500,12
7262,2.resid.11781,2,resid,99,7
7263,9.mlp.20771,9,mlp,672,1
7264,2.resid.14558,2,resid,173,6
7265,9.mlp.7390,9,mlp,289,12
7266,2.resid.5036,2,resid,140,9
7267,9.mlp.36144,9,mlp,594,13
7268,2.resid.32497,2,resid,187,23
7269,9.mlp.29086,9,mlp,288,21
7270,2.resid.31264,2,resid,109,7
7271,9.mlp.38799,9,mlp,494,10
7272,2.resid.40551,2,resid,270,7
7273,9.mlp.13048,9,mlp,726,20
7274,2.resid.1469,2,resid,137,22
7275,9.mlp.16284,9,mlp,661,29
7276,3.attn.33242,3,attn,259,0
7277,9.attn.35666,9,attn,341,1
7278,3.attn.2293,3,attn,143,0
7279,9.attn.558,9,attn,285,14
7280,3.attn.36691,3,attn,172,17
7281,9.attn.6595,9,attn,697,32
7282,3.attn.20962,3,attn,196,0
7283,9.attn.36925,9,attn,430,5
7284,3.attn.9952,3,attn,280,0
7285,9.attn.13606,9,attn,270,1
7286,3.attn.26894,3,attn,179,0
7287,9.attn.17732,9,attn,447,19
7288,3.attn.23499,3,attn,128,13
7289,9.attn.24824,9,attn,542,26
7290,3.attn.10865,3,attn,256,0
7291,9.attn.3765,9,attn,310,18
7292,3.attn.37473,3,attn,196,8
7293,9.attn.25390,9,attn,534,10
7294,3.attn.26779,3,attn,171,0
7295,9.attn.30612,9,attn,614,23
7296,3.attn.40323,3,attn,144,0
7297,9.attn.40125,9,attn,596,9
7298,3.attn.3464,3,attn,195,9
7299,9.attn.32870,9,attn,624,5
7300,3.attn.3810,3,attn,163,12
7301,9.attn.22124,9,attn,836,14
7302,3.attn.39446,3,attn,164,0
7303,9.attn.28565,9,attn,372,6
7304,3.attn.32401,3,attn,98,0
7305,9.attn.28756,9,attn,311,1
7306,3.attn.25971,3,attn,321,0
7307,9.attn.6091,9,attn,176,11
7308,3.attn.14426,3,attn,253,0
7309,9.attn.10858,9,attn,247,1
