cid,shard,skey,seed_layer,seed_kind,seed_index,n_members,family
0,0,0.mlp.2683,0,mlp,2683,6,2
1,0,11.resid.31655,11,resid,31655,598,4
2,0,0.mlp.22374,0,mlp,22374,29,3
3,0,11.resid.20555,11,resid,20555,763,5
4,0,0.mlp.10582,0,mlp,10582,14,3
5,0,11.resid.11738,11,resid,11738,504,1
6,0,0.mlp.17022,0,mlp,17022,29,3
7,0,11.resid.21562,11,resid,21562,399,0
8,0,0.mlp.35587,0,mlp,35587,26,3
9,0,11.resid.8074,11,resid,8074,613,1
10,0,0.mlp.10950,0,mlp,10950,12,3
11,0,11.resid.6380,11,resid,6380,312,0
12,0,0.mlp.15449,0,mlp,15449,4,6
13,0,11.resid.29900,11,resid,29900,920,7
14,0,0.mlp.27336,0,mlp,27336,59,3
15,0,11.resid.33991,11,resid,33991,447,1
16,0,0.mlp.586,0,mlp,586,18,2
17,0,11.resid.6662,11,resid,6662,389,0
18,0,0.mlp.16890,0,mlp,16890,20,3
19,0,11.resid.39455,11,resid,39455,494,0
20,0,0.mlp.32928,0,mlp,32928,11,3
21,0,11.resid.20924,11,resid,20924,691,8
22,0,0.mlp.22135,0,mlp,22135,22,3
23,0,11.resid.31219,11,resid,31219,326,1
24,0,0.mlp.12724,0,mlp,12724,12,3
25,0,11.resid.29252,11,resid,29252,758,9
26,0,0.mlp.12640,0,mlp,12640,14,3
27,0,11.resid.31033,11,resid,31033,434,0
28,0,0.mlp.16150,0,mlp,16150,23,3
29,0,11.resid.18166,11,resid,18166,344,0
30,0,0.mlp.2423,0,mlp,2423,57,3
31,0,11.resid.22854,11,resid,22854,235,1
32,0,0.mlp.24296,0,mlp,24296,18,3
33,0,11.resid.33628,11,resid,33628,637,10
34,0,0.mlp.333,0,mlp,333,22,3
35,0,11.resid.6599,11,resid,6599,603,0
36,0,0.mlp.40059,0,mlp,40059,14,3
37,0,11.resid.26346,11,resid,26346,1298,11
38,0,0.mlp.28055,0,mlp,28055,52,3
39,0,11.resid.15958,11,resid,15958,748,12
40,0,0.mlp.28006,0,mlp,28006,12,3
41,0,11.resid.8924,11,resid,8924,430,1
42,0,0.mlp.39346,0,mlp,39346,26,3
43,0,11.resid.18301,11,resid,18301,555,1
44,0,0.mlp.2860,0,mlp,2860,16,3
45,0,11.resid.15030,11,resid,15030,520,0
46,0,0.mlp.15497,0,mlp,15497,8,0
47,0,11.resid.11000,11,resid,11000,486,0
48,0,0.mlp.13135,0,mlp,13135,16,3
49,0,11.resid.10792,11,resid,10792,622,13
50,0,0.mlp.35873,0,mlp,35873,63,3
51,0,11.resid.23598,11,resid,23598,391,0
52,0,0.mlp.30765,0,mlp,30765,13,1
53,0,11.resid.37173,11,resid,37173,557,1
54,0,0.mlp.10973,0,mlp,10973,10,3
55,0,11.resid.3758,11,resid,3758,533,1
56,0,0.mlp.24137,0,mlp,24137,33,3
57,0,11.resid.37685,11,resid,37685,478,0
58,0,0.resid.30766,0,resid,30766,33,2
59,0,11.mlp.14781,11,mlp,14781,677,14
60,0,0.resid.1150,0,resid,1150,23,3
61,0,11.mlp.30196,11,mlp,30196,768,15
62,0,0.resid.7365,0,resid,7365,63,3
63,0,11.mlp.29809,11,mlp,29809,483,0
64,0,0.resid.11658,0,resid,11658,19,3
65,0,11.mlp.29954,11,mlp,29954,592,16
66,0,0.resid.16583,0,resid,16583,32,3
67,0,11.mlp.40709,11,mlp,40709,642,17
68,0,0.resid.30806,0,resid,30806,19,3
69,0,11.mlp.21011,11,mlp,21011,415,1
70,0,0.resid.12076,0,resid,12076,64,2
71,0,11.mlp.31545,11,mlp,31545,299,1
72,0,0.resid.22652,0,resid,22652,10,3
73,0,11.mlp.1452,11,mlp,1452,411,1
74,0,0.resid.27303,0,resid,27303,33,2
75,0,11.mlp.23285,11,mlp,23285,658,18
76,0,0.resid.13631,0,resid,13631,21,2
77,0,11.mlp.2626,11,mlp,2626,324,1
78,0,0.resid.13192,0,resid,13192,39,3
79,0,11.mlp.24286,11,mlp,24286,632,19
80,0,0.resid.19870,0,resid,19870,28,2
81,0,11.mlp.4848,11,mlp,4848,361,0
82,0,0.resid.7173,0,resid,7173,45,3
83,0,11.mlp.29727,11,mlp,29727,357,0
84,0,0.resid.3893,0,resid,3893,42,3
85,0,11.mlp.35392,11,mlp,35392,442,0
86,0,0.resid.3461,0,resid,3461,49,3
87,0,11.mlp.19062,11,mlp,19062,499,20
88,0,0.resid.21286,0,resid,21286,70,3
89,0,11.mlp.15750,11,mlp,15750,433,1
90,0,0.resid.10132,0,resid,10132,102,3
91,0,11.mlp.28306,11,mlp,28306,630,21
92,0,0.resid.1542,0,resid,1542,30,2
93,0,11.mlp.33065,11,mlp,33065,398,1
94,0,0.resid.8823,0,resid,8823,35,3
95,0,11.mlp.22701,11,mlp,22701,454,0
96,0,0.resid.32683,0,resid,32683,144,3
97,0,11.mlp.11218,11,mlp,11218,378,1
98,0,0.resid.28805,0,resid,28805,20,0
99,0,11.mlp.21052,11,mlp,21052,451,0
100,0,0.resid.4506,0,resid,4506,61,3
101,0,11.mlp.30151,11,mlp,30151,396,0
102,0,0.resid.14848,0,resid,14848,31,2
103,0,11.mlp.28620,11,mlp,28620,437,1
104,0,0.resid.34560,0,resid,34560,26,2
105,0,11.mlp.17425,11,mlp,17425,318,1
106,0,0.resid.38082,0,resid,38082,27,3
107,0,11.mlp.25667,11,mlp,25667,476,0
108,0,0.resid.25669,0,resid,25669,49,3
109,0,11.mlp.29332,11,mlp,29332,437,22
110,0,0.resid.36259,0,resid,36259,8,0
111,0,11.mlp.36677,11,mlp,36677,258,1
112,0,0.resid.39897,0,resid,39897,73,3
113,0,11.mlp.37484,11,mlp,37484,539,23
114,0,11.attn.30402,11,attn,30402,264,1
115,0,1.attn.30282,1,attn,30282,133,0
116,0,11.attn.32581,11,attn,32581,681,24
117,0,11.attn.31678,11,attn,31678,342,0
118,0,11.attn.7179,11,attn,7179,215,1
119,0,11.attn.20963,11,attn,20963,253,1
120,0,11.attn.22687,11,attn,22687,886,25
121,0,11.attn.10874,11,attn,10874,339,0
122,0,11.attn.32710,11,attn,32710,718,26
123,0,1.attn.38963,1,attn,38963,144,0
124,0,11.attn.17119,11,attn,17119,663,27
125,0,1.attn.10824,1,attn,10824,34,1
126,0,11.attn.18611,11,attn,18611,427,0
127,0,11.attn.3216,11,attn,3216,285,0
128,0,11.attn.24994,11,attn,24994,242,1
129,0,1.attn.6656,1,attn,6656,82,2
130,0,11.attn.7345,11,attn,7345,315,0
131,0,11.attn.9755,11,attn,9755,205,1
132,0,1.attn.31675,1,attn,31675,158,3
133,0,11.attn.33776,11,attn,33776,311,1
134,0,11.attn.28023,11,attn,28023,425,1
135,0,1.attn.21144,1,attn,21144,35,0
136,0,11.attn.3434,11,attn,3434,656,28
137,0,11.attn.19865,11,attn,19865,193,1
138,0,11.attn.13542,11,attn,13542,770,29
139,0,1.attn.2805,1,attn,2805,52,0
140,0,11.attn.3091,11,attn,3091,247,0
141,0,1.attn.27068,1,attn,27068,79,0
142,0,11.attn.32086,11,attn,32086,199,0
143,0,11.attn.22419,11,attn,22419,736,30
144,0,11.attn.718,11,attn,718,390,1
145,0,11.attn.7471,11,attn,7471,378,0
146,0,11.attn.40600,11,attn,40600,332,1
147,0,11.attn.567,11,attn,567,383,0
148,0,1.attn.39747,1,attn,39747,67,0
149,0,11.attn.26100,11,attn,26100,347,0
150,0,1.attn.22589,1,attn,22589,68,0
151,0,1.attn.33298,1,attn,33298,61,2
152,0,11.attn.20373,11,attn,20373,559,31
153,0,1.mlp.26265,1,mlp,26265,165,3
154,0,10.resid.9577,10,resid,9577,374,0
155,0,1.mlp.37885,1,mlp,37885,101,2
156,0,10.resid.39566,10,resid,39566,828,32
157,0,1.mlp.4483,1,mlp,4483,91,2
158,0,10.resid.37177,10,resid,37177,643,33
159,0,1.mlp.17197,1,mlp,17197,91,2
160,0,10.resid.21023,10,resid,21023,942,34
161,0,1.mlp.22301,1,mlp,22301,182,2
162,0,10.resid.7716,10,resid,7716,588,0
163,0,1.mlp.27221,1,mlp,27221,108,2
164,0,10.resid.20081,10,resid,20081,752,35
165,0,1.mlp.30876,1,mlp,30876,126,2
166,0,10.resid.8415,10,resid,8415,700,36
167,0,1.mlp.6095,1,mlp,6095,243,1
168,0,10.resid.8506,10,resid,8506,316,0
169,0,1.mlp.17681,1,mlp,17681,78,2
170,0,10.resid.24699,10,resid,24699,331,1
171,0,1.mlp.40471,1,mlp,40471,129,3
172,0,10.resid.36987,10,resid,36987,711,37
173,0,1.mlp.31792,1,mlp,31792,255,1
174,0,10.resid.21872,10,resid,21872,651,38
175,0,1.mlp.27952,1,mlp,27952,121,2
176,0,10.resid.26748,10,resid,26748,467,39
177,0,1.mlp.8495,1,mlp,8495,123,2
178,0,10.resid.27948,10,resid,27948,688,40
179,0,1.mlp.10013,1,mlp,10013,132,2
180,0,10.resid.34899,10,resid,34899,223,0
181,0,1.mlp.4173,1,mlp,4173,104,2
182,0,10.resid.17393,10,resid,17393,681,41
183,0,1.mlp.33021,1,mlp,33021,78,2
184,0,10.resid.8042,10,resid,8042,687,42
185,0,1.mlp.33683,1,mlp,33683,191,3
186,0,10.resid.33347,10,resid,33347,699,43
187,0,1.mlp.32571,1,mlp,32571,157,2
188,0,10.resid.9142,10,resid,9142,321,1
189,0,1.mlp.27927,1,mlp,27927,89,2
190,0,10.resid.27129,10,resid,27129,632,44
191,0,1.mlp.5208,1,mlp,5208,169,3
192,0,10.resid.29514,10,resid,29514,587,1
193,0,1.mlp.1605,1,mlp,1605,98,2
194,0,10.resid.23932,10,resid,23932,569,1
195,0,1.mlp.7905,1,mlp,7905,194,2
196,0,10.resid.4902,10,resid,4902,837,45
197,0,1.mlp.16058,1,mlp,16058,106,2
198,0,10.resid.18214,10,resid,18214,543,0
199,0,1.mlp.16290,1,mlp,16290,88,2
200,0,10.resid.18365,10,resid,18365,358,1
201,0,1.mlp.8190,1,mlp,8190,137,2
202,0,10.resid.32386,10,resid,32386,758,46
203,0,1.mlp.38568,1,mlp,38568,186,2
204,0,10.resid.14010,10,resid,14010,384,0
205,0,1.mlp.11209,1,mlp,11209,191,3
206,0,10.resid.39189,10,resid,39189,306,0
207,0,1.mlp.21731,1,mlp,21731,122,2
208,0,10.resid.14806,10,resid,14806,891,47
209,0,1.resid.20485,1,resid,20485,92,2
210,0,10.mlp.40572,10,mlp,40572,406,1
211,0,1.resid.10581,1,resid,10581,85,2
212,0,10.mlp.3229,10,mlp,3229,485,0
213,0,1.resid.10458,1,resid,10458,90,2
214,0,10.mlp.1851,10,mlp,1851,603,48
215,0,1.resid.1874,1,resid,1874,49,2
216,0,10.mlp.28576,10,mlp,28576,552,1
217,0,1.resid.18743,1,resid,18743,96,2
218,0,10.mlp.26655,10,mlp,26655,297,1
219,0,1.resid.19719,1,resid,19719,26,0
220,0,10.mlp.5521,10,mlp,5521,506,1
221,0,1.resid.17995,1,resid,17995,157,3
222,0,10.mlp.39631,10,mlp,39631,448,1
223,0,1.resid.210,1,resid,210,76,2
224,0,10.mlp.36951,10,mlp,36951,484,0
225,0,1.resid.38381,1,resid,38381,156,2
226,0,10.mlp.16421,10,mlp,16421,267,1
227,0,1.resid.16556,1,resid,16556,44,2
228,0,10.mlp.15218,10,mlp,15218,221,1
229,0,1.resid.39725,1,resid,39725,207,3
230,0,10.mlp.24601,10,mlp,24601,506,0
231,0,1.resid.334,1,resid,334,88,2
232,0,10.mlp.11902,10,mlp,11902,249,1
233,0,1.resid.12137,1,resid,12137,137,3
234,0,10.mlp.37595,10,mlp,37595,524,0
235,0,1.resid.34168,1,resid,34168,107,2
236,0,10.mlp.29174,10,mlp,29174,264,49
237,0,1.resid.11075,1,resid,11075,52,2
238,0,10.mlp.23594,10,mlp,23594,341,1
239,0,1.resid.6281,1,resid,6281,123,2
240,0,10.mlp.10279,10,mlp,10279,160,1
241,0,1.resid.19029,1,resid,19029,93,2
242,0,10.mlp.33351,10,mlp,33351,300,1
243,0,1.resid.9760,1,resid,9760,88,2
244,0,10.mlp.9326,10,mlp,9326,350,1
245,0,1.resid.32901,1,resid,32901,120,2
246,0,10.mlp.38196,10,mlp,38196,529,0
247,0,1.resid.17731,1,resid,17731,157,3
248,0,10.mlp.3607,10,mlp,3607,555,1
249,0,1.resid.11734,1,resid,11734,88,2
250,0,10.mlp.20386,10,mlp,20386,470,1
251,0,1.resid.40670,1,resid,40670,150,3
252,0,10.mlp.28988,10,mlp,28988,574,1
253,0,1.resid.20917,1,resid,20917,79,2
254,0,10.mlp.23465,10,mlp,23465,384,0
255,0,1.resid.34619,1,resid,34619,41,2
256,0,10.mlp.21218,10,mlp,21218,334,1
257,0,1.resid.24744,1,resid,24744,164,3
258,0,10.mlp.39647,10,mlp,39647,522,0
259,0,1.resid.22677,1,resid,22677,107,2
260,0,10.mlp.30990,10,mlp,30990,491,1
261,0,1.resid.32802,1,resid,32802,135,2
262,0,10.mlp.10580,10,mlp,10580,574,0
263,0,1.resid.26860,1,resid,26860,119,2
264,0,10.mlp.39325,10,mlp,39325,471,1
265,0,1.resid.32492,1,resid,32492,142,3
266,0,10.attn.22284,10,attn,22284,691,50
267,0,10.attn.21431,10,attn,21431,741,51
268,0,2.attn.2078,2,attn,2078,100,0
269,0,10.attn.34357,10,attn,34357,515,0
270,0,10.attn.15410,10,attn,15410,544,1
271,0,2.attn.25814,2,attn,25814,121,0
272,0,10.attn.15911,10,attn,15911,310,1
273,0,2.attn.29868,2,attn,29868,142,0
274,0,10.attn.843,10,attn,843,194,1
275,0,2.attn.27221,2,attn,27221,136,0
276,0,10.attn.9183,10,attn,9183,492,1
277,0,10.attn.7776,10,attn,7776,418,1
278,0,10.attn.1662,10,attn,1662,552,1
279,0,10.attn.20056,10,attn,20056,618,52
280,0,2.attn.30906,2,attn,30906,68,0
281,0,10.attn.10186,10,attn,10186,434,1
282,0,10.attn.15864,10,attn,15864,997,53
283,0,2.attn.27772,2,attn,27772,60,0
284,0,10.attn.2718,10,attn,2718,427,0
285,0,2.attn.29757,2,attn,29757,186,0
286,0,10.attn.1746,10,attn,1746,449,0
287,0,2.attn.3761,2,attn,3761,320,0
288,0,10.attn.22291,10,attn,22291,790,54
289,0,2.attn.12829,2,attn,12829,163,0
290,0,10.attn.34828,10,attn,34828,286,0
291,0,10.attn.3973,10,attn,3973,1760,55
292,0,10.attn.28108,10,attn,28108,132,0
293,0,2.attn.6178,2,attn,6178,185,0
294,0,10.attn.12239,10,attn,12239,298,0
295,0,2.attn.31696,2,attn,31696,141,0
296,0,10.attn.3069,10,attn,3069,360,0
297,0,2.attn.20826,2,attn,20826,187,3
298,0,10.attn.36359,10,attn,36359,369,0
299,0,2.attn.39546,2,attn,39546,120,0
300,0,10.attn.31127,10,attn,31127,204,0
301,0,2.attn.17028,2,attn,17028,96,0
302,0,10.attn.5114,10,attn,5114,491,1
303,0,2.attn.36558,2,attn,36558,144,2
304,0,10.attn.39200,10,attn,39200,424,0
305,0,10.attn.7369,10,attn,7369,419,0
306,0,10.attn.19037,10,attn,19037,263,0
307,0,2.attn.17304,2,attn,17304,213,0
308,0,10.attn.23352,10,attn,23352,465,1
309,0,2.attn.25826,2,attn,25826,104,0
310,0,10.attn.13493,10,attn,13493,822,56
311,0,2.mlp.27931,2,mlp,27931,287,1
312,0,9.resid.22205,9,resid,22205,607,1
313,0,2.mlp.30725,2,mlp,30725,205,0
314,0,9.resid.36191,9,resid,36191,248,0
315,0,2.mlp.4293,2,mlp,4293,163,2
316,0,9.resid.17804,9,resid,17804,304,0
317,0,2.mlp.27698,2,mlp,27698,142,2
318,0,9.resid.32854,9,resid,32854,596,57
319,0,2.mlp.38939,2,mlp,38939,180,0
320,0,9.resid.29578,9,resid,29578,608,1
321,0,2.mlp.11749,2,mlp,11749,202,1
322,0,9.resid.29946,9,resid,29946,618,58
323,0,2.mlp.40518,2,mlp,40518,254,1
324,0,9.resid.24491,9,resid,24491,739,59
325,0,2.mlp.38441,2,mlp,38441,147,2
326,0,9.resid.11507,9,resid,11507,698,60
327,0,2.mlp.11443,2,mlp,11443,169,1
328,0,9.resid.10889,9,resid,10889,480,0
329,0,2.mlp.25935,2,mlp,25935,209,1
330,0,9.resid.40097,9,resid,40097,473,1
331,0,2.mlp.12002,2,mlp,12002,179,0
332,0,9.resid.28810,9,resid,28810,635,61
333,0,2.mlp.26851,2,mlp,26851,119,2
334,0,9.resid.16726,9,resid,16726,642,62
335,0,2.mlp.22161,2,mlp,22161,161,0
336,0,9.resid.38286,9,resid,38286,534,0
337,0,2.mlp.33684,2,mlp,33684,138,2
338,0,9.resid.1987,9,resid,1987,409,0
339,0,2.mlp.13450,2,mlp,13450,351,1
340,0,9.resid.21063,9,resid,21063,670,63
341,0,2.mlp.25569,2,mlp,25569,211,1
342,0,9.resid.23288,9,resid,23288,677,64
343,0,2.mlp.38910,2,mlp,38910,253,1
344,0,9.resid.19457,9,resid,19457,586,1
345,0,2.mlp.21601,2,mlp,21601,319,0
346,0,9.resid.39776,9,resid,39776,462,1
347,0,2.mlp.14399,2,mlp,14399,201,3
348,0,9.resid.32089,9,resid,32089,615,65
349,0,2.mlp.21077,2,mlp,21077,136,3
350,0,9.resid.4922,9,resid,4922,527,1
351,0,2.mlp.13173,2,mlp,13173,183,0
352,0,9.resid.16590,9,resid,16590,567,66
353,0,2.mlp.14418,2,mlp,14418,124,0
354,0,9.resid.30304,9,resid,30304,645,67
355,0,2.mlp.39969,2,mlp,39969,121,2
356,0,9.resid.16265,9,resid,16265,674,68
357,0,2.mlp.3887,2,mlp,3887,214,1
358,0,9.resid.5197,9,resid,5197,471,1
359,0,2.mlp.19934,2,mlp,19934,120,0
360,0,9.resid.33987,9,resid,33987,697,69
361,0,2.mlp.18867,2,mlp,18867,196,0
362,0,9.resid.10751,9,resid,10751,388,0
363,0,2.mlp.37084,2,mlp,37084,120,3
364,0,9.resid.7549,9,resid,7549,140,1
365,0,2.mlp.33257,2,mlp,33257,178,1
366,0,9.resid.14062,9,resid,14062,665,70
367,0,2.mlp.34954,2,mlp,34954,219,0
368,0,9.mlp.18147,9,mlp,18147,694,71
369,0,2.resid.40872,2,resid,40872,92,2
370,0,9.mlp.28488,9,mlp,28488,563,1
371,0,2.resid.24964,2,resid,24964,149,0
372,0,9.mlp.29970,9,mlp,29970,298,1
373,0,2.resid.37326,2,resid,37326,128,2
374,0,9.mlp.20952,9,mlp,20952,587,72
375,0,2.resid.40566,2,resid,40566,220,1
376,0,9.mlp.24696,9,mlp,24696,670,73
377,0,2.resid.11138,2,resid,11138,204,1
378,0,9.mlp.9936,9,mlp,9936,661,74
379,0,2.resid.22913,2,resid,22913,159,2
380,0,9.mlp.30947,9,mlp,30947,368,1
381,0,2.resid.5602,2,resid,5602,221,0
382,0,9.mlp.8728,9,mlp,8728,552,1
383,0,2.resid.12951,2,resid,12951,137,3
384,0,9.mlp.4466,9,mlp,4466,524,75
385,0,2.resid.18995,2,resid,18995,160,3
386,0,9.mlp.35450,9,mlp,35450,507,1
387,0,2.resid.40360,2,resid,40360,70,0
388,0,9.mlp.38760,9,mlp,38760,679,76
389,0,2.resid.2927,2,resid,2927,150,2
390,0,9.mlp.23440,9,mlp,23440,579,1
391,0,2.resid.4409,2,resid,4409,276,1
392,0,9.mlp.18163,9,mlp,18163,347,1
393,0,2.resid.22242,2,resid,22242,155,1
394,0,9.mlp.21173,9,mlp,21173,397,0
395,0,2.resid.26050,2,resid,26050,145,3
396,0,9.mlp.21429,9,mlp,21429,413,1
397,0,2.resid.21427,2,resid,21427,118,2
398,0,9.mlp.22703,9,mlp,22703,600,1
399,0,2.resid.12751,2,resid,12751,172,0
400,0,9.mlp.30067,9,mlp,30067,517,1
401,0,2.resid.38153,2,resid,38153,93,2
402,0,9.mlp.40941,9,mlp,40941,455,0
403,0,2.resid.39476,2,resid,39476,129,0
404,0,9.mlp.1895,9,mlp,1895,613,0
405,0,2.resid.32082,2,resid,32082,186,2
406,0,9.mlp.25658,9,mlp,25658,520,0
407,0,2.resid.22960,2,resid,22960,150,3
408,0,9.mlp.25651,9,mlp,25651,460,0
409,0,2.resid.4434,2,resid,4434,82,2
410,0,9.mlp.37959,9,mlp,37959,419,1
411,0,2.resid.11849,2,resid,11849,218,3
412,0,9.mlp.32370,9,mlp,32370,667,77
413,0,2.resid.13083,2,resid,13083,144,2
414,0,9.mlp.14123,9,mlp,14123,459,0
415,0,2.resid.25633,2,resid,25633,119,2
416,0,9.mlp.38366,9,mlp,38366,540,78
417,0,2.resid.35111,2,resid,35111,91,2
418,0,9.mlp.24330,9,mlp,24330,499,0
419,0,2.resid.23390,2,resid,23390,96,2
420,0,9.mlp.5240,9,mlp,5240,432,1
421,0,2.resid.40267,2,resid,40267,127,3
422,0,9.mlp.21447,9,mlp,21447,168,2
423,0,2.resid.10698,2,resid,10698,179,3
424,0,9.mlp.22280,9,mlp,22280,634,79
425,0,3.attn.17951,3,attn,17951,209,0
426,0,9.attn.28587,9,attn,28587,661,80
427,0,3.attn.34360,3,attn,34360,297,0
428,0,9.attn.35715,9,attn,35715,398,1
429,0,9.attn.378,9,attn,378,1081,81
430,0,3.attn.20049,3,attn,20049,142,0
431,0,9.attn.1100,9,attn,1100,258,0
432,0,3.attn.16975,3,attn,16975,177,0
433,0,9.attn.8087,9,attn,8087,588,82
434,0,3.attn.37600,3,attn,37600,234,0
435,0,9.attn.38757,9,attn,38757,281,0
436,0,3.attn.37736,3,attn,37736,149,0
437,0,9.attn.5826,9,attn,5826,280,0
438,0,3.attn.1392,3,attn,1392,264,1
439,0,9.attn.19273,9,attn,19273,809,83
440,0,3.attn.20797,3,attn,20797,311,0
441,0,9.attn.39559,9,attn,39559,476,1
442,0,3.attn.28046,3,attn,28046,146,0
443,0,9.attn.9760,9,attn,9760,328,0
444,0,3.attn.20952,3,attn,20952,111,0
445,0,9.attn.8755,9,attn,8755,240,0
446,0,3.attn.28664,3,attn,28664,233,0
447,0,9.attn.26640,9,attn,26640,297,0
448,0,3.attn.8052,3,attn,8052,177,0
449,0,9.attn.22520,9,attn,22520,250,0
450,1,11.resid.39024,11,resid,39024,262,1
451,1,0.mlp.27861,0,mlp,27861,87,3
452,1,11.resid.22700,11,resid,22700,570,1
453,1,0.mlp.7980,0,mlp,7980,10,3
454,1,11.resid.5447,11,resid,5447,272,1
455,1,0.mlp.13785,0,mlp,13785,26,3
456,1,11.resid.14738,11,resid,14738,558,1
457,1,0.mlp.16157,0,mlp,16157,32,3
458,1,11.resid.13355,11,resid,13355,422,0
459,1,0.mlp.24488,0,mlp,24488,19,3
460,1,11.resid.23928,11,resid,23928,310,1
461,1,0.mlp.26127,0,mlp,26127,16,3
462,1,11.resid.34264,11,resid,34264,371,0
463,1,0.mlp.35753,0,mlp,35753,16,3
464,1,11.resid.19284,11,resid,19284,385,0
465,1,0.mlp.21680,0,mlp,21680,9,1
466,1,11.resid.1829,11,resid,1829,466,0
467,1,0.mlp.19660,0,mlp,19660,12,3
468,1,11.resid.6532,11,resid,6532,540,84
469,1,0.mlp.21735,0,mlp,21735,33,3
470,1,11.resid.33624,11,resid,33624,415,1
471,1,0.mlp.1498,0,mlp,1498,12,1
472,1,11.resid.23273,11,resid,23273,424,1
473,1,0.mlp.38921,0,mlp,38921,17,3
474,1,11.resid.30047,11,resid,30047,850,85
475,1,0.mlp.38396,0,mlp,38396,16,3
476,1,11.resid.40745,11,resid,40745,635,86
477,1,0.mlp.20739,0,mlp,20739,11,3
478,1,11.resid.2195,11,resid,2195,615,87
479,1,0.mlp.12557,0,mlp,12557,15,3
480,1,11.resid.20257,11,resid,20257,266,1
481,1,0.mlp.30261,0,mlp,30261,28,3
482,1,11.resid.3354,11,resid,3354,415,0
483,1,0.mlp.28150,0,mlp,28150,102,3
484,1,11.resid.30062,11,resid,30062,373,0
485,1,0.mlp.38532,0,mlp,38532,11,3
486,1,11.resid.21315,11,resid,21315,467,1
487,1,0.mlp.27197,0,mlp,27197,18,3
488,1,11.resid.18519,11,resid,18519,370,0
489,1,0.mlp.40866,0,mlp,40866,18,3
490,1,11.resid.37588,11,resid,37588,582,0
491,1,0.mlp.16615,0,mlp,16615,7,3
492,1,11.resid.10297,11,resid,10297,376,0
493,1,0.mlp.8652,0,mlp,8652,14,2
494,1,11.resid.33725,11,resid,33725,628,88
495,1,0.mlp.5856,0,mlp,5856,13,3
496,1,11.resid.16733,11,resid,16733,647,89
497,1,0.mlp.24326,0,mlp,24326,83,3
498,1,11.resid.27206,11,resid,27206,533,0
499,1,0.mlp.21544,0,mlp,21544,17,3
500,1,11.resid.1579,11,resid,1579,649,90
501,1,0.mlp.2189,0,mlp,2189,72,3
502,1,11.resid.32229,11,resid,32229,424,1
503,1,0.mlp.26489,0,mlp,26489,45,3
504,1,11.resid.24403,11,resid,24403,289,1
505,1,0.mlp.38161,0,mlp,38161,27,3
506,1,11.resid.26325,11,resid,26325,485,1
507,1,0.resid.20611,0,resid,20611,9,1
508,1,11.mlp.19660,11,mlp,19660,396,0
509,1,0.resid.18909,0,resid,18909,55,2
510,1,11.mlp.33353,11,mlp,33353,783,91
511,1,0.resid.137,0,resid,137,38,3
512,1,11.mlp.10161,11,mlp,10161,327,1
513,1,0.resid.22233,0,resid,22233,26,3
514,1,11.mlp.38116,11,mlp,38116,597,92
515,1,0.resid.29060,0,resid,29060,23,3
516,1,11.mlp.3112,11,mlp,3112,623,93
517,1,0.resid.16713,0,resid,16713,24,3
518,1,11.mlp.32902,11,mlp,32902,505,1
519,1,0.resid.1641,0,resid,1641,24,2
520,1,11.mlp.12439,11,mlp,12439,405,0
521,1,0.resid.5614,0,resid,5614,10,3
522,1,11.mlp.8443,11,mlp,8443,460,1
523,1,0.resid.30180,0,resid,30180,19,0
524,1,11.mlp.32807,11,mlp,32807,744,94
525,1,0.resid.27337,0,resid,27337,19,0
526,1,11.mlp.25734,11,mlp,25734,506,0
527,1,0.resid.6091,0,resid,6091,112,3
528,1,11.mlp.31991,11,mlp,31991,368,1
529,1,0.resid.10849,0,resid,10849,26,2
530,1,11.mlp.18340,11,mlp,18340,384,0
531,1,0.resid.5980,0,resid,5980,15,3
532,1,11.mlp.40471,11,mlp,40471,441,0
533,1,0.resid.28471,0,resid,28471,30,3
534,1,11.mlp.35106,11,mlp,35106,539,95
535,1,0.resid.23681,0,resid,23681,71,3
536,1,11.mlp.9049,11,mlp,9049,519,0
537,1,0.resid.31318,0,resid,31318,58,2
538,1,11.mlp.4635,11,mlp,4635,624,96
539,1,0.resid.4555,0,resid,4555,66,2
540,1,11.mlp.25302,11,mlp,25302,355,1
541,1,0.resid.20959,0,resid,20959,44,2
542,1,11.mlp.17774,11,mlp,17774,512,1
543,1,0.resid.18112,0,resid,18112,147,3
544,1,11.mlp.5002,11,mlp,5002,473,1
545,1,0.resid.12702,0,resid,12702,10,0
546,1,11.mlp.29398,11,mlp,29398,282,1
547,1,0.resid.8414,0,resid,8414,12,0
548,1,11.mlp.28340,11,mlp,28340,379,1
549,1,0.resid.530,0,resid,530,101,3
550,1,11.mlp.40497,11,mlp,40497,388,1
551,1,0.resid.2438,0,resid,2438,46,2
552,1,11.mlp.20886,11,mlp,20886,280,1
553,1,0.resid.30549,0,resid,30549,82,3
554,1,11.mlp.10752,11,mlp,10752,529,1
555,1,0.resid.40079,0,resid,40079,77,2
556,1,11.mlp.4069,11,mlp,4069,372,1
557,1,0.resid.15499,0,resid,15499,43,3
558,1,11.mlp.15606,11,mlp,15606,311,1
559,1,0.resid.30119,0,resid,30119,13,1
560,1,11.mlp.16210,11,mlp,16210,276,1
561,1,0.resid.18274,0,resid,18274,21,2
562,1,11.mlp.5906,11,mlp,5906,362,1
563,1,1.attn.36053,1,attn,36053,150,0
564,1,11.attn.25192,11,attn,25192,401,0
565,1,11.attn.6244,11,attn,6244,234,0
566,1,11.attn.31935,11,attn,31935,532,1
567,1,1.attn.7060,1,attn,7060,86,2
568,1,11.attn.30156,11,attn,30156,302,0
569,1,11.attn.2836,11,attn,2836,908,97
570,1,11.attn.15376,11,attn,15376,327,0
571,1,11.attn.6934,11,attn,6934,411,1
572,1,1.attn.29306,1,attn,29306,110,2
573,1,11.attn.12762,11,attn,12762,708,98
574,1,11.attn.21066,11,attn,21066,554,1
575,1,11.attn.31803,11,attn,31803,449,0
576,1,11.attn.11280,11,attn,11280,772,99
577,1,11.attn.2951,11,attn,2951,511,1
578,1,11.attn.9831,11,attn,9831,116,3
579,1,1.attn.26907,1,attn,26907,80,3
580,1,11.attn.33573,11,attn,33573,429,0
581,1,11.attn.977,11,attn,977,364,0
582,1,11.attn.34120,11,attn,34120,608,0
583,1,11.attn.38700,11,attn,38700,187,1
584,1,1.attn.16144,1,attn,16144,77,3
585,1,11.attn.3427,11,attn,3427,501,1
586,1,11.attn.10332,11,attn,10332,400,0
587,1,1.attn.27606,1,attn,27606,80,2
588,1,11.attn.30726,11,attn,30726,526,0
589,1,11.attn.5312,11,attn,5312,612,100
590,1,11.attn.32429,11,attn,32429,795,101
591,1,1.attn.5704,1,attn,5704,71,2
592,1,11.attn.11701,11,attn,11701,222,1
593,1,11.attn.36218,11,attn,36218,372,0
594,1,11.attn.6751,11,attn,6751,463,0
595,1,11.attn.18477,11,attn,18477,692,102
596,1,1.attn.40322,1,attn,40322,120,3
597,1,11.attn.24152,11,attn,24152,600,1
598,1,11.attn.39056,11,attn,39056,518,1
599,1,11.attn.11907,11,attn,11907,294,0
600,1,1.mlp.9529,1,mlp,9529,260,1
601,1,10.resid.20112,10,resid,20112,387,1
602,1,1.mlp.14355,1,mlp,14355,95,2
603,1,10.resid.10297,10,resid,10297,640,103
604,1,1.mlp.21174,1,mlp,21174,249,1
605,1,10.resid.32273,10,resid,32273,347,0
606,1,1.mlp.30144,1,mlp,30144,93,2
607,1,10.resid.24262,10,resid,24262,384,0
608,1,1.mlp.4836,1,mlp,4836,170,2
609,1,10.resid.19399,10,resid,19399,722,104
610,1,1.mlp.17957,1,mlp,17957,195,1
611,1,10.resid.3021,10,resid,3021,471,0
612,1,1.mlp.1452,1,mlp,1452,173,1
613,1,10.resid.25270,10,resid,25270,481,1
614,1,1.mlp.33129,1,mlp,33129,77,2
615,1,10.resid.26031,10,resid,26031,405,1
616,1,1.mlp.21481,1,mlp,21481,231,1
617,1,10.resid.37990,10,resid,37990,907,105
618,1,1.mlp.1510,1,mlp,1510,152,2
619,1,10.resid.32183,10,resid,32183,434,0
620,1,1.mlp.9178,1,mlp,9178,163,2
621,1,10.resid.8766,10,resid,8766,684,106
622,1,1.mlp.16197,1,mlp,16197,135,2
623,1,10.resid.8973,10,resid,8973,338,0
624,1,1.mlp.29163,1,mlp,29163,176,3
625,1,10.resid.5451,10,resid,5451,346,1
626,1,1.mlp.26678,1,mlp,26678,126,2
627,1,10.resid.25024,10,resid,25024,633,107
628,1,1.mlp.12513,1,mlp,12513,142,2
629,1,10.resid.32131,10,resid,32131,571,1
630,1,1.mlp.9345,1,mlp,9345,213,2
631,1,10.resid.17931,10,resid,17931,575,1
632,1,1.mlp.21259,1,mlp,21259,224,3
633,1,10.resid.33816,10,resid,33816,921,108
634,1,1.mlp.22660,1,mlp,22660,96,2
635,1,10.resid.37500,10,resid,37500,730,109
636,1,1.mlp.14095,1,mlp,14095,168,2
637,1,10.resid.11617,10,resid,11617,467,1
638,1,1.mlp.521,1,mlp,521,168,2
639,1,10.resid.19411,10,resid,19411,692,110
640,1,1.mlp.9169,1,mlp,9169,62,2
641,1,10.resid.26236,10,resid,26236,480,0
642,1,1.mlp.29918,1,mlp,29918,126,3
643,1,10.resid.40464,10,resid,40464,500,1
644,1,1.mlp.32535,1,mlp,32535,75,2
645,1,10.resid.19787,10,resid,19787,764,111
646,1,1.mlp.10172,1,mlp,10172,152,2
647,1,10.resid.7485,10,resid,7485,766,112
648,1,1.mlp.16148,1,mlp,16148,157,3
649,1,10.resid.30948,10,resid,30948,757,113
650,1,1.mlp.22659,1,mlp,22659,147,2
651,1,10.resid.317,10,resid,317,774,114
652,1,1.mlp.9815,1,mlp,9815,153,1
653,1,10.resid.3005,10,resid,3005,281,1
654,1,1.mlp.18963,1,mlp,18963,98,2
655,1,10.resid.20467,10,resid,20467,695,115
656,1,1.resid.10828,1,resid,10828,106,0
657,1,10.mlp.37372,10,mlp,37372,572,116
658,1,1.resid.33945,1,resid,33945,128,2
659,1,10.mlp.28049,10,mlp,28049,671,117
660,1,1.resid.32859,1,resid,32859,79,3
661,1,10.mlp.3604,10,mlp,3604,240,0
662,1,1.resid.32876,1,resid,32876,166,3
663,1,10.mlp.13054,10,mlp,13054,527,0
664,1,1.resid.9146,1,resid,9146,70,3
665,1,10.mlp.31374,10,mlp,31374,676,118
666,1,1.resid.28864,1,resid,28864,78,2
667,1,10.mlp.3352,10,mlp,3352,616,119
668,1,1.resid.33935,1,resid,33935,35,0
669,1,10.mlp.31097,10,mlp,31097,447,1
670,1,1.resid.5171,1,resid,5171,122,2
671,1,10.mlp.17017,10,mlp,17017,436,0
672,1,1.resid.7483,1,resid,7483,49,2
673,1,10.mlp.29467,10,mlp,29467,569,120
674,1,1.resid.32470,1,resid,32470,39,0
675,1,10.mlp.6699,10,mlp,6699,235,1
676,1,1.resid.28196,1,resid,28196,130,2
677,1,10.mlp.8929,10,mlp,8929,603,1
678,1,1.resid.20998,1,resid,20998,89,2
679,1,10.mlp.21980,10,mlp,21980,573,121
680,1,1.resid.26101,1,resid,26101,126,2
681,1,10.mlp.22916,10,mlp,22916,594,122
682,1,1.resid.31018,1,resid,31018,144,3
683,1,10.mlp.20393,10,mlp,20393,405,1
684,1,1.resid.30188,1,resid,30188,77,2
685,1,10.mlp.20133,10,mlp,20133,578,0
686,1,1.resid.1533,1,resid,1533,73,2
687,1,10.mlp.6194,10,mlp,6194,670,123
688,1,1.resid.24993,1,resid,24993,147,3
689,1,10.mlp.8806,10,mlp,8806,433,1
690,1,1.resid.37386,1,resid,37386,82,3
691,1,10.mlp.37247,10,mlp,37247,343,0
692,1,1.resid.27734,1,resid,27734,101,2
693,1,10.mlp.27447,10,mlp,27447,519,1
694,1,1.resid.28543,1,resid,28543,71,2
695,1,10.mlp.6565,10,mlp,6565,517,0
696,1,1.resid.18321,1,resid,18321,75,2
697,1,10.mlp.30619,10,mlp,30619,464,1
698,1,1.resid.25602,1,resid,25602,93,2
699,1,10.mlp.4556,10,mlp,4556,566,124
700,1,1.resid.11900,1,resid,11900,101,2
701,1,10.mlp.32026,10,mlp,32026,488,0
702,1,1.resid.15846,1,resid,15846,104,2
703,1,10.mlp.16331,10,mlp,16331,352,0
704,1,1.resid.23676,1,resid,23676,66,3
705,1,10.mlp.31456,10,mlp,31456,302,1
706,1,1.resid.18442,1,resid,18442,154,3
707,1,10.mlp.17015,10,mlp,17015,444,0
708,1,1.resid.21501,1,resid,21501,101,2
709,1,10.mlp.7021,10,mlp,7021,358,0
710,1,1.resid.20931,1,resid,20931,140,3
711,1,10.mlp.34681,10,mlp,34681,678,125
712,1,1.resid.19007,1,resid,19007,126,3
713,1,10.attn.23889,10,attn,23889,565,0
714,1,2.attn.40845,2,attn,40845,84,0
715,1,10.attn.20603,10,attn,20603,303,1
716,1,2.attn.12630,2,attn,12630,122,0
717,1,10.attn.37002,10,attn,37002,344,0
718,1,10.attn.49,10,attn,49,745,126
719,1,2.attn.971,2,attn,971,103,0
720,1,10.attn.26205,10,attn,26205,1076,127
721,1,10.attn.40893,10,attn,40893,506,1
722,1,10.attn.39876,10,attn,39876,377,0
723,1,2.attn.19148,2,attn,19148,76,0
724,1,10.attn.4608,10,attn,4608,350,1
725,1,2.attn.18531,2,attn,18531,143,0
726,1,10.attn.31129,10,attn,31129,852,128
727,1,10.attn.12083,10,attn,12083,914,129
728,1,2.attn.1166,2,attn,1166,154,0
729,1,10.attn.28464,10,attn,28464,590,1
730,1,10.attn.5724,10,attn,5724,516,0
731,1,10.attn.14676,10,attn,14676,388,0
732,1,2.attn.33325,2,attn,33325,196,0
733,1,10.attn.407,10,attn,407,348,0
734,1,2.attn.3853,2,attn,3853,77,0
735,1,10.attn.29343,10,attn,29343,650,130
736,1,2.attn.19129,2,attn,19129,145,0
737,1,10.attn.13757,10,attn,13757,875,131
738,1,10.attn.5464,10,attn,5464,492,0
739,1,10.attn.24004,10,attn,24004,389,1
740,1,10.attn.7360,10,attn,7360,635,132
741,1,2.attn.32264,2,attn,32264,95,0
742,1,10.attn.28525,10,attn,28525,500,1
743,1,2.attn.8705,2,attn,8705,207,0
744,1,10.attn.6641,10,attn,6641,795,133
745,1,10.attn.40769,10,attn,40769,294,0
746,1,2.attn.34863,2,attn,34863,136,0
747,1,10.attn.21740,10,attn,21740,287,0
748,1,2.attn.20892,2,attn,20892,378,0
749,1,10.attn.7159,10,attn,7159,330,0
750,1,10.attn.26226,10,attn,26226,314,0
751,1,2.attn.35518,2,attn,35518,107,0
752,1,10.attn.38360,10,attn,38360,730,134
753,1,10.attn.1416,10,attn,1416,378,0
754,1,2.attn.5167,2,attn,5167,142,2
755,1,10.attn.34215,10,attn,34215,297,0
756,1,10.attn.36168,10,attn,36168,611,135
757,1,2.mlp.26898,2,mlp,26898,139,1
758,1,9.resid.36681,9,resid,36681,469,0
759,1,2.mlp.7864,2,mlp,7864,192,0
760,1,9.resid.30611,9,resid,30611,574,0
761,1,2.mlp.1913,2,mlp,1913,191,1
762,1,9.resid.34747,9,resid,34747,726,136
763,1,2.mlp.37567,2,mlp,37567,151,0
764,1,9.resid.34730,9,resid,34730,413,0
765,1,2.mlp.28770,2,mlp,28770,115,0
766,1,9.resid.38115,9,resid,38115,884,137
767,1,2.mlp.30062,2,mlp,30062,89,2
768,1,9.resid.33981,9,resid,33981,554,1
769,1,2.mlp.14309,2,mlp,14309,222,1
770,1,9.resid.16804,9,resid,16804,689,138
771,1,2.mlp.28526,2,mlp,28526,119,0
772,1,9.resid.33233,9,resid,33233,280,0
773,1,2.mlp.24863,2,mlp,24863,212,1
774,1,9.resid.37056,9,resid,37056,476,0
775,1,2.mlp.5766,2,mlp,5766,186,1
776,1,9.resid.37407,9,resid,37407,496,0
777,1,2.mlp.15730,2,mlp,15730,190,1
778,1,9.resid.30042,9,resid,30042,533,1
779,1,2.mlp.24844,2,mlp,24844,184,1
780,1,9.resid.19955,9,resid,19955,636,139
781,1,2.mlp.8251,2,mlp,8251,158,0
782,1,9.resid.13846,9,resid,13846,628,140
783,1,2.mlp.28222,2,mlp,28222,179,0
784,1,9.resid.38885,9,resid,38885,450,0
785,1,2.mlp.32638,2,mlp,32638,184,0
786,1,9.resid.7123,9,resid,7123,569,141
787,1,2.mlp.11514,2,mlp,11514,160,0
788,1,9.resid.2535,9,resid,2535,700,142
789,1,2.mlp.2469,2,mlp,2469,147,2
790,1,9.resid.15411,9,resid,15411,515,0
791,1,2.mlp.35503,2,mlp,35503,210,0
792,1,9.resid.34427,9,resid,34427,443,0
793,1,2.mlp.15814,2,mlp,15814,132,0
794,1,9.resid.5945,9,resid,5945,551,1
795,1,2.mlp.32484,2,mlp,32484,405,1
796,1,9.resid.37599,9,resid,37599,373,0
797,1,2.mlp.7299,2,mlp,7299,224,1
798,1,9.resid.8566,9,resid,8566,656,143
799,1,2.mlp.17671,2,mlp,17671,318,1
800,1,9.resid.38786,9,resid,38786,619,144
801,1,2.mlp.22119,2,mlp,22119,136,0
802,1,9.resid.40489,9,resid,40489,503,0
803,1,2.mlp.13399,2,mlp,13399,185,3
804,1,9.resid.15964,9,resid,15964,324,0
805,1,2.mlp.8400,2,mlp,8400,275,1
806,1,9.resid.15548,9,resid,15548,590,145
807,1,2.mlp.38578,2,mlp,38578,175,1
808,1,9.resid.2881,9,resid,2881,511,1
809,1,2.mlp.16287,2,mlp,16287,158,3
810,1,9.resid.3002,9,resid,3002,491,0
811,1,2.mlp.1585,2,mlp,1585,105,0
812,1,9.resid.28803,9,resid,28803,321,0
813,1,2.resid.17043,2,resid,17043,162,3
814,1,9.mlp.17765,9,mlp,17765,517,1
815,1,2.resid.23066,2,resid,23066,338,1
816,1,9.mlp.23577,9,mlp,23577,551,0
817,1,2.resid.5734,2,resid,5734,180,0
818,1,9.mlp.27320,9,mlp,27320,373,1
819,1,2.resid.22542,2,resid,22542,100,2
820,1,9.mlp.23857,9,mlp,23857,384,1
821,1,2.resid.21949,2,resid,21949,115,3
822,1,9.mlp.2800,9,mlp,2800,351,0
823,1,2.resid.16256,2,resid,16256,114,2
824,1,9.mlp.15860,9,mlp,15860,712,146
825,1,2.resid.29583,2,resid,29583,98,2
826,1,9.mlp.15001,9,mlp,15001,475,1
827,1,2.resid.18593,2,resid,18593,155,3
828,1,9.mlp.37162,9,mlp,37162,519,147
829,1,2.resid.9307,2,resid,9307,73,2
830,1,9.mlp.29685,9,mlp,29685,221,1
831,1,2.resid.32078,2,resid,32078,156,0
832,1,9.mlp.11034,9,mlp,11034,444,1
833,1,2.resid.22935,2,resid,22935,104,3
834,1,9.mlp.38723,9,mlp,38723,551,1
835,1,2.resid.25372,2,resid,25372,141,2
836,1,9.mlp.9559,9,mlp,9559,433,0
837,1,2.resid.26064,2,resid,26064,204,1
838,1,9.mlp.17303,9,mlp,17303,395,1
839,1,2.resid.18129,2,resid,18129,146,0
840,1,9.mlp.5402,9,mlp,5402,551,1
841,1,2.resid.4151,2,resid,4151,103,2
842,1,9.mlp.14106,9,mlp,14106,432,1
843,1,2.resid.13686,2,resid,13686,108,2
844,1,9.mlp.10005,9,mlp,10005,497,1
845,1,2.resid.10521,2,resid,10521,184,3
846,1,9.mlp.2957,9,mlp,2957,618,148
847,1,2.resid.33353,2,resid,33353,210,1
848,1,9.mlp.38184,9,mlp,38184,787,149
849,1,2.resid.7413,2,resid,7413,213,1
850,1,9.mlp.30683,9,mlp,30683,569,150
851,1,2.resid.33857,2,resid,33857,146,1
852,1,9.mlp.40083,9,mlp,40083,365,0
853,1,2.resid.8734,2,resid,8734,120,0
854,1,9.mlp.19739,9,mlp,19739,548,1
855,1,2.resid.22395,2,resid,22395,151,2
856,1,9.mlp.22520,9,mlp,22520,447,0
857,1,2.resid.17913,2,resid,17913,210,0
858,1,9.mlp.11422,9,mlp,11422,762,151
859,1,2.resid.7,2,resid,7,133,3
860,1,9.mlp.26756,9,mlp,26756,351,1
861,1,2.resid.10693,2,resid,10693,134,2
862,1,9.mlp.26893,9,mlp,26893,354,1
863,1,2.resid.15015,2,resid,15015,172,0
864,1,9.mlp.13324,9,mlp,13324,436,1
865,1,2.resid.1104,2,resid,1104,218,3
866,1,9.mlp.26304,9,mlp,26304,522,1
867,1,2.resid.28632,2,resid,28632,152,3
868,1,9.mlp.17718,9,mlp,17718,438,0
869,1,2.resid.18819,2,resid,18819,158,0
870,1,9.mlp.9456,9,mlp,9456,352,0
871,1,3.attn.36629,3,attn,36629,217,0
872,1,9.attn.12285,9,attn,12285,295,1
873,1,9.attn.17149,9,attn,17149,621,152
874,1,3.attn.10377,3,attn,10377,204,0
875,1,9.attn.31326,9,attn,31326,243,0
876,1,3.attn.35427,3,attn,35427,200,0
877,1,9.attn.21033,9,attn,21033,316,0
878,1,3.attn.622,3,attn,622,246,0
879,1,9.attn.3411,9,attn,3411,276,0
880,1,9.attn.36055,9,attn,36055,262,0
881,1,9.attn.2946,9,attn,2946,542,0
882,1,3.attn.6577,3,attn,6577,292,0
883,1,9.attn.27795,9,attn,27795,341,0
884,1,3.attn.31061,3,attn,31061,165,0
885,1,9.attn.13429,9,attn,13429,412,1
886,1,3.attn.22869,3,attn,22869,184,0
887,1,9.attn.17113,9,attn,17113,404,0
888,1,3.attn.36450,3,attn,36450,179,0
889,1,9.attn.1367,9,attn,1367,181,1
890,1,9.attn.26581,9,attn,26581,678,153
891,1,3.attn.34717,3,attn,34717,178,0
892,1,9.attn.40165,9,attn,40165,234,0
893,1,3.attn.29396,3,attn,29396,167,0
894,1,9.attn.6960,9,attn,6960,547,1
895,1,3.attn.30709,3,attn,30709,154,0
896,1,9.attn.38824,9,attn,38824,725,154
897,1,3.attn.33455,3,attn,33455,246,0
898,1,9.attn.22886,9,attn,22886,529,0
899,1,3.attn.1154,3,attn,1154,185,0
900,10,0.mlp.18452,0,mlp,18452,25,3
901,10,11.resid.25550,11,resid,25550,508,1
902,10,0.mlp.28737,0,mlp,28737,57,3
903,10,11.resid.8822,11,resid,8822,498,1
904,10,0.mlp.11740,0,mlp,11740,19,3
905,10,11.resid.31027,11,resid,31027,512,0
906,10,0.mlp.14371,0,mlp,14371,26,3
907,10,11.resid.13585,11,resid,13585,719,155
908,10,0.mlp.38643,0,mlp,38643,14,3
909,10,11.resid.22970,11,resid,22970,814,156
910,10,0.mlp.9618,0,mlp,9618,29,3
911,10,11.resid.28923,11,resid,28923,400,0
912,10,0.mlp.9375,0,mlp,9375,23,3
913,10,11.resid.33769,11,resid,33769,395,0
914,10,0.mlp.1722,0,mlp,1722,21,3
915,10,11.resid.19251,11,resid,19251,371,0
916,10,0.mlp.32521,0,mlp,32521,27,3
917,10,11.resid.4024,11,resid,4024,411,0
918,10,0.mlp.33344,0,mlp,33344,13,3
919,10,11.resid.23860,11,resid,23860,308,1
920,10,0.mlp.28710,0,mlp,28710,26,3
921,10,11.resid.38589,11,resid,38589,673,157
922,10,0.mlp.21970,0,mlp,21970,57,3
923,10,11.resid.9387,11,resid,9387,583,158
924,10,0.mlp.16502,0,mlp,16502,78,3
925,10,11.resid.14474,11,resid,14474,554,1
926,10,0.mlp.7113,0,mlp,7113,24,3
927,10,11.resid.40511,11,resid,40511,380,0
928,10,0.mlp.14912,0,mlp,14912,20,3
929,10,11.resid.30722,11,resid,30722,616,159
930,10,0.mlp.18232,0,mlp,18232,36,3
931,10,11.resid.34845,11,resid,34845,526,1
932,10,0.mlp.32843,0,mlp,32843,22,3
933,10,11.resid.27236,11,resid,27236,509,0
934,10,0.mlp.23688,0,mlp,23688,39,3
935,10,11.resid.8187,11,resid,8187,543,160
936,10,0.mlp.28005,0,mlp,28005,15,3
937,10,11.resid.40318,11,resid,40318,638,161
938,10,0.mlp.19944,0,mlp,19944,16,3
939,10,11.resid.8702,11,resid,8702,557,162
940,10,0.mlp.40156,0,mlp,40156,91,3
941,10,11.resid.4030,11,resid,4030,644,163
942,10,0.mlp.31513,0,mlp,31513,10,3
943,10,11.resid.29394,11,resid,29394,670,164
944,10,0.mlp.14551,0,mlp,14551,6,0
945,10,11.resid.30561,11,resid,30561,425,1
946,10,0.mlp.39035,0,mlp,39035,8,3
947,10,11.resid.20466,11,resid,20466,695,165
948,10,0.mlp.28510,0,mlp,28510,11,3
949,10,11.resid.9323,11,resid,9323,438,0
950,10,0.mlp.6283,0,mlp,6283,44,3
951,10,11.resid.35783,11,resid,35783,328,0
952,10,0.mlp.9328,0,mlp,9328,56,3
953,10,11.resid.12969,11,resid,12969,481,1
954,10,0.mlp.29383,0,mlp,29383,8,1
955,10,11.resid.36699,11,resid,36699,635,166
956,10,0.resid.427,0,resid,427,23,3
957,10,11.mlp.9957,11,mlp,9957,541,0
958,10,0.resid.23137,0,resid,23137,43,2
959,10,11.mlp.16697,11,mlp,16697,537,167
960,10,0.resid.11519,0,resid,11519,66,3
961,10,11.mlp.24227,11,mlp,24227,578,1
962,10,0.resid.1875,0,resid,1875,30,3
963,10,11.mlp.30624,11,mlp,30624,550,1
964,10,0.resid.19474,0,resid,19474,62,3
965,10,11.mlp.29769,11,mlp,29769,541,1
966,10,0.resid.27129,0,resid,27129,35,3
967,10,11.mlp.5658,11,mlp,5658,514,168
968,10,0.resid.19735,0,resid,19735,29,3
969,10,11.mlp.411,11,mlp,411,673,169
970,10,0.resid.21823,0,resid,21823,66,3
971,10,11.mlp.2607,11,mlp,2607,472,1
972,10,0.resid.2318,0,resid,2318,109,3
973,10,11.mlp.19319,11,mlp,19319,716,170
974,10,0.resid.32397,0,resid,32397,27,2
975,10,11.mlp.10947,11,mlp,10947,420,1
976,10,0.resid.40371,0,resid,40371,23,2
977,10,11.mlp.40228,11,mlp,40228,530,1
978,10,0.resid.37130,0,resid,37130,29,2
979,10,11.mlp.4008,11,mlp,4008,309,1
980,10,0.resid.6102,0,resid,6102,52,2
981,10,11.mlp.28516,11,mlp,28516,230,1
982,10,0.resid.8310,0,resid,8310,69,3
983,10,11.mlp.2759,11,mlp,2759,371,0
984,10,0.resid.11229,0,resid,11229,30,2
985,10,11.mlp.34825,11,mlp,34825,426,1
986,10,0.resid.14166,0,resid,14166,35,3
987,10,11.mlp.34302,11,mlp,34302,360,1
988,10,0.resid.30897,0,resid,30897,23,2
989,10,11.mlp.1250,11,mlp,1250,365,1
990,10,0.resid.12134,0,resid,12134,26,3
991,10,11.mlp.21181,11,mlp,21181,570,171
992,10,0.resid.27406,0,resid,27406,82,3
993,10,11.mlp.37741,11,mlp,37741,428,1
994,10,0.resid.39304,0,resid,39304,60,2
995,10,11.mlp.25560,11,mlp,25560,497,1
996,10,0.resid.20426,0,resid,20426,21,3
997,10,11.mlp.21934,11,mlp,21934,532,0
998,10,0.resid.29449,0,resid,29449,19,2
999,10,11.mlp.8836,11,mlp,8836,542,1
1000,10,0.resid.35390,0,resid,35390,69,3
1001,10,11.mlp.37102,11,mlp,37102,313,1
1002,10,0.resid.3439,0,resid,3439,24,0
1003,10,11.mlp.14491,11,mlp,14491,351,1
1004,10,0.resid.23064,0,resid,23064,46,3
1005,10,11.mlp.18950,11,mlp,18950,330,0
1006,10,0.resid.20634,0,resid,20634,22,3
1007,10,11.mlp.8050,11,mlp,8050,772,172
1008,10,0.resid.21692,0,resid,21692,143,3
1009,10,11.mlp.3512,11,mlp,3512,394,0
1010,10,0.resid.12810,0,resid,12810,39,3
1011,10,11.mlp.28410,11,mlp,28410,465,0
1012,10,0.resid.30937,0,resid,30937,17,2
1013,10,11.mlp.2554,11,mlp,2554,505,1
1014,10,11.attn.1507,11,attn,1507,315,0
1015,10,11.attn.13496,11,attn,13496,627,173
1016,10,11.attn.32285,11,attn,32285,636,174
1017,10,1.attn.34489,1,attn,34489,79,2
1018,10,11.attn.3900,11,attn,3900,416,1
1019,10,11.attn.40778,11,attn,40778,402,0
1020,10,1.attn.17837,1,attn,17837,144,0
1021,10,11.attn.31968,11,attn,31968,442,0
1022,10,1.attn.18303,1,attn,18303,58,2
1023,10,11.attn.29373,11,attn,29373,408,0
1024,10,11.attn.38361,11,attn,38361,313,0
1025,10,1.attn.28513,1,attn,28513,66,2
1026,10,11.attn.21240,11,attn,21240,917,175
1027,10,11.attn.27192,11,attn,27192,200,0
1028,10,11.attn.29889,11,attn,29889,354,1
1029,10,11.attn.20989,11,attn,20989,276,1
1030,10,11.attn.9,11,attn,9,314,0
1031,10,1.attn.40513,1,attn,40513,35,2
1032,10,11.attn.1,11,attn,1,316,1
1033,10,11.attn.6336,11,attn,6336,653,176
1034,10,1.attn.20791,1,attn,20791,87,2
1035,10,11.attn.1222,11,attn,1222,857,177
1036,10,11.attn.31690,11,attn,31690,328,0
1037,10,11.attn.22315,11,attn,22315,415,0
1038,10,1.attn.28481,1,attn,28481,55,2
1039,10,11.attn.38734,11,attn,38734,572,0
1040,10,11.attn.8005,11,attn,8005,713,178
1041,10,11.attn.23772,11,attn,23772,859,179
1042,10,1.attn.19986,1,attn,19986,155,1
1043,10,11.attn.511,11,attn,511,540,1
1044,10,11.attn.3938,11,attn,3938,320,1
1045,10,11.attn.2645,11,attn,2645,210,0
1046,10,11.attn.40602,11,attn,40602,218,1
1047,10,11.attn.17107,11,attn,17107,553,1
1048,10,11.attn.24366,11,attn,24366,609,0
1049,10,11.attn.30933,11,attn,30933,788,180
1050,10,1.mlp.32663,1,mlp,32663,199,2
1051,10,10.resid.5058,10,resid,5058,740,181
1052,10,1.mlp.12604,1,mlp,12604,151,2
1053,10,10.resid.12244,10,resid,12244,454,1
1054,10,1.mlp.25339,1,mlp,25339,74,2
1055,10,10.resid.32421,10,resid,32421,582,1
1056,10,1.mlp.39170,1,mlp,39170,129,3
1057,10,10.resid.2826,10,resid,2826,768,182
1058,10,1.mlp.6248,1,mlp,6248,124,2
1059,10,10.resid.8782,10,resid,8782,394,0
1060,10,1.mlp.14006,1,mlp,14006,126,2
1061,10,10.resid.6198,10,resid,6198,608,1
1062,10,1.mlp.27843,1,mlp,27843,114,2
1063,10,10.resid.8116,10,resid,8116,571,1
1064,10,1.mlp.33534,1,mlp,33534,151,2
1065,10,10.resid.8287,10,resid,8287,667,183
1066,10,1.mlp.7074,1,mlp,7074,241,1
1067,10,10.resid.27164,10,resid,27164,660,184
1068,10,1.mlp.9758,1,mlp,9758,175,3
1069,10,10.resid.30872,10,resid,30872,596,0
1070,10,1.mlp.23713,1,mlp,23713,279,1
1071,10,10.resid.24367,10,resid,24367,293,1
1072,10,1.mlp.9432,1,mlp,9432,174,2
1073,10,10.resid.25033,10,resid,25033,419,0
1074,10,1.mlp.33400,1,mlp,33400,103,2
1075,10,10.resid.32973,10,resid,32973,553,185
1076,10,1.mlp.35039,1,mlp,35039,79,2
1077,10,10.resid.12706,10,resid,12706,948,186
1078,10,1.mlp.16241,1,mlp,16241,183,2
1079,10,10.resid.13202,10,resid,13202,610,187
1080,10,1.mlp.28609,1,mlp,28609,110,2
1081,10,10.resid.12333,10,resid,12333,618,188
1082,10,1.mlp.11269,1,mlp,11269,114,2
1083,10,10.resid.30443,10,resid,30443,683,189
1084,10,1.mlp.40925,1,mlp,40925,199,1
1085,10,10.resid.28688,10,resid,28688,501,1
1086,10,1.mlp.28102,1,mlp,28102,191,2
1087,10,10.resid.19452,10,resid,19452,755,190
1088,10,1.mlp.3268,1,mlp,3268,297,1
1089,10,10.resid.13793,10,resid,13793,388,0
1090,10,1.mlp.28692,1,mlp,28692,166,2
1091,10,10.resid.4853,10,resid,4853,522,1
1092,10,1.mlp.8350,1,mlp,8350,145,2
1093,10,10.resid.32708,10,resid,32708,303,1
1094,10,1.mlp.20961,1,mlp,20961,122,2
1095,10,10.resid.15401,10,resid,15401,580,191
1096,10,1.mlp.25444,1,mlp,25444,67,2
1097,10,10.resid.26318,10,resid,26318,595,1
1098,10,1.mlp.40438,1,mlp,40438,231,3
1099,10,10.resid.16208,10,resid,16208,765,192
1100,10,1.mlp.30251,1,mlp,30251,109,2
1101,10,10.resid.33487,10,resid,33487,1037,193
1102,10,1.mlp.15024,1,mlp,15024,301,1
1103,10,10.resid.16104,10,resid,16104,362,0
1104,10,1.mlp.19127,1,mlp,19127,254,1
1105,10,10.resid.19551,10,resid,19551,622,194
1106,10,1.mlp.5252,1,mlp,5252,140,2
1107,10,10.resid.4488,10,resid,4488,449,0
1108,10,1.resid.26767,1,resid,26767,95,2
1109,10,10.mlp.21245,10,mlp,21245,247,1
1110,10,1.resid.13067,1,resid,13067,123,3
1111,10,10.mlp.16197,10,mlp,16197,367,0
1112,10,1.resid.9739,1,resid,9739,80,2
1113,10,10.mlp.4832,10,mlp,4832,584,1
1114,10,1.resid.29975,1,resid,29975,59,2
1115,10,10.mlp.29228,10,mlp,29228,396,0
1116,10,1.resid.4319,1,resid,4319,83,3
1117,10,10.mlp.19006,10,mlp,19006,549,0
1118,10,1.resid.25890,1,resid,25890,70,3
1119,10,10.mlp.30663,10,mlp,30663,528,1
1120,10,1.resid.2535,1,resid,2535,113,2
1121,10,10.mlp.33197,10,mlp,33197,575,0
1122,10,1.resid.5653,1,resid,5653,136,3
1123,10,10.mlp.39394,10,mlp,39394,811,195
1124,10,1.resid.32968,1,resid,32968,75,2
1125,10,10.mlp.3244,10,mlp,3244,716,196
1126,10,1.resid.38395,1,resid,38395,99,2
1127,10,10.mlp.23385,10,mlp,23385,458,0
1128,10,1.resid.26761,1,resid,26761,22,0
1129,10,10.mlp.30885,10,mlp,30885,332,0
1130,10,1.resid.34438,1,resid,34438,26,0
1131,10,10.mlp.36441,10,mlp,36441,600,1
1132,10,1.resid.40546,1,resid,40546,47,2
1133,10,10.mlp.5010,10,mlp,5010,805,197
1134,10,1.resid.40946,1,resid,40946,57,2
1135,10,10.mlp.19510,10,mlp,19510,428,0
1136,10,1.resid.7943,1,resid,7943,173,1
1137,10,10.mlp.24963,10,mlp,24963,572,198
1138,10,1.resid.11351,1,resid,11351,114,3
1139,10,10.mlp.3904,10,mlp,3904,367,1
1140,10,1.resid.8754,1,resid,8754,78,2
1141,10,10.mlp.10972,10,mlp,10972,365,1
1142,10,1.resid.1648,1,resid,1648,69,2
1143,10,10.mlp.32418,10,mlp,32418,355,1
1144,10,1.resid.28898,1,resid,28898,193,3
1145,10,10.mlp.13522,10,mlp,13522,655,199
1146,10,1.resid.23339,1,resid,23339,90,2
1147,10,10.mlp.17755,10,mlp,17755,384,1
1148,10,1.resid.38743,1,resid,38743,57,2
1149,10,10.mlp.36659,10,mlp,36659,669,200
1150,10,1.resid.5011,1,resid,5011,153,2
1151,10,10.mlp.30263,10,mlp,30263,614,201
1152,10,1.resid.116,1,resid,116,59,2
1153,10,10.mlp.4215,10,mlp,4215,572,1
1154,10,1.resid.4992,1,resid,4992,127,3
1155,10,10.mlp.573,10,mlp,573,420,1
1156,10,1.resid.23399,1,resid,23399,138,3
1157,10,10.mlp.24840,10,mlp,24840,509,1
1158,10,1.resid.20912,1,resid,20912,171,3
1159,10,10.mlp.37747,10,mlp,37747,459,1
1160,10,1.resid.31903,1,resid,31903,83,2
1161,10,10.mlp.309,10,mlp,309,477,0
1162,10,1.resid.4511,1,resid,4511,92,2
1163,10,10.mlp.36812,10,mlp,36812,265,1
1164,10,2.attn.30077,2,attn,30077,115,2
1165,10,10.attn.31480,10,attn,31480,243,0
1166,10,2.attn.26162,2,attn,26162,86,0
1167,10,10.attn.30069,10,attn,30069,383,0
1168,10,2.attn.12054,2,attn,12054,256,0
1169,10,10.attn.6471,10,attn,6471,212,0
1170,10,10.attn.25228,10,attn,25228,969,202
1171,10,2.attn.29026,2,attn,29026,213,0
1172,10,10.attn.6237,10,attn,6237,320,1
1173,10,10.attn.14058,10,attn,14058,510,1
1174,10,2.attn.5030,2,attn,5030,83,0
1175,10,10.attn.16784,10,attn,16784,1006,203
1176,10,2.attn.11200,2,attn,11200,117,0
1177,10,10.attn.1461,10,attn,1461,348,0
1178,10,2.attn.30542,2,attn,30542,182,0
1179,10,10.attn.21966,10,attn,21966,1154,204
1180,10,2.attn.36766,2,attn,36766,158,0
1181,10,10.attn.32073,10,attn,32073,410,0
1182,10,2.attn.15353,2,attn,15353,127,0
1183,10,10.attn.30324,10,attn,30324,528,1
1184,10,2.attn.8000,2,attn,8000,166,0
1185,10,10.attn.16339,10,attn,16339,225,1
1186,10,10.attn.35910,10,attn,35910,265,1
1187,10,2.attn.28581,2,attn,28581,160,0
1188,10,10.attn.9609,10,attn,9609,652,205
1189,10,2.attn.18690,2,attn,18690,134,0
1190,10,10.attn.14537,10,attn,14537,194,0
1191,10,2.attn.22508,2,attn,22508,131,0
1192,10,10.attn.34438,10,attn,34438,760,206
1193,10,10.attn.20495,10,attn,20495,293,0
1194,10,2.attn.25471,2,attn,25471,118,0
1195,10,2.attn.19200,2,attn,19200,114,0
1196,10,10.attn.17137,10,attn,17137,796,207
1197,10,2.attn.18918,2,attn,18918,116,2
1198,10,10.attn.29674,10,attn,29674,941,208
1199,10,2.attn.4789,2,attn,4789,112,0
1200,10,10.attn.24002,10,attn,24002,305,0
1201,10,2.attn.21339,2,attn,21339,136,0
1202,10,10.attn.23258,10,attn,23258,828,209
1203,10,10.attn.15854,10,attn,15854,209,0
1204,10,2.attn.38077,2,attn,38077,274,0
1205,10,10.attn.13896,10,attn,13896,322,0
1206,10,2.attn.26031,2,attn,26031,18,0
1207,10,10.attn.17945,10,attn,17945,313,0
1208,10,2.attn.6903,2,attn,6903,95,0
1209,10,10.attn.11910,10,attn,11910,248,0
1210,10,10.attn.31380,10,attn,31380,725,210
1211,10,2.mlp.23342,2,mlp,23342,143,0
1212,10,9.resid.37063,9,resid,37063,309,0
1213,10,2.mlp.30254,2,mlp,30254,298,1
1214,10,9.resid.39115,9,resid,39115,424,0
1215,10,2.mlp.1750,2,mlp,1750,130,0
1216,10,9.resid.8108,9,resid,8108,619,211
1217,10,2.mlp.32342,2,mlp,32342,231,1
1218,10,9.resid.17260,9,resid,17260,517,212
1219,10,2.mlp.13510,2,mlp,13510,186,1
1220,10,9.resid.7373,9,resid,7373,616,213
1221,10,2.mlp.33167,2,mlp,33167,189,1
1222,10,9.resid.20419,9,resid,20419,388,1
1223,10,2.mlp.33608,2,mlp,33608,133,3
1224,10,9.resid.18027,9,resid,18027,308,0
1225,10,2.mlp.3860,2,mlp,3860,229,0
1226,10,9.resid.24382,9,resid,24382,584,214
1227,10,2.mlp.5911,2,mlp,5911,185,1
1228,10,9.resid.34888,9,resid,34888,522,0
1229,10,2.mlp.33464,2,mlp,33464,209,3
1230,10,9.resid.18340,9,resid,18340,509,0
1231,10,2.mlp.25974,2,mlp,25974,158,3
1232,10,9.resid.23119,9,resid,23119,675,215
1233,10,2.mlp.10272,2,mlp,10272,206,0
1234,10,9.resid.35718,9,resid,35718,626,216
1235,10,2.mlp.36308,2,mlp,36308,260,1
1236,10,9.resid.39080,9,resid,39080,688,217
1237,10,2.mlp.4271,2,mlp,4271,344,1
1238,10,9.resid.17129,9,resid,17129,678,218
1239,10,2.mlp.10331,2,mlp,10331,284,1
1240,10,9.resid.11781,9,resid,11781,413,1
1241,10,2.mlp.16000,2,mlp,16000,228,0
1242,10,9.resid.17596,9,resid,17596,658,219
1243,10,2.mlp.23763,2,mlp,23763,111,0
1244,10,9.resid.8481,9,resid,8481,587,0
1245,10,2.mlp.4776,2,mlp,4776,196,1
1246,10,9.resid.26298,9,resid,26298,599,220
1247,10,2.mlp.22859,2,mlp,22859,139,0
1248,10,9.resid.7995,9,resid,7995,637,221
1249,10,2.mlp.3657,2,mlp,3657,216,0
1250,10,9.resid.30708,9,resid,30708,722,222
1251,10,2.mlp.39022,2,mlp,39022,228,1
1252,10,9.resid.7106,9,resid,7106,642,223
1253,10,2.mlp.16845,2,mlp,16845,156,1
1254,10,9.resid.33023,9,resid,33023,796,224
1255,10,2.mlp.5794,2,mlp,5794,322,1
1256,10,9.resid.33653,9,resid,33653,622,225
1257,10,2.mlp.30081,2,mlp,30081,70,2
1258,10,9.resid.17605,9,resid,17605,741,226
1259,10,2.mlp.4406,2,mlp,4406,255,1
1260,10,9.resid.29881,9,resid,29881,504,0
1261,10,2.mlp.3888,2,mlp,3888,234,1
1262,10,9.resid.25703,9,resid,25703,632,227
1263,10,2.mlp.25765,2,mlp,25765,111,3
1264,10,9.resid.1841,9,resid,1841,558,1
1265,10,2.mlp.38972,2,mlp,38972,125,2
1266,10,9.resid.19759,9,resid,19759,546,228
1267,10,2.mlp.19178,2,mlp,19178,155,2
1268,10,9.resid.39885,9,resid,39885,557,1
1269,10,2.resid.12974,2,resid,12974,199,1
1270,10,9.mlp.24453,9,mlp,24453,553,229
1271,10,2.resid.40361,2,resid,40361,145,3
1272,10,9.mlp.7312,9,mlp,7312,654,230
1273,10,2.resid.29981,2,resid,29981,145,2
1274,10,9.mlp.2360,9,mlp,2360,446,0
1275,10,2.resid.9306,2,resid,9306,81,2
1276,10,9.mlp.7611,9,mlp,7611,662,231
1277,10,2.resid.34402,2,resid,34402,186,1
1278,10,9.mlp.19905,9,mlp,19905,307,0
1279,10,2.resid.24624,2,resid,24624,137,2
1280,10,9.mlp.12544,9,mlp,12544,516,0
1281,10,2.resid.179,2,resid,179,141,3
1282,10,9.mlp.39623,9,mlp,39623,446,0
1283,10,2.resid.38371,2,resid,38371,213,1
1284,10,9.mlp.31704,9,mlp,31704,528,0
1285,10,2.resid.18239,2,resid,18239,129,2
1286,10,9.mlp.38200,9,mlp,38200,461,0
1287,10,2.resid.33493,2,resid,33493,101,2
1288,10,9.mlp.5321,9,mlp,5321,395,1
1289,10,2.resid.27274,2,resid,27274,214,1
1290,10,9.mlp.28906,9,mlp,28906,479,0
1291,10,2.resid.25242,2,resid,25242,200,1
1292,10,9.mlp.38805,9,mlp,38805,456,1
1293,10,2.resid.14924,2,resid,14924,134,2
1294,10,9.mlp.16208,9,mlp,16208,586,1
1295,10,2.resid.15575,2,resid,15575,106,2
1296,10,9.mlp.38247,9,mlp,38247,525,0
1297,10,2.resid.32900,2,resid,32900,234,1
1298,10,9.mlp.19392,9,mlp,19392,275,0
1299,10,2.resid.24920,2,resid,24920,228,1
1300,10,9.mlp.20727,9,mlp,20727,527,0
1301,10,2.resid.33109,2,resid,33109,172,1
1302,10,9.mlp.13808,9,mlp,13808,665,232
1303,10,2.resid.26960,2,resid,26960,114,2
1304,10,9.mlp.16334,9,mlp,16334,514,1
1305,10,2.resid.33335,2,resid,33335,131,3
1306,10,9.mlp.18225,9,mlp,18225,578,0
1307,10,2.resid.9155,2,resid,9155,210,0
1308,10,9.mlp.35924,9,mlp,35924,760,233
1309,10,2.resid.29544,2,resid,29544,265,1
1310,10,9.mlp.19667,9,mlp,19667,580,1
1311,10,2.resid.15472,2,resid,15472,80,2
1312,10,9.mlp.25026,9,mlp,25026,498,1
1313,10,2.resid.20635,2,resid,20635,196,1
1314,10,9.mlp.26894,9,mlp,26894,378,0
1315,10,2.resid.38721,2,resid,38721,161,1
1316,10,9.mlp.31829,9,mlp,31829,616,234
1317,10,2.resid.12824,2,resid,12824,127,2
1318,10,9.mlp.2752,9,mlp,2752,464,1
1319,10,2.resid.10144,2,resid,10144,93,2
1320,10,9.mlp.6752,9,mlp,6752,577,1
1321,10,2.resid.12628,2,resid,12628,125,2
1322,10,9.mlp.7402,9,mlp,7402,449,1
1323,10,2.resid.4292,2,resid,4292,140,1
1324,10,9.mlp.5942,9,mlp,5942,701,235
1325,10,3.attn.30540,3,attn,30540,367,0
1326,10,9.attn.27124,9,attn,27124,287,1
1327,10,3.attn.4201,3,attn,4201,217,0
1328,10,9.attn.22360,9,attn,22360,821,236
1329,10,3.attn.40216,3,attn,40216,120,0
1330,10,9.attn.27389,9,attn,27389,443,0
1331,10,3.attn.12386,3,attn,12386,176,0
1332,10,9.attn.30542,9,attn,30542,279,0
1333,10,9.attn.38875,9,attn,38875,270,0
1334,10,3.attn.33244,3,attn,33244,174,0
1335,10,9.attn.26366,9,attn,26366,256,0
1336,10,3.attn.20211,3,attn,20211,146,0
1337,10,9.attn.6608,9,attn,6608,328,0
1338,10,3.attn.1023,3,attn,1023,199,0
1339,10,3.attn.24644,3,attn,24644,183,0
1340,10,9.attn.22928,9,attn,22928,917,237
1341,10,3.attn.39421,3,attn,39421,181,0
1342,10,9.attn.19165,9,attn,19165,548,1
1343,10,3.attn.27594,3,attn,27594,116,0
1344,10,9.attn.7817,9,attn,7817,647,238
1345,10,3.attn.10818,3,attn,10818,193,0
1346,10,9.attn.25193,9,attn,25193,205,0
1347,10,3.attn.38132,3,attn,38132,129,0
1348,10,9.attn.38772,9,attn,38772,270,0
1349,10,3.attn.25589,3,attn,25589,206,0
1350,10,9.attn.531,9,attn,531,230,0
1351,10,3.attn.17429,3,attn,17429,135,0
1352,10,9.attn.40283,9,attn,40283,399,0
1353,10,3.attn.537,3,attn,537,206,0
1354,10,9.attn.23509,9,attn,23509,452,0
1355,10,3.attn.22257,3,attn,22257,148,0
1356,10,9.attn.25076,9,attn,25076,270,0
1357,10,9.attn.38891,9,attn,38891,302,0
1358,10,3.attn.23405,3,attn,23405,150,0
1359,10,9.attn.2870,9,attn,2870,299,0
1360,11,11.resid.5848,11,resid,5848,471,1
1361,11,0.mlp.15999,0,mlp,15999,6,1
1362,11,11.resid.28167,11,resid,28167,491,1
1363,11,0.mlp.9834,0,mlp,9834,10,1
1364,11,11.resid.31549,11,resid,31549,470,1
1365,11,0.mlp.307,0,mlp,307,23,3
1366,11,11.resid.20523,11,resid,20523,768,239
1367,11,0.mlp.8301,0,mlp,8301,11,3
1368,11,11.resid.8122,11,resid,8122,779,240
1369,11,0.mlp.28070,0,mlp,28070,12,1
1370,11,11.resid.25703,11,resid,25703,255,1
1371,11,0.mlp.24291,0,mlp,24291,28,3
1372,11,11.resid.16822,11,resid,16822,570,1
1373,11,0.mlp.34055,0,mlp,34055,25,3
1374,11,11.resid.8485,11,resid,8485,539,241
1375,11,0.mlp.25174,0,mlp,25174,13,3
1376,11,11.resid.25055,11,resid,25055,594,1
1377,11,0.mlp.17982,0,mlp,17982,27,3
1378,11,11.resid.31012,11,resid,31012,599,242
1379,11,0.mlp.37079,0,mlp,37079,35,3
1380,11,11.resid.22098,11,resid,22098,218,1
1381,11,0.mlp.38046,0,mlp,38046,14,3
1382,11,11.resid.37576,11,resid,37576,486,0
1383,11,0.mlp.21430,0,mlp,21430,11,1
1384,11,11.resid.6383,11,resid,6383,420,1
1385,11,0.mlp.4818,0,mlp,4818,24,3
1386,11,11.resid.12278,11,resid,12278,397,0
1387,11,0.mlp.39827,0,mlp,39827,44,3
1388,11,11.resid.1629,11,resid,1629,777,243
1389,11,0.mlp.16214,0,mlp,16214,11,3
1390,11,11.resid.15144,11,resid,15144,550,244
1391,11,0.mlp.7864,0,mlp,7864,19,3
1392,11,11.resid.10265,11,resid,10265,766,245
1393,11,0.mlp.35086,0,mlp,35086,78,3
1394,11,11.resid.21323,11,resid,21323,303,1
1395,11,0.mlp.20501,0,mlp,20501,19,3
1396,11,11.resid.35730,11,resid,35730,349,0
1397,11,0.mlp.37051,0,mlp,37051,7,3
1398,11,11.resid.6881,11,resid,6881,272,1
1399,11,0.mlp.6225,0,mlp,6225,35,3
1400,11,11.resid.40288,11,resid,40288,611,1
1401,11,0.mlp.35631,0,mlp,35631,20,3
1402,11,11.resid.29864,11,resid,29864,504,0
1403,11,0.mlp.5233,0,mlp,5233,18,3
1404,11,11.resid.12607,11,resid,12607,459,1
1405,11,0.mlp.25788,0,mlp,25788,50,3
1406,11,11.resid.9722,11,resid,9722,476,0
1407,11,0.mlp.4772,0,mlp,4772,25,3
1408,11,11.resid.60,11,resid,60,419,0
1409,11,0.mlp.23934,0,mlp,23934,14,3
1410,11,11.resid.17248,11,resid,17248,604,246
1411,11,0.mlp.5986,0,mlp,5986,16,3
1412,11,11.resid.18948,11,resid,18948,379,0
1413,11,0.mlp.1078,0,mlp,1078,25,3
1414,11,11.resid.40546,11,resid,40546,439,0
1415,11,0.resid.17246,0,resid,17246,114,3
1416,11,11.mlp.37443,11,mlp,37443,483,1
1417,11,0.resid.10775,0,resid,10775,35,2
1418,11,11.mlp.11101,11,mlp,11101,606,1
1419,11,0.resid.13745,0,resid,13745,18,3
1420,11,11.mlp.37786,11,mlp,37786,646,247
1421,11,0.resid.36878,0,resid,36878,22,3
1422,11,11.mlp.38295,11,mlp,38295,271,1
1423,11,0.resid.5454,0,resid,5454,52,2
1424,11,11.mlp.19493,11,mlp,19493,603,1
1425,11,0.resid.4630,0,resid,4630,18,3
1426,11,11.mlp.32263,11,mlp,32263,594,1
1427,11,0.resid.28560,0,resid,28560,44,2
1428,11,11.mlp.2410,11,mlp,2410,686,248
1429,11,0.resid.29117,0,resid,29117,28,2
1430,11,11.mlp.3266,11,mlp,3266,367,1
1431,11,0.resid.28095,0,resid,28095,20,2
1432,11,11.mlp.6221,11,mlp,6221,566,0
1433,11,0.resid.15051,0,resid,15051,16,0
1434,11,11.mlp.34608,11,mlp,34608,310,0
1435,11,0.resid.7847,0,resid,7847,28,2
1436,11,11.mlp.30094,11,mlp,30094,615,249
1437,11,0.resid.15933,0,resid,15933,87,3
1438,11,11.mlp.16038,11,mlp,16038,543,250
1439,11,0.resid.12585,0,resid,12585,50,2
1440,11,11.mlp.6859,11,mlp,6859,451,1
1441,11,0.resid.1918,0,resid,1918,155,3
1442,11,11.mlp.2599,11,mlp,2599,616,251
1443,11,0.resid.12470,0,resid,12470,17,2
1444,11,11.mlp.11518,11,mlp,11518,338,0
1445,11,0.resid.39738,0,resid,39738,52,2
1446,11,11.mlp.15224,11,mlp,15224,414,0
1447,11,0.resid.3842,0,resid,3842,37,2
1448,11,11.mlp.1644,11,mlp,1644,380,1
1449,11,0.resid.22914,0,resid,22914,11,1
1450,11,11.mlp.6492,11,mlp,6492,459,0
1451,11,0.resid.7305,0,resid,7305,17,0
1452,11,11.mlp.38013,11,mlp,38013,574,1
1453,11,0.resid.26415,0,resid,26415,38,3
1454,11,11.mlp.39184,11,mlp,39184,373,0
1455,11,0.resid.15817,0,resid,15817,78,3
1456,11,11.mlp.5071,11,mlp,5071,340,0
1457,11,0.resid.8006,0,resid,8006,121,3
1458,11,11.mlp.28324,11,mlp,28324,498,1
1459,11,0.resid.9935,0,resid,9935,99,3
1460,11,11.mlp.4275,11,mlp,4275,539,0
1461,11,0.resid.32992,0,resid,32992,45,2
1462,11,11.mlp.16017,11,mlp,16017,243,1
1463,11,0.resid.1596,0,resid,1596,25,3
1464,11,11.mlp.8144,11,mlp,8144,571,1
1465,11,0.resid.6451,0,resid,6451,30,3
1466,11,11.mlp.14409,11,mlp,14409,425,1
1467,11,0.resid.36718,0,resid,36718,49,2
1468,11,11.mlp.17969,11,mlp,17969,231,1
1469,11,0.resid.29129,0,resid,29129,20,2
1470,11,11.mlp.2261,11,mlp,2261,518,0
1471,11,0.resid.28664,0,resid,28664,18,3
1472,11,11.mlp.9923,11,mlp,9923,503,1
1473,11,1.attn.37873,1,attn,37873,178,3
1474,11,11.attn.36001,11,attn,36001,1291,252
1475,11,11.attn.29096,11,attn,29096,97,2
1476,11,11.attn.30203,11,attn,30203,615,253
1477,11,11.attn.22473,11,attn,22473,505,1
1478,11,11.attn.40484,11,attn,40484,169,0
1479,11,11.attn.3234,11,attn,3234,492,1
1480,11,11.attn.7486,11,attn,7486,1283,254
1481,11,1.attn.13728,1,attn,13728,131,3
1482,11,11.attn.16416,11,attn,16416,644,255
1483,11,11.attn.3126,11,attn,3126,159,0
1484,11,11.attn.36297,11,attn,36297,604,1
1485,11,1.attn.39924,1,attn,39924,66,2
1486,11,11.attn.11673,11,attn,11673,904,256
1487,11,1.attn.837,1,attn,837,65,2
1488,11,11.attn.14062,11,attn,14062,1014,257
1489,11,1.attn.12956,1,attn,12956,180,3
1490,11,11.attn.40205,11,attn,40205,320,1
1491,11,11.attn.17506,11,attn,17506,466,0
1492,11,11.attn.3318,11,attn,3318,732,258
1493,11,11.attn.17732,11,attn,17732,664,259
1494,11,1.attn.8428,1,attn,8428,42,2
1495,11,11.attn.21627,11,attn,21627,213,1
1496,11,11.attn.36625,11,attn,36625,543,1
1497,11,11.attn.33195,11,attn,33195,278,1
1498,11,11.attn.30508,11,attn,30508,238,0
1499,11,11.attn.24790,11,attn,24790,256,0
1500,11,11.attn.20374,11,attn,20374,349,0
1501,11,1.attn.15709,1,attn,15709,72,2
1502,11,11.attn.35622,11,attn,35622,583,1
1503,11,11.attn.16140,11,attn,16140,424,1
1504,11,11.attn.34231,11,attn,34231,616,260
1505,11,11.attn.20012,11,attn,20012,469,1
1506,11,11.attn.21057,11,attn,21057,476,1
1507,11,11.attn.22637,11,attn,22637,306,0
1508,11,1.mlp.35561,1,mlp,35561,156,3
1509,11,10.resid.36817,10,resid,36817,315,0
1510,11,1.mlp.27400,1,mlp,27400,106,2
1511,11,10.resid.12454,10,resid,12454,291,1
1512,11,1.mlp.1766,1,mlp,1766,115,2
1513,11,10.resid.17955,10,resid,17955,749,261
1514,11,1.mlp.10368,1,mlp,10368,145,2
1515,11,10.resid.27528,10,resid,27528,633,262
1516,11,1.mlp.29369,1,mlp,29369,173,2
1517,11,10.resid.3404,10,resid,3404,695,263
1518,11,1.mlp.68,1,mlp,68,184,3
1519,11,10.resid.28967,10,resid,28967,785,264
1520,11,1.mlp.13616,1,mlp,13616,132,2
1521,11,10.resid.8109,10,resid,8109,443,0
1522,11,1.mlp.30874,1,mlp,30874,179,3
1523,11,10.resid.23134,10,resid,23134,302,1
1524,11,1.mlp.27354,1,mlp,27354,119,2
1525,11,10.resid.37343,10,resid,37343,374,0
1526,11,1.mlp.23292,1,mlp,23292,92,2
1527,11,10.resid.17843,10,resid,17843,753,265
1528,11,1.mlp.20983,1,mlp,20983,210,3
1529,11,10.resid.35438,10,resid,35438,586,1
1530,11,1.mlp.16611,1,mlp,16611,89,2
1531,11,10.resid.242,10,resid,242,515,0
1532,11,1.mlp.17959,1,mlp,17959,198,3
1533,11,10.resid.10706,10,resid,10706,393,1
1534,11,1.mlp.36519,1,mlp,36519,70,2
1535,11,10.resid.26297,10,resid,26297,373,0
1536,11,1.mlp.28943,1,mlp,28943,172,2
1537,11,10.resid.6573,10,resid,6573,568,1
1538,11,1.mlp.21454,1,mlp,21454,154,2
1539,11,10.resid.16754,10,resid,16754,733,266
1540,11,1.mlp.2989,1,mlp,2989,188,2
1541,11,10.resid.7389,10,resid,7389,735,267
1542,11,1.mlp.4472,1,mlp,4472,75,2
1543,11,10.resid.18901,10,resid,18901,673,268
1544,11,1.mlp.24884,1,mlp,24884,88,2
1545,11,10.resid.19756,10,resid,19756,408,1
1546,11,1.mlp.29711,1,mlp,29711,218,3
1547,11,10.resid.28726,10,resid,28726,638,269
1548,11,1.mlp.37109,1,mlp,37109,83,2
1549,11,10.resid.20262,10,resid,20262,614,270
1550,11,1.mlp.23304,1,mlp,23304,111,2
1551,11,10.resid.7845,10,resid,7845,409,0
1552,11,1.mlp.35511,1,mlp,35511,233,3
1553,11,10.resid.2452,10,resid,2452,513,0
1554,11,1.mlp.16391,1,mlp,16391,116,2
1555,11,10.resid.14129,10,resid,14129,270,1
1556,11,1.mlp.4070,1,mlp,4070,233,1
1557,11,10.resid.39180,10,resid,39180,501,1
1558,11,1.mlp.34772,1,mlp,34772,125,2
1559,11,10.resid.4014,10,resid,4014,577,271
1560,11,1.mlp.36512,1,mlp,36512,106,2
1561,11,10.resid.34657,10,resid,34657,643,272
1562,11,1.mlp.9498,1,mlp,9498,97,2
1563,11,10.resid.16128,10,resid,16128,452,0
1564,11,1.mlp.8164,1,mlp,8164,175,2
1565,11,10.resid.36393,10,resid,36393,745,273
1566,11,1.resid.10900,1,resid,10900,112,3
1567,11,10.mlp.25507,10,mlp,25507,497,1
1568,11,1.resid.19666,1,resid,19666,94,2
1569,11,10.mlp.33396,10,mlp,33396,656,274
1570,11,1.resid.3636,1,resid,3636,65,2
1571,11,10.mlp.7083,10,mlp,7083,421,0
1572,11,1.resid.23514,1,resid,23514,128,3
1573,11,10.mlp.26128,10,mlp,26128,446,1
1574,11,1.resid.33347,1,resid,33347,92,2
1575,11,10.mlp.39535,10,mlp,39535,724,275
1576,11,1.resid.37469,1,resid,37469,84,2
1577,11,10.mlp.11615,10,mlp,11615,356,1
1578,11,1.resid.23740,1,resid,23740,96,3
1579,11,10.mlp.19525,10,mlp,19525,642,276
1580,11,1.resid.27082,1,resid,27082,99,3
1581,11,10.mlp.5613,10,mlp,5613,417,0
1582,11,1.resid.7723,1,resid,7723,85,2
1583,11,10.mlp.34809,10,mlp,34809,291,1
1584,11,1.resid.36397,1,resid,36397,50,2
1585,11,10.mlp.37996,10,mlp,37996,338,1
1586,11,1.resid.30993,1,resid,30993,180,3
1587,11,10.mlp.26199,10,mlp,26199,632,277
1588,11,1.resid.32926,1,resid,32926,136,2
1589,11,10.mlp.17325,10,mlp,17325,648,278
1590,11,1.resid.9963,1,resid,9963,94,2
1591,11,10.mlp.11068,10,mlp,11068,717,279
1592,11,1.resid.39272,1,resid,39272,129,2
1593,11,10.mlp.27528,10,mlp,27528,449,1
1594,11,1.resid.16522,1,resid,16522,27,0
1595,11,10.mlp.18985,10,mlp,18985,328,1
1596,11,1.resid.1099,1,resid,1099,108,2
1597,11,10.mlp.16693,10,mlp,16693,704,280
1598,11,1.resid.29196,1,resid,29196,130,3
1599,11,10.mlp.36154,10,mlp,36154,432,1
1600,11,1.resid.20910,1,resid,20910,65,2
1601,11,10.mlp.31941,10,mlp,31941,512,281
1602,11,1.resid.39486,1,resid,39486,56,2
1603,11,10.mlp.34113,10,mlp,34113,616,282
1604,11,1.resid.25267,1,resid,25267,133,2
1605,11,10.mlp.18110,10,mlp,18110,567,1
1606,11,1.resid.25478,1,resid,25478,93,2
1607,11,10.mlp.23701,10,mlp,23701,556,283
1608,11,1.resid.32600,1,resid,32600,63,2
1609,11,10.mlp.299,10,mlp,299,445,0
1610,11,1.resid.22163,1,resid,22163,95,3
1611,11,10.mlp.33528,10,mlp,33528,549,284
1612,11,1.resid.39175,1,resid,39175,63,3
1613,11,10.mlp.36798,10,mlp,36798,782,285
1614,11,1.resid.3592,1,resid,3592,143,3
1615,11,10.mlp.25764,10,mlp,25764,529,0
1616,11,1.resid.14378,1,resid,14378,87,2
1617,11,10.mlp.29809,10,mlp,29809,566,1
1618,11,1.resid.32079,1,resid,32079,130,3
1619,11,10.mlp.4833,10,mlp,4833,420,1
1620,11,1.resid.30391,1,resid,30391,111,2
1621,11,10.mlp.9109,10,mlp,9109,552,1
1622,11,10.attn.3299,10,attn,3299,403,0
1623,11,2.attn.2993,2,attn,2993,215,0
1624,11,2.attn.23603,2,attn,23603,130,2
1625,11,10.attn.30910,10,attn,30910,991,286
1626,11,2.attn.21750,2,attn,21750,133,0
1627,11,10.attn.7358,10,attn,7358,630,287
1628,11,2.attn.16634,2,attn,16634,134,0
1629,11,10.attn.36809,10,attn,36809,539,1
1630,11,2.attn.36565,2,attn,36565,214,0
1631,11,10.attn.15768,10,attn,15768,255,0
1632,11,2.attn.38643,2,attn,38643,61,0
1633,11,10.attn.295,10,attn,295,825,288
1634,11,10.attn.20796,10,attn,20796,197,0
1635,11,2.attn.1249,2,attn,1249,70,0
1636,11,10.attn.39088,10,attn,39088,388,1
1637,11,10.attn.27734,10,attn,27734,377,1
1638,11,2.attn.18801,2,attn,18801,84,0
1639,11,10.attn.1714,10,attn,1714,235,1
1640,11,2.attn.19771,2,attn,19771,473,1
1641,11,10.attn.11364,10,attn,11364,694,289
1642,11,2.attn.34126,2,attn,34126,176,1
1643,11,10.attn.32255,10,attn,32255,325,0
1644,11,2.attn.14727,2,attn,14727,170,0
1645,11,10.attn.18814,10,attn,18814,891,290
1646,11,2.attn.30777,2,attn,30777,128,0
1647,11,10.attn.15350,10,attn,15350,1064,291
1648,11,2.attn.2709,2,attn,2709,182,0
1649,11,10.attn.6192,10,attn,6192,854,292
1650,11,2.attn.36905,2,attn,36905,95,0
1651,11,10.attn.30770,10,attn,30770,474,0
1652,11,2.attn.38760,2,attn,38760,143,0
1653,11,10.attn.32193,10,attn,32193,238,0
1654,11,10.attn.21477,10,attn,21477,321,1
1655,11,2.attn.12980,2,attn,12980,183,3
1656,11,10.attn.5264,10,attn,5264,483,1
1657,11,10.attn.2594,10,attn,2594,249,0
1658,11,2.attn.911,2,attn,911,53,2
1659,11,10.attn.8901,10,attn,8901,317,0
1660,11,2.attn.27411,2,attn,27411,178,3
1661,11,10.attn.24730,10,attn,24730,589,1
1662,11,10.attn.38067,10,attn,38067,246,0
1663,11,2.attn.17102,2,attn,17102,183,0
1664,11,10.attn.33695,10,attn,33695,396,0
1665,11,2.attn.4239,2,attn,4239,140,0
1666,11,10.attn.32241,10,attn,32241,477,0
1667,11,2.attn.35811,2,attn,35811,91,0
1668,11,10.attn.10243,10,attn,10243,844,293
1669,11,2.mlp.9618,2,mlp,9618,210,0
1670,11,10.attn.31771,10,attn,31771,844,294
1671,11,2.mlp.4636,2,mlp,4636,283,1
1672,11,9.resid.27585,9,resid,27585,584,295
1673,11,2.mlp.38831,2,mlp,38831,150,2
1674,11,9.resid.18031,9,resid,18031,521,0
1675,11,2.mlp.4722,2,mlp,4722,170,0
1676,11,9.resid.40252,9,resid,40252,536,0
1677,11,2.mlp.6458,2,mlp,6458,193,3
1678,11,9.resid.22625,9,resid,22625,725,296
1679,11,2.mlp.13069,2,mlp,13069,319,0
1680,11,9.resid.33063,9,resid,33063,651,297
1681,11,2.mlp.948,2,mlp,948,234,1
1682,11,9.resid.11600,9,resid,11600,556,298
1683,11,2.mlp.24421,2,mlp,24421,237,1
1684,11,9.resid.37786,9,resid,37786,427,1
1685,11,2.mlp.35337,2,mlp,35337,222,0
1686,11,9.resid.15443,9,resid,15443,610,1
1687,11,2.mlp.31102,2,mlp,31102,231,0
1688,11,9.resid.13326,9,resid,13326,531,299
1689,11,2.mlp.30287,2,mlp,30287,164,0
1690,11,9.resid.25697,9,resid,25697,495,1
1691,11,2.mlp.33738,2,mlp,33738,155,0
1692,11,9.resid.26858,9,resid,26858,583,300
1693,11,2.mlp.32798,2,mlp,32798,166,3
1694,11,9.resid.575,9,resid,575,532,0
1695,11,2.mlp.32017,2,mlp,32017,136,3
1696,11,9.resid.18214,9,resid,18214,583,301
1697,11,2.mlp.1440,2,mlp,1440,269,1
1698,11,9.resid.33488,9,resid,33488,646,302
1699,11,2.mlp.8448,2,mlp,8448,124,2
1700,11,9.resid.19988,9,resid,19988,404,1
1701,11,2.mlp.23049,2,mlp,23049,183,0
1702,11,9.resid.11834,9,resid,11834,574,1
1703,11,2.mlp.26823,2,mlp,26823,242,1
1704,11,9.resid.37027,9,resid,37027,512,303
1705,11,2.mlp.6564,2,mlp,6564,197,1
1706,11,9.resid.15524,9,resid,15524,527,0
1707,11,2.mlp.30122,2,mlp,30122,141,1
1708,11,9.resid.40406,9,resid,40406,630,304
1709,11,2.mlp.37022,2,mlp,37022,362,1
1710,11,9.resid.34898,9,resid,34898,636,305
1711,11,2.mlp.10487,2,mlp,10487,142,2
1712,11,9.resid.32658,9,resid,32658,650,306
1713,11,2.mlp.27017,2,mlp,27017,229,1
1714,11,9.resid.28021,9,resid,28021,646,307
1715,11,2.mlp.10736,2,mlp,10736,166,0
1716,11,9.resid.19070,9,resid,19070,403,0
1717,11,2.mlp.18595,2,mlp,18595,136,0
1718,11,9.resid.11845,9,resid,11845,583,308
1719,11,2.mlp.10730,2,mlp,10730,102,2
1720,11,9.resid.9936,9,resid,9936,534,1
1721,11,2.mlp.17153,2,mlp,17153,178,0
1722,11,9.resid.26833,9,resid,26833,210,1
1723,11,2.mlp.3144,2,mlp,3144,190,0
1724,11,9.resid.29803,9,resid,29803,511,0
1725,11,2.mlp.35750,2,mlp,35750,378,1
1726,11,9.resid.26670,9,resid,26670,519,0
1727,11,2.resid.18148,2,resid,18148,116,2
1728,11,9.mlp.9144,9,mlp,9144,463,1
1729,11,2.resid.5332,2,resid,5332,198,1
1730,11,9.mlp.13336,9,mlp,13336,625,309
1731,11,2.resid.8158,2,resid,8158,77,2
1732,11,9.mlp.34216,9,mlp,34216,454,0
1733,11,2.resid.744,2,resid,744,219,0
1734,11,9.mlp.26833,9,mlp,26833,439,0
1735,11,2.resid.2139,2,resid,2139,47,0
1736,11,9.mlp.504,9,mlp,504,337,0
1737,11,2.resid.29868,2,resid,29868,184,3
1738,11,9.mlp.39737,9,mlp,39737,518,0
1739,11,2.resid.32866,2,resid,32866,292,1
1740,11,9.mlp.17499,9,mlp,17499,636,310
1741,11,2.resid.18757,2,resid,18757,337,1
1742,11,9.mlp.27172,9,mlp,27172,599,1
1743,11,2.resid.2330,2,resid,2330,176,0
1744,11,9.mlp.12048,9,mlp,12048,715,311
1745,11,2.resid.15727,2,resid,15727,206,1
1746,11,9.mlp.40344,9,mlp,40344,335,0
1747,11,2.resid.31378,2,resid,31378,119,3
1748,11,9.mlp.26872,9,mlp,26872,505,1
1749,11,2.resid.4319,2,resid,4319,137,3
1750,11,9.mlp.7789,9,mlp,7789,637,312
1751,11,2.resid.15714,2,resid,15714,243,1
1752,11,9.mlp.26300,9,mlp,26300,490,0
1753,11,2.resid.37832,2,resid,37832,167,0
1754,11,9.mlp.13723,9,mlp,13723,385,1
1755,11,2.resid.3491,2,resid,3491,203,0
1756,11,9.mlp.10650,9,mlp,10650,552,1
1757,11,2.resid.28655,2,resid,28655,208,1
1758,11,9.mlp.33422,9,mlp,33422,512,1
1759,11,2.resid.21823,2,resid,21823,179,1
1760,11,9.mlp.37684,9,mlp,37684,540,1
1761,11,2.resid.8818,2,resid,8818,252,0
1762,11,9.mlp.23870,9,mlp,23870,424,0
1763,11,2.resid.39563,2,resid,39563,206,0
1764,11,9.mlp.18918,9,mlp,18918,384,0
1765,11,2.resid.1697,2,resid,1697,103,2
1766,11,9.mlp.486,9,mlp,486,588,1
1767,11,2.resid.36960,2,resid,36960,175,3
1768,11,9.mlp.9034,9,mlp,9034,458,1
1769,11,2.resid.21889,2,resid,21889,151,1
1770,11,9.mlp.22518,9,mlp,22518,537,0
1771,11,2.resid.17475,2,resid,17475,221,0
1772,11,9.mlp.23761,9,mlp,23761,527,1
1773,11,2.resid.11060,2,resid,11060,183,0
1774,11,9.mlp.22268,9,mlp,22268,671,313
1775,11,2.resid.17790,2,resid,17790,150,2
1776,11,9.mlp.1612,9,mlp,1612,435,0
1777,11,2.resid.28743,2,resid,28743,110,2
1778,11,9.mlp.24835,9,mlp,24835,420,1
1779,11,2.resid.25995,2,resid,25995,144,3
1780,11,9.mlp.8676,9,mlp,8676,423,0
1781,11,2.resid.26583,2,resid,26583,147,0
1782,11,9.mlp.3038,9,mlp,3038,542,314
1783,11,3.attn.12225,3,attn,12225,121,0
1784,11,9.attn.8981,9,attn,8981,291,0
1785,11,3.attn.10120,3,attn,10120,193,0
1786,11,9.attn.3440,9,attn,3440,331,1
1787,11,3.attn.6987,3,attn,6987,189,0
1788,11,9.attn.6711,9,attn,6711,443,0
1789,11,3.attn.12560,3,attn,12560,377,0
1790,11,9.attn.32465,9,attn,32465,439,0
1791,11,3.attn.15673,3,attn,15673,198,0
1792,11,9.attn.34787,9,attn,34787,467,315
1793,11,3.attn.40357,3,attn,40357,257,0
1794,11,9.attn.14523,9,attn,14523,774,316
1795,11,9.attn.33359,9,attn,33359,551,1
1796,11,3.attn.10734,3,attn,10734,167,0
1797,11,9.attn.38089,9,attn,38089,411,0
1798,11,3.attn.31840,3,attn,31840,265,0
1799,11,9.attn.11700,9,attn,11700,252,1
1800,11,3.attn.9312,3,attn,9312,161,0
1801,11,3.attn.2785,3,attn,2785,134,0
1802,11,9.attn.37739,9,attn,37739,542,1
1803,11,3.attn.1858,3,attn,1858,148,0
1804,11,9.attn.21168,9,attn,21168,810,317
1805,11,3.attn.39326,3,attn,39326,179,0
1806,11,9.attn.1421,9,attn,1421,515,0
1807,11,3.attn.33863,3,attn,33863,187,0
1808,11,9.attn.34980,9,attn,34980,266,1
1809,11,3.attn.5076,3,attn,5076,194,0
1810,11,9.attn.15931,9,attn,15931,521,1
1811,11,3.attn.27496,3,attn,27496,182,0
1812,11,9.attn.21705,9,attn,21705,553,0
1813,11,3.attn.37782,3,attn,37782,325,0
1814,11,9.attn.22192,9,attn,22192,941,318
1815,11,3.attn.713,3,attn,713,195,0
1816,11,9.attn.2299,9,attn,2299,424,0
1817,11,3.attn.27480,3,attn,27480,237,0
1818,11,9.attn.7570,9,attn,7570,753,319
1819,11,3.attn.3998,3,attn,3998,217,0
1820,12,0.mlp.20950,0,mlp,20950,9,3
1821,12,11.resid.40838,11,resid,40838,351,0
1822,12,0.mlp.37693,0,mlp,37693,55,3
1823,12,11.resid.34384,11,resid,34384,592,1
1824,12,0.mlp.34258,0,mlp,34258,25,3
1825,12,11.resid.19502,11,resid,19502,299,0
1826,12,0.mlp.959,0,mlp,959,7,1
1827,12,11.resid.34791,11,resid,34791,838,320
1828,12,0.mlp.12647,0,mlp,12647,34,3
1829,12,11.resid.9594,11,resid,9594,717,321
1830,12,0.mlp.7226,0,mlp,7226,15,3
1831,12,11.resid.36756,11,resid,36756,339,0
1832,12,0.mlp.11909,0,mlp,11909,46,3
1833,12,11.resid.21016,11,resid,21016,491,1
1834,12,0.mlp.33931,0,mlp,33931,25,3
1835,12,11.resid.3936,11,resid,3936,684,322
1836,12,0.mlp.35822,0,mlp,35822,11,3
1837,12,11.resid.326,11,resid,326,517,0
1838,12,0.mlp.20194,0,mlp,20194,8,0
1839,12,11.resid.8003,11,resid,8003,307,1
1840,12,0.mlp.34425,0,mlp,34425,20,3
1841,12,11.resid.30441,11,resid,30441,564,323
1842,12,0.mlp.16208,0,mlp,16208,9,1
1843,12,11.resid.962,11,resid,962,524,324
1844,12,0.mlp.33229,0,mlp,33229,31,3
1845,12,11.resid.35534,11,resid,35534,691,325
1846,12,0.mlp.34669,0,mlp,34669,90,3
1847,12,11.resid.8678,11,resid,8678,567,326
1848,12,0.mlp.4821,0,mlp,4821,25,3
1849,12,11.resid.13428,11,resid,13428,576,327
1850,12,0.mlp.26864,0,mlp,26864,6,1
1851,12,11.resid.27714,11,resid,27714,648,328
1852,12,0.mlp.5196,0,mlp,5196,8,1
1853,12,11.resid.7575,11,resid,7575,285,1
1854,12,0.mlp.27605,0,mlp,27605,8,1
1855,12,11.resid.22717,11,resid,22717,435,1
1856,12,0.mlp.27979,0,mlp,27979,33,3
1857,12,11.resid.12492,11,resid,12492,688,329
1858,12,0.mlp.681,0,mlp,681,15,2
1859,12,11.resid.4888,11,resid,4888,234,1
1860,12,0.mlp.12412,0,mlp,12412,24,3
1861,12,11.resid.17714,11,resid,17714,397,1
1862,12,0.mlp.9400,0,mlp,9400,25,3
1863,12,11.resid.7111,11,resid,7111,310,0
1864,12,0.mlp.4526,0,mlp,4526,8,3
1865,12,11.resid.15522,11,resid,15522,391,1
1866,12,0.mlp.40873,0,mlp,40873,24,3
1867,12,11.resid.11020,11,resid,11020,514,330
1868,12,0.mlp.31382,0,mlp,31382,79,3
1869,12,11.resid.5047,11,resid,5047,289,1
1870,12,0.mlp.30553,0,mlp,30553,11,1
1871,12,11.resid.23147,11,resid,23147,260,0
1872,12,0.mlp.8187,0,mlp,8187,23,3
1873,12,11.resid.18587,11,resid,18587,288,1
1874,12,0.mlp.11463,0,mlp,11463,15,3
1875,12,11.resid.33267,11,resid,33267,801,331
1876,12,0.resid.18765,0,resid,18765,75,3
1877,12,11.mlp.1225,11,mlp,1225,396,1
1878,12,0.resid.33760,0,resid,33760,8,0
1879,12,11.mlp.14648,11,mlp,14648,330,1
1880,12,0.resid.21319,0,resid,21319,39,3
1881,12,11.mlp.38674,11,mlp,38674,283,1
1882,12,0.resid.20314,0,resid,20314,37,3
1883,12,11.mlp.6370,11,mlp,6370,730,332
1884,12,0.resid.2461,0,resid,2461,27,3
1885,12,11.mlp.36944,11,mlp,36944,367,3
1886,12,0.resid.18294,0,resid,18294,10,1
1887,12,11.mlp.6959,11,mlp,6959,551,333
1888,12,0.resid.15147,0,resid,15147,25,3
1889,12,11.mlp.31945,11,mlp,31945,419,1
1890,12,0.resid.9841,0,resid,9841,42,3
1891,12,11.mlp.36869,11,mlp,36869,593,0
1892,12,0.resid.36161,0,resid,36161,66,2
1893,12,11.mlp.6922,11,mlp,6922,376,1
1894,12,0.resid.36574,0,resid,36574,16,1
1895,12,11.mlp.2372,11,mlp,2372,407,1
1896,12,0.resid.270,0,resid,270,21,3
1897,12,11.mlp.20292,11,mlp,20292,330,1
1898,12,0.resid.18570,0,resid,18570,33,0
1899,12,11.mlp.19544,11,mlp,19544,245,1
1900,12,0.resid.25689,0,resid,25689,27,3
1901,12,11.mlp.27205,11,mlp,27205,376,1
1902,12,0.resid.2910,0,resid,2910,10,0
1903,12,11.mlp.28054,11,mlp,28054,550,0
1904,12,0.resid.2347,0,resid,2347,154,3
1905,12,11.mlp.33114,11,mlp,33114,580,334
1906,12,0.resid.13681,0,resid,13681,40,0
1907,12,11.mlp.5609,11,mlp,5609,284,1
1908,12,0.resid.31236,0,resid,31236,25,2
1909,12,11.mlp.30415,11,mlp,30415,394,0
1910,12,0.resid.16278,0,resid,16278,34,2
1911,12,11.mlp.31072,11,mlp,31072,357,0
1912,12,0.resid.26330,0,resid,26330,25,2
1913,12,11.mlp.7495,11,mlp,7495,533,335
1914,12,0.resid.7491,0,resid,7491,34,3
1915,12,11.mlp.37919,11,mlp,37919,707,336
1916,12,0.resid.8566,0,resid,8566,130,3
1917,12,11.mlp.28367,11,mlp,28367,306,1
1918,12,0.resid.31862,0,resid,31862,46,2
1919,12,11.mlp.32305,11,mlp,32305,500,1
1920,12,0.resid.37901,0,resid,37901,19,0
1921,12,11.mlp.17156,11,mlp,17156,376,1
1922,12,0.resid.11029,0,resid,11029,86,3
1923,12,11.mlp.29381,11,mlp,29381,507,1
1924,12,0.resid.10347,0,resid,10347,101,3
1925,12,11.mlp.21136,11,mlp,21136,661,337
1926,12,0.resid.19773,0,resid,19773,18,0
1927,12,11.mlp.37849,11,mlp,37849,599,0
1928,12,0.resid.11812,0,resid,11812,137,3
1929,12,11.mlp.39759,11,mlp,39759,510,0
1930,12,0.resid.34026,0,resid,34026,78,3
1931,12,11.mlp.33563,11,mlp,33563,419,1
1932,12,0.resid.39330,0,resid,39330,47,3
1933,12,11.mlp.35410,11,mlp,35410,563,338
1934,12,1.attn.24685,1,attn,24685,93,2
1935,12,11.attn.3084,11,attn,3084,198,0
1936,12,1.attn.16012,1,attn,16012,119,3
1937,12,11.attn.15133,11,attn,15133,314,0
1938,12,11.attn.21022,11,attn,21022,421,0
1939,12,1.attn.649,1,attn,649,93,0
1940,12,11.attn.17627,11,attn,17627,208,1
1941,12,11.attn.30099,11,attn,30099,248,1
1942,12,11.attn.21382,11,attn,21382,402,0
1943,12,11.attn.32290,11,attn,32290,513,1
1944,12,11.attn.30586,11,attn,30586,442,0
1945,12,11.attn.3366,11,attn,3366,606,1
1946,12,11.attn.24028,11,attn,24028,405,0
1947,12,1.attn.27315,1,attn,27315,50,1
1948,12,11.attn.32488,11,attn,32488,378,1
1949,12,11.attn.33061,11,attn,33061,513,1
1950,12,1.attn.40817,1,attn,40817,66,2
1951,12,11.attn.24685,11,attn,24685,340,0
1952,12,1.attn.27154,1,attn,27154,111,3
1953,12,11.attn.6710,11,attn,6710,445,0
1954,12,11.attn.7879,11,attn,7879,501,0
1955,12,11.attn.15279,11,attn,15279,350,1
1956,12,11.attn.4039,11,attn,4039,287,1
1957,12,11.attn.12898,11,attn,12898,389,0
1958,12,11.attn.23067,11,attn,23067,490,0
1959,12,11.attn.16685,11,attn,16685,453,0
1960,12,11.attn.21917,11,attn,21917,251,0
1961,12,11.attn.22843,11,attn,22843,366,0
1962,12,11.attn.26260,11,attn,26260,388,0
1963,12,11.attn.27088,11,attn,27088,275,0
1964,12,1.attn.34198,1,attn,34198,147,3
1965,12,11.attn.21483,11,attn,21483,217,1
1966,12,11.attn.23743,11,attn,23743,498,0
1967,12,1.attn.7573,1,attn,7573,56,2
1968,12,11.attn.1034,11,attn,1034,404,0
1969,12,1.mlp.422,1,mlp,422,104,2
1970,12,10.resid.27537,10,resid,27537,673,339
1971,12,1.mlp.25868,1,mlp,25868,94,2
1972,12,10.resid.1770,10,resid,1770,542,1
1973,12,1.mlp.21597,1,mlp,21597,145,2
1974,12,10.resid.22820,10,resid,22820,389,0
1975,12,1.mlp.23758,1,mlp,23758,109,2
1976,12,10.resid.15036,10,resid,15036,452,1
1977,12,1.mlp.20028,1,mlp,20028,71,2
1978,12,10.resid.29479,10,resid,29479,512,0
1979,12,1.mlp.23601,1,mlp,23601,147,2
1980,12,10.resid.9668,10,resid,9668,692,340
1981,12,1.mlp.2790,1,mlp,2790,80,2
1982,12,10.resid.10184,10,resid,10184,722,341
1983,12,1.mlp.22357,1,mlp,22357,175,2
1984,12,10.resid.11632,10,resid,11632,603,1
1985,12,1.mlp.6982,1,mlp,6982,72,2
1986,12,10.resid.3485,10,resid,3485,728,342
1987,12,1.mlp.21315,1,mlp,21315,108,2
1988,12,10.resid.25490,10,resid,25490,698,343
1989,12,1.mlp.39226,1,mlp,39226,124,2
1990,12,10.resid.28171,10,resid,28171,514,1
1991,12,1.mlp.3317,1,mlp,3317,90,2
1992,12,10.resid.36405,10,resid,36405,361,0
1993,12,1.mlp.17829,1,mlp,17829,214,2
1994,12,10.resid.16860,10,resid,16860,576,344
1995,12,1.mlp.27666,1,mlp,27666,92,2
1996,12,10.resid.10491,10,resid,10491,605,1
1997,12,1.mlp.19092,1,mlp,19092,227,3
1998,12,10.resid.40502,10,resid,40502,757,345
1999,12,1.mlp.21188,1,mlp,21188,261,1
2000,12,10.resid.24849,10,resid,24849,522,1
2001,12,1.mlp.17032,1,mlp,17032,106,2
2002,12,10.resid.5160,10,resid,5160,600,0
2003,12,1.mlp.7349,1,mlp,7349,145,2
2004,12,10.resid.25533,10,resid,25533,472,0
2005,12,1.mlp.32604,1,mlp,32604,136,2
2006,12,10.resid.23850,10,resid,23850,815,346
2007,12,1.mlp.2963,1,mlp,2963,89,2
2008,12,10.resid.33994,10,resid,33994,788,347
2009,12,1.mlp.588,1,mlp,588,123,2
2010,12,10.resid.26664,10,resid,26664,499,1
2011,12,1.mlp.19941,1,mlp,19941,251,1
2012,12,10.resid.9348,10,resid,9348,593,348
2013,12,1.mlp.438,1,mlp,438,177,3
2014,12,10.resid.839,10,resid,839,509,0
2015,12,1.mlp.28766,1,mlp,28766,172,3
2016,12,10.resid.27563,10,resid,27563,990,349
2017,12,1.mlp.17070,1,mlp,17070,91,2
2018,12,10.resid.13333,10,resid,13333,396,0
2019,12,1.mlp.13418,1,mlp,13418,216,1
2020,12,10.resid.23442,10,resid,23442,219,0
2021,12,1.mlp.11198,1,mlp,11198,93,2
2022,12,10.resid.40364,10,resid,40364,697,350
2023,12,1.mlp.18095,1,mlp,18095,111,2
2024,12,10.resid.24175,10,resid,24175,656,351
2025,12,1.resid.22381,1,resid,22381,73,2
2026,12,10.resid.36026,10,resid,36026,520,0
2027,12,1.resid.13551,1,resid,13551,97,3
2028,12,10.mlp.40274,10,mlp,40274,658,352
2029,12,1.resid.4533,1,resid,4533,110,3
2030,12,10.mlp.32849,10,mlp,32849,479,0
2031,12,1.resid.20090,1,resid,20090,57,3
2032,12,10.mlp.7316,10,mlp,7316,439,0
2033,12,1.resid.18041,1,resid,18041,112,2
2034,12,10.mlp.11131,10,mlp,11131,559,1
2035,12,1.resid.35271,1,resid,35271,60,2
2036,12,10.mlp.23525,10,mlp,23525,580,353
2037,12,1.resid.31085,1,resid,31085,53,2
2038,12,10.mlp.34922,10,mlp,34922,453,0
2039,12,1.resid.10288,1,resid,10288,117,2
2040,12,10.mlp.38259,10,mlp,38259,421,0
2041,12,1.resid.18072,1,resid,18072,54,2
2042,12,10.mlp.39376,10,mlp,39376,622,354
2043,12,1.resid.14844,1,resid,14844,68,2
2044,12,10.mlp.34588,10,mlp,34588,607,1
2045,12,1.resid.15968,1,resid,15968,167,3
2046,12,10.mlp.25462,10,mlp,25462,294,1
2047,12,1.resid.26931,1,resid,26931,93,3
2048,12,10.mlp.5059,10,mlp,5059,284,1
2049,12,1.resid.19694,1,resid,19694,229,1
2050,12,10.mlp.5000,10,mlp,5000,616,355
2051,12,1.resid.32159,1,resid,32159,55,2
2052,12,10.mlp.16789,10,mlp,16789,552,1
2053,12,1.resid.34977,1,resid,34977,143,2
2054,12,10.mlp.38434,10,mlp,38434,576,356
2055,12,1.resid.36525,1,resid,36525,96,2
2056,12,10.mlp.37051,10,mlp,37051,525,0
2057,12,1.resid.2867,1,resid,2867,69,2
2058,12,10.mlp.37647,10,mlp,37647,427,0
2059,12,1.resid.4406,1,resid,4406,117,2
2060,12,10.mlp.18097,10,mlp,18097,468,0
2061,12,1.resid.26305,1,resid,26305,56,0
2062,12,10.mlp.5068,10,mlp,5068,615,357
2063,12,1.resid.27724,1,resid,27724,169,2
2064,12,10.mlp.38607,10,mlp,38607,295,1
2065,12,1.resid.15176,1,resid,15176,43,0
2066,12,10.mlp.21997,10,mlp,21997,407,0
2067,12,1.resid.10696,1,resid,10696,67,2
2068,12,10.mlp.24299,10,mlp,24299,353,1
2069,12,1.resid.5471,1,resid,5471,55,2
2070,12,10.mlp.13720,10,mlp,13720,537,1
2071,12,1.resid.18788,1,resid,18788,102,3
2072,12,10.mlp.23403,10,mlp,23403,473,358
2073,12,1.resid.36652,1,resid,36652,86,2
2074,12,10.mlp.9751,10,mlp,9751,551,0
2075,12,1.resid.26198,1,resid,26198,178,1
2076,12,10.mlp.27021,10,mlp,27021,573,359
2077,12,1.resid.30212,1,resid,30212,87,2
2078,12,10.mlp.24731,10,mlp,24731,518,360
2079,12,1.resid.15261,1,resid,15261,118,3
2080,12,10.mlp.1682,10,mlp,1682,518,1
2081,12,1.resid.6584,1,resid,6584,84,2
2082,12,10.mlp.27080,10,mlp,27080,378,0
2083,12,10.attn.13758,10,attn,13758,589,1
2084,12,2.attn.32852,2,attn,32852,106,0
2085,12,10.attn.23985,10,attn,23985,457,0
2086,12,10.attn.8523,10,attn,8523,661,361
2087,12,2.attn.2518,2,attn,2518,171,0
2088,12,10.attn.34111,10,attn,34111,954,362
2089,12,10.attn.38751,10,attn,38751,603,0
2090,12,10.attn.38563,10,attn,38563,377,0
2091,12,2.attn.21293,2,attn,21293,92,0
2092,12,10.attn.12730,10,attn,12730,333,0
2093,12,10.attn.11330,10,attn,11330,527,1
2094,12,2.attn.29959,2,attn,29959,142,0
2095,12,10.attn.19205,10,attn,19205,234,0
2096,12,2.attn.5611,2,attn,5611,141,0
2097,12,10.attn.30312,10,attn,30312,235,0
2098,12,10.attn.3953,10,attn,3953,446,1
2099,12,2.attn.37256,2,attn,37256,135,0
2100,12,10.attn.17381,10,attn,17381,454,0
2101,12,2.attn.38344,2,attn,38344,167,0
2102,12,10.attn.16070,10,attn,16070,269,1
2103,12,2.attn.2689,2,attn,2689,123,0
2104,12,10.attn.27853,10,attn,27853,663,363
2105,12,2.attn.26969,2,attn,26969,276,0
2106,12,10.attn.16271,10,attn,16271,308,1
2107,12,2.attn.22674,2,attn,22674,55,0
2108,12,10.attn.38472,10,attn,38472,385,1
2109,12,2.attn.12290,2,attn,12290,113,0
2110,12,10.attn.27934,10,attn,27934,316,1
2111,12,2.attn.10251,2,attn,10251,142,0
2112,12,10.attn.29010,10,attn,29010,615,364
2113,12,2.attn.3921,2,attn,3921,93,2
2114,12,10.attn.18828,10,attn,18828,912,365
2115,12,2.attn.11536,2,attn,11536,179,0
2116,12,10.attn.5811,10,attn,5811,650,366
2117,12,2.attn.17966,2,attn,17966,125,0
2118,12,10.attn.6771,10,attn,6771,588,367
2119,12,10.attn.35886,10,attn,35886,293,0
2120,12,2.attn.9167,2,attn,9167,130,0
2121,12,10.attn.34645,10,attn,34645,325,0
2122,12,2.attn.16005,2,attn,16005,124,0
2123,12,10.attn.26472,10,attn,26472,313,0
2124,12,2.attn.38848,2,attn,38848,182,0
2125,12,10.attn.12081,10,attn,12081,678,368
2126,12,10.attn.27744,10,attn,27744,536,1
2127,12,2.mlp.38670,2,mlp,38670,102,2
2128,12,10.attn.28202,10,attn,28202,886,369
2129,12,2.mlp.15179,2,mlp,15179,96,3
2130,12,9.resid.22501,9,resid,22501,627,370
2131,12,2.mlp.30546,2,mlp,30546,194,0
2132,12,9.resid.30382,9,resid,30382,511,0
2133,12,2.mlp.21399,2,mlp,21399,183,0
2134,12,9.resid.30334,9,resid,30334,637,371
2135,12,2.mlp.2261,2,mlp,2261,144,1
2136,12,9.resid.67,9,resid,67,547,372
2137,12,2.mlp.40349,2,mlp,40349,233,1
2138,12,9.resid.33467,9,resid,33467,631,373
2139,12,2.mlp.10615,2,mlp,10615,282,1
2140,12,9.resid.27657,9,resid,27657,721,374
2141,12,2.mlp.3277,2,mlp,3277,165,0
2142,12,9.resid.13754,9,resid,13754,470,1
2143,12,2.mlp.4441,2,mlp,4441,228,1
2144,12,9.resid.14557,9,resid,14557,442,0
2145,12,2.mlp.20771,2,mlp,20771,126,2
2146,12,9.resid.32706,9,resid,32706,546,375
2147,12,2.mlp.26053,2,mlp,26053,171,0
2148,12,9.resid.15376,9,resid,15376,469,1
2149,12,2.mlp.3015,2,mlp,3015,145,0
2150,12,9.resid.2866,9,resid,2866,526,0
2151,12,2.mlp.35507,2,mlp,35507,134,0
2152,12,9.resid.34177,9,resid,34177,542,0
2153,12,2.mlp.19586,2,mlp,19586,232,1
2154,12,9.resid.7978,9,resid,7978,688,376
2155,12,2.mlp.36540,2,mlp,36540,292,1
2156,12,9.resid.21288,9,resid,21288,460,0
2157,12,2.mlp.24185,2,mlp,24185,112,2
2158,12,9.resid.37933,9,resid,37933,483,0
2159,12,2.mlp.32296,2,mlp,32296,137,0
2160,12,9.resid.9327,9,resid,9327,380,0
2161,12,2.mlp.23149,2,mlp,23149,306,1
2162,12,9.resid.2062,9,resid,2062,646,377
2163,12,2.mlp.35053,2,mlp,35053,169,1
2164,12,9.resid.31602,9,resid,31602,710,378
2165,12,2.mlp.32556,2,mlp,32556,149,1
2166,12,9.resid.30267,9,resid,30267,552,379
2167,12,2.mlp.37287,2,mlp,37287,161,0
2168,12,9.resid.24686,9,resid,24686,449,0
2169,12,2.mlp.4251,2,mlp,4251,214,1
2170,12,9.resid.15739,9,resid,15739,455,0
2171,12,2.mlp.27528,2,mlp,27528,147,0
2172,12,9.resid.33368,9,resid,33368,612,380
2173,12,2.mlp.10761,2,mlp,10761,234,0
2174,12,9.resid.35230,9,resid,35230,585,0
2175,12,2.mlp.36494,2,mlp,36494,203,1
2176,12,9.resid.9145,9,resid,9145,455,0
2177,12,2.mlp.11732,2,mlp,11732,219,1
2178,12,9.resid.11417,9,resid,11417,663,381
2179,12,2.mlp.35695,2,mlp,35695,200,1
2180,12,9.resid.9332,9,resid,9332,576,382
2181,12,2.mlp.39995,2,mlp,39995,168,0
2182,12,9.resid.39619,9,resid,39619,588,383
2183,12,2.mlp.35133,2,mlp,35133,141,0
2184,12,9.resid.8761,9,resid,8761,638,384
2185,12,2.resid.12143,2,resid,12143,85,2
2186,12,9.mlp.21504,9,mlp,21504,619,385
2187,12,2.resid.10415,2,resid,10415,164,1
2188,12,9.mlp.12695,9,mlp,12695,744,386
2189,12,2.resid.29259,2,resid,29259,106,2
2190,12,9.mlp.36872,9,mlp,36872,470,1
2191,12,2.resid.22077,2,resid,22077,224,0
2192,12,9.mlp.28058,9,mlp,28058,455,0
2193,12,2.resid.6444,2,resid,6444,148,3
2194,12,9.mlp.37206,9,mlp,37206,380,0
2195,12,2.resid.7349,2,resid,7349,186,0
2196,12,9.mlp.24426,9,mlp,24426,638,387
2197,12,2.resid.32809,2,resid,32809,168,0
2198,12,9.mlp.27970,9,mlp,27970,393,0
2199,12,2.resid.14946,2,resid,14946,107,2
2200,12,9.mlp.18697,9,mlp,18697,404,1
2201,12,2.resid.28539,2,resid,28539,176,3
2202,12,9.mlp.20312,9,mlp,20312,311,1
2203,12,2.resid.32561,2,resid,32561,135,0
2204,12,9.mlp.33549,9,mlp,33549,498,1
2205,12,2.resid.33970,2,resid,33970,122,0
2206,12,9.mlp.26252,9,mlp,26252,576,1
2207,12,2.resid.34339,2,resid,34339,139,2
2208,12,9.mlp.1674,9,mlp,1674,203,1
2209,12,2.resid.15965,2,resid,15965,73,0
2210,12,9.mlp.850,9,mlp,850,427,1
2211,12,2.resid.18905,2,resid,18905,101,2
2212,12,9.mlp.24019,9,mlp,24019,533,1
2213,12,2.resid.31565,2,resid,31565,103,3
2214,12,9.mlp.40383,9,mlp,40383,475,0
2215,12,2.resid.40246,2,resid,40246,84,2
2216,12,9.mlp.5125,9,mlp,5125,510,1
2217,12,2.resid.12892,2,resid,12892,162,3
2218,12,9.mlp.3267,9,mlp,3267,388,1
2219,12,2.resid.2200,2,resid,2200,174,0
2220,12,9.mlp.1468,9,mlp,1468,389,0
2221,12,2.resid.14749,2,resid,14749,196,1
2222,12,9.mlp.11734,9,mlp,11734,493,1
2223,12,2.resid.37505,2,resid,37505,173,0
2224,12,9.mlp.36033,9,mlp,36033,645,388
2225,12,2.resid.22066,2,resid,22066,188,0
2226,12,9.mlp.12279,9,mlp,12279,692,389
2227,12,2.resid.901,2,resid,901,105,2
2228,12,9.mlp.21695,9,mlp,21695,462,1
2229,12,2.resid.38609,2,resid,38609,203,1
2230,12,9.mlp.4459,9,mlp,4459,392,1
2231,12,2.resid.13159,2,resid,13159,172,1
2232,12,9.mlp.33426,9,mlp,33426,624,390
2233,12,2.resid.11786,2,resid,11786,103,2
2234,12,9.mlp.12523,9,mlp,12523,553,1
2235,12,2.resid.18299,2,resid,18299,93,2
2236,12,9.mlp.36317,9,mlp,36317,360,1
2237,12,2.resid.40723,2,resid,40723,114,2
2238,12,9.mlp.28133,9,mlp,28133,689,391
2239,12,2.resid.17493,2,resid,17493,142,2
2240,12,9.mlp.2380,9,mlp,2380,526,1
2241,12,3.attn.28362,3,attn,28362,231,0
2242,12,9.attn.32335,9,attn,32335,542,1
2243,12,3.attn.40378,3,attn,40378,148,0
2244,12,9.attn.26259,9,attn,26259,301,0
2245,12,3.attn.29455,3,attn,29455,251,1
2246,12,9.attn.32429,9,attn,32429,321,0
2247,12,3.attn.24796,3,attn,24796,155,0
2248,12,9.attn.15708,9,attn,15708,548,392
2249,12,3.attn.33020,3,attn,33020,188,0
2250,12,9.attn.22384,9,attn,22384,626,393
2251,12,3.attn.18515,3,attn,18515,268,0
2252,12,9.attn.19283,9,attn,19283,253,0
2253,12,3.attn.4371,3,attn,4371,321,0
2254,12,9.attn.35915,9,attn,35915,244,1
2255,12,3.attn.32355,3,attn,32355,141,0
2256,12,9.attn.11003,9,attn,11003,116,1
2257,12,3.attn.27127,3,attn,27127,235,0
2258,12,9.attn.14510,9,attn,14510,428,1
2259,12,3.attn.17933,3,attn,17933,201,0
2260,12,9.attn.418,9,attn,418,315,0
2261,12,3.attn.35304,3,attn,35304,188,0
2262,12,9.attn.27749,9,attn,27749,678,394
2263,12,3.attn.31852,3,attn,31852,162,0
2264,12,9.attn.24553,9,attn,24553,290,0
2265,12,3.attn.26549,3,attn,26549,220,0
2266,12,9.attn.40012,9,attn,40012,428,0
2267,12,3.attn.33305,3,attn,33305,186,0
2268,12,9.attn.13554,9,attn,13554,666,395
2269,12,3.attn.12516,3,attn,12516,157,0
2270,12,9.attn.27077,9,attn,27077,273,0
2271,12,3.attn.37629,3,attn,37629,385,0
2272,12,9.attn.5627,9,attn,5627,191,1
2273,12,3.attn.25084,3,attn,25084,234,0
2274,12,9.attn.28659,9,attn,28659,343,0
2275,12,3.attn.20903,3,attn,20903,340,0
2276,12,9.attn.15018,9,attn,15018,197,0
2277,12,3.attn.7021,3,attn,7021,201,0
2278,12,9.attn.18609,9,attn,18609,339,1
2279,12,3.attn.30674,3,attn,30674,211,0
2280,13,11.resid.5097,11,resid,5097,845,396
2281,13,0.mlp.38044,0,mlp,38044,46,3
2282,13,11.resid.40417,11,resid,40417,582,397
2283,13,0.mlp.29941,0,mlp,29941,36,3
2284,13,11.resid.30378,11,resid,30378,369,1
2285,13,0.mlp.16593,0,mlp,16593,24,3
2286,13,11.resid.8328,11,resid,8328,588,398
2287,13,0.mlp.11983,0,mlp,11983,10,3
2288,13,11.resid.40719,11,resid,40719,724,399
2289,13,0.mlp.21540,0,mlp,21540,23,3
2290,13,11.resid.8767,11,resid,8767,730,400
2291,13,0.mlp.11254,0,mlp,11254,56,3
2292,13,11.resid.22484,11,resid,22484,381,1
2293,13,0.mlp.13304,0,mlp,13304,16,3
2294,13,11.resid.6710,11,resid,6710,303,0
2295,13,0.mlp.29406,0,mlp,29406,29,3
2296,13,11.resid.29334,11,resid,29334,229,0
2297,13,0.mlp.25951,0,mlp,25951,68,3
2298,13,11.resid.34404,11,resid,34404,532,0
2299,13,0.mlp.12669,0,mlp,12669,39,3
2300,13,11.resid.29942,11,resid,29942,371,1
2301,13,0.mlp.16560,0,mlp,16560,9,1
2302,13,11.resid.36758,11,resid,36758,559,0
2303,13,0.mlp.12662,0,mlp,12662,15,3
2304,13,11.resid.11925,11,resid,11925,338,0
2305,13,0.mlp.38712,0,mlp,38712,9,1
2306,13,11.resid.40098,11,resid,40098,421,0
2307,13,0.mlp.37060,0,mlp,37060,83,3
2308,13,11.resid.3626,11,resid,3626,563,401
2309,13,0.mlp.6000,0,mlp,6000,9,1
2310,13,11.resid.20907,11,resid,20907,598,0
2311,13,0.mlp.19970,0,mlp,19970,11,1
2312,13,11.resid.36336,11,resid,36336,387,0
2313,13,0.mlp.5304,0,mlp,5304,8,1
2314,13,11.resid.5488,11,resid,5488,684,402
2315,13,0.mlp.38446,0,mlp,38446,78,3
2316,13,11.resid.37028,11,resid,37028,559,0
2317,13,0.mlp.826,0,mlp,826,26,3
2318,13,11.resid.30873,11,resid,30873,608,1
2319,13,0.mlp.14893,0,mlp,14893,25,3
2320,13,11.resid.33668,11,resid,33668,655,403
2321,13,0.mlp.34068,0,mlp,34068,13,3
2322,13,11.resid.17881,11,resid,17881,641,404
2323,13,0.mlp.19572,0,mlp,19572,9,1
2324,13,11.resid.10845,11,resid,10845,605,405
2325,13,0.mlp.1624,0,mlp,1624,113,3
2326,13,11.resid.26282,11,resid,26282,417,406
2327,13,0.mlp.19340,0,mlp,19340,13,1
2328,13,11.resid.32335,11,resid,32335,614,407
2329,13,0.mlp.37128,0,mlp,37128,52,3
2330,13,11.resid.19164,11,resid,19164,381,0
2331,13,0.mlp.33696,0,mlp,33696,13,3
2332,13,11.resid.16413,11,resid,16413,704,408
2333,13,0.mlp.32316,0,mlp,32316,36,3
2334,13,11.resid.3956,11,resid,3956,448,1
2335,13,0.resid.3726,0,resid,3726,43,2
2336,13,11.mlp.40466,11,mlp,40466,331,1
2337,13,0.resid.15977,0,resid,15977,22,3
2338,13,11.mlp.32999,11,mlp,32999,320,0
2339,13,0.resid.1723,0,resid,1723,172,3
2340,13,11.mlp.24731,11,mlp,24731,244,1
2341,13,0.resid.20107,0,resid,20107,22,3
2342,13,11.mlp.15446,11,mlp,15446,560,409
2343,13,0.resid.11260,0,resid,11260,24,3
2344,13,11.mlp.9637,11,mlp,9637,414,1
2345,13,0.resid.5550,0,resid,5550,33,3
2346,13,11.mlp.39885,11,mlp,39885,445,1
2347,13,0.resid.35225,0,resid,35225,69,3
2348,13,11.mlp.17574,11,mlp,17574,551,1
2349,13,0.resid.117,0,resid,117,16,3
2350,13,11.mlp.13109,11,mlp,13109,520,0
2351,13,0.resid.1043,0,resid,1043,48,3
2352,13,11.mlp.7993,11,mlp,7993,584,1
2353,13,0.resid.18423,0,resid,18423,19,2
2354,13,11.mlp.30538,11,mlp,30538,651,410
2355,13,0.resid.33711,0,resid,33711,58,3
2356,13,11.mlp.17303,11,mlp,17303,328,1
2357,13,0.resid.836,0,resid,836,27,3
2358,13,11.mlp.39065,11,mlp,39065,394,1
2359,13,0.resid.5133,0,resid,5133,27,3
2360,13,11.mlp.8475,11,mlp,8475,273,1
2361,13,0.resid.8230,0,resid,8230,10,1
2362,13,11.mlp.26949,11,mlp,26949,392,1
2363,13,0.resid.18230,0,resid,18230,17,3
2364,13,11.mlp.4455,11,mlp,4455,348,1
2365,13,0.resid.1511,0,resid,1511,65,3
2366,13,11.mlp.23505,11,mlp,23505,291,1
2367,13,0.resid.9895,0,resid,9895,32,2
2368,13,11.mlp.37557,11,mlp,37557,643,411
2369,13,0.resid.30382,0,resid,30382,19,3
2370,13,11.mlp.8055,11,mlp,8055,494,1
2371,13,0.resid.4386,0,resid,4386,120,3
2372,13,11.mlp.25240,11,mlp,25240,460,1
2373,13,0.resid.8589,0,resid,8589,33,2
2374,13,11.mlp.34379,11,mlp,34379,355,1
2375,13,0.resid.33149,0,resid,33149,153,3
2376,13,11.mlp.37874,11,mlp,37874,522,0
2377,13,0.resid.1152,0,resid,1152,49,2
2378,13,11.mlp.21783,11,mlp,21783,302,1
2379,13,0.resid.27416,0,resid,27416,17,3
2380,13,11.mlp.36622,11,mlp,36622,559,1
2381,13,0.resid.27661,0,resid,27661,14,0
2382,13,11.mlp.7639,11,mlp,7639,451,1
2383,13,0.resid.23823,0,resid,23823,33,3
2384,13,11.mlp.12820,11,mlp,12820,738,412
2385,13,0.resid.29498,0,resid,29498,59,3
2386,13,11.mlp.18818,11,mlp,18818,524,0
2387,13,0.resid.12730,0,resid,12730,41,3
2388,13,11.mlp.23389,11,mlp,23389,577,413
2389,13,0.resid.16619,0,resid,16619,73,2
2390,13,11.mlp.14043,11,mlp,14043,452,0
2391,13,0.resid.36071,0,resid,36071,169,3
2392,13,11.mlp.19693,11,mlp,19693,631,414
2393,13,11.attn.2746,11,attn,2746,337,0
2394,13,11.attn.12482,11,attn,12482,565,0
2395,13,11.attn.33782,11,attn,33782,1041,415
2396,13,11.attn.33930,11,attn,33930,521,1
2397,13,11.attn.6311,11,attn,6311,1010,416
2398,13,11.attn.27755,11,attn,27755,236,0
2399,13,11.attn.8094,11,attn,8094,312,0
2400,13,11.attn.5504,11,attn,5504,251,0
2401,13,11.attn.32862,11,attn,32862,758,417
2402,13,11.attn.37039,11,attn,37039,615,418
2403,13,11.attn.34369,11,attn,34369,336,0
2404,13,11.attn.9111,11,attn,9111,530,0
2405,13,1.attn.9409,1,attn,9409,59,0
2406,13,11.attn.28483,11,attn,28483,1047,419
2407,13,11.attn.11003,11,attn,11003,607,1
2408,13,1.attn.13590,1,attn,13590,118,0
2409,13,11.attn.18031,11,attn,18031,474,1
2410,13,11.attn.11375,11,attn,11375,669,420
2411,13,1.attn.10289,1,attn,10289,42,0
2412,13,11.attn.6019,11,attn,6019,587,421
2413,13,11.attn.20991,11,attn,20991,299,1
2414,13,11.attn.4931,11,attn,4931,257,1
2415,13,11.attn.22508,11,attn,22508,477,0
2416,13,11.attn.23028,11,attn,23028,451,1
2417,13,11.attn.25336,11,attn,25336,654,422
2418,13,11.attn.16497,11,attn,16497,53,0
2419,13,1.attn.25516,1,attn,25516,41,2
2420,13,11.attn.38511,11,attn,38511,818,423
2421,13,1.attn.39315,1,attn,39315,77,3
2422,13,11.attn.1493,11,attn,1493,539,424
2423,13,11.attn.9220,11,attn,9220,511,1
2424,13,1.mlp.864,1,mlp,864,217,1
2425,13,10.resid.20841,10,resid,20841,663,425
2426,13,1.mlp.32098,1,mlp,32098,162,3
2427,13,10.resid.12680,10,resid,12680,907,426
2428,13,1.mlp.5039,1,mlp,5039,407,1
2429,13,10.resid.23497,10,resid,23497,526,1
2430,13,1.mlp.32090,1,mlp,32090,168,3
2431,13,10.resid.22183,10,resid,22183,405,0
2432,13,1.mlp.25522,1,mlp,25522,134,2
2433,13,10.resid.10568,10,resid,10568,644,427
2434,13,1.mlp.19165,1,mlp,19165,186,3
2435,13,10.resid.13036,10,resid,13036,632,428
2436,13,1.mlp.1676,1,mlp,1676,119,2
2437,13,10.resid.23481,10,resid,23481,380,0
2438,13,1.mlp.6384,1,mlp,6384,189,2
2439,13,10.resid.27147,10,resid,27147,440,0
2440,13,1.mlp.17624,1,mlp,17624,228,1
2441,13,10.resid.37695,10,resid,37695,760,429
2442,13,1.mlp.18122,1,mlp,18122,106,2
2443,13,10.resid.40093,10,resid,40093,758,430
2444,13,1.mlp.767,1,mlp,767,187,1
2445,13,10.resid.37799,10,resid,37799,754,431
2446,13,1.mlp.7385,1,mlp,7385,101,2
2447,13,10.resid.36357,10,resid,36357,362,0
2448,13,1.mlp.16686,1,mlp,16686,231,1
2449,13,10.resid.21614,10,resid,21614,641,432
2450,13,1.mlp.26071,1,mlp,26071,158,2
2451,13,10.resid.10797,10,resid,10797,675,433
2452,13,1.mlp.21022,1,mlp,21022,117,2
2453,13,10.resid.15390,10,resid,15390,609,434
2454,13,1.mlp.39877,1,mlp,39877,167,2
2455,13,10.resid.22035,10,resid,22035,720,435
2456,13,1.mlp.6273,1,mlp,6273,97,2
2457,13,10.resid.19110,10,resid,19110,322,0
2458,13,1.mlp.35318,1,mlp,35318,123,2
2459,13,10.resid.6508,10,resid,6508,682,436
2460,13,1.mlp.2020,1,mlp,2020,90,2
2461,13,10.resid.19616,10,resid,19616,603,1
2462,13,1.mlp.32390,1,mlp,32390,250,1
2463,13,10.resid.22534,10,resid,22534,605,437
2464,13,1.mlp.36950,1,mlp,36950,108,2
2465,13,10.resid.8194,10,resid,8194,607,438
2466,13,1.mlp.34480,1,mlp,34480,139,2
2467,13,10.resid.23965,10,resid,23965,533,0
2468,13,1.mlp.6151,1,mlp,6151,138,2
2469,13,10.resid.20442,10,resid,20442,592,439
2470,13,1.mlp.15266,1,mlp,15266,220,1
2471,13,10.resid.16908,10,resid,16908,710,440
2472,13,1.mlp.15941,1,mlp,15941,77,2
2473,13,10.resid.15501,10,resid,15501,445,441
2474,13,1.mlp.25599,1,mlp,25599,90,2
2475,13,10.resid.15564,10,resid,15564,329,1
2476,13,1.mlp.2221,1,mlp,2221,132,2
2477,13,10.resid.23602,10,resid,23602,519,0
2478,13,1.mlp.3752,1,mlp,3752,139,3
2479,13,10.resid.25196,10,resid,25196,659,442
2480,13,1.resid.29795,1,resid,29795,62,0
2481,13,10.resid.35676,10,resid,35676,682,443
2482,13,1.resid.24687,1,resid,24687,107,3
2483,13,10.mlp.2107,10,mlp,2107,452,1
2484,13,1.resid.35995,1,resid,35995,97,2
2485,13,10.mlp.27221,10,mlp,27221,633,444
2486,13,1.resid.5028,1,resid,5028,93,2
2487,13,10.mlp.2958,10,mlp,2958,526,0
2488,13,1.resid.34464,1,resid,34464,76,3
2489,13,10.mlp.8426,10,mlp,8426,438,0
2490,13,1.resid.5799,1,resid,5799,75,2
2491,13,10.mlp.17143,10,mlp,17143,371,0
2492,13,1.resid.40892,1,resid,40892,125,3
2493,13,10.mlp.27491,10,mlp,27491,669,445
2494,13,1.resid.11450,1,resid,11450,107,3
2495,13,10.mlp.9516,10,mlp,9516,292,0
2496,13,1.resid.14617,1,resid,14617,131,2
2497,13,10.mlp.10376,10,mlp,10376,459,0
2498,13,1.resid.17403,1,resid,17403,39,2
2499,13,10.mlp.7353,10,mlp,7353,401,0
2500,13,1.resid.25692,1,resid,25692,49,2
2501,13,10.mlp.1288,10,mlp,1288,449,1
2502,13,1.resid.17607,1,resid,17607,59,2
2503,13,10.mlp.32017,10,mlp,32017,574,446
2504,13,1.resid.8354,1,resid,8354,69,2
2505,13,10.mlp.36014,10,mlp,36014,491,1
2506,13,1.resid.35629,1,resid,35629,110,2
2507,13,10.mlp.14078,10,mlp,14078,548,0
2508,13,1.resid.5076,1,resid,5076,98,2
2509,13,10.mlp.5477,10,mlp,5477,604,447
2510,13,1.resid.5013,1,resid,5013,77,2
2511,13,10.mlp.31551,10,mlp,31551,758,448
2512,13,1.resid.5439,1,resid,5439,67,2
2513,13,10.mlp.27955,10,mlp,27955,409,1
2514,13,1.resid.22760,1,resid,22760,103,2
2515,13,10.mlp.39334,10,mlp,39334,661,449
2516,13,1.resid.9000,1,resid,9000,117,2
2517,13,10.mlp.13789,10,mlp,13789,411,1
2518,13,1.resid.27030,1,resid,27030,112,2
2519,13,10.mlp.7850,10,mlp,7850,311,0
2520,13,1.resid.30849,1,resid,30849,113,3
2521,13,10.mlp.27002,10,mlp,27002,720,450
2522,13,1.resid.4615,1,resid,4615,45,2
2523,13,10.mlp.17685,10,mlp,17685,523,0
2524,13,1.resid.33071,1,resid,33071,145,2
2525,13,10.mlp.40533,10,mlp,40533,545,451
2526,13,1.resid.10705,1,resid,10705,50,2
2527,13,10.mlp.23086,10,mlp,23086,438,0
2528,13,1.resid.14753,1,resid,14753,32,0
2529,13,10.mlp.36718,10,mlp,36718,444,1
2530,13,1.resid.33027,1,resid,33027,74,2
2531,13,10.mlp.24865,10,mlp,24865,513,1
2532,13,1.resid.22202,1,resid,22202,217,3
2533,13,10.mlp.30483,10,mlp,30483,340,1
2534,13,1.resid.26182,1,resid,26182,47,2
2535,13,10.mlp.30506,10,mlp,30506,759,452
2536,13,1.resid.24816,1,resid,24816,112,0
2537,13,10.mlp.28025,10,mlp,28025,524,0
2538,13,2.attn.6976,2,attn,6976,116,0
2539,13,10.attn.2901,10,attn,2901,401,0
2540,13,2.attn.7991,2,attn,7991,395,0
2541,13,10.attn.35759,10,attn,35759,225,1
2542,13,10.attn.29291,10,attn,29291,332,0
2543,13,2.attn.23178,2,attn,23178,115,0
2544,13,10.attn.15886,10,attn,15886,469,1
2545,13,2.attn.31188,2,attn,31188,139,0
2546,13,10.attn.29997,10,attn,29997,762,453
2547,13,2.attn.26125,2,attn,26125,92,0
2548,13,10.attn.34641,10,attn,34641,313,0
2549,13,2.attn.5764,2,attn,5764,157,0
2550,13,10.attn.18394,10,attn,18394,434,0
2551,13,2.attn.20834,2,attn,20834,165,0
2552,13,10.attn.34067,10,attn,34067,404,1
2553,13,10.attn.6609,10,attn,6609,570,1
2554,13,2.attn.23791,2,attn,23791,103,0
2555,13,10.attn.38927,10,attn,38927,881,454
2556,13,10.attn.28212,10,attn,28212,322,0
2557,13,2.attn.40761,2,attn,40761,236,0
2558,13,10.attn.36181,10,attn,36181,427,1
2559,13,2.attn.36780,2,attn,36780,173,0
2560,13,10.attn.19612,10,attn,19612,335,0
2561,13,2.attn.1342,2,attn,1342,106,0
2562,13,10.attn.34890,10,attn,34890,252,0
2563,13,2.attn.31095,2,attn,31095,93,2
2564,13,10.attn.33835,10,attn,33835,580,455
2565,13,2.attn.30487,2,attn,30487,120,0
2566,13,2.attn.7049,2,attn,7049,203,0
2567,13,10.attn.16198,10,attn,16198,321,0
2568,13,2.attn.3746,2,attn,3746,190,0
2569,13,10.attn.23676,10,attn,23676,369,0
2570,13,2.attn.1643,2,attn,1643,179,1
2571,13,10.attn.14758,10,attn,14758,512,1
2572,13,10.attn.28893,10,attn,28893,323,0
2573,13,10.attn.28379,10,attn,28379,364,0
2574,13,2.attn.31810,2,attn,31810,119,0
2575,13,10.attn.37083,10,attn,37083,324,1
2576,13,2.attn.28500,2,attn,28500,216,0
2577,13,10.attn.5929,10,attn,5929,639,456
2578,13,10.attn.21565,10,attn,21565,720,457
2579,13,2.attn.10365,2,attn,10365,157,0
2580,13,10.attn.1505,10,attn,1505,368,0
2581,13,2.attn.13091,2,attn,13091,293,0
2582,13,10.attn.15548,10,attn,15548,520,1
2583,13,2.attn.26294,2,attn,26294,287,0
2584,13,10.attn.10418,10,attn,10418,599,458
2585,13,10.attn.36117,10,attn,36117,295,0
2586,13,2.mlp.22774,2,mlp,22774,200,0
2587,13,10.attn.18378,10,attn,18378,350,0
2588,13,2.mlp.28478,2,mlp,28478,192,1
2589,13,9.resid.32974,9,resid,32974,663,459
2590,13,2.mlp.20594,2,mlp,20594,279,1
2591,13,9.resid.14794,9,resid,14794,769,460
2592,13,2.mlp.35662,2,mlp,35662,345,1
2593,13,9.resid.9739,9,resid,9739,549,461
2594,13,2.mlp.29035,2,mlp,29035,144,0
2595,13,9.resid.39368,9,resid,39368,527,1
2596,13,2.mlp.23604,2,mlp,23604,188,0
2597,13,9.resid.24750,9,resid,24750,325,0
2598,13,2.mlp.7763,2,mlp,7763,112,0
2599,13,9.resid.23924,9,resid,23924,579,1
2600,13,2.mlp.40780,2,mlp,40780,283,1
2601,13,9.resid.32465,9,resid,32465,718,462
2602,13,2.mlp.24311,2,mlp,24311,191,1
2603,13,9.resid.17554,9,resid,17554,468,0
2604,13,2.mlp.3303,2,mlp,3303,153,0
2605,13,9.resid.7066,9,resid,7066,364,0
2606,13,2.mlp.10150,2,mlp,10150,137,2
2607,13,9.resid.30313,9,resid,30313,474,0
2608,13,2.mlp.38184,2,mlp,38184,218,0
2609,13,9.resid.15811,9,resid,15811,483,1
2610,13,2.mlp.32152,2,mlp,32152,145,2
2611,13,9.resid.17147,9,resid,17147,588,463
2612,13,2.mlp.29513,2,mlp,29513,164,0
2613,13,9.resid.1953,9,resid,1953,449,0
2614,13,2.mlp.34736,2,mlp,34736,135,2
2615,13,9.resid.22052,9,resid,22052,436,1
2616,13,2.mlp.29627,2,mlp,29627,141,0
2617,13,9.resid.33878,9,resid,33878,568,1
2618,13,2.mlp.3734,2,mlp,3734,283,1
2619,13,9.resid.14108,9,resid,14108,651,464
2620,13,2.mlp.12992,2,mlp,12992,276,1
2621,13,9.resid.30491,9,resid,30491,489,1
2622,13,2.mlp.2597,2,mlp,2597,119,2
2623,13,9.resid.2766,9,resid,2766,636,465
2624,13,2.mlp.3299,2,mlp,3299,237,1
2625,13,9.resid.35546,9,resid,35546,812,466
2626,13,2.mlp.24026,2,mlp,24026,235,1
2627,13,9.resid.37369,9,resid,37369,509,1
2628,13,2.mlp.13205,2,mlp,13205,108,0
2629,13,9.resid.1558,9,resid,1558,576,467
2630,13,2.mlp.38557,2,mlp,38557,113,0
2631,13,9.resid.33060,9,resid,33060,314,0
2632,13,2.mlp.29914,2,mlp,29914,310,1
2633,13,9.resid.3635,9,resid,3635,677,468
2634,13,2.mlp.28995,2,mlp,28995,211,1
2635,13,9.resid.2772,9,resid,2772,660,469
2636,13,2.mlp.6527,2,mlp,6527,312,1
2637,13,9.resid.11107,9,resid,11107,496,0
2638,13,2.mlp.3184,2,mlp,3184,158,0
2639,13,9.resid.22181,9,resid,22181,650,470
2640,13,2.mlp.496,2,mlp,496,163,0
2641,13,9.resid.5667,9,resid,5667,734,471
2642,13,2.mlp.8061,2,mlp,8061,163,1
2643,13,9.resid.22276,9,resid,22276,659,472
2644,13,2.resid.34969,2,resid,34969,207,1
2645,13,9.mlp.23116,9,mlp,23116,467,0
2646,13,2.resid.32568,2,resid,32568,74,2
2647,13,9.mlp.3836,9,mlp,3836,520,473
2648,13,2.resid.26177,2,resid,26177,108,2
2649,13,9.mlp.23811,9,mlp,23811,436,1
2650,13,2.resid.33664,2,resid,33664,114,2
2651,13,9.mlp.34578,9,mlp,34578,719,474
2652,13,2.resid.14716,2,resid,14716,173,3
2653,13,9.mlp.2358,9,mlp,2358,378,0
2654,13,2.resid.7712,2,resid,7712,178,1
2655,13,9.mlp.26308,9,mlp,26308,442,0
2656,13,2.resid.16266,2,resid,16266,204,1
2657,13,9.mlp.10213,9,mlp,10213,542,1
2658,13,2.resid.36613,2,resid,36613,142,3
2659,13,9.mlp.9180,9,mlp,9180,332,1
2660,13,2.resid.28316,2,resid,28316,233,1
2661,13,9.mlp.24416,9,mlp,24416,544,475
2662,13,2.resid.20522,2,resid,20522,91,2
2663,13,9.mlp.21241,9,mlp,21241,384,0
2664,13,2.resid.36315,2,resid,36315,227,1
2665,13,9.mlp.19669,9,mlp,19669,401,0
2666,13,2.resid.8656,2,resid,8656,93,2
2667,13,9.mlp.24879,9,mlp,24879,550,0
2668,13,2.resid.6432,2,resid,6432,123,2
2669,13,9.mlp.27174,9,mlp,27174,404,0
2670,13,2.resid.1764,2,resid,1764,183,0
2671,13,9.mlp.10610,9,mlp,10610,562,1
2672,13,2.resid.21037,2,resid,21037,178,0
2673,13,9.mlp.8134,9,mlp,8134,266,1
2674,13,2.resid.20921,2,resid,20921,87,2
2675,13,9.mlp.31169,9,mlp,31169,773,476
2676,13,2.resid.16251,2,resid,16251,78,2
2677,13,9.mlp.32455,9,mlp,32455,476,1
2678,13,2.resid.32365,2,resid,32365,135,2
2679,13,9.mlp.38206,9,mlp,38206,726,477
2680,13,2.resid.32815,2,resid,32815,82,2
2681,13,9.mlp.29705,9,mlp,29705,359,0
2682,13,2.resid.31971,2,resid,31971,230,1
2683,13,9.mlp.37378,9,mlp,37378,465,1
2684,13,2.resid.13106,2,resid,13106,143,0
2685,13,9.mlp.7802,9,mlp,7802,448,1
2686,13,2.resid.687,2,resid,687,133,1
2687,13,9.mlp.31249,9,mlp,31249,388,0
2688,13,2.resid.34887,2,resid,34887,143,2
2689,13,9.mlp.9211,9,mlp,9211,601,1
2690,13,2.resid.17136,2,resid,17136,88,2
2691,13,9.mlp.36992,9,mlp,36992,599,1
2692,13,2.resid.7019,2,resid,7019,242,1
2693,13,9.mlp.28537,9,mlp,28537,462,1
2694,13,2.resid.6404,2,resid,6404,203,1
2695,13,9.mlp.9697,9,mlp,9697,475,0
2696,13,2.resid.38091,2,resid,38091,194,0
2697,13,9.mlp.28793,9,mlp,28793,467,1
2698,13,2.resid.20831,2,resid,20831,117,2
2699,13,9.mlp.9043,9,mlp,9043,478,1
2700,13,3.attn.28984,3,attn,28984,186,0
2701,13,9.mlp.6959,9,mlp,6959,398,0
2702,13,3.attn.4350,3,attn,4350,126,0
2703,13,9.attn.26282,9,attn,26282,252,0
2704,13,3.attn.36304,3,attn,36304,155,0
2705,13,9.attn.13544,9,attn,13544,133,1
2706,13,3.attn.20517,3,attn,20517,299,0
2707,13,9.attn.7697,9,attn,7697,850,478
2708,13,3.attn.35945,3,attn,35945,296,0
2709,13,9.attn.2814,9,attn,2814,426,0
2710,13,3.attn.8644,3,attn,8644,171,0
2711,13,9.attn.2896,9,attn,2896,575,479
2712,13,3.attn.907,3,attn,907,240,0
2713,13,9.attn.26501,9,attn,26501,311,1
2714,13,3.attn.36353,3,attn,36353,142,0
2715,13,3.attn.37985,3,attn,37985,352,0
2716,13,9.attn.7926,9,attn,7926,339,1
2717,13,3.attn.6659,3,attn,6659,395,0
2718,13,9.attn.20421,9,attn,20421,501,1
2719,13,3.attn.3281,3,attn,3281,171,0
2720,13,9.attn.24229,9,attn,24229,211,1
2721,13,3.attn.10180,3,attn,10180,138,0
2722,13,9.attn.36674,9,attn,36674,564,1
2723,13,3.attn.29119,3,attn,29119,325,0
2724,13,9.attn.36639,9,attn,36639,506,0
2725,13,3.attn.14564,3,attn,14564,135,0
2726,13,9.attn.9191,9,attn,9191,381,1
2727,13,3.attn.6779,3,attn,6779,347,0
2728,13,9.attn.13402,9,attn,13402,259,0
2729,13,3.attn.23156,3,attn,23156,117,0
2730,14,0.mlp.3113,0,mlp,3113,19,3
2731,14,11.resid.30373,11,resid,30373,592,1
2732,14,0.mlp.26949,0,mlp,26949,9,1
2733,14,11.resid.27380,11,resid,27380,446,0
2734,14,0.mlp.8221,0,mlp,8221,16,3
2735,14,11.resid.10373,11,resid,10373,616,480
2736,14,0.mlp.25181,0,mlp,25181,19,3
2737,14,11.resid.13086,11,resid,13086,253,1
2738,14,0.mlp.33290,0,mlp,33290,42,3
2739,14,11.resid.34045,11,resid,34045,737,481
2740,14,0.mlp.1796,0,mlp,1796,53,3
2741,14,11.resid.13472,11,resid,13472,546,482
2742,14,0.mlp.26430,0,mlp,26430,36,3
2743,14,11.resid.24479,11,resid,24479,670,483
2744,14,0.mlp.10381,0,mlp,10381,19,3
2745,14,11.resid.29305,11,resid,29305,630,484
2746,14,0.mlp.27736,0,mlp,27736,17,3
2747,14,11.resid.32701,11,resid,32701,631,485
2748,14,0.mlp.4380,0,mlp,4380,15,1
2749,14,11.resid.40663,11,resid,40663,777,486
2750,14,0.mlp.10563,0,mlp,10563,19,3
2751,14,11.resid.13145,11,resid,13145,840,487
2752,14,0.mlp.17849,0,mlp,17849,15,3
2753,14,11.resid.11513,11,resid,11513,494,488
2754,14,0.mlp.13055,0,mlp,13055,10,1
2755,14,11.resid.20240,11,resid,20240,646,489
2756,14,0.mlp.26734,0,mlp,26734,52,3
2757,14,11.resid.32965,11,resid,32965,584,1
2758,14,0.mlp.3828,0,mlp,3828,23,2
2759,14,11.resid.28561,11,resid,28561,696,490
2760,14,0.mlp.11790,0,mlp,11790,12,3
2761,14,11.resid.5677,11,resid,5677,437,1
2762,14,0.mlp.31594,0,mlp,31594,22,3
2763,14,11.resid.337,11,resid,337,483,0
2764,14,0.mlp.8083,0,mlp,8083,8,1
2765,14,11.resid.33546,11,resid,33546,546,491
2766,14,0.mlp.31023,0,mlp,31023,14,3
2767,14,11.resid.10145,11,resid,10145,472,0
2768,14,0.mlp.18367,0,mlp,18367,50,3
2769,14,11.resid.18315,11,resid,18315,267,1
2770,14,0.mlp.6938,0,mlp,6938,10,1
2771,14,11.resid.20898,11,resid,20898,421,492
2772,14,0.mlp.25911,0,mlp,25911,27,3
2773,14,11.resid.25366,11,resid,25366,423,1
2774,14,0.mlp.824,0,mlp,824,15,3
2775,14,11.resid.14333,11,resid,14333,338,0
2776,14,0.mlp.32276,0,mlp,32276,24,3
2777,14,11.resid.3455,11,resid,3455,452,0
2778,14,0.mlp.4619,0,mlp,4619,18,2
2779,14,11.resid.4273,11,resid,4273,758,493
2780,14,0.mlp.10086,0,mlp,10086,39,3
2781,14,11.resid.32804,11,resid,32804,538,1
2782,14,0.mlp.17672,0,mlp,17672,9,0
2783,14,11.resid.38029,11,resid,38029,480,1
2784,14,0.mlp.27323,0,mlp,27323,18,3
2785,14,11.resid.25614,11,resid,25614,776,494
2786,14,0.resid.8502,0,resid,8502,16,1
2787,14,11.resid.35168,11,resid,35168,430,1
2788,14,0.resid.39596,0,resid,39596,27,3
2789,14,11.mlp.38550,11,mlp,38550,332,1
2790,14,0.resid.38022,0,resid,38022,67,3
2791,14,11.mlp.22060,11,mlp,22060,410,495
2792,14,0.resid.2689,0,resid,2689,55,2
2793,14,11.mlp.28189,11,mlp,28189,554,496
2794,14,0.resid.14146,0,resid,14146,17,0
2795,14,11.mlp.747,11,mlp,747,666,497
2796,14,0.resid.14406,0,resid,14406,116,3
2797,14,11.mlp.13421,11,mlp,13421,650,498
2798,14,0.resid.6397,0,resid,6397,27,2
2799,14,11.mlp.23721,11,mlp,23721,551,499
2800,14,0.resid.8360,0,resid,8360,70,3
2801,14,11.mlp.16298,11,mlp,16298,627,500
2802,14,0.resid.14661,0,resid,14661,82,3
2803,14,11.mlp.35167,11,mlp,35167,731,501
2804,14,0.resid.4905,0,resid,4905,50,2
2805,14,11.mlp.3311,11,mlp,3311,765,502
2806,14,0.resid.12693,0,resid,12693,15,2
2807,14,11.mlp.20508,11,mlp,20508,399,1
2808,14,0.resid.35801,0,resid,35801,52,2
2809,14,11.mlp.27850,11,mlp,27850,333,0
2810,14,0.resid.36295,0,resid,36295,30,0
2811,14,11.mlp.10775,11,mlp,10775,578,1
2812,14,0.resid.9251,0,resid,9251,56,3
2813,14,11.mlp.25456,11,mlp,25456,610,1
2814,14,0.resid.11949,0,resid,11949,17,2
2815,14,11.mlp.29858,11,mlp,29858,528,1
2816,14,0.resid.28245,0,resid,28245,136,3
2817,14,11.mlp.40276,11,mlp,40276,305,1
2818,14,0.resid.24621,0,resid,24621,25,3
2819,14,11.mlp.5961,11,mlp,5961,327,1
2820,14,0.resid.70,0,resid,70,34,2
2821,14,11.mlp.7375,11,mlp,7375,351,1
2822,14,0.resid.26547,0,resid,26547,24,3
2823,14,11.mlp.25533,11,mlp,25533,430,1
2824,14,0.resid.35276,0,resid,35276,37,3
2825,14,11.mlp.15675,11,mlp,15675,381,1
2826,14,0.resid.27712,0,resid,27712,80,3
2827,14,11.mlp.587,11,mlp,587,710,503
2828,14,0.resid.17316,0,resid,17316,39,2
2829,14,11.mlp.30282,11,mlp,30282,617,504
2830,14,0.resid.17063,0,resid,17063,153,3
2831,14,11.mlp.11704,11,mlp,11704,664,505
2832,14,0.resid.24667,0,resid,24667,92,3
2833,14,11.mlp.28722,11,mlp,28722,261,1
2834,14,0.resid.21536,0,resid,21536,32,2
2835,14,11.mlp.16006,11,mlp,16006,360,1
2836,14,0.resid.29463,0,resid,29463,20,3
2837,14,11.mlp.26213,11,mlp,26213,612,0
2838,14,0.resid.224,0,resid,224,145,3
2839,14,11.mlp.17369,11,mlp,17369,323,0
2840,14,0.resid.20835,0,resid,20835,28,0
2841,14,11.mlp.34093,11,mlp,34093,567,1
2842,14,11.mlp.7311,11,mlp,7311,393,1
2843,14,11.attn.18973,11,attn,18973,447,0
2844,14,11.attn.25308,11,attn,25308,390,1
2845,14,11.attn.10647,11,attn,10647,274,1
2846,14,11.attn.8759,11,attn,8759,260,0
2847,14,11.attn.33608,11,attn,33608,712,506
2848,14,11.attn.30154,11,attn,30154,755,507
2849,14,11.attn.27617,11,attn,27617,1017,508
2850,14,11.attn.12431,11,attn,12431,367,0
2851,14,11.attn.30600,11,attn,30600,306,0
2852,14,1.attn.39307,1,attn,39307,124,3
2853,14,11.attn.38435,11,attn,38435,584,0
2854,14,11.attn.6172,11,attn,6172,623,509
2855,14,11.attn.11775,11,attn,11775,856,510
2856,14,11.attn.1690,11,attn,1690,596,0
2857,14,11.attn.17388,11,attn,17388,259,0
2858,14,11.attn.7406,11,attn,7406,371,1
2859,14,11.attn.37456,11,attn,37456,708,511
2860,14,11.attn.6381,11,attn,6381,310,0
2861,14,11.attn.23835,11,attn,23835,366,0
2862,14,1.attn.19768,1,attn,19768,35,2
2863,14,11.attn.21401,11,attn,21401,748,512
2864,14,11.attn.21603,11,attn,21603,1140,513
2865,14,1.attn.23243,1,attn,23243,127,2
2866,14,11.attn.8811,11,attn,8811,625,514
2867,14,1.attn.19390,1,attn,19390,97,2
2868,14,11.attn.17068,11,attn,17068,261,1
2869,14,1.attn.36796,1,attn,36796,129,3
2870,14,11.attn.26048,11,attn,26048,348,0
2871,14,1.attn.20384,1,attn,20384,53,2
2872,14,11.attn.30926,11,attn,30926,516,0
2873,14,1.attn.25434,1,attn,25434,63,2
2874,14,11.attn.30308,11,attn,30308,697,515
2875,14,1.mlp.17447,1,mlp,17447,162,2
2876,14,10.resid.15566,10,resid,15566,692,516
2877,14,1.mlp.21342,1,mlp,21342,162,2
2878,14,10.resid.14610,10,resid,14610,699,517
2879,14,1.mlp.426,1,mlp,426,109,2
2880,14,10.resid.15327,10,resid,15327,554,1
2881,14,1.mlp.6558,1,mlp,6558,170,2
2882,14,10.resid.36667,10,resid,36667,871,518
2883,14,1.mlp.2153,1,mlp,2153,131,2
2884,14,10.resid.1334,10,resid,1334,608,519
2885,14,1.mlp.19314,1,mlp,19314,113,2
2886,14,10.resid.21494,10,resid,21494,381,1
2887,14,1.mlp.23609,1,mlp,23609,96,2
2888,14,10.resid.36682,10,resid,36682,510,520
2889,14,1.mlp.34765,1,mlp,34765,133,2
2890,14,10.resid.25751,10,resid,25751,345,1
2891,14,1.mlp.6415,1,mlp,6415,174,1
2892,14,10.resid.21741,10,resid,21741,596,521
2893,14,1.mlp.23337,1,mlp,23337,162,2
2894,14,10.resid.40164,10,resid,40164,685,522
2895,14,1.mlp.13937,1,mlp,13937,181,3
2896,14,10.resid.12083,10,resid,12083,564,523
2897,14,1.mlp.22442,1,mlp,22442,106,2
2898,14,10.resid.560,10,resid,560,376,0
2899,14,1.mlp.33160,1,mlp,33160,114,2
2900,14,10.resid.40520,10,resid,40520,844,524
2901,14,1.mlp.19874,1,mlp,19874,130,2
2902,14,10.resid.2538,10,resid,2538,809,525
2903,14,1.mlp.24678,1,mlp,24678,164,3
2904,14,10.resid.14982,10,resid,14982,463,526
2905,14,1.mlp.2677,1,mlp,2677,254,1
2906,14,10.resid.25378,10,resid,25378,731,527
2907,14,1.mlp.10625,1,mlp,10625,181,2
2908,14,10.resid.8281,10,resid,8281,644,528
2909,14,1.mlp.14712,1,mlp,14712,96,2
2910,14,10.resid.4163,10,resid,4163,845,529
2911,14,1.mlp.32883,1,mlp,32883,210,2
2912,14,10.resid.31256,10,resid,31256,423,0
2913,14,1.mlp.17127,1,mlp,17127,159,2
2914,14,10.resid.8016,10,resid,8016,603,1
2915,14,1.mlp.29234,1,mlp,29234,224,1
2916,14,10.resid.547,10,resid,547,447,0
2917,14,1.mlp.17227,1,mlp,17227,85,2
2918,14,10.resid.26207,10,resid,26207,697,530
2919,14,1.mlp.3909,1,mlp,3909,142,2
2920,14,10.resid.30298,10,resid,30298,378,0
2921,14,1.mlp.3446,1,mlp,3446,232,1
2922,14,10.resid.20408,10,resid,20408,722,531
2923,14,1.mlp.10760,1,mlp,10760,110,2
2924,14,10.resid.19064,10,resid,19064,741,532
2925,14,1.mlp.38883,1,mlp,38883,118,2
2926,14,10.resid.4573,10,resid,4573,581,1
2927,14,1.mlp.10486,1,mlp,10486,104,2
2928,14,10.resid.21523,10,resid,21523,619,533
2929,14,1.mlp.15153,1,mlp,15153,90,2
2930,14,10.resid.22165,10,resid,22165,749,534
2931,14,1.resid.29360,1,resid,29360,57,2
2932,14,10.resid.16337,10,resid,16337,878,535
2933,14,1.resid.11128,1,resid,11128,45,2
2934,14,10.mlp.14874,10,mlp,14874,751,536
2935,14,1.resid.25066,1,resid,25066,127,2
2936,14,10.mlp.18713,10,mlp,18713,481,1
2937,14,1.resid.23745,1,resid,23745,51,2
2938,14,10.mlp.14925,10,mlp,14925,443,1
2939,14,1.resid.26288,1,resid,26288,146,3
2940,14,10.mlp.36208,10,mlp,36208,601,1
2941,14,1.resid.32723,1,resid,32723,107,3
2942,14,10.mlp.32186,10,mlp,32186,604,1
2943,14,1.resid.14649,1,resid,14649,113,3
2944,14,10.mlp.36809,10,mlp,36809,696,537
2945,14,1.resid.38301,1,resid,38301,107,2
2946,14,10.mlp.10573,10,mlp,10573,221,0
2947,14,1.resid.35993,1,resid,35993,72,3
2948,14,10.mlp.8398,10,mlp,8398,271,0
2949,14,1.resid.22520,1,resid,22520,63,2
2950,14,10.mlp.4923,10,mlp,4923,345,1
2951,14,1.resid.31955,1,resid,31955,72,2
2952,14,10.mlp.18334,10,mlp,18334,323,1
2953,14,1.resid.11129,1,resid,11129,73,2
2954,14,10.mlp.25544,10,mlp,25544,406,1
2955,14,1.resid.6472,1,resid,6472,43,3
2956,14,10.mlp.5867,10,mlp,5867,781,538
2957,14,1.resid.9016,1,resid,9016,68,2
2958,14,10.mlp.7747,10,mlp,7747,509,1
2959,14,1.resid.15545,1,resid,15545,109,3
2960,14,10.mlp.24237,10,mlp,24237,556,1
2961,14,1.resid.28191,1,resid,28191,154,2
2962,14,10.mlp.8951,10,mlp,8951,384,1
2963,14,1.resid.125,1,resid,125,91,2
2964,14,10.mlp.10945,10,mlp,10945,390,0
2965,14,1.resid.28442,1,resid,28442,152,3
2966,14,10.mlp.3072,10,mlp,3072,627,539
2967,14,1.resid.28053,1,resid,28053,153,2
2968,14,10.mlp.1619,10,mlp,1619,475,1
2969,14,1.resid.21389,1,resid,21389,58,2
2970,14,10.mlp.25100,10,mlp,25100,473,1
2971,14,1.resid.17902,1,resid,17902,83,2
2972,14,10.mlp.21183,10,mlp,21183,347,1
2973,14,1.resid.14622,1,resid,14622,127,3
2974,14,10.mlp.25879,10,mlp,25879,464,1
2975,14,1.resid.33259,1,resid,33259,88,2
2976,14,10.mlp.11064,10,mlp,11064,464,0
2977,14,1.resid.9266,1,resid,9266,41,0
2978,14,10.mlp.11526,10,mlp,11526,477,1
2979,14,1.resid.6702,1,resid,6702,112,2
2980,14,10.mlp.30745,10,mlp,30745,660,540
2981,14,1.resid.17316,1,resid,17316,62,2
2982,14,10.mlp.34702,10,mlp,34702,605,1
2983,14,1.resid.12005,1,resid,12005,176,3
2984,14,10.mlp.4006,10,mlp,4006,622,541
2985,14,1.resid.917,1,resid,917,78,0
2986,14,10.mlp.36235,10,mlp,36235,616,542
2987,14,1.resid.5532,1,resid,5532,43,2
2988,14,10.mlp.1172,10,mlp,1172,476,1
2989,14,10.attn.29665,10,attn,29665,268,0
2990,14,2.attn.32494,2,attn,32494,166,0
2991,14,10.attn.23886,10,attn,23886,726,543
2992,14,2.attn.8408,2,attn,8408,159,0
2993,14,10.attn.4798,10,attn,4798,252,1
2994,14,10.attn.3630,10,attn,3630,347,0
2995,14,2.attn.37184,2,attn,37184,80,0
2996,14,10.attn.16803,10,attn,16803,341,0
2997,14,2.attn.16331,2,attn,16331,99,0
2998,14,10.attn.27033,10,attn,27033,512,1
2999,14,2.attn.38286,2,attn,38286,137,0
3000,14,10.attn.23748,10,attn,23748,646,544
3001,14,10.attn.17047,10,attn,17047,549,0
3002,14,2.attn.29277,2,attn,29277,230,0
3003,14,10.attn.40096,10,attn,40096,485,0
3004,14,2.attn.33758,2,attn,33758,111,0
3005,14,10.attn.9575,10,attn,9575,582,1
3006,14,2.attn.14400,2,attn,14400,184,0
3007,14,10.attn.19115,10,attn,19115,404,0
3008,14,2.attn.24047,2,attn,24047,111,0
3009,14,10.attn.7439,10,attn,7439,280,0
3010,14,2.attn.24302,2,attn,24302,94,0
3011,14,10.attn.36324,10,attn,36324,286,0
3012,14,2.attn.25675,2,attn,25675,120,0
3013,14,10.attn.27845,10,attn,27845,305,0
3014,14,10.attn.13346,10,attn,13346,248,1
3015,14,10.attn.18047,10,attn,18047,511,1
3016,14,2.attn.16643,2,attn,16643,158,0
3017,14,10.attn.31142,10,attn,31142,231,0
3018,14,10.attn.14996,10,attn,14996,510,0
3019,14,2.attn.35716,2,attn,35716,182,0
3020,14,10.attn.38205,10,attn,38205,237,0
3021,14,2.attn.22452,2,attn,22452,140,0
3022,14,2.attn.21521,2,attn,21521,117,0
3023,14,10.attn.14475,10,attn,14475,295,0
3024,14,10.attn.27575,10,attn,27575,190,1
3025,14,10.attn.25641,10,attn,25641,866,545
3026,14,10.attn.10458,10,attn,10458,498,1
3027,14,2.attn.29137,2,attn,29137,84,0
3028,14,10.attn.4270,10,attn,4270,282,0
3029,14,2.attn.28778,2,attn,28778,155,0
3030,14,10.attn.11768,10,attn,11768,819,546
3031,14,2.mlp.16899,2,mlp,16899,199,1
3032,14,10.attn.1496,10,attn,1496,492,0
3033,14,2.mlp.9586,2,mlp,9586,203,0
3034,14,9.resid.7116,9,resid,7116,699,547
3035,14,2.mlp.32544,2,mlp,32544,259,1
3036,14,9.resid.39647,9,resid,39647,592,548
3037,14,2.mlp.38677,2,mlp,38677,110,2
3038,14,9.resid.12537,9,resid,12537,624,549
3039,14,2.mlp.17282,2,mlp,17282,209,1
3040,14,9.resid.13262,9,resid,13262,636,550
3041,14,2.mlp.23058,2,mlp,23058,211,1
3042,14,9.resid.16652,9,resid,16652,529,0
3043,14,2.mlp.37486,2,mlp,37486,154,0
3044,14,9.resid.5724,9,resid,5724,395,0
3045,14,2.mlp.14274,2,mlp,14274,258,0
3046,14,9.resid.34939,9,resid,34939,377,0
3047,14,2.mlp.38678,2,mlp,38678,112,2
3048,14,9.resid.28846,9,resid,28846,555,551
3049,14,2.mlp.32377,2,mlp,32377,335,0
3050,14,9.resid.35519,9,resid,35519,478,0
3051,14,2.mlp.6504,2,mlp,6504,183,0
3052,14,9.resid.19822,9,resid,19822,878,552
3053,14,2.mlp.2039,2,mlp,2039,97,0
3054,14,9.resid.14243,9,resid,14243,892,553
3055,14,2.mlp.7478,2,mlp,7478,183,3
3056,14,9.resid.2665,9,resid,2665,573,554
3057,14,2.mlp.11388,2,mlp,11388,141,3
3058,14,9.resid.6333,9,resid,6333,607,1
3059,14,2.mlp.4433,2,mlp,4433,177,1
3060,14,9.resid.16341,9,resid,16341,322,0
3061,14,2.mlp.13737,2,mlp,13737,313,1
3062,14,9.resid.7210,9,resid,7210,664,555
3063,14,2.mlp.41,2,mlp,41,274,0
3064,14,9.resid.16465,9,resid,16465,526,1
3065,14,2.mlp.37257,2,mlp,37257,243,0
3066,14,9.resid.2072,9,resid,2072,648,556
3067,14,2.mlp.14630,2,mlp,14630,126,0
3068,14,9.resid.36662,9,resid,36662,719,557
3069,14,2.mlp.33845,2,mlp,33845,215,3
3070,14,9.resid.3030,9,resid,3030,644,558
3071,14,2.mlp.14457,2,mlp,14457,136,2
3072,14,9.resid.20996,9,resid,20996,434,1
3073,14,2.mlp.14286,2,mlp,14286,148,1
3074,14,9.resid.3490,9,resid,3490,371,1
3075,14,2.mlp.10091,2,mlp,10091,111,2
3076,14,9.resid.33013,9,resid,33013,478,559
3077,14,2.mlp.8363,2,mlp,8363,139,0
3078,14,9.resid.31723,9,resid,31723,522,560
3079,14,2.mlp.22652,2,mlp,22652,152,0
3080,14,9.resid.11506,9,resid,11506,725,561
3081,14,2.mlp.11608,2,mlp,11608,208,1
3082,14,9.resid.35009,9,resid,35009,355,0
3083,14,2.mlp.36319,2,mlp,36319,283,1
3084,14,9.resid.25849,9,resid,25849,552,0
3085,14,2.mlp.3763,2,mlp,3763,177,0
3086,14,9.resid.7799,9,resid,7799,624,562
3087,14,2.mlp.11652,2,mlp,11652,309,1
3088,14,9.resid.341,9,resid,341,487,0
3089,14,2.resid.36253,2,resid,36253,157,3
3090,14,9.mlp.31412,9,mlp,31412,439,1
3091,14,2.resid.14906,2,resid,14906,249,1
3092,14,9.mlp.22342,9,mlp,22342,531,563
3093,14,2.resid.18456,2,resid,18456,197,1
3094,14,9.mlp.975,9,mlp,975,482,0
3095,14,2.resid.32443,2,resid,32443,261,1
3096,14,9.mlp.16706,9,mlp,16706,466,1
3097,14,2.resid.38509,2,resid,38509,89,2
3098,14,9.mlp.24663,9,mlp,24663,350,0
3099,14,2.resid.14118,2,resid,14118,140,3
3100,14,9.mlp.24612,9,mlp,24612,329,0
3101,14,2.resid.27132,2,resid,27132,94,2
3102,14,9.mlp.34475,9,mlp,34475,430,0
3103,14,2.resid.37399,2,resid,37399,157,0
3104,14,9.mlp.29630,9,mlp,29630,558,564
3105,14,2.resid.3430,2,resid,3430,149,0
3106,14,9.mlp.7092,9,mlp,7092,485,0
3107,14,2.resid.4163,2,resid,4163,152,2
3108,14,9.mlp.33646,9,mlp,33646,637,565
3109,14,2.resid.17278,2,resid,17278,161,0
3110,14,9.mlp.2541,9,mlp,2541,362,0
3111,14,2.resid.8070,2,resid,8070,134,2
3112,14,9.mlp.4152,9,mlp,4152,296,0
3113,14,2.resid.36802,2,resid,36802,105,2
3114,14,9.mlp.22053,9,mlp,22053,525,1
3115,14,2.resid.16736,2,resid,16736,105,3
3116,14,9.mlp.35249,9,mlp,35249,416,1
3117,14,2.resid.6512,2,resid,6512,191,1
3118,14,9.mlp.21783,9,mlp,21783,358,566
3119,14,2.resid.604,2,resid,604,174,0
3120,14,9.mlp.30530,9,mlp,30530,268,1
3121,14,2.resid.38351,2,resid,38351,197,1
3122,14,9.mlp.29806,9,mlp,29806,442,1
3123,14,2.resid.17374,2,resid,17374,122,2
3124,14,9.mlp.19075,9,mlp,19075,721,567
3125,14,2.resid.10746,2,resid,10746,226,1
3126,14,9.mlp.80,9,mlp,80,357,0
3127,14,2.resid.31814,2,resid,31814,164,3
3128,14,9.mlp.32343,9,mlp,32343,459,0
3129,14,2.resid.10477,2,resid,10477,128,2
3130,14,9.mlp.32504,9,mlp,32504,440,0
3131,14,2.resid.13958,2,resid,13958,164,3
3132,14,9.mlp.17646,9,mlp,17646,307,1
3133,14,2.resid.35081,2,resid,35081,210,1
3134,14,9.mlp.39516,9,mlp,39516,601,1
3135,14,2.resid.22649,2,resid,22649,121,2
3136,14,9.mlp.19340,9,mlp,19340,678,568
3137,14,2.resid.10019,2,resid,10019,179,3
3138,14,9.mlp.12956,9,mlp,12956,643,569
3139,14,2.resid.18815,2,resid,18815,179,3
3140,14,9.mlp.15791,9,mlp,15791,634,570
3141,14,2.resid.35629,2,resid,35629,198,1
3142,14,9.mlp.4017,9,mlp,4017,620,571
3143,14,2.resid.15480,2,resid,15480,163,3
3144,14,9.mlp.5740,9,mlp,5740,581,0
3145,14,3.attn.31456,3,attn,31456,142,0
3146,14,9.mlp.807,9,mlp,807,555,0
3147,14,3.attn.32167,3,attn,32167,117,0
3148,14,9.attn.19131,9,attn,19131,286,0
3149,14,3.attn.23828,3,attn,23828,363,0
3150,14,9.attn.8693,9,attn,8693,525,0
3151,14,9.attn.32390,9,attn,32390,432,1
3152,14,3.attn.14435,3,attn,14435,132,0
3153,14,9.attn.21770,9,attn,21770,684,572
3154,14,3.attn.12112,3,attn,12112,181,0
3155,14,9.attn.15069,9,attn,15069,1211,573
3156,14,3.attn.21610,3,attn,21610,208,0
3157,14,9.attn.813,9,attn,813,488,0
3158,14,3.attn.34725,3,attn,34725,180,0
3159,14,9.attn.6069,9,attn,6069,767,574
3160,14,3.attn.22346,3,attn,22346,138,0
3161,14,9.attn.2160,9,attn,2160,490,1
3162,14,9.attn.20028,9,attn,20028,235,1
3163,14,3.attn.35734,3,attn,35734,202,0
3164,14,9.attn.4433,9,attn,4433,432,0
3165,14,3.attn.9032,3,attn,9032,381,0
3166,14,9.attn.35621,9,attn,35621,347,0
3167,14,3.attn.36249,3,attn,36249,248,1
3168,14,9.attn.17548,9,attn,17548,330,0
3169,14,3.attn.6042,3,attn,6042,265,0
3170,14,9.attn.22913,9,attn,22913,254,0
3171,14,3.attn.9449,3,attn,9449,215,0
3172,14,9.attn.27492,9,attn,27492,651,575
3173,14,3.attn.1654,3,attn,1654,199,0
3174,14,9.attn.26589,9,attn,26589,197,0
3175,14,3.attn.1105,3,attn,1105,194,0
3176,14,9.attn.14311,9,attn,14311,464,1
3177,14,9.attn.7307,9,attn,7307,847,576
3178,14,9.attn.16275,9,attn,16275,800,577
3179,14,3.attn.10409,3,attn,10409,129,0
3180,14,9.attn.30097,9,attn,30097,1073,578
3181,14,3.attn.28943,3,attn,28943,458,0
3182,14,9.attn.16993,9,attn,16993,565,1
3183,14,3.attn.5447,3,attn,5447,184,0
3184,14,9.attn.36266,9,attn,36266,254,0
3185,14,3.attn.18441,3,attn,18441,182,0
3186,14,9.attn.5163,9,attn,5163,489,0
3187,14,3.attn.7563,3,attn,7563,164,0
3188,14,9.attn.31220,9,attn,31220,145,1
3189,14,3.attn.16787,3,attn,16787,105,0
3190,15,11.resid.22325,11,resid,22325,1279,579
3191,15,0.mlp.23227,0,mlp,23227,13,3
3192,15,11.resid.1040,11,resid,1040,598,0
3193,15,0.mlp.30191,0,mlp,30191,17,3
3194,15,11.resid.303,11,resid,303,500,0
3195,15,0.mlp.11128,0,mlp,11128,20,3
3196,15,11.resid.12728,11,resid,12728,424,0
3197,15,0.mlp.35387,0,mlp,35387,9,0
3198,15,11.resid.3010,11,resid,3010,428,1
3199,15,0.mlp.8603,0,mlp,8603,20,3
3200,15,11.resid.34746,11,resid,34746,555,580
3201,15,0.mlp.30498,0,mlp,30498,71,3
3202,15,11.resid.13451,11,resid,13451,539,0
3203,15,0.mlp.3680,0,mlp,3680,74,3
3204,15,11.resid.11361,11,resid,11361,624,581
3205,15,0.mlp.18787,0,mlp,18787,20,3
3206,15,11.resid.6334,11,resid,6334,395,0
3207,15,0.mlp.22965,0,mlp,22965,28,3
3208,15,11.resid.32946,11,resid,32946,267,1
3209,15,0.mlp.33703,0,mlp,33703,21,3
3210,15,11.resid.12011,11,resid,12011,442,1
3211,15,0.mlp.9037,0,mlp,9037,11,3
3212,15,11.resid.33293,11,resid,33293,603,0
3213,15,0.mlp.19001,0,mlp,19001,19,3
3214,15,11.resid.24874,11,resid,24874,254,1
3215,15,0.mlp.36863,0,mlp,36863,10,3
3216,15,11.resid.9050,11,resid,9050,226,1
3217,15,0.mlp.2422,0,mlp,2422,21,3
3218,15,11.resid.25729,11,resid,25729,424,0
3219,15,0.mlp.3905,0,mlp,3905,11,1
3220,15,11.resid.984,11,resid,984,545,582
3221,15,0.mlp.20609,0,mlp,20609,6,0
3222,15,11.resid.38903,11,resid,38903,439,0
3223,15,0.mlp.27404,0,mlp,27404,11,1
3224,15,11.resid.29015,11,resid,29015,524,1
3225,15,0.mlp.25904,0,mlp,25904,11,3
3226,15,11.resid.22928,11,resid,22928,398,0
3227,15,0.mlp.34089,0,mlp,34089,13,3
3228,15,11.resid.21497,11,resid,21497,461,0
3229,15,0.mlp.3011,0,mlp,3011,11,1
3230,15,11.resid.3827,11,resid,3827,436,1
3231,15,0.mlp.36466,0,mlp,36466,17,3
3232,15,11.resid.3824,11,resid,3824,251,1
3233,15,0.mlp.32703,0,mlp,32703,16,3
3234,15,11.resid.34166,11,resid,34166,528,1
3235,15,0.mlp.16567,0,mlp,16567,19,3
3236,15,11.resid.34761,11,resid,34761,528,0
3237,15,0.mlp.2723,0,mlp,2723,10,1
3238,15,11.resid.13385,11,resid,13385,715,583
3239,15,0.mlp.28888,0,mlp,28888,23,3
3240,15,11.resid.27021,11,resid,27021,362,0
3241,15,0.mlp.31978,0,mlp,31978,6,584
3242,15,11.resid.35290,11,resid,35290,443,0
3243,15,0.mlp.18451,0,mlp,18451,96,3
3244,15,11.resid.11442,11,resid,11442,382,1
3245,15,0.resid.20159,0,resid,20159,36,3
3246,15,11.resid.9200,11,resid,9200,243,1
3247,15,0.resid.3921,0,resid,3921,100,3
3248,15,11.mlp.31503,11,mlp,31503,465,1
3249,15,0.resid.4239,0,resid,4239,61,3
3250,15,11.mlp.37543,11,mlp,37543,510,1
3251,15,0.resid.38913,0,resid,38913,18,3
3252,15,11.mlp.2995,11,mlp,2995,714,585
3253,15,0.resid.36310,0,resid,36310,84,3
3254,15,11.mlp.39491,11,mlp,39491,362,1
3255,15,0.resid.25088,0,resid,25088,87,3
3256,15,11.mlp.25102,11,mlp,25102,325,0
3257,15,0.resid.21293,0,resid,21293,36,3
3258,15,11.mlp.6222,11,mlp,6222,564,0
3259,15,0.resid.4632,0,resid,4632,23,3
3260,15,11.mlp.39805,11,mlp,39805,369,0
3261,15,0.resid.18377,0,resid,18377,80,3
3262,15,11.mlp.31807,11,mlp,31807,252,1
3263,15,0.resid.6977,0,resid,6977,28,3
3264,15,11.mlp.12848,11,mlp,12848,485,1
3265,15,0.resid.25980,0,resid,25980,64,0
3266,15,11.mlp.181,11,mlp,181,390,1
3267,15,0.resid.22480,0,resid,22480,33,2
3268,15,11.mlp.32883,11,mlp,32883,266,1
3269,15,0.resid.40036,0,resid,40036,11,0
3270,15,11.mlp.16093,11,mlp,16093,572,1
3271,15,0.resid.24601,0,resid,24601,63,3
3272,15,11.mlp.11568,11,mlp,11568,467,0
3273,15,0.resid.32142,0,resid,32142,24,2
3274,15,11.mlp.34390,11,mlp,34390,416,1
3275,15,0.resid.26044,0,resid,26044,10,3
3276,15,11.mlp.10665,11,mlp,10665,513,586
3277,15,0.resid.30799,0,resid,30799,96,2
3278,15,11.mlp.13468,11,mlp,13468,373,1
3279,15,0.resid.26181,0,resid,26181,51,2
3280,15,11.mlp.408,11,mlp,408,368,1
3281,15,0.resid.38917,0,resid,38917,25,2
3282,15,11.mlp.10585,11,mlp,10585,352,0
3283,15,0.resid.40321,0,resid,40321,30,2
3284,15,11.mlp.30743,11,mlp,30743,497,1
3285,15,0.resid.37408,0,resid,37408,78,3
3286,15,11.mlp.33730,11,mlp,33730,661,587
3287,15,0.resid.25535,0,resid,25535,32,2
3288,15,11.mlp.22523,11,mlp,22523,330,0
3289,15,0.resid.2862,0,resid,2862,127,3
3290,15,11.mlp.3588,11,mlp,3588,441,0
3291,15,0.resid.26693,0,resid,26693,33,3
3292,15,11.mlp.37333,11,mlp,37333,352,1
3293,15,0.resid.8251,0,resid,8251,57,3
3294,15,11.mlp.40060,11,mlp,40060,347,1
3295,15,0.resid.7693,0,resid,7693,27,2
3296,15,11.mlp.23129,11,mlp,23129,558,0
3297,15,0.resid.38600,0,resid,38600,22,3
3298,15,11.mlp.5738,11,mlp,5738,456,588
3299,15,0.resid.10299,0,resid,10299,21,2
3300,15,11.mlp.7604,11,mlp,7604,400,0
3301,15,11.mlp.30045,11,mlp,30045,272,1
3302,15,1.attn.31587,1,attn,31587,71,0
3303,15,11.attn.6134,11,attn,6134,494,1
3304,15,1.attn.38574,1,attn,38574,84,3
3305,15,11.attn.18788,11,attn,18788,142,1
3306,15,11.attn.40146,11,attn,40146,681,589
3307,15,11.attn.20345,11,attn,20345,524,1
3308,15,11.attn.22830,11,attn,22830,305,1
3309,15,1.attn.4549,1,attn,4549,154,3
3310,15,11.attn.25915,11,attn,25915,377,1
3311,15,11.attn.2510,11,attn,2510,620,590
3312,15,11.attn.15696,11,attn,15696,663,591
3313,15,11.attn.29563,11,attn,29563,576,1
3314,15,1.attn.29136,1,attn,29136,26,3
3315,15,11.attn.27714,11,attn,27714,306,0
3316,15,11.attn.16258,11,attn,16258,169,1
3317,15,11.attn.15251,11,attn,15251,840,592
3318,15,11.attn.27904,11,attn,27904,371,1
3319,15,1.attn.23660,1,attn,23660,78,0
3320,15,11.attn.27747,11,attn,27747,311,0
3321,15,1.attn.12839,1,attn,12839,158,0
3322,15,11.attn.29893,11,attn,29893,1002,593
3323,15,11.attn.26394,11,attn,26394,248,1
3324,15,1.attn.3314,1,attn,3314,58,0
3325,15,11.attn.17637,11,attn,17637,548,1
3326,15,11.attn.868,11,attn,868,300,0
3327,15,1.attn.21980,1,attn,21980,66,0
3328,15,11.attn.33980,11,attn,33980,622,594
3329,15,11.attn.2406,11,attn,2406,421,1
3330,15,1.attn.8182,1,attn,8182,68,2
3331,15,11.attn.14554,11,attn,14554,386,0
3332,15,1.attn.16210,1,attn,16210,131,2
3333,15,11.attn.16298,11,attn,16298,1083,595
3334,15,11.attn.35308,11,attn,35308,183,1
3335,15,11.attn.31177,11,attn,31177,398,0
3336,15,11.attn.21898,11,attn,21898,502,1
3337,15,11.attn.35361,11,attn,35361,182,1
3338,15,11.attn.18983,11,attn,18983,376,0
3339,15,1.attn.15618,1,attn,15618,61,2
3340,15,11.attn.30093,11,attn,30093,528,1
3341,15,1.mlp.23230,1,mlp,23230,240,1
3342,15,10.resid.31231,10,resid,31231,618,596
3343,15,1.mlp.271,1,mlp,271,181,1
3344,15,10.resid.15842,10,resid,15842,405,0
3345,15,1.mlp.25847,1,mlp,25847,90,2
3346,15,10.resid.23987,10,resid,23987,626,597
3347,15,1.mlp.30756,1,mlp,30756,132,2
3348,15,10.resid.142,10,resid,142,447,1
3349,15,1.mlp.36979,1,mlp,36979,279,3
3350,15,10.resid.2969,10,resid,2969,875,598
3351,15,1.mlp.34664,1,mlp,34664,97,2
3352,15,10.resid.4503,10,resid,4503,401,1
3353,15,1.mlp.35047,1,mlp,35047,104,2
3354,15,10.resid.6231,10,resid,6231,304,0
3355,15,1.mlp.21637,1,mlp,21637,141,2
3356,15,10.resid.621,10,resid,621,784,599
3357,15,1.mlp.2877,1,mlp,2877,74,2
3358,15,10.resid.9147,10,resid,9147,507,600
3359,15,1.mlp.37640,1,mlp,37640,96,2
3360,15,10.resid.31351,10,resid,31351,620,601
3361,15,1.mlp.30660,1,mlp,30660,209,1
3362,15,10.resid.29519,10,resid,29519,718,602
3363,15,1.mlp.1435,1,mlp,1435,82,2
3364,15,10.resid.16402,10,resid,16402,275,0
3365,15,1.mlp.15846,1,mlp,15846,138,2
3366,15,10.resid.31707,10,resid,31707,611,603
3367,15,1.mlp.10152,1,mlp,10152,101,2
3368,15,10.resid.24391,10,resid,24391,564,1
3369,15,1.mlp.31476,1,mlp,31476,106,3
3370,15,10.resid.20721,10,resid,20721,377,0
3371,15,1.mlp.16358,1,mlp,16358,101,2
3372,15,10.resid.11481,10,resid,11481,370,0
3373,15,1.mlp.4614,1,mlp,4614,125,2
3374,15,10.resid.18922,10,resid,18922,549,604
3375,15,1.mlp.7430,1,mlp,7430,164,3
3376,15,10.resid.463,10,resid,463,486,0
3377,15,1.mlp.25106,1,mlp,25106,114,2
3378,15,10.resid.21485,10,resid,21485,556,605
3379,15,1.mlp.16609,1,mlp,16609,88,2
3380,15,10.resid.2638,10,resid,2638,546,0
3381,15,1.mlp.20225,1,mlp,20225,162,2
3382,15,10.resid.25816,10,resid,25816,348,0
3383,15,1.mlp.5455,1,mlp,5455,210,1
3384,15,10.resid.8021,10,resid,8021,616,606
3385,15,1.mlp.6349,1,mlp,6349,109,2
3386,15,10.resid.12446,10,resid,12446,807,607
3387,15,1.mlp.22821,1,mlp,22821,143,2
3388,15,10.resid.18917,10,resid,18917,397,0
3389,15,1.mlp.35529,1,mlp,35529,148,2
3390,15,10.resid.18460,10,resid,18460,289,1
3391,15,1.mlp.27041,1,mlp,27041,122,2
3392,15,10.resid.12840,10,resid,12840,612,608
3393,15,1.mlp.14003,1,mlp,14003,105,2
3394,15,10.resid.3811,10,resid,3811,815,609
3395,15,1.mlp.27145,1,mlp,27145,151,2
3396,15,10.resid.14014,10,resid,14014,455,0
3397,15,1.resid.13568,1,resid,13568,112,3
3398,15,10.resid.40373,10,resid,40373,513,1
3399,15,1.resid.20475,1,resid,20475,178,3
3400,15,10.mlp.33547,10,mlp,33547,500,0
3401,15,1.resid.33611,1,resid,33611,99,3
3402,15,10.mlp.38788,10,mlp,38788,615,610
3403,15,1.resid.20172,1,resid,20172,104,2
3404,15,10.mlp.16853,10,mlp,16853,601,0
3405,15,1.resid.6403,1,resid,6403,185,3
3406,15,10.mlp.570,10,mlp,570,265,1
3407,15,1.resid.30914,1,resid,30914,45,2
3408,15,10.mlp.27212,10,mlp,27212,585,1
3409,15,1.resid.25287,1,resid,25287,60,2
3410,15,10.mlp.8281,10,mlp,8281,307,1
3411,15,1.resid.3222,1,resid,3222,86,2
3412,15,10.mlp.21091,10,mlp,21091,734,611
3413,15,1.resid.28407,1,resid,28407,54,2
3414,15,10.mlp.26366,10,mlp,26366,819,612
3415,15,1.resid.13218,1,resid,13218,133,3
3416,15,10.mlp.27182,10,mlp,27182,430,1
3417,15,1.resid.6137,1,resid,6137,159,2
3418,15,10.mlp.18232,10,mlp,18232,476,0
3419,15,1.resid.941,1,resid,941,38,2
3420,15,10.mlp.37968,10,mlp,37968,409,0
3421,15,1.resid.33769,1,resid,33769,75,2
3422,15,10.mlp.779,10,mlp,779,354,0
3423,15,1.resid.28237,1,resid,28237,125,2
3424,15,10.mlp.4593,10,mlp,4593,413,1
3425,15,1.resid.37588,1,resid,37588,73,2
3426,15,10.mlp.11226,10,mlp,11226,565,613
3427,15,1.resid.11869,1,resid,11869,97,2
3428,15,10.mlp.33618,10,mlp,33618,578,1
3429,15,1.resid.11365,1,resid,11365,63,2
3430,15,10.mlp.18490,10,mlp,18490,458,1
3431,15,1.resid.14334,1,resid,14334,68,2
3432,15,10.mlp.31926,10,mlp,31926,558,614
3433,15,1.resid.287,1,resid,287,107,3
3434,15,10.mlp.14404,10,mlp,14404,507,1
3435,15,1.resid.39196,1,resid,39196,66,2
3436,15,10.mlp.2814,10,mlp,2814,594,1
3437,15,1.resid.36459,1,resid,36459,101,2
3438,15,10.mlp.11063,10,mlp,11063,354,1
3439,15,1.resid.34322,1,resid,34322,31,0
3440,15,10.mlp.3158,10,mlp,3158,348,1
3441,15,1.resid.31222,1,resid,31222,132,2
3442,15,10.mlp.32089,10,mlp,32089,344,0
3443,15,1.resid.17333,1,resid,17333,131,2
3444,15,10.mlp.4771,10,mlp,4771,325,1
3445,15,1.resid.5051,1,resid,5051,113,2
3446,15,10.mlp.8873,10,mlp,8873,347,0
3447,15,1.resid.19432,1,resid,19432,38,2
3448,15,10.mlp.34541,10,mlp,34541,597,615
3449,15,1.resid.1530,1,resid,1530,145,3
3450,15,10.mlp.20244,10,mlp,20244,704,616
3451,15,1.resid.7707,1,resid,7707,52,2
3452,15,10.mlp.16592,10,mlp,16592,661,617
3453,15,1.resid.35008,1,resid,35008,26,0
3454,15,10.mlp.18782,10,mlp,18782,427,1
3455,15,10.attn.2823,10,attn,2823,340,0
3456,15,2.attn.10434,2,attn,10434,124,0
3457,15,10.attn.20665,10,attn,20665,615,618
3458,15,10.attn.21322,10,attn,21322,387,1
3459,15,10.attn.38860,10,attn,38860,335,0
3460,15,2.attn.33915,2,attn,33915,193,0
3461,15,10.attn.33561,10,attn,33561,360,0
3462,15,10.attn.8004,10,attn,8004,780,619
3463,15,2.attn.33365,2,attn,33365,254,0
3464,15,10.attn.29716,10,attn,29716,294,0
3465,15,2.attn.11852,2,attn,11852,127,0
3466,15,10.attn.34458,10,attn,34458,435,0
3467,15,2.attn.23322,2,attn,23322,114,3
3468,15,10.attn.22547,10,attn,22547,542,1
3469,15,10.attn.2981,10,attn,2981,341,0
3470,15,2.attn.4987,2,attn,4987,99,0
3471,15,10.attn.223,10,attn,223,317,0
3472,15,10.attn.20049,10,attn,20049,1369,620
3473,15,2.attn.24322,2,attn,24322,80,0
3474,15,10.attn.2148,10,attn,2148,362,0
3475,15,2.attn.25072,2,attn,25072,127,0
3476,15,10.attn.26339,10,attn,26339,797,621
3477,15,2.attn.9168,2,attn,9168,109,0
3478,15,10.attn.23753,10,attn,23753,569,1
3479,15,10.attn.37798,10,attn,37798,235,0
3480,15,2.attn.25181,2,attn,25181,189,0
3481,15,10.attn.30845,10,attn,30845,570,622
3482,15,2.attn.28916,2,attn,28916,171,0
3483,15,10.attn.11580,10,attn,11580,607,1
3484,15,2.attn.2984,2,attn,2984,114,0
3485,15,10.attn.2019,10,attn,2019,356,0
3486,15,2.attn.5085,2,attn,5085,107,0
3487,15,10.attn.14976,10,attn,14976,420,0
3488,15,10.attn.20825,10,attn,20825,279,0
3489,15,10.attn.9969,10,attn,9969,837,623
3490,15,10.attn.10872,10,attn,10872,488,1
3491,15,2.attn.36285,2,attn,36285,121,2
3492,15,10.attn.8043,10,attn,8043,1015,624
3493,15,2.attn.1238,2,attn,1238,135,0
3494,15,10.attn.5927,10,attn,5927,456,0
3495,15,10.attn.33973,10,attn,33973,708,625
3496,15,2.attn.34021,2,attn,34021,124,0
3497,15,10.attn.16846,10,attn,16846,1165,626
3498,15,2.attn.21876,2,attn,21876,196,0
3499,15,10.attn.25103,10,attn,25103,626,627
3500,15,2.mlp.36057,2,mlp,36057,134,0
3501,15,10.attn.30220,10,attn,30220,702,628
3502,15,2.mlp.6540,2,mlp,6540,164,0
3503,15,9.resid.28465,9,resid,28465,645,629
3504,15,2.mlp.3928,2,mlp,3928,211,1
3505,15,9.resid.29865,9,resid,29865,374,0
3506,15,2.mlp.36663,2,mlp,36663,126,0
3507,15,9.resid.1339,9,resid,1339,647,630
3508,15,2.mlp.24552,2,mlp,24552,172,1
3509,15,9.resid.18663,9,resid,18663,582,1
3510,15,2.mlp.30848,2,mlp,30848,171,0
3511,15,9.resid.40367,9,resid,40367,625,631
3512,15,2.mlp.33964,2,mlp,33964,251,1
3513,15,9.resid.40073,9,resid,40073,415,0
3514,15,2.mlp.36689,2,mlp,36689,155,1
3515,15,9.resid.1756,9,resid,1756,647,632
3516,15,2.mlp.15581,2,mlp,15581,186,0
3517,15,9.resid.35841,9,resid,35841,269,0
3518,15,2.mlp.17827,2,mlp,17827,336,1
3519,15,9.resid.30573,9,resid,30573,743,633
3520,15,2.mlp.6114,2,mlp,6114,119,2
3521,15,9.resid.8422,9,resid,8422,651,634
3522,15,2.mlp.14523,2,mlp,14523,179,3
3523,15,9.resid.5494,9,resid,5494,422,0
3524,15,2.mlp.34742,2,mlp,34742,250,0
3525,15,9.resid.7640,9,resid,7640,245,0
3526,15,2.mlp.16013,2,mlp,16013,240,1
3527,15,9.resid.7184,9,resid,7184,431,0
3528,15,2.mlp.26002,2,mlp,26002,237,0
3529,15,9.resid.23778,9,resid,23778,356,1
3530,15,2.mlp.5882,2,mlp,5882,149,0
3531,15,9.resid.40415,9,resid,40415,436,1
3532,15,2.mlp.381,2,mlp,381,298,0
3533,15,9.resid.38926,9,resid,38926,270,0
3534,15,2.mlp.21486,2,mlp,21486,193,0
3535,15,9.resid.37613,9,resid,37613,356,0
3536,15,2.mlp.31850,2,mlp,31850,168,3
3537,15,9.resid.19303,9,resid,19303,492,0
3538,15,2.mlp.36899,2,mlp,36899,156,0
3539,15,9.resid.9852,9,resid,9852,338,0
3540,15,2.mlp.5884,2,mlp,5884,230,1
3541,15,9.resid.224,9,resid,224,322,0
3542,15,2.mlp.16878,2,mlp,16878,132,0
3543,15,9.resid.39204,9,resid,39204,604,1
3544,15,2.mlp.36713,2,mlp,36713,171,2
3545,15,9.resid.9360,9,resid,9360,651,635
3546,15,2.mlp.39186,2,mlp,39186,176,0
3547,15,9.resid.35985,9,resid,35985,704,636
3548,15,2.mlp.17739,2,mlp,17739,166,0
3549,15,9.resid.28077,9,resid,28077,631,637
3550,15,2.mlp.28949,2,mlp,28949,160,0
3551,15,9.resid.353,9,resid,353,589,1
3552,15,2.mlp.12145,2,mlp,12145,230,0
3553,15,9.resid.32203,9,resid,32203,679,638
3554,15,2.mlp.27995,2,mlp,27995,176,0
3555,15,9.resid.39411,9,resid,39411,638,639
3556,15,2.mlp.20359,2,mlp,20359,251,1
3557,15,9.resid.29291,9,resid,29291,538,1
3558,15,2.resid.24664,2,resid,24664,202,1
3559,15,9.mlp.20985,9,mlp,20985,292,0
3560,15,2.resid.3709,2,resid,3709,164,3
3561,15,9.mlp.1295,9,mlp,1295,485,1
3562,15,2.resid.27392,2,resid,27392,148,0
3563,15,9.mlp.28448,9,mlp,28448,496,1
3564,15,2.resid.32239,2,resid,32239,63,2
3565,15,9.mlp.14873,9,mlp,14873,443,0
3566,15,2.resid.24317,2,resid,24317,175,3
3567,15,9.mlp.12007,9,mlp,12007,545,640
3568,15,2.resid.29625,2,resid,29625,246,1
3569,15,9.mlp.3507,9,mlp,3507,423,1
3570,15,2.resid.38067,2,resid,38067,202,1
3571,15,9.mlp.8353,9,mlp,8353,534,1
3572,15,2.resid.30426,2,resid,30426,112,0
3573,15,9.mlp.10513,9,mlp,10513,530,0
3574,15,2.resid.21132,2,resid,21132,200,3
3575,15,9.mlp.40042,9,mlp,40042,369,0
3576,15,2.resid.4037,2,resid,4037,204,1
3577,15,9.mlp.33593,9,mlp,33593,336,0
3578,15,2.resid.4809,2,resid,4809,118,3
3579,15,9.mlp.27468,9,mlp,27468,450,0
3580,15,2.resid.11844,2,resid,11844,158,3
3581,15,9.mlp.35576,9,mlp,35576,465,1
3582,15,2.resid.22755,2,resid,22755,200,0
3583,15,9.mlp.7980,9,mlp,7980,490,1
3584,15,2.resid.6582,2,resid,6582,224,0
3585,15,9.mlp.29168,9,mlp,29168,508,1
3586,15,2.resid.32171,2,resid,32171,169,2
3587,15,9.mlp.13098,9,mlp,13098,445,0
3588,15,2.resid.16087,2,resid,16087,91,2
3589,15,9.mlp.5103,9,mlp,5103,430,1
3590,15,2.resid.40672,2,resid,40672,142,3
3591,15,9.mlp.23544,9,mlp,23544,633,641
3592,15,2.resid.40619,2,resid,40619,169,3
3593,15,9.mlp.21946,9,mlp,21946,353,1
3594,15,2.resid.39263,2,resid,39263,57,2
3595,15,9.mlp.4040,9,mlp,4040,428,1
3596,15,2.resid.25213,2,resid,25213,163,3
3597,15,9.mlp.3890,9,mlp,3890,362,1
3598,15,2.resid.541,2,resid,541,125,2
3599,15,9.mlp.36887,9,mlp,36887,557,1
3600,15,2.resid.23796,2,resid,23796,160,0
3601,15,9.mlp.5833,9,mlp,5833,355,0
3602,15,2.resid.32107,2,resid,32107,247,1
3603,15,9.mlp.35689,9,mlp,35689,406,1
3604,15,2.resid.29140,2,resid,29140,101,2
3605,15,9.mlp.7551,9,mlp,7551,621,642
3606,15,2.resid.36365,2,resid,36365,65,2
3607,15,9.mlp.6451,9,mlp,6451,855,643
3608,15,2.resid.7673,2,resid,7673,92,2
3609,15,9.mlp.28919,9,mlp,28919,522,0
3610,15,2.resid.30038,2,resid,30038,199,3
3611,15,9.mlp.3149,9,mlp,3149,488,644
3612,15,2.resid.40113,2,resid,40113,142,0
3613,15,9.mlp.2498,9,mlp,2498,724,645
3614,15,3.attn.16329,3,attn,16329,156,0
3615,15,9.mlp.21432,9,mlp,21432,491,0
3616,15,3.attn.40113,3,attn,40113,179,0
3617,15,9.attn.12487,9,attn,12487,517,0
3618,15,3.attn.11039,3,attn,11039,147,0
3619,15,9.attn.12331,9,attn,12331,665,646
3620,15,9.attn.31746,9,attn,31746,529,0
3621,15,3.attn.17119,3,attn,17119,199,0
3622,15,9.attn.31342,9,attn,31342,280,0
3623,15,3.attn.32534,3,attn,32534,225,0
3624,15,9.attn.1264,9,attn,1264,372,0
3625,15,3.attn.22658,3,attn,22658,204,0
3626,15,9.attn.26793,9,attn,26793,643,647
3627,15,3.attn.32169,3,attn,32169,140,3
3628,15,9.attn.28912,9,attn,28912,193,1
3629,15,3.attn.35645,3,attn,35645,213,0
3630,15,9.attn.10695,9,attn,10695,293,0
3631,15,3.attn.13573,3,attn,13573,357,0
3632,15,9.attn.4231,9,attn,4231,213,0
3633,15,3.attn.6934,3,attn,6934,180,0
3634,15,9.attn.13822,9,attn,13822,401,1
3635,15,3.attn.12672,3,attn,12672,218,0
3636,15,9.attn.18880,9,attn,18880,388,0
3637,15,3.attn.12750,3,attn,12750,153,0
3638,15,9.attn.6708,9,attn,6708,228,1
3639,15,3.attn.11385,3,attn,11385,312,0
3640,15,9.attn.25486,9,attn,25486,262,0
3641,15,3.attn.9496,3,attn,9496,157,0
3642,15,9.attn.29690,9,attn,29690,310,0
3643,15,3.attn.39730,3,attn,39730,198,0
3644,15,9.attn.719,9,attn,719,625,648
3645,15,3.attn.38168,3,attn,38168,162,0
3646,15,9.attn.16671,9,attn,16671,754,649
3647,15,3.attn.25252,3,attn,25252,142,0
3648,15,9.attn.35869,9,attn,35869,573,1
3649,15,3.attn.13314,3,attn,13314,175,0
3650,2,0.mlp.27329,0,mlp,27329,10,3
3651,2,11.resid.7008,11,resid,7008,636,650
3652,2,0.mlp.40867,0,mlp,40867,51,3
3653,2,11.resid.18628,11,resid,18628,440,0
3654,2,0.mlp.8483,0,mlp,8483,18,2
3655,2,11.resid.14865,11,resid,14865,250,1
3656,2,0.mlp.20419,0,mlp,20419,36,3
3657,2,11.resid.1193,11,resid,1193,353,0
3658,2,0.mlp.18150,0,mlp,18150,39,3
3659,2,11.resid.34359,11,resid,34359,519,651
3660,2,0.mlp.7965,0,mlp,7965,14,3
3661,2,11.resid.10765,11,resid,10765,623,652
3662,2,0.mlp.27189,0,mlp,27189,7,653
3663,2,11.resid.27940,11,resid,27940,459,0
3664,2,0.mlp.33214,0,mlp,33214,39,3
3665,2,11.resid.22837,11,resid,22837,306,1
3666,2,0.mlp.33790,0,mlp,33790,9,3
3667,2,11.resid.14348,11,resid,14348,249,1
3668,2,0.mlp.10205,0,mlp,10205,12,3
3669,2,11.resid.29119,11,resid,29119,638,654
3670,2,0.mlp.27961,0,mlp,27961,12,3
3671,2,11.resid.32771,11,resid,32771,440,0
3672,2,0.mlp.8279,0,mlp,8279,62,3
3673,2,11.resid.24654,11,resid,24654,414,1
3674,2,0.mlp.17701,0,mlp,17701,12,3
3675,2,11.resid.40380,11,resid,40380,218,1
3676,2,0.mlp.32630,0,mlp,32630,22,3
3677,2,11.resid.20830,11,resid,20830,768,655
3678,2,0.mlp.5171,0,mlp,5171,10,3
3679,2,11.resid.6484,11,resid,6484,487,0
3680,2,0.mlp.7337,0,mlp,7337,7,656
3681,2,11.resid.37386,11,resid,37386,214,0
3682,2,0.mlp.37714,0,mlp,37714,27,3
3683,2,11.resid.19616,11,resid,19616,630,657
3684,2,0.mlp.32284,0,mlp,32284,19,2
3685,2,11.resid.20067,11,resid,20067,662,658
3686,2,0.mlp.8786,0,mlp,8786,10,3
3687,2,11.resid.39553,11,resid,39553,508,1
3688,2,0.mlp.8142,0,mlp,8142,24,3
3689,2,11.resid.6102,11,resid,6102,453,0
3690,2,0.mlp.1316,0,mlp,1316,53,3
3691,2,11.resid.36301,11,resid,36301,532,1
3692,2,0.mlp.14147,0,mlp,14147,15,3
3693,2,11.resid.40096,11,resid,40096,447,1
3694,2,0.mlp.4877,0,mlp,4877,33,3
3695,2,11.resid.39103,11,resid,39103,370,0
3696,2,0.mlp.3842,0,mlp,3842,25,3
3697,2,11.resid.2586,11,resid,2586,400,0
3698,2,0.mlp.3034,0,mlp,3034,11,3
3699,2,11.resid.35762,11,resid,35762,582,659
3700,2,0.mlp.22742,0,mlp,22742,72,3
3701,2,11.resid.11112,11,resid,11112,422,1
3702,2,0.mlp.7413,0,mlp,7413,13,3
3703,2,11.resid.38825,11,resid,38825,514,0
3704,2,0.mlp.19146,0,mlp,19146,18,3
3705,2,11.resid.31488,11,resid,31488,349,0
3706,2,0.mlp.2269,0,mlp,2269,5,660
3707,2,11.resid.1667,11,resid,1667,361,0
3708,2,0.resid.26125,0,resid,26125,43,3
3709,2,11.mlp.9913,11,mlp,9913,836,661
3710,2,0.resid.25822,0,resid,25822,48,2
3711,2,11.mlp.39066,11,mlp,39066,544,1
3712,2,0.resid.6622,0,resid,6622,27,0
3713,2,11.mlp.2397,11,mlp,2397,563,662
3714,2,0.resid.14785,0,resid,14785,26,2
3715,2,11.mlp.26282,11,mlp,26282,399,0
3716,2,0.resid.13310,0,resid,13310,61,3
3717,2,11.mlp.10508,11,mlp,10508,353,663
3718,2,0.resid.11738,0,resid,11738,77,3
3719,2,11.mlp.14027,11,mlp,14027,574,664
3720,2,0.resid.31517,0,resid,31517,31,2
3721,2,11.mlp.12092,11,mlp,12092,444,0
3722,2,0.resid.6505,0,resid,6505,25,3
3723,2,11.mlp.10819,11,mlp,10819,351,1
3724,2,0.resid.23016,0,resid,23016,23,0
3725,2,11.mlp.19334,11,mlp,19334,247,1
3726,2,0.resid.29966,0,resid,29966,16,1
3727,2,11.mlp.39113,11,mlp,39113,326,0
3728,2,0.resid.1119,0,resid,1119,35,3
3729,2,11.mlp.4384,11,mlp,4384,330,1
3730,2,0.resid.6699,0,resid,6699,27,3
3731,2,11.mlp.17337,11,mlp,17337,250,1
3732,2,0.resid.4178,0,resid,4178,22,0
3733,2,11.mlp.260,11,mlp,260,422,1
3734,2,0.resid.40160,0,resid,40160,10,1
3735,2,11.mlp.21943,11,mlp,21943,392,0
3736,2,0.resid.20544,0,resid,20544,136,3
3737,2,11.mlp.4405,11,mlp,4405,444,0
3738,2,0.resid.6819,0,resid,6819,29,2
3739,2,11.mlp.37580,11,mlp,37580,321,1
3740,2,0.resid.26869,0,resid,26869,220,3
3741,2,11.mlp.33333,11,mlp,33333,753,665
3742,2,0.resid.31301,0,resid,31301,25,2
3743,2,11.mlp.39610,11,mlp,39610,314,1
3744,2,0.resid.39163,0,resid,39163,38,3
3745,2,11.mlp.15124,11,mlp,15124,465,1
3746,2,0.resid.40182,0,resid,40182,54,3
3747,2,11.mlp.26429,11,mlp,26429,322,1
3748,2,0.resid.12650,0,resid,12650,60,2
3749,2,11.mlp.38091,11,mlp,38091,564,1
3750,2,0.resid.22943,0,resid,22943,84,3
3751,2,11.mlp.12563,11,mlp,12563,571,1
3752,2,0.resid.29665,0,resid,29665,37,3
3753,2,11.mlp.5009,11,mlp,5009,596,666
3754,2,0.resid.35320,0,resid,35320,35,3
3755,2,11.mlp.34675,11,mlp,34675,478,1
3756,2,0.resid.1744,0,resid,1744,102,3
3757,2,11.mlp.29146,11,mlp,29146,329,1
3758,2,0.resid.6609,0,resid,6609,116,3
3759,2,11.mlp.15821,11,mlp,15821,386,1
3760,2,0.resid.17997,0,resid,17997,88,3
3761,2,11.mlp.11295,11,mlp,11295,422,1
3762,2,0.resid.29358,0,resid,29358,22,2
3763,2,11.mlp.16482,11,mlp,16482,410,0
3764,2,11.attn.9241,11,attn,9241,495,1
3765,2,11.attn.27443,11,attn,27443,1050,667
3766,2,1.attn.7256,1,attn,7256,62,0
3767,2,11.attn.24717,11,attn,24717,441,1
3768,2,11.attn.20723,11,attn,20723,599,1
3769,2,11.attn.18582,11,attn,18582,363,0
3770,2,11.attn.2400,11,attn,2400,301,0
3771,2,11.attn.27718,11,attn,27718,567,668
3772,2,11.attn.34895,11,attn,34895,315,1
3773,2,11.attn.25068,11,attn,25068,670,669
3774,2,11.attn.13030,11,attn,13030,581,1
3775,2,11.attn.19627,11,attn,19627,170,0
3776,2,11.attn.26385,11,attn,26385,693,670
3777,2,11.attn.29586,11,attn,29586,435,1
3778,2,1.attn.24367,1,attn,24367,68,2
3779,2,11.attn.10015,11,attn,10015,147,1
3780,2,11.attn.16279,11,attn,16279,575,1
3781,2,1.attn.20855,1,attn,20855,90,0
3782,2,11.attn.17052,11,attn,17052,135,1
3783,2,1.attn.18861,1,attn,18861,106,2
3784,2,11.attn.18425,11,attn,18425,316,0
3785,2,11.attn.10133,11,attn,10133,360,0
3786,2,11.attn.5399,11,attn,5399,282,1
3787,2,11.attn.27337,11,attn,27337,839,671
3788,2,11.attn.31786,11,attn,31786,660,672
3789,2,11.attn.7252,11,attn,7252,472,1
3790,2,1.attn.2217,1,attn,2217,93,2
3791,2,11.attn.35052,11,attn,35052,812,673
3792,2,11.attn.20311,11,attn,20311,133,0
3793,2,11.attn.7016,11,attn,7016,502,1
3794,2,1.attn.17708,1,attn,17708,60,2
3795,2,11.attn.7319,11,attn,7319,450,1
3796,2,11.attn.1179,11,attn,1179,380,0
3797,2,1.mlp.36895,1,mlp,36895,91,2
3798,2,10.resid.29235,10,resid,29235,452,1
3799,2,1.mlp.4355,1,mlp,4355,86,2
3800,2,10.resid.15285,10,resid,15285,690,674
3801,2,1.mlp.27504,1,mlp,27504,105,2
3802,2,10.resid.11335,10,resid,11335,621,675
3803,2,1.mlp.10848,1,mlp,10848,63,0
3804,2,10.resid.3214,10,resid,3214,524,676
3805,2,1.mlp.858,1,mlp,858,91,2
3806,2,10.resid.31442,10,resid,31442,379,0
3807,2,1.mlp.38837,1,mlp,38837,103,2
3808,2,10.resid.22306,10,resid,22306,509,1
3809,2,1.mlp.7679,1,mlp,7679,258,1
3810,2,10.resid.28400,10,resid,28400,709,677
3811,2,1.mlp.1565,1,mlp,1565,246,1
3812,2,10.resid.40723,10,resid,40723,608,0
3813,2,1.mlp.16823,1,mlp,16823,181,2
3814,2,10.resid.6843,10,resid,6843,614,678
3815,2,1.mlp.16507,1,mlp,16507,177,2
3816,2,10.resid.39739,10,resid,39739,560,1
3817,2,1.mlp.26679,1,mlp,26679,66,2
3818,2,10.resid.23333,10,resid,23333,258,0
3819,2,1.mlp.1703,1,mlp,1703,119,2
3820,2,10.resid.16338,10,resid,16338,626,679
3821,2,1.mlp.23013,1,mlp,23013,236,1
3822,2,10.resid.25884,10,resid,25884,748,680
3823,2,1.mlp.28675,1,mlp,28675,201,3
3824,2,10.resid.40900,10,resid,40900,650,681
3825,2,1.mlp.28619,1,mlp,28619,94,2
3826,2,10.resid.18242,10,resid,18242,610,1
3827,2,1.mlp.9253,1,mlp,9253,151,2
3828,2,10.resid.37104,10,resid,37104,630,682
3829,2,1.mlp.21322,1,mlp,21322,108,2
3830,2,10.resid.37849,10,resid,37849,615,683
3831,2,1.mlp.26308,1,mlp,26308,89,2
3832,2,10.resid.7292,10,resid,7292,602,684
3833,2,1.mlp.6365,1,mlp,6365,117,2
3834,2,10.resid.29892,10,resid,29892,371,1
3835,2,1.mlp.15346,1,mlp,15346,170,2
3836,2,10.resid.23146,10,resid,23146,292,0
3837,2,1.mlp.38457,1,mlp,38457,232,3
3838,2,10.resid.38306,10,resid,38306,470,685
3839,2,1.mlp.14500,1,mlp,14500,163,2
3840,2,10.resid.3240,10,resid,3240,483,0
3841,2,1.mlp.10157,1,mlp,10157,155,2
3842,2,10.resid.5693,10,resid,5693,826,686
3843,2,1.mlp.28554,1,mlp,28554,93,2
3844,2,10.resid.19387,10,resid,19387,344,0
3845,2,1.mlp.19063,1,mlp,19063,138,2
3846,2,10.resid.12562,10,resid,12562,623,687
3847,2,1.mlp.1779,1,mlp,1779,180,2
3848,2,10.resid.39165,10,resid,39165,669,688
3849,2,1.mlp.28440,1,mlp,28440,57,2
3850,2,10.resid.30825,10,resid,30825,420,1
3851,2,1.mlp.17915,1,mlp,17915,137,2
3852,2,10.resid.3744,10,resid,3744,552,1
3853,2,1.resid.31886,1,resid,31886,115,3
3854,2,10.mlp.8720,10,mlp,8720,507,1
3855,2,1.resid.29324,1,resid,29324,143,1
3856,2,10.mlp.20700,10,mlp,20700,415,0
3857,2,1.resid.38792,1,resid,38792,185,3
3858,2,10.mlp.38154,10,mlp,38154,628,689
3859,2,1.resid.20458,1,resid,20458,46,3
3860,2,10.mlp.16861,10,mlp,16861,465,0
3861,2,1.resid.29578,1,resid,29578,109,2
3862,2,10.mlp.18768,10,mlp,18768,522,0
3863,2,1.resid.20219,1,resid,20219,53,2
3864,2,10.mlp.26066,10,mlp,26066,654,690
3865,2,1.resid.9633,1,resid,9633,99,3
3866,2,10.mlp.17726,10,mlp,17726,503,0
3867,2,1.resid.32126,1,resid,32126,73,2
3868,2,10.mlp.5340,10,mlp,5340,481,1
3869,2,1.resid.8095,1,resid,8095,76,2
3870,2,10.mlp.29750,10,mlp,29750,381,1
3871,2,1.resid.40640,1,resid,40640,80,2
3872,2,10.mlp.16102,10,mlp,16102,334,0
3873,2,1.resid.24282,1,resid,24282,120,2
3874,2,10.mlp.23169,10,mlp,23169,592,1
3875,2,1.resid.8888,1,resid,8888,130,2
3876,2,10.mlp.33794,10,mlp,33794,632,691
3877,2,1.resid.16680,1,resid,16680,154,2
3878,2,10.mlp.2064,10,mlp,2064,514,1
3879,2,1.resid.451,1,resid,451,125,1
3880,2,10.mlp.16863,10,mlp,16863,447,1
3881,2,1.resid.3175,1,resid,3175,48,3
3882,2,10.mlp.23216,10,mlp,23216,365,1
3883,2,1.resid.38836,1,resid,38836,74,0
3884,2,10.mlp.36147,10,mlp,36147,249,0
3885,2,1.resid.40714,1,resid,40714,87,2
3886,2,10.mlp.3141,10,mlp,3141,389,0
3887,2,1.resid.18145,1,resid,18145,151,3
3888,2,10.mlp.30090,10,mlp,30090,418,0
3889,2,1.resid.36345,1,resid,36345,182,3
3890,2,10.mlp.16827,10,mlp,16827,360,1
3891,2,1.resid.2986,1,resid,2986,43,2
3892,2,10.mlp.11519,10,mlp,11519,487,1
3893,2,1.resid.33580,1,resid,33580,103,2
3894,2,10.mlp.6800,10,mlp,6800,628,692
3895,2,1.resid.34090,1,resid,34090,80,3
3896,2,10.mlp.28052,10,mlp,28052,443,1
3897,2,1.resid.40905,1,resid,40905,95,2
3898,2,10.mlp.10566,10,mlp,10566,425,1
3899,2,1.resid.9292,1,resid,9292,120,2
3900,2,10.mlp.774,10,mlp,774,363,0
3901,2,1.resid.22946,1,resid,22946,153,3
3902,2,10.mlp.40539,10,mlp,40539,387,1
3903,2,1.resid.1043,1,resid,1043,74,2
3904,2,10.mlp.9622,10,mlp,9622,528,1
3905,2,1.resid.33212,1,resid,33212,121,3
3906,2,10.mlp.33165,10,mlp,33165,619,693
3907,2,1.resid.31163,1,resid,31163,93,2
3908,2,10.mlp.32572,10,mlp,32572,618,694
3909,2,1.resid.12243,1,resid,12243,134,3
3910,2,10.mlp.9528,10,mlp,9528,510,0
3911,2,10.attn.30908,10,attn,30908,686,695
3912,2,10.attn.19668,10,attn,19668,566,0
3913,2,2.attn.6837,2,attn,6837,103,0
3914,2,10.attn.25178,10,attn,25178,377,0
3915,2,10.attn.24673,10,attn,24673,422,1
3916,2,2.attn.30938,2,attn,30938,104,0
3917,2,10.attn.1880,10,attn,1880,269,0
3918,2,2.attn.37565,2,attn,37565,114,0
3919,2,10.attn.25143,10,attn,25143,340,0
3920,2,10.attn.25728,10,attn,25728,213,0
3921,2,2.attn.11443,2,attn,11443,128,0
3922,2,10.attn.34094,10,attn,34094,527,0
3923,2,2.attn.8230,2,attn,8230,174,1
3924,2,2.attn.6464,2,attn,6464,203,0
3925,2,10.attn.14044,10,attn,14044,711,696
3926,2,2.attn.9193,2,attn,9193,257,0
3927,2,10.attn.2689,10,attn,2689,606,1
3928,2,10.attn.4851,10,attn,4851,487,0
3929,2,2.attn.25624,2,attn,25624,97,0
3930,2,10.attn.39928,10,attn,39928,480,1
3931,2,2.attn.10202,2,attn,10202,48,2
3932,2,10.attn.18220,10,attn,18220,323,0
3933,2,2.attn.20239,2,attn,20239,73,0
3934,2,10.attn.28019,10,attn,28019,297,0
3935,2,10.attn.21131,10,attn,21131,484,1
3936,2,2.attn.8035,2,attn,8035,141,0
3937,2,10.attn.38274,10,attn,38274,1200,697
3938,2,2.attn.9281,2,attn,9281,153,0
3939,2,10.attn.6974,10,attn,6974,549,1
3940,2,10.attn.27185,10,attn,27185,424,0
3941,2,10.attn.38252,10,attn,38252,901,698
3942,2,2.attn.21112,2,attn,21112,96,0
3943,2,10.attn.34581,10,attn,34581,302,0
3944,2,10.attn.36670,10,attn,36670,1177,699
3945,2,10.attn.24880,10,attn,24880,374,0
3946,2,10.attn.11697,10,attn,11697,191,0
3947,2,2.attn.11778,2,attn,11778,86,0
3948,2,10.attn.11705,10,attn,11705,261,1
3949,2,2.attn.16369,2,attn,16369,124,0
3950,2,10.attn.12619,10,attn,12619,506,0
3951,2,10.attn.35915,10,attn,35915,587,700
3952,2,2.mlp.12645,2,mlp,12645,126,0
3953,2,9.resid.19171,9,resid,19171,487,1
3954,2,2.mlp.8404,2,mlp,8404,189,1
3955,2,9.resid.8932,9,resid,8932,423,0
3956,2,2.mlp.23215,2,mlp,23215,164,0
3957,2,9.resid.11677,9,resid,11677,500,1
3958,2,2.mlp.6475,2,mlp,6475,187,1
3959,2,9.resid.4044,9,resid,4044,575,1
3960,2,2.mlp.12568,2,mlp,12568,88,2
3961,2,9.resid.14838,9,resid,14838,592,1
3962,2,2.mlp.18801,2,mlp,18801,175,0
3963,2,9.resid.3907,9,resid,3907,409,1
3964,2,2.mlp.26556,2,mlp,26556,173,0
3965,2,9.resid.36448,9,resid,36448,274,1
3966,2,2.mlp.16205,2,mlp,16205,116,0
3967,2,9.resid.20784,9,resid,20784,558,1
3968,2,2.mlp.4180,2,mlp,4180,108,2
3969,2,9.resid.37380,9,resid,37380,651,701
3970,2,2.mlp.31812,2,mlp,31812,145,0
3971,2,9.resid.2723,9,resid,2723,710,702
3972,2,2.mlp.15458,2,mlp,15458,267,1
3973,2,9.resid.29864,9,resid,29864,478,1
3974,2,2.mlp.4269,2,mlp,4269,239,1
3975,2,9.resid.21835,9,resid,21835,528,1
3976,2,2.mlp.20286,2,mlp,20286,170,3
3977,2,9.resid.24834,9,resid,24834,662,703
3978,2,2.mlp.4757,2,mlp,4757,207,0
3979,2,9.resid.2753,9,resid,2753,699,704
3980,2,2.mlp.29720,2,mlp,29720,154,2
3981,2,9.resid.1482,9,resid,1482,732,705
3982,2,2.mlp.25220,2,mlp,25220,112,2
3983,2,9.resid.32343,9,resid,32343,674,706
3984,2,2.mlp.32232,2,mlp,32232,280,1
3985,2,9.resid.17183,9,resid,17183,549,1
3986,2,2.mlp.11500,2,mlp,11500,188,0
3987,2,9.resid.6464,9,resid,6464,500,0
3988,2,2.mlp.23158,2,mlp,23158,179,0
3989,2,9.resid.33670,9,resid,33670,580,707
3990,2,2.mlp.28246,2,mlp,28246,154,2
3991,2,9.resid.17768,9,resid,17768,430,0
3992,2,2.mlp.40773,2,mlp,40773,107,2
3993,2,9.resid.13945,9,resid,13945,305,0
3994,2,2.mlp.19313,2,mlp,19313,347,1
3995,2,9.resid.9093,9,resid,9093,642,708
3996,2,2.mlp.33001,2,mlp,33001,256,1
3997,2,9.resid.16961,9,resid,16961,735,709
3998,2,2.mlp.28806,2,mlp,28806,155,1
3999,2,9.resid.30928,9,resid,30928,676,710
4000,2,2.mlp.33431,2,mlp,33431,203,1
4001,2,9.resid.26693,9,resid,26693,482,1
4002,2,2.mlp.39387,2,mlp,39387,160,3
4003,2,9.resid.5371,9,resid,5371,666,711
4004,2,2.mlp.35302,2,mlp,35302,119,0
4005,2,9.resid.10542,9,resid,10542,303,0
4006,2,2.mlp.21288,2,mlp,21288,148,2
4007,2,9.resid.40100,9,resid,40100,443,0
4008,2,2.resid.26715,2,resid,26715,125,3
4009,2,9.mlp.7518,9,mlp,7518,401,0
4010,2,2.resid.36684,2,resid,36684,156,0
4011,2,9.mlp.14984,9,mlp,14984,684,712
4012,2,2.resid.14986,2,resid,14986,202,0
4013,2,9.mlp.8127,9,mlp,8127,700,713
4014,2,2.resid.5570,2,resid,5570,100,2
4015,2,9.mlp.13444,9,mlp,13444,529,0
4016,2,2.resid.39302,2,resid,39302,108,0
4017,2,9.mlp.29531,9,mlp,29531,509,1
4018,2,2.resid.26986,2,resid,26986,107,3
4019,2,9.mlp.4907,9,mlp,4907,547,1
4020,2,2.resid.40710,2,resid,40710,137,3
4021,2,9.mlp.10936,9,mlp,10936,466,0
4022,2,2.resid.32546,2,resid,32546,236,1
4023,2,9.mlp.15286,9,mlp,15286,704,714
4024,2,2.resid.24298,2,resid,24298,114,2
4025,2,9.mlp.32082,9,mlp,32082,444,1
4026,2,2.resid.40211,2,resid,40211,181,1
4027,2,9.mlp.6845,9,mlp,6845,637,715
4028,2,2.resid.2121,2,resid,2121,169,3
4029,2,9.mlp.4188,9,mlp,4188,556,716
4030,2,2.resid.13672,2,resid,13672,141,0
4031,2,9.mlp.29797,9,mlp,29797,328,1
4032,2,2.resid.6002,2,resid,6002,102,2
4033,2,9.mlp.12259,9,mlp,12259,365,1
4034,2,2.resid.31658,2,resid,31658,197,0
4035,2,9.mlp.21701,9,mlp,21701,657,717
4036,2,2.resid.17718,2,resid,17718,116,3
4037,2,9.mlp.38374,9,mlp,38374,497,1
4038,2,2.resid.13191,2,resid,13191,246,0
4039,2,9.mlp.16423,9,mlp,16423,461,1
4040,2,2.resid.25185,2,resid,25185,245,1
4041,2,9.mlp.36310,9,mlp,36310,515,1
4042,2,2.resid.22009,2,resid,22009,269,1
4043,2,9.mlp.10663,9,mlp,10663,412,0
4044,2,2.resid.38759,2,resid,38759,237,1
4045,2,9.mlp.13390,9,mlp,13390,480,1
4046,2,2.resid.15897,2,resid,15897,229,0
4047,2,9.mlp.20314,9,mlp,20314,428,1
4048,2,2.resid.10267,2,resid,10267,130,3
4049,2,9.mlp.23883,9,mlp,23883,595,1
4050,2,2.resid.27234,2,resid,27234,199,0
4051,2,9.mlp.28333,9,mlp,28333,594,1
4052,2,2.resid.20343,2,resid,20343,189,3
4053,2,9.mlp.6562,9,mlp,6562,221,0
4054,2,2.resid.10808,2,resid,10808,101,2
4055,2,9.mlp.30615,9,mlp,30615,471,0
4056,2,2.resid.30879,2,resid,30879,210,0
4057,2,9.mlp.2590,9,mlp,2590,634,718
4058,2,2.resid.14616,2,resid,14616,181,3
4059,2,9.mlp.18523,9,mlp,18523,456,0
4060,2,2.resid.3746,2,resid,3746,146,3
4061,2,9.mlp.9044,9,mlp,9044,515,719
4062,2,2.resid.27397,2,resid,27397,203,1
4063,2,9.mlp.13014,9,mlp,13014,174,1
4064,2,2.resid.22654,2,resid,22654,185,2
4065,2,9.mlp.38283,9,mlp,38283,544,1
4066,2,3.attn.23537,3,attn,23537,129,0
4067,2,9.attn.40793,9,attn,40793,380,0
4068,2,3.attn.38120,3,attn,38120,197,0
4069,2,9.attn.8419,9,attn,8419,240,0
4070,2,3.attn.40870,3,attn,40870,192,0
4071,2,9.attn.18398,9,attn,18398,628,720
4072,2,3.attn.31075,3,attn,31075,133,0
4073,2,9.attn.1396,9,attn,1396,726,721
4074,2,3.attn.32859,3,attn,32859,170,0
4075,2,9.attn.17445,9,attn,17445,575,0
4076,2,3.attn.1187,3,attn,1187,222,0
4077,2,9.attn.6977,9,attn,6977,510,1
4078,2,3.attn.23159,3,attn,23159,156,0
4079,2,9.attn.10998,9,attn,10998,456,1
4080,2,9.attn.9574,9,attn,9574,582,1
4081,2,3.attn.18614,3,attn,18614,216,0
4082,2,9.attn.7479,9,attn,7479,425,0
4083,2,3.attn.5505,3,attn,5505,150,0
4084,2,9.attn.8863,9,attn,8863,652,722
4085,2,3.attn.29009,3,attn,29009,161,0
4086,2,9.attn.9845,9,attn,9845,330,1
4087,2,3.attn.28134,3,attn,28134,128,0
4088,2,9.attn.5917,9,attn,5917,229,1
4089,2,3.attn.35723,3,attn,35723,215,0
4090,2,9.attn.40844,9,attn,40844,759,723
4091,2,3.attn.24436,3,attn,24436,197,0
4092,2,9.attn.830,9,attn,830,215,0
4093,2,3.attn.11307,3,attn,11307,101,0
4094,2,9.attn.36345,9,attn,36345,721,724
4095,2,3.attn.20195,3,attn,20195,160,0
4096,2,9.attn.20584,9,attn,20584,349,0
4097,2,3.attn.28619,3,attn,28619,205,0
4098,2,9.attn.14825,9,attn,14825,376,0
4099,2,3.attn.27058,3,attn,27058,169,0
4100,2,9.attn.2281,9,attn,2281,249,0
4101,2,3.attn.20322,3,attn,20322,421,0
4102,2,9.attn.33027,9,attn,33027,385,1
4103,2,9.attn.10501,9,attn,10501,262,0
4104,2,3.attn.6315,3,attn,6315,163,0
4105,2,9.attn.20814,9,attn,20814,511,1
4106,2,3.attn.35619,3,attn,35619,156,0
4107,2,9.attn.11054,9,attn,11054,414,0
4108,2,3.attn.3485,3,attn,3485,210,0
4109,2,9.attn.23885,9,attn,23885,798,725
4110,3,11.resid.11848,11,resid,11848,559,0
4111,3,0.mlp.36356,0,mlp,36356,30,3
4112,3,11.resid.30283,11,resid,30283,384,0
4113,3,0.mlp.23193,0,mlp,23193,31,3
4114,3,11.resid.3513,11,resid,3513,565,1
4115,3,0.mlp.35195,0,mlp,35195,21,3
4116,3,11.resid.40292,11,resid,40292,715,726
4117,3,0.mlp.2,0,mlp,2,20,3
4118,3,11.resid.13547,11,resid,13547,340,0
4119,3,0.mlp.5000,0,mlp,5000,12,1
4120,3,11.resid.8143,11,resid,8143,378,1
4121,3,0.mlp.27584,0,mlp,27584,20,3
4122,3,11.resid.9401,11,resid,9401,448,0
4123,3,0.mlp.24726,0,mlp,24726,16,3
4124,3,11.resid.18584,11,resid,18584,572,1
4125,3,0.mlp.7964,0,mlp,7964,21,3
4126,3,11.resid.29973,11,resid,29973,803,727
4127,3,0.mlp.27907,0,mlp,27907,29,3
4128,3,11.resid.24075,11,resid,24075,719,728
4129,3,0.mlp.11637,0,mlp,11637,15,3
4130,3,11.resid.12468,11,resid,12468,242,1
4131,3,0.mlp.7357,0,mlp,7357,22,3
4132,3,11.resid.10549,11,resid,10549,574,729
4133,3,0.mlp.1788,0,mlp,1788,26,3
4134,3,11.resid.40608,11,resid,40608,519,730
4135,3,0.mlp.23592,0,mlp,23592,23,3
4136,3,11.resid.11333,11,resid,11333,408,1
4137,3,0.mlp.16182,0,mlp,16182,13,3
4138,3,11.resid.24826,11,resid,24826,489,731
4139,3,0.mlp.251,0,mlp,251,14,3
4140,3,11.resid.3395,11,resid,3395,525,732
4141,3,0.mlp.34052,0,mlp,34052,5,733
4142,3,11.resid.14311,11,resid,14311,797,734
4143,3,0.mlp.9455,0,mlp,9455,16,3
4144,3,11.resid.24566,11,resid,24566,426,0
4145,3,0.mlp.19192,0,mlp,19192,22,3
4146,3,11.resid.13433,11,resid,13433,632,735
4147,3,0.mlp.8621,0,mlp,8621,19,3
4148,3,11.resid.17958,11,resid,17958,281,1
4149,3,0.mlp.18331,0,mlp,18331,42,3
4150,3,11.resid.16052,11,resid,16052,717,736
4151,3,0.mlp.5994,0,mlp,5994,21,3
4152,3,11.resid.9865,11,resid,9865,445,1
4153,3,0.mlp.1030,0,mlp,1030,7,0
4154,3,11.resid.37335,11,resid,37335,575,737
4155,3,0.mlp.21040,0,mlp,21040,48,3
4156,3,11.resid.28140,11,resid,28140,612,1
4157,3,0.mlp.11343,0,mlp,11343,23,3
4158,3,11.resid.5021,11,resid,5021,556,738
4159,3,0.mlp.13516,0,mlp,13516,25,3
4160,3,11.resid.14880,11,resid,14880,748,739
4161,3,0.mlp.29144,0,mlp,29144,38,3
4162,3,11.resid.13026,11,resid,13026,407,0
4163,3,0.mlp.40655,0,mlp,40655,11,1
4164,3,11.resid.37750,11,resid,37750,223,1
4165,3,0.mlp.12823,0,mlp,12823,7,0
4166,3,11.resid.36128,11,resid,36128,565,740
4167,3,0.resid.8895,0,resid,8895,29,3
4168,3,11.mlp.34552,11,mlp,34552,429,1
4169,3,0.resid.15211,0,resid,15211,43,3
4170,3,11.mlp.466,11,mlp,466,472,0
4171,3,0.resid.8392,0,resid,8392,151,3
4172,3,11.mlp.22278,11,mlp,22278,349,0
4173,3,0.resid.20015,0,resid,20015,66,3
4174,3,11.mlp.24503,11,mlp,24503,344,1
4175,3,0.resid.36168,0,resid,36168,29,2
4176,3,11.mlp.19238,11,mlp,19238,706,741
4177,3,0.resid.5127,0,resid,5127,24,3
4178,3,11.mlp.9630,11,mlp,9630,551,742
4179,3,0.resid.12074,0,resid,12074,29,2
4180,3,11.mlp.18905,11,mlp,18905,482,1
4181,3,0.resid.38675,0,resid,38675,17,3
4182,3,11.mlp.3807,11,mlp,3807,438,1
4183,3,0.resid.21030,0,resid,21030,50,2
4184,3,11.mlp.28769,11,mlp,28769,553,743
4185,3,0.resid.32187,0,resid,32187,117,2
4186,3,11.mlp.7027,11,mlp,7027,369,1
4187,3,0.resid.35011,0,resid,35011,39,3
4188,3,11.mlp.28654,11,mlp,28654,587,744
4189,3,0.resid.5120,0,resid,5120,59,3
4190,3,11.mlp.26964,11,mlp,26964,611,1
4191,3,0.resid.36150,0,resid,36150,11,0
4192,3,11.mlp.26534,11,mlp,26534,351,0
4193,3,0.resid.28447,0,resid,28447,21,2
4194,3,11.mlp.35174,11,mlp,35174,524,0
4195,3,0.resid.17352,0,resid,17352,28,2
4196,3,11.mlp.21834,11,mlp,21834,221,3
4197,3,0.resid.25846,0,resid,25846,123,3
4198,3,11.mlp.20904,11,mlp,20904,472,0
4199,3,0.resid.33292,0,resid,33292,23,2
4200,3,11.mlp.34318,11,mlp,34318,234,1
4201,3,0.resid.30957,0,resid,30957,19,3
4202,3,11.mlp.35295,11,mlp,35295,666,745
4203,3,0.resid.1264,0,resid,1264,16,0
4204,3,11.mlp.2383,11,mlp,2383,428,1
4205,3,0.resid.27990,0,resid,27990,13,3
4206,3,11.mlp.38696,11,mlp,38696,450,0
4207,3,0.resid.30757,0,resid,30757,18,1
4208,3,11.mlp.36045,11,mlp,36045,750,746
4209,3,0.resid.4060,0,resid,4060,16,0
4210,3,11.mlp.24211,11,mlp,24211,536,0
4211,3,0.resid.12668,0,resid,12668,21,3
4212,3,11.mlp.36112,11,mlp,36112,635,747
4213,3,0.resid.31500,0,resid,31500,21,3
4214,3,11.mlp.1596,11,mlp,1596,616,748
4215,3,0.resid.10328,0,resid,10328,120,3
4216,3,11.mlp.26834,11,mlp,26834,297,1
4217,3,0.resid.3187,0,resid,3187,29,2
4218,3,11.mlp.30567,11,mlp,30567,303,1
4219,3,0.resid.33618,0,resid,33618,6,749
4220,3,11.mlp.22722,11,mlp,22722,607,1
4221,3,0.resid.33814,0,resid,33814,20,3
4222,3,11.mlp.4750,11,mlp,4750,543,1
4223,3,11.attn.12618,11,attn,12618,377,0
4224,3,1.attn.40006,1,attn,40006,61,0
4225,3,11.attn.20200,11,attn,20200,373,0
4226,3,1.attn.13436,1,attn,13436,112,2
4227,3,11.attn.32910,11,attn,32910,293,0
4228,3,1.attn.34422,1,attn,34422,65,0
4229,3,11.attn.32630,11,attn,32630,256,1
4230,3,11.attn.36023,11,attn,36023,197,1
4231,3,11.attn.11559,11,attn,11559,416,0
4232,3,11.attn.19144,11,attn,19144,254,1
4233,3,1.attn.20652,1,attn,20652,143,3
4234,3,11.attn.5162,11,attn,5162,266,0
4235,3,11.attn.36714,11,attn,36714,704,750
4236,3,11.attn.39967,11,attn,39967,863,751
4237,3,1.attn.33266,1,attn,33266,48,0
4238,3,11.attn.36572,11,attn,36572,385,1
4239,3,11.attn.30364,11,attn,30364,367,1
4240,3,11.attn.33618,11,attn,33618,321,0
4241,3,11.attn.13967,11,attn,13967,665,752
4242,3,11.attn.27766,11,attn,27766,813,753
4243,3,11.attn.20484,11,attn,20484,328,0
4244,3,11.attn.5842,11,attn,5842,325,0
4245,3,11.attn.19950,11,attn,19950,420,1
4246,3,1.attn.37386,1,attn,37386,132,2
4247,3,11.attn.22077,11,attn,22077,513,1
4248,3,11.attn.2940,11,attn,2940,347,1
4249,3,11.attn.34354,11,attn,34354,553,0
4250,3,11.attn.13375,11,attn,13375,623,754
4251,3,1.attn.23931,1,attn,23931,69,2
4252,3,11.attn.11996,11,attn,11996,424,1
4253,3,11.attn.34394,11,attn,34394,390,0
4254,3,1.attn.30449,1,attn,30449,128,2
4255,3,11.attn.34099,11,attn,34099,383,0
4256,3,11.attn.11906,11,attn,11906,284,1
4257,3,11.attn.15593,11,attn,15593,295,0
4258,3,1.mlp.13499,1,mlp,13499,96,2
4259,3,10.resid.1753,10,resid,1753,639,755
4260,3,1.mlp.37928,1,mlp,37928,270,1
4261,3,10.resid.3707,10,resid,3707,609,756
4262,3,1.mlp.10912,1,mlp,10912,103,2
4263,3,10.resid.23683,10,resid,23683,287,1
4264,3,1.mlp.26631,1,mlp,26631,224,1
4265,3,10.resid.29592,10,resid,29592,412,1
4266,3,1.mlp.32344,1,mlp,32344,92,2
4267,3,10.resid.26830,10,resid,26830,767,757
4268,3,1.mlp.39036,1,mlp,39036,146,2
4269,3,10.resid.39351,10,resid,39351,618,758
4270,3,1.mlp.22130,1,mlp,22130,82,2
4271,3,10.resid.34709,10,resid,34709,375,0
4272,3,1.mlp.23126,1,mlp,23126,92,2
4273,3,10.resid.10423,10,resid,10423,478,0
4274,3,1.mlp.20608,1,mlp,20608,86,2
4275,3,10.resid.12208,10,resid,12208,615,759
4276,3,1.mlp.28030,1,mlp,28030,150,3
4277,3,10.resid.39458,10,resid,39458,662,760
4278,3,1.mlp.38812,1,mlp,38812,206,2
4279,3,10.resid.40583,10,resid,40583,757,761
4280,3,1.mlp.21751,1,mlp,21751,276,1
4281,3,10.resid.34222,10,resid,34222,591,0
4282,3,1.mlp.22623,1,mlp,22623,113,2
4283,3,10.resid.5080,10,resid,5080,819,762
4284,3,1.mlp.3631,1,mlp,3631,188,2
4285,3,10.resid.28162,10,resid,28162,441,0
4286,3,1.mlp.20285,1,mlp,20285,132,2
4287,3,10.resid.8458,10,resid,8458,520,1
4288,3,1.mlp.17805,1,mlp,17805,70,2
4289,3,10.resid.4613,10,resid,4613,926,763
4290,3,1.mlp.9693,1,mlp,9693,185,2
4291,3,10.resid.17005,10,resid,17005,660,764
4292,3,1.mlp.24308,1,mlp,24308,171,3
4293,3,10.resid.39884,10,resid,39884,581,765
4294,3,1.mlp.24137,1,mlp,24137,78,2
4295,3,10.resid.14859,10,resid,14859,664,766
4296,3,1.mlp.18579,1,mlp,18579,128,2
4297,3,10.resid.18516,10,resid,18516,436,0
4298,3,1.mlp.12084,1,mlp,12084,140,2
4299,3,10.resid.26187,10,resid,26187,630,767
4300,3,1.mlp.14238,1,mlp,14238,146,2
4301,3,10.resid.38311,10,resid,38311,431,1
4302,3,1.mlp.7102,1,mlp,7102,192,2
4303,3,10.resid.39507,10,resid,39507,610,1
4304,3,1.mlp.12601,1,mlp,12601,136,2
4305,3,10.resid.30575,10,resid,30575,405,1
4306,3,1.mlp.25126,1,mlp,25126,141,2
4307,3,10.resid.14686,10,resid,14686,879,768
4308,3,1.mlp.12740,1,mlp,12740,117,2
4309,3,10.resid.38573,10,resid,38573,731,769
4310,3,1.mlp.25286,1,mlp,25286,116,2
4311,3,10.resid.32657,10,resid,32657,688,770
4312,3,1.mlp.10857,1,mlp,10857,97,2
4313,3,10.resid.18797,10,resid,18797,712,771
4314,3,1.resid.40959,1,resid,40959,130,2
4315,3,10.mlp.34200,10,mlp,34200,715,772
4316,3,1.resid.39639,1,resid,39639,121,2
4317,3,10.mlp.30299,10,mlp,30299,361,1
4318,3,1.resid.17027,1,resid,17027,223,3
4319,3,10.mlp.38201,10,mlp,38201,597,1
4320,3,1.resid.3779,1,resid,3779,187,3
4321,3,10.mlp.17919,10,mlp,17919,670,773
4322,3,1.resid.28753,1,resid,28753,62,2
4323,3,10.mlp.33407,10,mlp,33407,501,1
4324,3,1.resid.28364,1,resid,28364,135,2
4325,3,10.mlp.11417,10,mlp,11417,540,0
4326,3,1.resid.14253,1,resid,14253,165,3
4327,3,10.mlp.12647,10,mlp,12647,344,1
4328,3,1.resid.27715,1,resid,27715,82,2
4329,3,10.mlp.16753,10,mlp,16753,372,0
4330,3,1.resid.30367,1,resid,30367,58,3
4331,3,10.mlp.4091,10,mlp,4091,666,774
4332,3,1.resid.9185,1,resid,9185,162,3
4333,3,10.mlp.6617,10,mlp,6617,409,0
4334,3,1.resid.30981,1,resid,30981,62,2
4335,3,10.mlp.7028,10,mlp,7028,339,1
4336,3,1.resid.12323,1,resid,12323,92,2
4337,3,10.mlp.5089,10,mlp,5089,387,0
4338,3,1.resid.31084,1,resid,31084,159,3
4339,3,10.mlp.10362,10,mlp,10362,436,1
4340,3,1.resid.19685,1,resid,19685,18,0
4341,3,10.mlp.10699,10,mlp,10699,360,0
4342,3,1.resid.39222,1,resid,39222,115,2
4343,3,10.mlp.20326,10,mlp,20326,553,775
4344,3,1.resid.28698,1,resid,28698,117,2
4345,3,10.mlp.19841,10,mlp,19841,392,0
4346,3,1.resid.15725,1,resid,15725,82,2
4347,3,10.mlp.30686,10,mlp,30686,351,0
4348,3,1.resid.36683,1,resid,36683,91,2
4349,3,10.mlp.419,10,mlp,419,609,1
4350,3,1.resid.24190,1,resid,24190,70,2
4351,3,10.mlp.11854,10,mlp,11854,397,0
4352,3,1.resid.11122,1,resid,11122,126,3
4353,3,10.mlp.29794,10,mlp,29794,279,1
4354,3,1.resid.27255,1,resid,27255,31,0
4355,3,10.mlp.34108,10,mlp,34108,646,776
4356,3,1.resid.22765,1,resid,22765,88,2
4357,3,10.mlp.17749,10,mlp,17749,535,0
4358,3,1.resid.7630,1,resid,7630,99,2
4359,3,10.mlp.21361,10,mlp,21361,538,1
4360,3,1.resid.35442,1,resid,35442,91,2
4361,3,10.mlp.2447,10,mlp,2447,642,777
4362,3,1.resid.1722,1,resid,1722,134,2
4363,3,10.mlp.22471,10,mlp,22471,556,1
4364,3,1.resid.1851,1,resid,1851,114,3
4365,3,10.mlp.26978,10,mlp,26978,536,0
4366,3,1.resid.10564,1,resid,10564,72,2
4367,3,10.mlp.5829,10,mlp,5829,466,1
4368,3,1.resid.23771,1,resid,23771,67,3
4369,3,10.mlp.5987,10,mlp,5987,441,0
4370,3,10.mlp.27388,10,mlp,27388,231,1
4371,3,2.attn.21063,2,attn,21063,256,0
4372,3,10.attn.25246,10,attn,25246,473,1
4373,3,10.attn.28352,10,attn,28352,872,778
4374,3,2.attn.16321,2,attn,16321,151,0
4375,3,2.attn.14210,2,attn,14210,162,0
4376,3,10.attn.27725,10,attn,27725,965,779
4377,3,2.attn.5712,2,attn,5712,100,0
4378,3,10.attn.9144,10,attn,9144,453,1
4379,3,10.attn.26851,10,attn,26851,283,0
4380,3,2.attn.28364,2,attn,28364,222,1
4381,3,10.attn.40350,10,attn,40350,1049,780
4382,3,2.attn.39045,2,attn,39045,214,0
4383,3,10.attn.38664,10,attn,38664,574,1
4384,3,2.attn.18822,2,attn,18822,91,0
4385,3,10.attn.38380,10,attn,38380,554,1
4386,3,2.attn.32033,2,attn,32033,105,2
4387,3,10.attn.17456,10,attn,17456,316,0
4388,3,2.attn.17508,2,attn,17508,64,0
4389,3,2.attn.26492,2,attn,26492,188,0
4390,3,10.attn.5654,10,attn,5654,626,781
4391,3,10.attn.19104,10,attn,19104,325,0
4392,3,2.attn.20259,2,attn,20259,98,0
4393,3,10.attn.14015,10,attn,14015,509,0
4394,3,2.attn.37127,2,attn,37127,98,0
4395,3,10.attn.32975,10,attn,32975,842,782
4396,3,2.attn.632,2,attn,632,116,0
4397,3,10.attn.14145,10,attn,14145,191,0
4398,3,2.attn.5265,2,attn,5265,126,0
4399,3,10.attn.14188,10,attn,14188,302,0
4400,3,10.attn.4120,10,attn,4120,278,1
4401,3,2.attn.20962,2,attn,20962,149,1
4402,3,10.attn.24596,10,attn,24596,440,0
4403,3,10.attn.29079,10,attn,29079,258,0
4404,3,2.attn.9453,2,attn,9453,152,0
4405,3,10.attn.32090,10,attn,32090,223,0
4406,3,2.attn.11927,2,attn,11927,322,0
4407,3,10.attn.39376,10,attn,39376,404,0
4408,3,2.attn.19587,2,attn,19587,115,0
4409,3,10.attn.34249,10,attn,34249,147,1
4410,3,2.attn.25484,2,attn,25484,116,0
4411,3,10.attn.18317,10,attn,18317,279,0
4412,3,2.attn.35501,2,attn,35501,165,0
4413,3,10.attn.34089,10,attn,34089,200,0
4414,3,2.attn.10098,2,attn,10098,115,0
4415,3,10.attn.7206,10,attn,7206,796,783
4416,3,10.attn.26192,10,attn,26192,200,1
4417,3,10.attn.8780,10,attn,8780,281,0
4418,3,2.mlp.33844,2,mlp,33844,235,1
4419,3,9.resid.40186,9,resid,40186,598,784
4420,3,2.mlp.14362,2,mlp,14362,212,1
4421,3,9.resid.12271,9,resid,12271,758,785
4422,3,2.mlp.1233,2,mlp,1233,100,2
4423,3,9.resid.10798,9,resid,10798,818,786
4424,3,2.mlp.33441,2,mlp,33441,209,0
4425,3,9.resid.19989,9,resid,19989,416,0
4426,3,2.mlp.899,2,mlp,899,205,3
4427,3,9.resid.38255,9,resid,38255,686,787
4428,3,2.mlp.12249,2,mlp,12249,206,0
4429,3,9.resid.17442,9,resid,17442,573,1
4430,3,2.mlp.11357,2,mlp,11357,115,2
4431,3,9.resid.691,9,resid,691,857,788
4432,3,2.mlp.13300,2,mlp,13300,228,0
4433,3,9.resid.11398,9,resid,11398,439,0
4434,3,2.mlp.33674,2,mlp,33674,228,1
4435,3,9.resid.33351,9,resid,33351,747,789
4436,3,2.mlp.31338,2,mlp,31338,220,0
4437,3,9.resid.17530,9,resid,17530,421,0
4438,3,2.mlp.34509,2,mlp,34509,113,2
4439,3,9.resid.15172,9,resid,15172,540,790
4440,3,2.mlp.15655,2,mlp,15655,220,0
4441,3,9.resid.26764,9,resid,26764,593,0
4442,3,2.mlp.33718,2,mlp,33718,127,2
4443,3,9.resid.29479,9,resid,29479,397,1
4444,3,2.mlp.31147,2,mlp,31147,249,1
4445,3,9.resid.32528,9,resid,32528,514,791
4446,3,2.mlp.1173,2,mlp,1173,140,0
4447,3,9.resid.13768,9,resid,13768,532,792
4448,3,2.mlp.40766,2,mlp,40766,126,2
4449,3,9.resid.29953,9,resid,29953,412,0
4450,3,2.mlp.2570,2,mlp,2570,271,1
4451,3,9.resid.38315,9,resid,38315,395,0
4452,3,2.mlp.171,2,mlp,171,155,2
4453,3,9.resid.16089,9,resid,16089,636,793
4454,3,2.mlp.36638,2,mlp,36638,117,2
4455,3,9.resid.33123,9,resid,33123,539,794
4456,3,2.mlp.33868,2,mlp,33868,284,1
4457,3,9.resid.33048,9,resid,33048,550,1
4458,3,2.mlp.34789,2,mlp,34789,216,0
4459,3,9.resid.3953,9,resid,3953,630,795
4460,3,2.mlp.27925,2,mlp,27925,221,1
4461,3,9.resid.23472,9,resid,23472,557,796
4462,3,2.mlp.32193,2,mlp,32193,177,1
4463,3,9.resid.26597,9,resid,26597,628,797
4464,3,2.mlp.26365,2,mlp,26365,168,0
4465,3,9.resid.13808,9,resid,13808,255,0
4466,3,2.mlp.37861,2,mlp,37861,325,1
4467,3,9.resid.8706,9,resid,8706,340,0
4468,3,2.mlp.18546,2,mlp,18546,259,1
4469,3,9.resid.36119,9,resid,36119,611,1
4470,3,2.mlp.1664,2,mlp,1664,326,1
4471,3,9.resid.3578,9,resid,3578,606,1
4472,3,2.mlp.8649,2,mlp,8649,268,1
4473,3,9.resid.392,9,resid,392,788,798
4474,3,2.resid.33546,2,resid,33546,126,2
4475,3,9.mlp.30610,9,mlp,30610,378,1
4476,3,2.resid.3389,2,resid,3389,166,0
4477,3,9.mlp.20620,9,mlp,20620,317,0
4478,3,2.resid.15019,2,resid,15019,112,2
4479,3,9.mlp.17435,9,mlp,17435,495,1
4480,3,2.resid.27783,2,resid,27783,89,2
4481,3,9.mlp.17984,9,mlp,17984,508,0
4482,3,2.resid.33322,2,resid,33322,72,2
4483,3,9.mlp.5397,9,mlp,5397,403,0
4484,3,2.resid.32993,2,resid,32993,101,3
4485,3,9.mlp.26730,9,mlp,26730,311,0
4486,3,2.resid.1358,2,resid,1358,100,0
4487,3,9.mlp.17733,9,mlp,17733,593,799
4488,3,2.resid.17383,2,resid,17383,249,1
4489,3,9.mlp.33236,9,mlp,33236,690,800
4490,3,2.resid.28986,2,resid,28986,89,0
4491,3,9.mlp.34613,9,mlp,34613,459,1
4492,3,2.resid.10630,2,resid,10630,182,1
4493,3,9.mlp.3158,9,mlp,3158,405,0
4494,3,2.resid.32159,2,resid,32159,106,2
4495,3,9.mlp.5693,9,mlp,5693,438,1
4496,3,2.resid.11545,2,resid,11545,107,2
4497,3,9.mlp.31365,9,mlp,31365,542,0
4498,3,2.resid.5818,2,resid,5818,145,2
4499,3,9.mlp.7826,9,mlp,7826,374,0
4500,3,2.resid.33645,2,resid,33645,95,2
4501,3,9.mlp.32126,9,mlp,32126,506,1
4502,3,2.resid.10208,2,resid,10208,219,1
4503,3,9.mlp.4490,9,mlp,4490,512,0
4504,3,2.resid.29234,2,resid,29234,196,0
4505,3,9.mlp.15397,9,mlp,15397,745,801
4506,3,2.resid.23742,2,resid,23742,199,0
4507,3,9.mlp.24987,9,mlp,24987,554,802
4508,3,2.resid.30122,2,resid,30122,84,2
4509,3,9.mlp.28981,9,mlp,28981,471,0
4510,3,2.resid.33782,2,resid,33782,177,3
4511,3,9.mlp.982,9,mlp,982,427,1
4512,3,2.resid.32526,2,resid,32526,241,1
4513,3,9.mlp.28938,9,mlp,28938,528,1
4514,3,2.resid.32655,2,resid,32655,172,1
4515,3,9.mlp.27176,9,mlp,27176,235,0
4516,3,2.resid.38209,2,resid,38209,171,2
4517,3,9.mlp.37938,9,mlp,37938,515,0
4518,3,2.resid.37158,2,resid,37158,108,3
4519,3,9.mlp.21834,9,mlp,21834,654,803
4520,3,2.resid.8378,2,resid,8378,153,1
4521,3,9.mlp.27768,9,mlp,27768,685,804
4522,3,2.resid.24305,2,resid,24305,179,1
4523,3,9.mlp.57,9,mlp,57,452,1
4524,3,2.resid.10947,2,resid,10947,147,2
4525,3,9.mlp.26691,9,mlp,26691,560,1
4526,3,2.resid.24538,2,resid,24538,99,2
4527,3,9.mlp.13529,9,mlp,13529,470,0
4528,3,2.resid.26314,2,resid,26314,111,2
4529,3,9.mlp.1964,9,mlp,1964,363,0
4530,3,2.resid.25819,2,resid,25819,262,0
4531,3,9.mlp.29847,9,mlp,29847,446,1
4532,3,3.attn.33343,3,attn,33343,155,0
4533,3,9.attn.27908,9,attn,27908,435,1
4534,3,9.attn.18894,9,attn,18894,403,0
4535,3,3.attn.6802,3,attn,6802,120,0
4536,3,9.attn.2410,9,attn,2410,445,0
4537,3,3.attn.10415,3,attn,10415,196,0
4538,3,9.attn.33342,9,attn,33342,591,1
4539,3,3.attn.39282,3,attn,39282,271,0
4540,3,9.attn.39892,9,attn,39892,789,805
4541,3,3.attn.13454,3,attn,13454,136,0
4542,3,9.attn.2883,9,attn,2883,343,0
4543,3,3.attn.12611,3,attn,12611,306,0
4544,3,9.attn.34402,9,attn,34402,403,0
4545,3,3.attn.8045,3,attn,8045,199,0
4546,3,9.attn.21759,9,attn,21759,667,806
4547,3,3.attn.24918,3,attn,24918,195,0
4548,3,9.attn.38862,9,attn,38862,201,1
4549,3,3.attn.20198,3,attn,20198,202,0
4550,3,9.attn.17494,9,attn,17494,696,807
4551,3,3.attn.38956,3,attn,38956,326,0
4552,3,9.attn.36596,9,attn,36596,443,1
4553,3,3.attn.33760,3,attn,33760,434,0
4554,3,9.attn.26285,9,attn,26285,617,808
4555,3,9.attn.32992,9,attn,32992,517,0
4556,3,3.attn.36659,3,attn,36659,131,0
4557,3,9.attn.28140,9,attn,28140,253,0
4558,3,3.attn.13811,3,attn,13811,194,0
4559,3,9.attn.23959,9,attn,23959,837,809
4560,3,3.attn.37307,3,attn,37307,117,0
4561,3,9.attn.6859,9,attn,6859,624,810
4562,3,3.attn.7975,3,attn,7975,179,0
4563,3,9.attn.1600,9,attn,1600,778,811
4564,3,3.attn.37824,3,attn,37824,127,0
4565,3,9.attn.23010,9,attn,23010,576,812
4566,3,3.attn.32549,3,attn,32549,107,0
4567,3,9.attn.35741,9,attn,35741,279,0
4568,3,3.attn.29637,3,attn,29637,113,0
4569,3,9.attn.12747,9,attn,12747,550,813
4570,4,0.mlp.252,0,mlp,252,64,3
4571,4,11.resid.1320,11,resid,1320,501,814
4572,4,0.mlp.13693,0,mlp,13693,11,1
4573,4,11.resid.21387,11,resid,21387,493,1
4574,4,0.mlp.38130,0,mlp,38130,13,1
4575,4,11.resid.162,11,resid,162,323,0
4576,4,0.mlp.15818,0,mlp,15818,40,3
4577,4,11.resid.40266,11,resid,40266,448,0
4578,4,0.mlp.1803,0,mlp,1803,22,3
4579,4,11.resid.36909,11,resid,36909,511,1
4580,4,0.mlp.32270,0,mlp,32270,15,3
4581,4,11.resid.33726,11,resid,33726,311,0
4582,4,0.mlp.7173,0,mlp,7173,32,3
4583,4,11.resid.17896,11,resid,17896,275,1
4584,4,0.mlp.6838,0,mlp,6838,10,815
4585,4,11.resid.36393,11,resid,36393,385,1
4586,4,0.mlp.14375,0,mlp,14375,21,3
4587,4,11.resid.30952,11,resid,30952,508,816
4588,4,0.mlp.31575,0,mlp,31575,76,3
4589,4,11.resid.37859,11,resid,37859,347,1
4590,4,0.mlp.13435,0,mlp,13435,5,1
4591,4,11.resid.3688,11,resid,3688,485,817
4592,4,0.mlp.972,0,mlp,972,17,3
4593,4,11.resid.17441,11,resid,17441,413,0
4594,4,0.mlp.19419,0,mlp,19419,16,3
4595,4,11.resid.37807,11,resid,37807,362,0
4596,4,0.mlp.18469,0,mlp,18469,18,3
4597,4,11.resid.11552,11,resid,11552,425,0
4598,4,0.mlp.33261,0,mlp,33261,18,3
4599,4,11.resid.38184,11,resid,38184,244,1
4600,4,0.mlp.6834,0,mlp,6834,9,3
4601,4,11.resid.7366,11,resid,7366,339,0
4602,4,0.mlp.40617,0,mlp,40617,67,3
4603,4,11.resid.13294,11,resid,13294,616,818
4604,4,0.mlp.15317,0,mlp,15317,21,3
4605,4,11.resid.7771,11,resid,7771,449,1
4606,4,0.mlp.14603,0,mlp,14603,80,3
4607,4,11.resid.7049,11,resid,7049,291,0
4608,4,0.mlp.24278,0,mlp,24278,46,3
4609,4,11.resid.21495,11,resid,21495,244,0
4610,4,0.mlp.5576,0,mlp,5576,13,3
4611,4,11.resid.1312,11,resid,1312,621,819
4612,4,0.mlp.10996,0,mlp,10996,44,3
4613,4,11.resid.20108,11,resid,20108,467,0
4614,4,0.mlp.9261,0,mlp,9261,53,3
4615,4,11.resid.37348,11,resid,37348,520,820
4616,4,0.mlp.28306,0,mlp,28306,24,3
4617,4,11.resid.32704,11,resid,32704,596,1
4618,4,0.mlp.33745,0,mlp,33745,12,3
4619,4,11.resid.5899,11,resid,5899,524,1
4620,4,0.mlp.22096,0,mlp,22096,27,3
4621,4,11.resid.4254,11,resid,4254,712,821
4622,4,0.mlp.2494,0,mlp,2494,18,3
4623,4,11.resid.12445,11,resid,12445,185,1
4624,4,0.mlp.29422,0,mlp,29422,61,3
4625,4,11.resid.39974,11,resid,39974,647,822
4626,4,0.mlp.13048,0,mlp,13048,37,3
4627,4,11.resid.27917,11,resid,27917,315,1
4628,4,0.resid.15668,0,resid,15668,18,3
4629,4,11.mlp.15835,11,mlp,15835,587,1
4630,4,0.resid.40847,0,resid,40847,36,3
4631,4,11.mlp.6609,11,mlp,6609,324,1
4632,4,0.resid.28950,0,resid,28950,27,3
4633,4,11.mlp.25209,11,mlp,25209,398,0
4634,4,0.resid.15723,0,resid,15723,15,2
4635,4,11.mlp.2893,11,mlp,2893,339,0
4636,4,0.resid.29248,0,resid,29248,35,2
4637,4,11.mlp.33919,11,mlp,33919,509,1
4638,4,0.resid.24212,0,resid,24212,30,2
4639,4,11.mlp.3200,11,mlp,3200,214,1
4640,4,0.resid.31966,0,resid,31966,77,3
4641,4,11.mlp.29635,11,mlp,29635,489,1
4642,4,0.resid.12578,0,resid,12578,52,2
4643,4,11.mlp.26483,11,mlp,26483,482,0
4644,4,0.resid.8060,0,resid,8060,55,3
4645,4,11.mlp.2963,11,mlp,2963,557,823
4646,4,0.resid.9981,0,resid,9981,42,2
4647,4,11.mlp.23625,11,mlp,23625,570,0
4648,4,0.resid.36451,0,resid,36451,11,0
4649,4,11.mlp.32712,11,mlp,32712,433,0
4650,4,0.resid.40331,0,resid,40331,57,2
4651,4,11.mlp.15893,11,mlp,15893,347,1
4652,4,0.resid.14763,0,resid,14763,69,3
4653,4,11.mlp.16199,11,mlp,16199,587,824
4654,4,0.resid.28160,0,resid,28160,27,3
4655,4,11.mlp.7437,11,mlp,7437,584,825
4656,4,0.resid.12426,0,resid,12426,17,0
4657,4,11.mlp.12740,11,mlp,12740,643,826
4658,4,0.resid.12629,0,resid,12629,30,3
4659,4,11.mlp.2298,11,mlp,2298,449,1
4660,4,0.resid.35621,0,resid,35621,56,2
4661,4,11.mlp.38306,11,mlp,38306,639,827
4662,4,0.resid.37830,0,resid,37830,122,3
4663,4,11.mlp.36265,11,mlp,36265,368,0
4664,4,0.resid.6824,0,resid,6824,17,2
4665,4,11.mlp.5580,11,mlp,5580,525,0
4666,4,0.resid.9398,0,resid,9398,44,2
4667,4,11.mlp.22476,11,mlp,22476,655,828
4668,4,0.resid.30827,0,resid,30827,19,3
4669,4,11.mlp.5370,11,mlp,5370,239,0
4670,4,0.resid.18235,0,resid,18235,95,3
4671,4,11.mlp.4958,11,mlp,4958,526,1
4672,4,0.resid.23605,0,resid,23605,24,3
4673,4,11.mlp.1632,11,mlp,1632,520,1
4674,4,0.resid.36589,0,resid,36589,12,3
4675,4,11.mlp.18500,11,mlp,18500,543,829
4676,4,0.resid.23227,0,resid,23227,29,2
4677,4,11.mlp.24140,11,mlp,24140,236,1
4678,4,0.resid.40472,0,resid,40472,92,3
4679,4,11.mlp.9014,11,mlp,9014,636,830
4680,4,0.resid.36134,0,resid,36134,11,0
4681,4,11.mlp.12818,11,mlp,12818,580,831
4682,4,0.resid.30015,0,resid,30015,21,3
4683,4,11.mlp.32905,11,mlp,32905,441,1
4684,4,1.attn.17561,1,attn,17561,71,2
4685,4,11.attn.13101,11,attn,13101,65,1
4686,4,1.attn.26771,1,attn,26771,78,2
4687,4,11.attn.37723,11,attn,37723,250,0
4688,4,11.attn.7270,11,attn,7270,327,0
4689,4,1.attn.10722,1,attn,10722,82,3
4690,4,11.attn.17833,11,attn,17833,312,1
4691,4,11.attn.30849,11,attn,30849,687,832
4692,4,1.attn.26830,1,attn,26830,51,2
4693,4,11.attn.360,11,attn,360,287,0
4694,4,11.attn.23290,11,attn,23290,604,0
4695,4,1.attn.15965,1,attn,15965,48,0
4696,4,11.attn.37274,11,attn,37274,362,0
4697,4,11.attn.31041,11,attn,31041,423,0
4698,4,1.attn.23540,1,attn,23540,77,0
4699,4,11.attn.536,11,attn,536,322,0
4700,4,11.attn.33086,11,attn,33086,278,0
4701,4,11.attn.27811,11,attn,27811,481,0
4702,4,11.attn.23102,11,attn,23102,513,1
4703,4,1.attn.36159,1,attn,36159,83,2
4704,4,11.attn.16111,11,attn,16111,569,1
4705,4,11.attn.9777,11,attn,9777,474,0
4706,4,11.attn.32130,11,attn,32130,264,1
4707,4,11.attn.21754,11,attn,21754,798,833
4708,4,11.attn.26313,11,attn,26313,704,834
4709,4,1.attn.14271,1,attn,14271,43,2
4710,4,11.attn.31644,11,attn,31644,2151,835
4711,4,11.attn.30177,11,attn,30177,230,0
4712,4,11.attn.27682,11,attn,27682,730,836
4713,4,11.attn.34869,11,attn,34869,279,0
4714,4,11.attn.26196,11,attn,26196,626,837
4715,4,11.attn.3636,11,attn,3636,240,1
4716,4,11.attn.291,11,attn,291,898,838
4717,4,11.attn.2005,11,attn,2005,400,0
4718,4,11.attn.19933,11,attn,19933,404,0
4719,4,1.attn.29339,1,attn,29339,55,2
4720,4,11.attn.37014,11,attn,37014,783,839
4721,4,1.mlp.18178,1,mlp,18178,177,2
4722,4,10.resid.40232,10,resid,40232,515,840
4723,4,1.mlp.8035,1,mlp,8035,192,2
4724,4,10.resid.5213,10,resid,5213,579,1
4725,4,1.mlp.34352,1,mlp,34352,147,2
4726,4,10.resid.25789,10,resid,25789,336,1
4727,4,1.mlp.10645,1,mlp,10645,106,2
4728,4,10.resid.6313,10,resid,6313,773,841
4729,4,1.mlp.9698,1,mlp,9698,132,2
4730,4,10.resid.4751,10,resid,4751,571,1
4731,4,1.mlp.7506,1,mlp,7506,136,2
4732,4,10.resid.6898,10,resid,6898,954,842
4733,4,1.mlp.21441,1,mlp,21441,197,3
4734,4,10.resid.3129,10,resid,3129,676,843
4735,4,1.mlp.17120,1,mlp,17120,122,2
4736,4,10.resid.31581,10,resid,31581,743,844
4737,4,1.mlp.38098,1,mlp,38098,124,2
4738,4,10.resid.4363,10,resid,4363,756,845
4739,4,1.mlp.23742,1,mlp,23742,104,2
4740,4,10.resid.37679,10,resid,37679,716,846
4741,4,1.mlp.38311,1,mlp,38311,127,2
4742,4,10.resid.35352,10,resid,35352,225,1
4743,4,1.mlp.4882,1,mlp,4882,218,3
4744,4,10.resid.38322,10,resid,38322,764,847
4745,4,1.mlp.28109,1,mlp,28109,147,2
4746,4,10.resid.30950,10,resid,30950,388,0
4747,4,1.mlp.25192,1,mlp,25192,113,2
4748,4,10.resid.12797,10,resid,12797,775,848
4749,4,1.mlp.11780,1,mlp,11780,119,2
4750,4,10.resid.10348,10,resid,10348,611,1
4751,4,1.mlp.8968,1,mlp,8968,99,2
4752,4,10.resid.3269,10,resid,3269,837,849
4753,4,1.mlp.6194,1,mlp,6194,91,2
4754,4,10.resid.3983,10,resid,3983,540,0
4755,4,1.mlp.9853,1,mlp,9853,70,2
4756,4,10.resid.32791,10,resid,32791,831,850
4757,4,1.mlp.19956,1,mlp,19956,89,2
4758,4,10.resid.15497,10,resid,15497,710,851
4759,4,1.mlp.26171,1,mlp,26171,93,2
4760,4,10.resid.22269,10,resid,22269,256,1
4761,4,1.mlp.26959,1,mlp,26959,190,2
4762,4,10.resid.9400,10,resid,9400,391,0
4763,4,1.mlp.35881,1,mlp,35881,147,2
4764,4,10.resid.5651,10,resid,5651,417,0
4765,4,1.mlp.33007,1,mlp,33007,159,2
4766,4,10.resid.8060,10,resid,8060,703,852
4767,4,1.mlp.34767,1,mlp,34767,93,2
4768,4,10.resid.39784,10,resid,39784,610,1
4769,4,1.mlp.17413,1,mlp,17413,126,2
4770,4,10.resid.38873,10,resid,38873,930,853
4771,4,1.mlp.30671,1,mlp,30671,119,2
4772,4,10.resid.8575,10,resid,8575,340,0
4773,4,1.mlp.35042,1,mlp,35042,165,2
4774,4,10.resid.18713,10,resid,18713,366,0
4775,4,1.mlp.4049,1,mlp,4049,132,2
4776,4,10.resid.6251,10,resid,6251,390,1
4777,4,1.resid.19828,1,resid,19828,74,2
4778,4,10.mlp.17360,10,mlp,17360,591,854
4779,4,1.resid.11954,1,resid,11954,72,2
4780,4,10.mlp.5152,10,mlp,5152,563,0
4781,4,1.resid.12618,1,resid,12618,63,2
4782,4,10.mlp.38934,10,mlp,38934,653,855
4783,4,1.resid.37165,1,resid,37165,147,3
4784,4,10.mlp.27277,10,mlp,27277,413,1
4785,4,1.resid.36838,1,resid,36838,136,2
4786,4,10.mlp.2382,10,mlp,2382,362,1
4787,4,1.resid.32812,1,resid,32812,121,2
4788,4,10.mlp.35353,10,mlp,35353,617,856
4789,4,1.resid.19090,1,resid,19090,148,3
4790,4,10.mlp.28855,10,mlp,28855,628,857
4791,4,1.resid.951,1,resid,951,85,2
4792,4,10.mlp.3219,10,mlp,3219,359,1
4793,4,1.resid.5431,1,resid,5431,159,3
4794,4,10.mlp.25236,10,mlp,25236,439,0
4795,4,1.resid.31921,1,resid,31921,233,1
4796,4,10.mlp.33293,10,mlp,33293,545,0
4797,4,1.resid.31705,1,resid,31705,96,2
4798,4,10.mlp.34351,10,mlp,34351,510,1
4799,4,1.resid.39129,1,resid,39129,100,2
4800,4,10.mlp.37105,10,mlp,37105,317,0
4801,4,1.resid.27408,1,resid,27408,134,3
4802,4,10.mlp.26069,10,mlp,26069,446,0
4803,4,1.resid.37817,1,resid,37817,179,3
4804,4,10.mlp.14197,10,mlp,14197,254,1
4805,4,1.resid.27052,1,resid,27052,84,2
4806,4,10.mlp.8448,10,mlp,8448,474,0
4807,4,1.resid.22465,1,resid,22465,63,2
4808,4,10.mlp.37274,10,mlp,37274,248,1
4809,4,1.resid.21594,1,resid,21594,126,2
4810,4,10.mlp.33967,10,mlp,33967,452,0
4811,4,1.resid.23607,1,resid,23607,98,2
4812,4,10.mlp.29115,10,mlp,29115,583,858
4813,4,1.resid.10484,1,resid,10484,53,2
4814,4,10.mlp.24907,10,mlp,24907,726,859
4815,4,1.resid.33535,1,resid,33535,97,3
4816,4,10.mlp.21748,10,mlp,21748,376,1
4817,4,1.resid.30441,1,resid,30441,157,0
4818,4,10.mlp.12138,10,mlp,12138,630,860
4819,4,1.resid.15960,1,resid,15960,137,2
4820,4,10.mlp.30385,10,mlp,30385,402,1
4821,4,1.resid.39401,1,resid,39401,90,2
4822,4,10.mlp.36644,10,mlp,36644,419,1
4823,4,1.resid.35396,1,resid,35396,79,0
4824,4,10.mlp.20155,10,mlp,20155,448,1
4825,4,1.resid.17191,1,resid,17191,82,2
4826,4,10.mlp.21330,10,mlp,21330,341,1
4827,4,1.resid.34933,1,resid,34933,95,3
4828,4,10.mlp.8150,10,mlp,8150,273,1
4829,4,1.resid.23994,1,resid,23994,133,3
4830,4,10.mlp.23269,10,mlp,23269,626,861
4831,4,1.resid.6849,1,resid,6849,160,3
4832,4,10.mlp.24467,10,mlp,24467,512,1
4833,4,10.mlp.22007,10,mlp,22007,464,0
4834,4,2.attn.33479,2,attn,33479,182,0
4835,4,10.attn.11160,10,attn,11160,833,862
4836,4,2.attn.24941,2,attn,24941,181,0
4837,4,10.attn.37438,10,attn,37438,460,0
4838,4,2.attn.17512,2,attn,17512,191,0
4839,4,10.attn.26063,10,attn,26063,608,1
4840,4,10.attn.11974,10,attn,11974,379,0
4841,4,2.attn.22342,2,attn,22342,194,3
4842,4,10.attn.40306,10,attn,40306,455,0
4843,4,2.attn.38672,2,attn,38672,121,3
4844,4,10.attn.17677,10,attn,17677,495,1
4845,4,2.attn.32497,2,attn,32497,156,0
4846,4,10.attn.14191,10,attn,14191,452,1
4847,4,10.attn.31949,10,attn,31949,707,863
4848,4,10.attn.17779,10,attn,17779,808,864
4849,4,2.attn.27803,2,attn,27803,172,0
4850,4,10.attn.33452,10,attn,33452,173,0
4851,4,2.attn.1581,2,attn,1581,289,0
4852,4,10.attn.28797,10,attn,28797,1385,865
4853,4,10.attn.18838,10,attn,18838,415,0
4854,4,2.attn.30117,2,attn,30117,107,0
4855,4,10.attn.14815,10,attn,14815,368,1
4856,4,10.attn.38182,10,attn,38182,271,1
4857,4,10.attn.34849,10,attn,34849,455,0
4858,4,2.attn.9355,2,attn,9355,66,0
4859,4,10.attn.34156,10,attn,34156,813,866
4860,4,2.attn.38110,2,attn,38110,188,0
4861,4,10.attn.15989,10,attn,15989,505,1
4862,4,2.attn.37594,2,attn,37594,148,3
4863,4,10.attn.21883,10,attn,21883,802,867
4864,4,2.attn.23197,2,attn,23197,54,0
4865,4,10.attn.38736,10,attn,38736,520,1
4866,4,10.attn.7249,10,attn,7249,502,0
4867,4,2.attn.22322,2,attn,22322,168,3
4868,4,10.attn.17783,10,attn,17783,725,868
4869,4,10.attn.24680,10,attn,24680,305,1
4870,4,2.attn.11088,2,attn,11088,189,0
4871,4,10.attn.16093,10,attn,16093,346,1
4872,4,2.attn.18464,2,attn,18464,314,0
4873,4,10.attn.14177,10,attn,14177,644,869
4874,4,2.attn.15038,2,attn,15038,163,0
4875,4,10.attn.37451,10,attn,37451,802,870
4876,4,10.attn.33202,10,attn,33202,434,0
4877,4,10.attn.24254,10,attn,24254,701,871
4878,4,2.attn.3894,2,attn,3894,103,0
4879,4,2.mlp.8553,2,mlp,8553,123,2
4880,4,9.resid.17485,9,resid,17485,545,872
4881,4,2.mlp.88,2,mlp,88,141,0
4882,4,9.resid.864,9,resid,864,545,873
4883,4,2.mlp.9455,2,mlp,9455,246,1
4884,4,9.resid.11911,9,resid,11911,617,874
4885,4,2.mlp.24635,2,mlp,24635,158,0
4886,4,9.resid.15652,9,resid,15652,675,875
4887,4,2.mlp.30055,2,mlp,30055,124,2
4888,4,9.resid.27920,9,resid,27920,883,876
4889,4,2.mlp.35676,2,mlp,35676,263,1
4890,4,9.resid.508,9,resid,508,505,1
4891,4,2.mlp.13583,2,mlp,13583,218,1
4892,4,9.resid.21493,9,resid,21493,572,1
4893,4,2.mlp.18677,2,mlp,18677,177,0
4894,4,9.resid.869,9,resid,869,548,877
4895,4,2.mlp.31672,2,mlp,31672,171,3
4896,4,9.resid.20214,9,resid,20214,567,878
4897,4,2.mlp.10876,2,mlp,10876,189,0
4898,4,9.resid.5462,9,resid,5462,463,0
4899,4,2.mlp.26270,2,mlp,26270,120,3
4900,4,9.resid.18220,9,resid,18220,317,0
4901,4,2.mlp.15277,2,mlp,15277,207,1
4902,4,9.resid.28882,9,resid,28882,608,879
4903,4,2.mlp.14695,2,mlp,14695,108,2
4904,4,9.resid.40926,9,resid,40926,621,880
4905,4,2.mlp.19601,2,mlp,19601,226,0
4906,4,9.resid.24757,9,resid,24757,272,0
4907,4,2.mlp.8840,2,mlp,8840,140,0
4908,4,9.resid.10420,9,resid,10420,661,881
4909,4,2.mlp.10387,2,mlp,10387,134,2
4910,4,9.resid.15109,9,resid,15109,710,882
4911,4,2.mlp.40101,2,mlp,40101,184,1
4912,4,9.resid.18659,9,resid,18659,516,0
4913,4,2.mlp.12273,2,mlp,12273,222,1
4914,4,9.resid.36167,9,resid,36167,889,883
4915,4,2.mlp.6261,2,mlp,6261,227,1
4916,4,9.resid.29599,9,resid,29599,730,884
4917,4,2.mlp.21449,2,mlp,21449,168,0
4918,4,9.resid.35591,9,resid,35591,573,1
4919,4,2.mlp.17760,2,mlp,17760,190,2
4920,4,9.resid.6142,9,resid,6142,639,885
4921,4,2.mlp.17391,2,mlp,17391,197,0
4922,4,9.resid.36949,9,resid,36949,599,1
4923,4,2.mlp.33274,2,mlp,33274,247,1
4924,4,9.resid.25580,9,resid,25580,648,886
4925,4,2.mlp.11162,2,mlp,11162,248,1
4926,4,9.resid.1423,9,resid,1423,572,1
4927,4,2.mlp.32756,2,mlp,32756,268,1
4928,4,9.resid.5321,9,resid,5321,370,0
4929,4,2.mlp.19817,2,mlp,19817,255,3
4930,4,9.resid.26154,9,resid,26154,305,0
4931,4,2.mlp.40781,2,mlp,40781,197,1
4932,4,9.resid.30759,9,resid,30759,390,1
4933,4,2.mlp.11004,2,mlp,11004,124,0
4934,4,9.resid.8310,9,resid,8310,828,887
4935,4,2.resid.36666,2,resid,36666,205,3
4936,4,9.resid.20344,9,resid,20344,701,888
4937,4,2.resid.2520,2,resid,2520,249,1
4938,4,9.mlp.24259,9,mlp,24259,519,0
4939,4,2.resid.17168,2,resid,17168,116,2
4940,4,9.mlp.15011,9,mlp,15011,517,1
4941,4,2.resid.5208,2,resid,5208,197,1
4942,4,9.mlp.37818,9,mlp,37818,370,1
4943,4,2.resid.33264,2,resid,33264,165,3
4944,4,9.mlp.11462,9,mlp,11462,685,889
4945,4,2.resid.994,2,resid,994,108,2
4946,4,9.mlp.22509,9,mlp,22509,364,0
4947,4,2.resid.33342,2,resid,33342,187,2
4948,4,9.mlp.31384,9,mlp,31384,562,890
4949,4,2.resid.24955,2,resid,24955,104,2
4950,4,9.mlp.40171,9,mlp,40171,437,0
4951,4,2.resid.3544,2,resid,3544,197,0
4952,4,9.mlp.2775,9,mlp,2775,615,891
4953,4,2.resid.8322,2,resid,8322,83,2
4954,4,9.mlp.35799,9,mlp,35799,576,1
4955,4,2.resid.17466,2,resid,17466,188,3
4956,4,9.mlp.18256,9,mlp,18256,501,1
4957,4,2.resid.6216,2,resid,6216,325,1
4958,4,9.mlp.28926,9,mlp,28926,614,892
4959,4,2.resid.40322,2,resid,40322,178,1
4960,4,9.mlp.9726,9,mlp,9726,439,0
4961,4,2.resid.34091,2,resid,34091,78,0
4962,4,9.mlp.28913,9,mlp,28913,361,1
4963,4,2.resid.32689,2,resid,32689,76,2
4964,4,9.mlp.18226,9,mlp,18226,438,1
4965,4,2.resid.12155,2,resid,12155,137,2
4966,4,9.mlp.19134,9,mlp,19134,422,0
4967,4,2.resid.6378,2,resid,6378,124,3
4968,4,9.mlp.17903,9,mlp,17903,522,1
4969,4,2.resid.9130,2,resid,9130,125,2
4970,4,9.mlp.15399,9,mlp,15399,420,0
4971,4,2.resid.1548,2,resid,1548,139,0
4972,4,9.mlp.35482,9,mlp,35482,555,0
4973,4,2.resid.28664,2,resid,28664,182,3
4974,4,9.mlp.27325,9,mlp,27325,546,893
4975,4,2.resid.18843,2,resid,18843,82,0
4976,4,9.mlp.32393,9,mlp,32393,503,1
4977,4,2.resid.14708,2,resid,14708,181,1
4978,4,9.mlp.26524,9,mlp,26524,510,0
4979,4,2.resid.14452,2,resid,14452,65,2
4980,4,9.mlp.9101,9,mlp,9101,569,894
4981,4,2.resid.2479,2,resid,2479,169,1
4982,4,9.mlp.13168,9,mlp,13168,584,0
4983,4,2.resid.40003,2,resid,40003,150,3
4984,4,9.mlp.2163,9,mlp,2163,457,1
4985,4,2.resid.16477,2,resid,16477,180,3
4986,4,9.mlp.24214,9,mlp,24214,483,1
4987,4,2.resid.10249,2,resid,10249,245,1
4988,4,9.mlp.28931,9,mlp,28931,458,0
4989,4,2.resid.23176,2,resid,23176,161,3
4990,4,9.mlp.5724,9,mlp,5724,425,0
4991,4,2.resid.26305,2,resid,26305,132,0
4992,4,9.mlp.17826,9,mlp,17826,502,0
4993,4,3.attn.26172,3,attn,26172,212,0
4994,4,9.attn.17486,9,attn,17486,704,895
4995,4,3.attn.33334,3,attn,33334,91,0
4996,4,9.attn.22483,9,attn,22483,320,0
4997,4,3.attn.15922,3,attn,15922,138,0
4998,4,9.attn.3057,9,attn,3057,147,1
4999,4,9.attn.38080,9,attn,38080,337,0
5000,4,3.attn.15155,3,attn,15155,98,0
5001,4,9.attn.5086,9,attn,5086,155,0
5002,4,9.attn.10539,9,attn,10539,781,896
5003,4,3.attn.21454,3,attn,21454,203,0
5004,4,9.attn.12940,9,attn,12940,564,0
5005,4,3.attn.36793,3,attn,36793,195,0
5006,4,9.attn.35204,9,attn,35204,755,897
5007,4,3.attn.36320,3,attn,36320,256,0
5008,4,9.attn.26368,9,attn,26368,216,0
5009,4,3.attn.22938,3,attn,22938,233,0
5010,4,9.attn.3682,9,attn,3682,306,0
5011,4,9.attn.10484,9,attn,10484,415,1
5012,4,3.attn.9767,3,attn,9767,215,0
5013,4,9.attn.37945,9,attn,37945,268,0
5014,4,3.attn.9669,3,attn,9669,159,0
5015,4,9.attn.22281,9,attn,22281,218,0
5016,4,3.attn.6835,3,attn,6835,168,0
5017,4,9.attn.35179,9,attn,35179,281,0
5018,4,3.attn.30543,3,attn,30543,201,0
5019,4,9.attn.22125,9,attn,22125,540,0
5020,5,11.resid.20305,11,resid,20305,775,898
5021,5,0.mlp.38599,0,mlp,38599,10,1
5022,5,11.resid.18612,11,resid,18612,320,1
5023,5,0.mlp.12550,0,mlp,12550,12,3
5024,5,11.resid.6626,11,resid,6626,429,0
5025,5,0.mlp.33329,0,mlp,33329,23,3
5026,5,11.resid.29535,11,resid,29535,443,0
5027,5,0.mlp.7652,0,mlp,7652,8,3
5028,5,11.resid.9381,11,resid,9381,303,1
5029,5,0.mlp.16953,0,mlp,16953,29,3
5030,5,11.resid.37722,11,resid,37722,469,1
5031,5,0.mlp.13465,0,mlp,13465,13,3
5032,5,11.resid.25835,11,resid,25835,647,899
5033,5,0.mlp.19516,0,mlp,19516,41,3
5034,5,11.resid.40146,11,resid,40146,372,1
5035,5,0.mlp.33476,0,mlp,33476,22,3
5036,5,11.resid.31023,11,resid,31023,361,0
5037,5,0.mlp.10892,0,mlp,10892,68,3
5038,5,11.resid.30729,11,resid,30729,398,1
5039,5,0.mlp.11232,0,mlp,11232,19,3
5040,5,11.resid.13407,11,resid,13407,407,0
5041,5,0.mlp.35511,0,mlp,35511,10,3
5042,5,11.resid.27991,11,resid,27991,698,900
5043,5,0.mlp.27418,0,mlp,27418,14,3
5044,5,11.resid.4965,11,resid,4965,646,901
5045,5,0.mlp.28744,0,mlp,28744,14,1
5046,5,11.resid.37598,11,resid,37598,416,0
5047,5,0.mlp.12083,0,mlp,12083,9,1
5048,5,11.resid.40599,11,resid,40599,439,1
5049,5,0.mlp.11731,0,mlp,11731,15,3
5050,5,11.resid.6573,11,resid,6573,414,1
5051,5,0.mlp.16283,0,mlp,16283,22,3
5052,5,11.resid.12657,11,resid,12657,574,1
5053,5,0.mlp.38929,0,mlp,38929,14,3
5054,5,11.resid.15769,11,resid,15769,641,902
5055,5,0.mlp.16000,0,mlp,16000,31,3
5056,5,11.resid.14017,11,resid,14017,650,903
5057,5,0.mlp.36933,0,mlp,36933,49,3
5058,5,11.resid.11547,11,resid,11547,571,1
5059,5,0.mlp.5001,0,mlp,5001,32,3
5060,5,11.resid.36164,11,resid,36164,542,904
5061,5,0.mlp.4774,0,mlp,4774,24,3
5062,5,11.resid.12576,11,resid,12576,448,1
5063,5,0.mlp.29000,0,mlp,29000,15,3
5064,5,11.resid.15257,11,resid,15257,378,905
5065,5,0.mlp.3958,0,mlp,3958,10,1
5066,5,11.resid.26405,11,resid,26405,557,1
5067,5,0.mlp.19162,0,mlp,19162,11,3
5068,5,11.resid.37996,11,resid,37996,669,906
5069,5,0.mlp.7235,0,mlp,7235,14,3
5070,5,11.resid.10758,11,resid,10758,660,907
5071,5,0.mlp.24073,0,mlp,24073,14,3
5072,5,11.resid.13863,11,resid,13863,206,1
5073,5,0.mlp.16730,0,mlp,16730,39,3
5074,5,11.resid.9256,11,resid,9256,572,908
5075,5,0.mlp.19863,0,mlp,19863,20,2
5076,5,11.mlp.21506,11,mlp,21506,348,0
5077,5,0.resid.5759,0,resid,5759,35,3
5078,5,11.mlp.16228,11,mlp,16228,607,909
5079,5,0.resid.20005,0,resid,20005,39,2
5080,5,11.mlp.39530,11,mlp,39530,479,0
5081,5,0.resid.2700,0,resid,2700,31,3
5082,5,11.mlp.20602,11,mlp,20602,478,0
5083,5,0.resid.21783,0,resid,21783,38,2
5084,5,11.mlp.4810,11,mlp,4810,451,1
5085,5,0.resid.28935,0,resid,28935,23,3
5086,5,11.mlp.34763,11,mlp,34763,479,0
5087,5,0.resid.28114,0,resid,28114,17,3
5088,5,11.mlp.14641,11,mlp,14641,318,1
5089,5,0.resid.29272,0,resid,29272,106,3
5090,5,11.mlp.10456,11,mlp,10456,362,1
5091,5,0.resid.40903,0,resid,40903,39,2
5092,5,11.mlp.33218,11,mlp,33218,665,910
5093,5,0.resid.29543,0,resid,29543,32,2
5094,5,11.mlp.23213,11,mlp,23213,622,911
5095,5,0.resid.9328,0,resid,9328,28,2
5096,5,11.mlp.32161,11,mlp,32161,466,1
5097,5,0.resid.37435,0,resid,37435,8,0
5098,5,11.mlp.3509,11,mlp,3509,328,1
5099,5,0.resid.25920,0,resid,25920,49,3
5100,5,11.mlp.14815,11,mlp,14815,72,0
5101,5,0.resid.15971,0,resid,15971,77,3
5102,5,11.mlp.37111,11,mlp,37111,338,1
5103,5,0.resid.28262,0,resid,28262,45,3
5104,5,11.mlp.35900,11,mlp,35900,725,912
5105,5,0.resid.8804,0,resid,8804,41,2
5106,5,11.mlp.20110,11,mlp,20110,545,0
5107,5,0.resid.26090,0,resid,26090,103,3
5108,5,11.mlp.26747,11,mlp,26747,421,0
5109,5,0.resid.39360,0,resid,39360,41,2
5110,5,11.mlp.40310,11,mlp,40310,530,913
5111,5,0.resid.28344,0,resid,28344,98,3
5112,5,11.mlp.20822,11,mlp,20822,552,1
5113,5,0.resid.37559,0,resid,37559,44,2
5114,5,11.mlp.35872,11,mlp,35872,608,914
5115,5,0.resid.37542,0,resid,37542,8,3
5116,5,11.mlp.4173,11,mlp,4173,392,915
5117,5,0.resid.4625,0,resid,4625,111,3
5118,5,11.mlp.838,11,mlp,838,260,1
5119,5,0.resid.26635,0,resid,26635,33,2
5120,5,11.mlp.6901,11,mlp,6901,254,1
5121,5,0.resid.31589,0,resid,31589,92,3
5122,5,11.mlp.33858,11,mlp,33858,635,916
5123,5,0.resid.38188,0,resid,38188,19,3
5124,5,11.mlp.12080,11,mlp,12080,374,1
5125,5,0.resid.28308,0,resid,28308,100,3
5126,5,11.mlp.25374,11,mlp,25374,369,1
5127,5,0.resid.4598,0,resid,4598,33,2
5128,5,11.mlp.20705,11,mlp,20705,499,0
5129,5,0.resid.27169,0,resid,27169,45,3
5130,5,11.mlp.32369,11,mlp,32369,370,0
5131,5,0.resid.8552,0,resid,8552,65,3
5132,5,11.attn.28434,11,attn,28434,648,917
5133,5,11.attn.40000,11,attn,40000,169,1
5134,5,1.attn.19905,1,attn,19905,57,2
5135,5,11.attn.36683,11,attn,36683,492,1
5136,5,11.attn.12206,11,attn,12206,470,1
5137,5,11.attn.4371,11,attn,4371,301,0
5138,5,1.attn.5651,1,attn,5651,120,0
5139,5,11.attn.24151,11,attn,24151,807,918
5140,5,1.attn.20930,1,attn,20930,103,2
5141,5,11.attn.24190,11,attn,24190,450,0
5142,5,11.attn.16748,11,attn,16748,739,919
5143,5,1.attn.13956,1,attn,13956,44,2
5144,5,11.attn.9210,11,attn,9210,309,1
5145,5,11.attn.37311,11,attn,37311,548,1
5146,5,1.attn.39069,1,attn,39069,116,3
5147,5,11.attn.25643,11,attn,25643,164,0
5148,5,11.attn.6805,11,attn,6805,219,1
5149,5,11.attn.31195,11,attn,31195,274,0
5150,5,11.attn.5388,11,attn,5388,874,920
5151,5,1.attn.6995,1,attn,6995,86,2
5152,5,11.attn.34927,11,attn,34927,490,1
5153,5,11.attn.39814,11,attn,39814,353,0
5154,5,1.attn.24698,1,attn,24698,133,3
5155,5,11.attn.31266,11,attn,31266,360,0
5156,5,11.attn.25004,11,attn,25004,590,1
5157,5,11.attn.7313,11,attn,7313,294,1
5158,5,11.attn.7981,11,attn,7981,540,0
5159,5,11.attn.22623,11,attn,22623,250,0
5160,5,1.attn.7893,1,attn,7893,80,0
5161,5,11.attn.9932,11,attn,9932,566,921
5162,5,1.attn.21285,1,attn,21285,66,3
5163,5,11.attn.37136,11,attn,37136,285,0
5164,5,11.attn.39795,11,attn,39795,522,0
5165,5,11.attn.14577,11,attn,14577,318,0
5166,5,11.attn.10589,11,attn,10589,737,922
5167,5,1.attn.5272,1,attn,5272,85,2
5168,5,11.attn.28551,11,attn,28551,198,1
5169,5,11.attn.38179,11,attn,38179,231,0
5170,5,1.mlp.12622,1,mlp,12622,180,3
5171,5,10.resid.32090,10,resid,32090,698,923
5172,5,1.mlp.34774,1,mlp,34774,150,0
5173,5,10.resid.19422,10,resid,19422,492,1
5174,5,1.mlp.3208,1,mlp,3208,89,2
5175,5,10.resid.10756,10,resid,10756,284,0
5176,5,1.mlp.39353,1,mlp,39353,117,2
5177,5,10.resid.17625,10,resid,17625,433,0
5178,5,1.mlp.10668,1,mlp,10668,125,2
5179,5,10.resid.21641,10,resid,21641,435,0
5180,5,1.mlp.3207,1,mlp,3207,199,3
5181,5,10.resid.22463,10,resid,22463,593,1
5182,5,1.mlp.39146,1,mlp,39146,156,2
5183,5,10.resid.4787,10,resid,4787,567,924
5184,5,1.mlp.5222,1,mlp,5222,106,2
5185,5,10.resid.33800,10,resid,33800,451,1
5186,5,1.mlp.19583,1,mlp,19583,114,2
5187,5,10.resid.21804,10,resid,21804,535,0
5188,5,1.mlp.33962,1,mlp,33962,120,2
5189,5,10.resid.23980,10,resid,23980,494,0
5190,5,1.mlp.13799,1,mlp,13799,146,2
5191,5,10.resid.31195,10,resid,31195,608,925
5192,5,1.mlp.14852,1,mlp,14852,140,2
5193,5,10.resid.33756,10,resid,33756,676,926
5194,5,1.mlp.2639,1,mlp,2639,165,2
5195,5,10.resid.26388,10,resid,26388,671,927
5196,5,1.mlp.8973,1,mlp,8973,149,2
5197,5,10.resid.28203,10,resid,28203,762,928
5198,5,1.mlp.19730,1,mlp,19730,146,2
5199,5,10.resid.28106,10,resid,28106,717,929
5200,5,1.mlp.35258,1,mlp,35258,133,2
5201,5,10.resid.13350,10,resid,13350,1021,930
5202,5,1.mlp.21067,1,mlp,21067,164,2
5203,5,10.resid.8244,10,resid,8244,942,931
5204,5,1.mlp.27903,1,mlp,27903,294,1
5205,5,10.resid.28933,10,resid,28933,584,932
5206,5,1.mlp.17083,1,mlp,17083,199,1
5207,5,10.resid.24743,10,resid,24743,484,1
5208,5,1.mlp.2731,1,mlp,2731,242,1
5209,5,10.resid.32364,10,resid,32364,822,933
5210,5,1.mlp.17225,1,mlp,17225,90,2
5211,5,10.resid.32101,10,resid,32101,195,1
5212,5,1.mlp.15608,1,mlp,15608,201,3
5213,5,10.resid.12890,10,resid,12890,772,934
5214,5,1.mlp.13932,1,mlp,13932,77,2
5215,5,10.resid.32678,10,resid,32678,589,935
5216,5,1.mlp.15618,1,mlp,15618,90,2
5217,5,10.resid.20200,10,resid,20200,389,0
5218,5,1.mlp.2967,1,mlp,2967,227,1
5219,5,10.resid.20334,10,resid,20334,737,936
5220,5,1.mlp.16314,1,mlp,16314,132,2
5221,5,10.resid.31783,10,resid,31783,665,937
5222,5,1.mlp.11989,1,mlp,11989,86,2
5223,5,10.resid.1134,10,resid,1134,594,1
5224,5,1.mlp.6153,1,mlp,6153,79,2
5225,5,10.resid.9495,10,resid,9495,459,0
5226,5,1.mlp.40032,1,mlp,40032,126,3
5227,5,10.mlp.30456,10,mlp,30456,504,1
5228,5,1.resid.12941,1,resid,12941,60,3
5229,5,10.mlp.18583,10,mlp,18583,394,0
5230,5,1.resid.12227,1,resid,12227,85,2
5231,5,10.mlp.37144,10,mlp,37144,463,1
5232,5,1.resid.1504,1,resid,1504,65,2
5233,5,10.mlp.1142,10,mlp,1142,355,1
5234,5,1.resid.21712,1,resid,21712,142,3
5235,5,10.mlp.4713,10,mlp,4713,580,1
5236,5,1.resid.36067,1,resid,36067,158,3
5237,5,10.mlp.20374,10,mlp,20374,410,0
5238,5,1.resid.16219,1,resid,16219,136,2
5239,5,10.mlp.4701,10,mlp,4701,358,0
5240,5,1.resid.26296,1,resid,26296,141,3
5241,5,10.mlp.14093,10,mlp,14093,469,1
5242,5,1.resid.24905,1,resid,24905,75,2
5243,5,10.mlp.16830,10,mlp,16830,524,0
5244,5,1.resid.36003,1,resid,36003,166,3
5245,5,10.mlp.15424,10,mlp,15424,521,1
5246,5,1.resid.22024,1,resid,22024,39,2
5247,5,10.mlp.20211,10,mlp,20211,577,0
5248,5,1.resid.10729,1,resid,10729,130,3
5249,5,10.mlp.32838,10,mlp,32838,621,938
5250,5,1.resid.16726,1,resid,16726,156,3
5251,5,10.mlp.13313,10,mlp,13313,451,1
5252,5,1.resid.32682,1,resid,32682,76,3
5253,5,10.mlp.34133,10,mlp,34133,333,0
5254,5,1.resid.20412,1,resid,20412,75,2
5255,5,10.mlp.7548,10,mlp,7548,444,0
5256,5,1.resid.178,1,resid,178,59,2
5257,5,10.mlp.30908,10,mlp,30908,491,1
5258,5,1.resid.8017,1,resid,8017,114,3
5259,5,10.mlp.15267,10,mlp,15267,610,939
5260,5,1.resid.7625,1,resid,7625,124,2
5261,5,10.mlp.18875,10,mlp,18875,520,940
5262,5,1.resid.11,1,resid,11,132,3
5263,5,10.mlp.37154,10,mlp,37154,362,1
5264,5,1.resid.40826,1,resid,40826,154,3
5265,5,10.mlp.32588,10,mlp,32588,291,1
5266,5,1.resid.27332,1,resid,27332,53,2
5267,5,10.mlp.23102,10,mlp,23102,351,0
5268,5,1.resid.31804,1,resid,31804,64,3
5269,5,10.mlp.10824,10,mlp,10824,446,0
5270,5,1.resid.3236,1,resid,3236,64,2
5271,5,10.mlp.1001,10,mlp,1001,585,1
5272,5,1.resid.18221,1,resid,18221,180,1
5273,5,10.mlp.3683,10,mlp,3683,580,941
5274,5,1.resid.17146,1,resid,17146,60,3
5275,5,10.mlp.32561,10,mlp,32561,253,1
5276,5,1.resid.1478,1,resid,1478,192,1
5277,5,10.mlp.34473,10,mlp,34473,682,942
5278,5,1.resid.23168,1,resid,23168,80,2
5279,5,10.mlp.36212,10,mlp,36212,412,0
5280,5,1.resid.31014,1,resid,31014,64,2
5281,5,10.mlp.1713,10,mlp,1713,387,1
5282,5,1.resid.30293,1,resid,30293,97,2
5283,5,10.mlp.3525,10,mlp,3525,266,1
5284,5,10.attn.25456,10,attn,25456,336,0
5285,5,2.attn.30652,2,attn,30652,125,0
5286,5,10.attn.5981,10,attn,5981,339,1
5287,5,2.attn.26494,2,attn,26494,350,0
5288,5,10.attn.22649,10,attn,22649,333,0
5289,5,10.attn.4159,10,attn,4159,640,943
5290,5,2.attn.39497,2,attn,39497,185,3
5291,5,10.attn.16541,10,attn,16541,2311,944
5292,5,10.attn.12955,10,attn,12955,197,1
5293,5,2.attn.31355,2,attn,31355,106,0
5294,5,10.attn.34799,10,attn,34799,654,945
5295,5,2.attn.14629,2,attn,14629,130,0
5296,5,10.attn.13785,10,attn,13785,252,0
5297,5,10.attn.7414,10,attn,7414,313,0
5298,5,10.attn.16879,10,attn,16879,314,0
5299,5,2.attn.22814,2,attn,22814,129,0
5300,5,10.attn.21816,10,attn,21816,505,0
5301,5,10.attn.25618,10,attn,25618,619,946
5302,5,2.attn.19892,2,attn,19892,147,0
5303,5,10.attn.2643,10,attn,2643,894,947
5304,5,2.attn.26643,2,attn,26643,232,0
5305,5,10.attn.5271,10,attn,5271,1136,948
5306,5,2.attn.17311,2,attn,17311,194,0
5307,5,10.attn.19979,10,attn,19979,731,949
5308,5,2.attn.37577,2,attn,37577,264,0
5309,5,10.attn.34622,10,attn,34622,492,1
5310,5,2.attn.12354,2,attn,12354,250,0
5311,5,10.attn.17589,10,attn,17589,617,950
5312,5,2.attn.4041,2,attn,4041,84,0
5313,5,10.attn.30899,10,attn,30899,731,951
5314,5,10.attn.33711,10,attn,33711,457,1
5315,5,2.attn.37490,2,attn,37490,56,0
5316,5,10.attn.15150,10,attn,15150,730,952
5317,5,2.attn.32331,2,attn,32331,402,0
5318,5,10.attn.9650,10,attn,9650,289,0
5319,5,2.attn.16898,2,attn,16898,270,0
5320,5,10.attn.20753,10,attn,20753,268,0
5321,5,10.attn.17131,10,attn,17131,428,1
5322,5,10.attn.35240,10,attn,35240,334,0
5323,5,2.attn.28742,2,attn,28742,115,0
5324,5,10.attn.20136,10,attn,20136,342,0
5325,5,2.attn.34326,2,attn,34326,160,0
5326,5,10.attn.12107,10,attn,12107,877,953
5327,5,2.attn.11808,2,attn,11808,126,2
5328,5,10.attn.13034,10,attn,13034,778,954
5329,5,2.attn.28843,2,attn,28843,83,0
5330,5,9.resid.13280,9,resid,13280,534,1
5331,5,2.mlp.20216,2,mlp,20216,113,0
5332,5,9.resid.34217,9,resid,34217,556,1
5333,5,2.mlp.37040,2,mlp,37040,199,0
5334,5,9.resid.1315,9,resid,1315,469,0
5335,5,2.mlp.23356,2,mlp,23356,217,1
5336,5,9.resid.27218,9,resid,27218,520,0
5337,5,2.mlp.8021,2,mlp,8021,128,0
5338,5,9.resid.8012,9,resid,8012,496,0
5339,5,2.mlp.39031,2,mlp,39031,239,1
5340,5,9.resid.2292,9,resid,2292,538,955
5341,5,2.mlp.33414,2,mlp,33414,186,0
5342,5,9.resid.16248,9,resid,16248,633,956
5343,5,2.mlp.25832,2,mlp,25832,290,1
5344,5,9.resid.38590,9,resid,38590,412,0
5345,5,2.mlp.37433,2,mlp,37433,245,0
5346,5,9.resid.16922,9,resid,16922,702,957
5347,5,2.mlp.2132,2,mlp,2132,121,0
5348,5,9.resid.24707,9,resid,24707,763,958
5349,5,2.mlp.29351,2,mlp,29351,246,1
5350,5,9.resid.17553,9,resid,17553,559,1
5351,5,2.mlp.22214,2,mlp,22214,141,0
5352,5,9.resid.4850,9,resid,4850,425,0
5353,5,2.mlp.15769,2,mlp,15769,182,1
5354,5,9.resid.8556,9,resid,8556,483,0
5355,5,2.mlp.20648,2,mlp,20648,156,3
5356,5,9.resid.22174,9,resid,22174,492,1
5357,5,2.mlp.38429,2,mlp,38429,178,3
5358,5,9.resid.38379,9,resid,38379,398,0
5359,5,2.mlp.28973,2,mlp,28973,264,1
5360,5,9.resid.1639,9,resid,1639,632,959
5361,5,2.mlp.28423,2,mlp,28423,124,0
5362,5,9.resid.12586,9,resid,12586,525,1
5363,5,2.mlp.31472,2,mlp,31472,183,1
5364,5,9.resid.2574,9,resid,2574,516,1
5365,5,2.mlp.2780,2,mlp,2780,124,0
5366,5,9.resid.40140,9,resid,40140,907,960
5367,5,2.mlp.15285,2,mlp,15285,219,1
5368,5,9.resid.15584,9,resid,15584,799,961
5369,5,2.mlp.29158,2,mlp,29158,201,1
5370,5,9.resid.26323,9,resid,26323,790,962
5371,5,2.mlp.29283,2,mlp,29283,190,3
5372,5,9.resid.33276,9,resid,33276,415,0
5373,5,2.mlp.31967,2,mlp,31967,136,2
5374,5,9.resid.6245,9,resid,6245,478,0
5375,5,2.mlp.17410,2,mlp,17410,224,1
5376,5,9.resid.5277,9,resid,5277,835,963
5377,5,2.mlp.20709,2,mlp,20709,171,2
5378,5,9.resid.8388,9,resid,8388,673,964
5379,5,2.mlp.8763,2,mlp,8763,246,1
5380,5,9.resid.4613,9,resid,4613,587,965
5381,5,2.mlp.30717,2,mlp,30717,268,1
5382,5,9.resid.21919,9,resid,21919,620,966
5383,5,2.mlp.40723,2,mlp,40723,171,0
5384,5,9.resid.35746,9,resid,35746,589,967
5385,5,2.mlp.22495,2,mlp,22495,281,1
5386,5,9.resid.21966,9,resid,21966,546,1
5387,5,2.resid.40298,2,resid,40298,187,1
5388,5,9.mlp.40389,9,mlp,40389,731,968
5389,5,2.resid.37441,2,resid,37441,140,2
5390,5,9.mlp.7999,9,mlp,7999,668,969
5391,5,2.resid.7583,2,resid,7583,220,1
5392,5,9.mlp.30168,9,mlp,30168,600,1
5393,5,2.resid.28325,2,resid,28325,96,2
5394,5,9.mlp.21703,9,mlp,21703,384,1
5395,5,2.resid.16183,2,resid,16183,179,3
5396,5,9.mlp.32555,9,mlp,32555,191,1
5397,5,2.resid.17446,2,resid,17446,88,2
5398,5,9.mlp.23892,9,mlp,23892,394,0
5399,5,2.resid.14392,2,resid,14392,171,2
5400,5,9.mlp.20021,9,mlp,20021,767,970
5401,5,2.resid.8754,2,resid,8754,142,0
5402,5,9.mlp.10842,9,mlp,10842,379,0
5403,5,2.resid.29999,2,resid,29999,94,2
5404,5,9.mlp.35549,9,mlp,35549,424,1
5405,5,2.resid.2491,2,resid,2491,94,2
5406,5,9.mlp.33626,9,mlp,33626,215,1
5407,5,2.resid.37321,2,resid,37321,245,1
5408,5,9.mlp.1027,9,mlp,1027,398,1
5409,5,2.resid.40095,2,resid,40095,231,1
5410,5,9.mlp.39093,9,mlp,39093,554,971
5411,5,2.resid.39582,2,resid,39582,135,0
5412,5,9.mlp.16645,9,mlp,16645,549,972
5413,5,2.resid.9171,2,resid,9171,169,1
5414,5,9.mlp.1915,9,mlp,1915,517,0
5415,5,2.resid.20333,2,resid,20333,128,0
5416,5,9.mlp.16485,9,mlp,16485,609,973
5417,5,2.resid.11530,2,resid,11530,237,1
5418,5,9.mlp.30248,9,mlp,30248,489,1
5419,5,2.resid.4168,2,resid,4168,126,0
5420,5,9.mlp.19173,9,mlp,19173,432,1
5421,5,2.resid.3068,2,resid,3068,226,1
5422,5,9.mlp.26162,9,mlp,26162,460,0
5423,5,2.resid.14094,2,resid,14094,164,0
5424,5,9.mlp.10704,9,mlp,10704,404,1
5425,5,2.resid.3608,2,resid,3608,128,3
5426,5,9.mlp.31054,9,mlp,31054,328,1
5427,5,2.resid.31661,2,resid,31661,137,3
5428,5,9.mlp.39083,9,mlp,39083,349,0
5429,5,2.resid.19573,2,resid,19573,79,2
5430,5,9.mlp.6920,9,mlp,6920,503,1
5431,5,2.resid.23932,2,resid,23932,72,2
5432,5,9.mlp.26581,9,mlp,26581,376,1
5433,5,2.resid.33863,2,resid,33863,128,2
5434,5,9.mlp.19992,9,mlp,19992,685,974
5435,5,2.resid.9318,2,resid,9318,245,1
5436,5,9.mlp.11968,9,mlp,11968,461,0
5437,5,2.resid.12849,2,resid,12849,201,0
5438,5,9.mlp.38488,9,mlp,38488,612,0
5439,5,2.resid.38675,2,resid,38675,181,2
5440,5,9.mlp.9677,9,mlp,9677,526,0
5441,5,2.resid.34121,2,resid,34121,165,1
5442,5,9.mlp.36504,9,mlp,36504,244,1
5443,5,2.resid.13877,2,resid,13877,151,0
5444,5,9.attn.35349,9,attn,35349,216,1
5445,5,3.attn.39106,3,attn,39106,177,0
5446,5,9.attn.18802,9,attn,18802,719,975
5447,5,3.attn.35123,3,attn,35123,199,0
5448,5,9.attn.11297,9,attn,11297,215,0
5449,5,3.attn.16687,3,attn,16687,307,0
5450,5,9.attn.13499,9,attn,13499,341,1
5451,5,9.attn.4831,9,attn,4831,434,1
5452,5,3.attn.5836,3,attn,5836,212,0
5453,5,9.attn.3259,9,attn,3259,562,1
5454,5,3.attn.36179,3,attn,36179,319,0
5455,5,9.attn.9523,9,attn,9523,482,0
5456,5,3.attn.22479,3,attn,22479,199,0
5457,5,9.attn.17812,9,attn,17812,281,1
5458,5,9.attn.22164,9,attn,22164,529,1
5459,5,9.attn.30427,9,attn,30427,545,1
5460,5,9.attn.4563,9,attn,4563,591,0
5461,5,3.attn.39974,3,attn,39974,188,0
5462,5,9.attn.20636,9,attn,20636,463,0
5463,5,3.attn.464,3,attn,464,249,0
5464,5,9.attn.35732,9,attn,35732,357,0
5465,5,3.attn.3693,3,attn,3693,271,0
5466,5,9.attn.31456,9,attn,31456,343,0
5467,5,3.attn.29322,3,attn,29322,165,0
5468,5,9.attn.3515,9,attn,3515,538,0
5469,5,3.attn.26693,3,attn,26693,179,0
5470,5,9.attn.10795,9,attn,10795,490,0
5471,5,3.attn.8921,3,attn,8921,352,0
5472,5,9.attn.20523,9,attn,20523,467,1
5473,5,9.attn.28694,9,attn,28694,536,0
5474,5,3.attn.23985,3,attn,23985,206,0
5475,5,9.attn.35639,9,attn,35639,199,1
5476,5,9.attn.18986,9,attn,18986,238,0
5477,5,3.attn.26038,3,attn,26038,179,0
5478,5,9.attn.38907,9,attn,38907,378,0
5479,5,9.attn.23024,9,attn,23024,534,1
5480,6,0.mlp.30543,0,mlp,30543,26,3
5481,6,11.resid.13386,11,resid,13386,209,1
5482,6,0.mlp.15886,0,mlp,15886,13,1
5483,6,11.resid.8846,11,resid,8846,506,976
5484,6,0.mlp.10327,0,mlp,10327,14,3
5485,6,11.resid.25066,11,resid,25066,677,977
5486,6,0.mlp.6854,0,mlp,6854,10,1
5487,6,11.resid.21454,11,resid,21454,254,1
5488,6,0.mlp.23210,0,mlp,23210,20,3
5489,6,11.resid.31150,11,resid,31150,710,978
5490,6,0.mlp.18833,0,mlp,18833,33,3
5491,6,11.resid.1154,11,resid,1154,662,979
5492,6,0.mlp.23821,0,mlp,23821,16,3
5493,6,11.resid.36986,11,resid,36986,522,1
5494,6,0.mlp.5908,0,mlp,5908,49,3
5495,6,11.resid.1728,11,resid,1728,574,1
5496,6,0.mlp.34512,0,mlp,34512,9,1
5497,6,11.resid.5506,11,resid,5506,478,1
5498,6,0.mlp.36871,0,mlp,36871,32,3
5499,6,11.resid.29594,11,resid,29594,406,0
5500,6,0.mlp.23367,0,mlp,23367,9,1
5501,6,11.resid.1544,11,resid,1544,558,1
5502,6,0.mlp.39007,0,mlp,39007,5,980
5503,6,11.resid.28356,11,resid,28356,589,981
5504,6,0.mlp.12725,0,mlp,12725,42,3
5505,6,11.resid.7767,11,resid,7767,649,982
5506,6,0.mlp.23604,0,mlp,23604,38,3
5507,6,11.resid.29371,11,resid,29371,312,1
5508,6,0.mlp.31603,0,mlp,31603,44,3
5509,6,11.resid.11952,11,resid,11952,439,0
5510,6,0.mlp.7369,0,mlp,7369,19,3
5511,6,11.resid.2380,11,resid,2380,474,1
5512,6,0.mlp.19700,0,mlp,19700,35,3
5513,6,11.resid.7306,11,resid,7306,281,1
5514,6,0.mlp.6561,0,mlp,6561,24,3
5515,6,11.resid.18882,11,resid,18882,372,0
5516,6,0.mlp.20821,0,mlp,20821,19,3
5517,6,11.resid.19864,11,resid,19864,264,0
5518,6,0.mlp.22654,0,mlp,22654,22,2
5519,6,11.resid.22958,11,resid,22958,734,983
5520,6,0.mlp.33267,0,mlp,33267,20,3
5521,6,11.resid.6458,11,resid,6458,468,0
5522,6,0.mlp.23854,0,mlp,23854,14,3
5523,6,11.resid.22678,11,resid,22678,604,984
5524,6,0.mlp.39334,0,mlp,39334,61,3
5525,6,11.resid.14375,11,resid,14375,427,1
5526,6,0.mlp.18668,0,mlp,18668,14,3
5527,6,11.resid.15533,11,resid,15533,626,985
5528,6,0.mlp.30265,0,mlp,30265,69,3
5529,6,11.resid.15853,11,resid,15853,228,1
5530,6,0.mlp.34183,0,mlp,34183,15,3
5531,6,11.resid.23545,11,resid,23545,410,0
5532,6,0.mlp.13566,0,mlp,13566,17,3
5533,6,11.resid.18016,11,resid,18016,532,986
5534,6,0.mlp.5045,0,mlp,5045,13,3
5535,6,11.resid.8910,11,resid,8910,375,0
5536,6,0.mlp.29282,0,mlp,29282,18,3
5537,6,11.mlp.22636,11,mlp,22636,581,987
5538,6,0.resid.15727,0,resid,15727,12,1
5539,6,11.mlp.14270,11,mlp,14270,400,1
5540,6,0.resid.10593,0,resid,10593,163,3
5541,6,11.mlp.2419,11,mlp,2419,718,988
5542,6,0.resid.30071,0,resid,30071,25,2
5543,6,11.mlp.37513,11,mlp,37513,434,0
5544,6,0.resid.30398,0,resid,30398,165,3
5545,6,11.mlp.6616,11,mlp,6616,382,0
5546,6,0.resid.39670,0,resid,39670,68,3
5547,6,11.mlp.34539,11,mlp,34539,426,1
5548,6,0.resid.17287,0,resid,17287,73,3
5549,6,11.mlp.9012,11,mlp,9012,440,0
5550,6,0.resid.37929,0,resid,37929,32,3
5551,6,11.mlp.39520,11,mlp,39520,258,1
5552,6,0.resid.37212,0,resid,37212,9,0
5553,6,11.mlp.14939,11,mlp,14939,490,1
5554,6,0.resid.38616,0,resid,38616,9,0
5555,6,11.mlp.38079,11,mlp,38079,250,1
5556,6,0.resid.4723,0,resid,4723,21,3
5557,6,11.mlp.29943,11,mlp,29943,654,989
5558,6,0.resid.310,0,resid,310,20,2
5559,6,11.mlp.32738,11,mlp,32738,620,990
5560,6,0.resid.34525,0,resid,34525,82,2
5561,6,11.mlp.9899,11,mlp,9899,478,1
5562,6,0.resid.21841,0,resid,21841,12,1
5563,6,11.mlp.23526,11,mlp,23526,640,991
5564,6,0.resid.7361,0,resid,7361,62,3
5565,6,11.mlp.11158,11,mlp,11158,257,1
5566,6,0.resid.17866,0,resid,17866,21,3
5567,6,11.mlp.24465,11,mlp,24465,432,0
5568,6,0.resid.17422,0,resid,17422,45,3
5569,6,11.mlp.11447,11,mlp,11447,724,992
5570,6,0.resid.22197,0,resid,22197,36,2
5571,6,11.mlp.7367,11,mlp,7367,545,0
5572,6,0.resid.17144,0,resid,17144,50,2
5573,6,11.mlp.30975,11,mlp,30975,378,1
5574,6,0.resid.34502,0,resid,34502,25,2
5575,6,11.mlp.30,11,mlp,30,523,0
5576,6,0.resid.513,0,resid,513,18,2
5577,6,11.mlp.1009,11,mlp,1009,425,1
5578,6,0.resid.17311,0,resid,17311,34,2
5579,6,11.mlp.23736,11,mlp,23736,571,993
5580,6,0.resid.36961,0,resid,36961,93,3
5581,6,11.mlp.6950,11,mlp,6950,288,1
5582,6,0.resid.36407,0,resid,36407,20,3
5583,6,11.mlp.25159,11,mlp,25159,279,1
5584,6,0.resid.20893,0,resid,20893,15,0
5585,6,11.mlp.13741,11,mlp,13741,482,994
5586,6,0.resid.19766,0,resid,19766,61,2
5587,6,11.mlp.7636,11,mlp,7636,580,1
5588,6,0.resid.35367,0,resid,35367,34,2
5589,6,11.mlp.22615,11,mlp,22615,637,995
5590,6,0.resid.4289,0,resid,4289,13,0
5591,6,11.mlp.22311,11,mlp,22311,614,996
5592,6,0.resid.3751,0,resid,3751,27,3
5593,6,11.attn.29065,11,attn,29065,383,0
5594,6,11.attn.34079,11,attn,34079,133,1
5595,6,11.attn.26677,11,attn,26677,203,1
5596,6,11.attn.11503,11,attn,11503,273,0
5597,6,11.attn.38452,11,attn,38452,299,1
5598,6,11.attn.1426,11,attn,1426,335,1
5599,6,11.attn.24297,11,attn,24297,409,0
5600,6,11.attn.25549,11,attn,25549,270,1
5601,6,11.attn.13841,11,attn,13841,512,0
5602,6,1.attn.25185,1,attn,25185,167,0
5603,6,11.attn.8046,11,attn,8046,446,1
5604,6,1.attn.19357,1,attn,19357,67,0
5605,6,11.attn.24849,11,attn,24849,833,997
5606,6,1.attn.36006,1,attn,36006,74,3
5607,6,11.attn.29117,11,attn,29117,438,1
5608,6,11.attn.40414,11,attn,40414,303,1
5609,6,1.attn.31051,1,attn,31051,159,3
5610,6,11.attn.26149,11,attn,26149,157,1
5611,6,11.attn.3743,11,attn,3743,321,0
5612,6,1.attn.35664,1,attn,35664,54,2
5613,6,11.attn.6114,11,attn,6114,342,1
5614,6,11.attn.40678,11,attn,40678,509,0
5615,6,1.attn.16856,1,attn,16856,74,0
5616,6,11.attn.34364,11,attn,34364,698,998
5617,6,11.attn.29013,11,attn,29013,225,1
5618,6,1.attn.6509,1,attn,6509,179,3
5619,6,11.attn.10628,11,attn,10628,263,1
5620,6,11.attn.18522,11,attn,18522,322,0
5621,6,11.attn.35443,11,attn,35443,368,0
5622,6,11.attn.4927,11,attn,4927,838,999
5623,6,11.attn.9617,11,attn,9617,417,0
5624,6,11.attn.40926,11,attn,40926,316,0
5625,6,1.attn.32375,1,attn,32375,204,1
5626,6,11.attn.690,11,attn,690,468,0
5627,6,11.attn.23468,11,attn,23468,725,1000
5628,6,11.attn.2214,11,attn,2214,313,0
5629,6,11.attn.36209,11,attn,36209,313,0
5630,6,1.mlp.36770,1,mlp,36770,217,1
5631,6,10.resid.5117,10,resid,5117,400,0
5632,6,1.mlp.17713,1,mlp,17713,129,2
5633,6,10.resid.10380,10,resid,10380,361,0
5634,6,1.mlp.21842,1,mlp,21842,256,1
5635,6,10.resid.13867,10,resid,13867,687,1001
5636,6,1.mlp.28471,1,mlp,28471,140,2
5637,6,10.resid.40618,10,resid,40618,371,0
5638,6,1.mlp.13700,1,mlp,13700,211,2
5639,6,10.resid.27197,10,resid,27197,299,1
5640,6,1.mlp.34764,1,mlp,34764,200,2
5641,6,10.resid.31372,10,resid,31372,593,1002
5642,6,1.mlp.7735,1,mlp,7735,133,2
5643,6,10.resid.24452,10,resid,24452,522,1003
5644,6,1.mlp.25684,1,mlp,25684,224,1
5645,6,10.resid.30989,10,resid,30989,307,1
5646,6,1.mlp.15548,1,mlp,15548,123,2
5647,6,10.resid.14544,10,resid,14544,599,1004
5648,6,1.mlp.22294,1,mlp,22294,113,2
5649,6,10.resid.38698,10,resid,38698,191,0
5650,6,1.mlp.21291,1,mlp,21291,194,1
5651,6,10.resid.1284,10,resid,1284,530,1
5652,6,1.mlp.1622,1,mlp,1622,155,2
5653,6,10.resid.25611,10,resid,25611,589,1005
5654,6,1.mlp.25652,1,mlp,25652,129,3
5655,6,10.resid.18168,10,resid,18168,582,1006
5656,6,1.mlp.22350,1,mlp,22350,111,2
5657,6,10.resid.18744,10,resid,18744,782,1007
5658,6,1.mlp.17962,1,mlp,17962,104,2
5659,6,10.resid.5154,10,resid,5154,800,1008
5660,6,1.mlp.2768,1,mlp,2768,168,2
5661,6,10.resid.2946,10,resid,2946,652,1009
5662,6,1.mlp.508,1,mlp,508,220,3
5663,6,10.resid.10930,10,resid,10930,557,1
5664,6,1.mlp.21170,1,mlp,21170,148,2
5665,6,10.resid.38542,10,resid,38542,631,1010
5666,6,1.mlp.40432,1,mlp,40432,103,2
5667,6,10.resid.15434,10,resid,15434,693,1011
5668,6,1.mlp.34196,1,mlp,34196,77,2
5669,6,10.resid.27760,10,resid,27760,571,1012
5670,6,1.mlp.7232,1,mlp,7232,83,2
5671,6,10.resid.4237,10,resid,4237,521,0
5672,6,1.mlp.23212,1,mlp,23212,108,2
5673,6,10.resid.40269,10,resid,40269,424,1
5674,6,1.mlp.11707,1,mlp,11707,129,2
5675,6,10.resid.19353,10,resid,19353,481,0
5676,6,1.mlp.38084,1,mlp,38084,160,1
5677,6,10.resid.10497,10,resid,10497,428,1
5678,6,1.mlp.8560,1,mlp,8560,147,2
5679,6,10.resid.32152,10,resid,32152,281,0
5680,6,1.mlp.7166,1,mlp,7166,193,1
5681,6,10.resid.14564,10,resid,14564,668,1013
5682,6,1.mlp.20126,1,mlp,20126,79,2
5683,6,10.resid.24132,10,resid,24132,404,0
5684,6,1.mlp.10470,1,mlp,10470,112,2
5685,6,10.resid.14868,10,resid,14868,614,1014
5686,6,1.mlp.17220,1,mlp,17220,90,2
5687,6,10.mlp.33479,10,mlp,33479,370,0
5688,6,1.resid.20810,1,resid,20810,42,2
5689,6,10.mlp.19963,10,mlp,19963,345,1
5690,6,1.resid.6947,1,resid,6947,105,2
5691,6,10.mlp.17034,10,mlp,17034,709,1015
5692,6,1.resid.8429,1,resid,8429,64,3
5693,6,10.mlp.27554,10,mlp,27554,481,1
5694,6,1.resid.37715,1,resid,37715,121,3
5695,6,10.mlp.13218,10,mlp,13218,283,0
5696,6,1.resid.38720,1,resid,38720,90,2
5697,6,10.mlp.7369,10,mlp,7369,432,1
5698,6,1.resid.8033,1,resid,8033,106,2
5699,6,10.mlp.31264,10,mlp,31264,619,1016
5700,6,1.resid.34566,1,resid,34566,97,3
5701,6,10.mlp.4202,10,mlp,4202,390,0
5702,6,1.resid.34655,1,resid,34655,56,2
5703,6,10.mlp.26842,10,mlp,26842,358,0
5704,6,1.resid.7743,1,resid,7743,141,3
5705,6,10.mlp.40714,10,mlp,40714,364,1
5706,6,1.resid.12877,1,resid,12877,67,2
5707,6,10.mlp.28796,10,mlp,28796,412,0
5708,6,1.resid.38712,1,resid,38712,128,3
5709,6,10.mlp.20570,10,mlp,20570,451,1
5710,6,1.resid.13888,1,resid,13888,146,3
5711,6,10.mlp.29637,10,mlp,29637,626,1017
5712,6,1.resid.7913,1,resid,7913,62,2
5713,6,10.mlp.10705,10,mlp,10705,383,1
5714,6,1.resid.31751,1,resid,31751,63,3
5715,6,10.mlp.20227,10,mlp,20227,490,0
5716,6,1.resid.38810,1,resid,38810,120,3
5717,6,10.mlp.38069,10,mlp,38069,527,1
5718,6,1.resid.17287,1,resid,17287,86,2
5719,6,10.mlp.10684,10,mlp,10684,490,1
5720,6,1.resid.22060,1,resid,22060,54,2
5721,6,10.mlp.5555,10,mlp,5555,488,1
5722,6,1.resid.7419,1,resid,7419,95,2
5723,6,10.mlp.9758,10,mlp,9758,347,0
5724,6,1.resid.37356,1,resid,37356,45,2
5725,6,10.mlp.10651,10,mlp,10651,471,1
5726,6,1.resid.31120,1,resid,31120,65,2
5727,6,10.mlp.18551,10,mlp,18551,563,0
5728,6,1.resid.17021,1,resid,17021,80,2
5729,6,10.mlp.27090,10,mlp,27090,597,1
5730,6,1.resid.33097,1,resid,33097,139,3
5731,6,10.mlp.7246,10,mlp,7246,323,1
5732,6,1.resid.17431,1,resid,17431,107,3
5733,6,10.mlp.34509,10,mlp,34509,498,1
5734,6,1.resid.33297,1,resid,33297,80,2
5735,6,10.mlp.17322,10,mlp,17322,662,1018
5736,6,1.resid.34729,1,resid,34729,137,2
5737,6,10.mlp.22202,10,mlp,22202,464,1
5738,6,1.resid.40390,1,resid,40390,46,0
5739,6,10.mlp.29940,10,mlp,29940,476,0
5740,6,1.resid.19456,1,resid,19456,80,2
5741,6,10.mlp.19398,10,mlp,19398,301,0
5742,6,1.resid.26376,1,resid,26376,88,2
5743,6,10.mlp.21322,10,mlp,21322,344,0
5744,6,10.attn.32487,10,attn,32487,317,0
5745,6,2.attn.762,2,attn,762,119,0
5746,6,10.attn.2251,10,attn,2251,568,0
5747,6,2.attn.18593,2,attn,18593,125,0
5748,6,10.attn.28167,10,attn,28167,420,0
5749,6,2.attn.38181,2,attn,38181,207,1
5750,6,10.attn.34760,10,attn,34760,235,0
5751,6,10.attn.29129,10,attn,29129,251,0
5752,6,2.attn.39159,2,attn,39159,140,0
5753,6,10.attn.28493,10,attn,28493,738,1019
5754,6,2.attn.12633,2,attn,12633,124,0
5755,6,10.attn.25014,10,attn,25014,650,1020
5756,6,2.attn.24325,2,attn,24325,219,0
5757,6,10.attn.14926,10,attn,14926,331,0
5758,6,10.attn.28832,10,attn,28832,274,1
5759,6,10.attn.32177,10,attn,32177,446,1
5760,6,2.attn.14450,2,attn,14450,209,0
5761,6,10.attn.24516,10,attn,24516,378,1
5762,6,10.attn.25372,10,attn,25372,675,1021
5763,6,2.attn.28427,2,attn,28427,124,0
5764,6,10.attn.19329,10,attn,19329,701,1022
5765,6,10.attn.14378,10,attn,14378,744,1023
5766,6,10.attn.26430,10,attn,26430,691,1024
5767,6,2.attn.33504,2,attn,33504,72,0
5768,6,10.attn.40555,10,attn,40555,354,1
5769,6,10.attn.35527,10,attn,35527,234,0
5770,6,2.attn.18757,2,attn,18757,58,0
5771,6,10.attn.23537,10,attn,23537,284,0
5772,6,10.attn.922,10,attn,922,213,0
5773,6,2.attn.12011,2,attn,12011,159,2
5774,6,10.attn.16888,10,attn,16888,463,1
5775,6,2.attn.28719,2,attn,28719,281,0
5776,6,10.attn.35549,10,attn,35549,179,1
5777,6,2.attn.38903,2,attn,38903,228,1
5778,6,10.attn.3116,10,attn,3116,475,1
5779,6,2.attn.34840,2,attn,34840,112,2
5780,6,10.attn.8443,10,attn,8443,388,0
5781,6,10.attn.38127,10,attn,38127,962,1025
5782,6,10.attn.3539,10,attn,3539,639,1026
5783,6,10.attn.10970,10,attn,10970,743,1027
5784,6,2.attn.9778,2,attn,9778,168,3
5785,6,10.attn.28599,10,attn,28599,270,0
5786,6,2.attn.17043,2,attn,17043,375,0
5787,6,10.attn.6231,10,attn,6231,296,0
5788,6,2.attn.20313,2,attn,20313,189,1
5789,6,9.resid.23335,9,resid,23335,736,1028
5790,6,2.mlp.21332,2,mlp,21332,373,1
5791,6,9.resid.38531,9,resid,38531,573,1
5792,6,2.mlp.8671,2,mlp,8671,289,1
5793,6,9.resid.36814,9,resid,36814,518,1
5794,6,2.mlp.7494,2,mlp,7494,274,1
5795,6,9.resid.21276,9,resid,21276,453,1029
5796,6,2.mlp.10205,2,mlp,10205,239,1
5797,6,9.resid.387,9,resid,387,665,1030
5798,6,2.mlp.1964,2,mlp,1964,103,2
5799,6,9.resid.17173,9,resid,17173,674,1031
5800,6,2.mlp.33341,2,mlp,33341,137,0
5801,6,9.resid.21730,9,resid,21730,656,1032
5802,6,2.mlp.2596,2,mlp,2596,275,1
5803,6,9.resid.13520,9,resid,13520,274,0
5804,6,2.mlp.17688,2,mlp,17688,182,0
5805,6,9.resid.22886,9,resid,22886,777,1033
5806,6,2.mlp.20796,2,mlp,20796,259,1
5807,6,9.resid.32028,9,resid,32028,552,0
5808,6,2.mlp.21252,2,mlp,21252,271,1
5809,6,9.resid.22469,9,resid,22469,591,1
5810,6,2.mlp.5849,2,mlp,5849,211,0
5811,6,9.resid.20658,9,resid,20658,500,1
5812,6,2.mlp.11099,2,mlp,11099,149,0
5813,6,9.resid.32632,9,resid,32632,389,0
5814,6,2.mlp.20063,2,mlp,20063,138,0
5815,6,9.resid.19385,9,resid,19385,329,0
5816,6,2.mlp.10238,2,mlp,10238,169,0
5817,6,9.resid.111,9,resid,111,644,1034
5818,6,2.mlp.36804,2,mlp,36804,169,3
5819,6,9.resid.22511,9,resid,22511,372,0
5820,6,2.mlp.23074,2,mlp,23074,154,0
5821,6,9.resid.10786,9,resid,10786,758,1035
5822,6,2.mlp.23814,2,mlp,23814,120,2
5823,6,9.resid.37373,9,resid,37373,521,1
5824,6,2.mlp.1017,2,mlp,1017,187,1
5825,6,9.resid.27608,9,resid,27608,737,1036
5826,6,2.mlp.31321,2,mlp,31321,201,1
5827,6,9.resid.25364,9,resid,25364,751,1037
5828,6,2.mlp.32597,2,mlp,32597,132,2
5829,6,9.resid.24694,9,resid,24694,761,1038
5830,6,2.mlp.21704,2,mlp,21704,129,0
5831,6,9.resid.39597,9,resid,39597,526,1039
5832,6,2.mlp.11572,2,mlp,11572,108,2
5833,6,9.resid.15938,9,resid,15938,589,1
5834,6,2.mlp.15349,2,mlp,15349,203,0
5835,6,9.resid.17451,9,resid,17451,617,1040
5836,6,2.mlp.22657,2,mlp,22657,252,1
5837,6,9.resid.20373,9,resid,20373,644,1041
5838,6,2.mlp.22919,2,mlp,22919,184,0
5839,6,9.resid.35254,9,resid,35254,534,1
5840,6,2.mlp.14174,2,mlp,14174,174,1
5841,6,9.resid.37014,9,resid,37014,410,1
5842,6,2.mlp.32720,2,mlp,32720,219,1
5843,6,9.resid.30970,9,resid,30970,626,1042
5844,6,2.mlp.32249,2,mlp,32249,236,0
5845,6,9.resid.11853,9,resid,11853,632,1043
5846,6,2.resid.15164,2,resid,15164,93,2
5847,6,9.mlp.30311,9,mlp,30311,509,0
5848,6,2.resid.5028,2,resid,5028,258,1
5849,6,9.mlp.22489,9,mlp,22489,520,1
5850,6,2.resid.33789,2,resid,33789,221,1
5851,6,9.mlp.21388,9,mlp,21388,427,0
5852,6,2.resid.3195,2,resid,3195,78,2
5853,6,9.mlp.13357,9,mlp,13357,385,1
5854,6,2.resid.39798,2,resid,39798,153,3
5855,6,9.mlp.8590,9,mlp,8590,429,0
5856,6,2.resid.15376,2,resid,15376,202,1
5857,6,9.mlp.4296,9,mlp,4296,538,1
5858,6,2.resid.7642,2,resid,7642,172,0
5859,6,9.mlp.35293,9,mlp,35293,615,1044
5860,6,2.resid.19245,2,resid,19245,220,1
5861,6,9.mlp.4331,9,mlp,4331,481,1
5862,6,2.resid.702,2,resid,702,225,0
5863,6,9.mlp.23567,9,mlp,23567,342,0
5864,6,2.resid.8075,2,resid,8075,192,1
5865,6,9.mlp.2139,9,mlp,2139,379,0
5866,6,2.resid.1670,2,resid,1670,157,3
5867,6,9.mlp.26068,9,mlp,26068,455,0
5868,6,2.resid.24910,2,resid,24910,128,2
5869,6,9.mlp.11000,9,mlp,11000,547,1
5870,6,2.resid.26340,2,resid,26340,92,2
5871,6,9.mlp.28138,9,mlp,28138,588,0
5872,6,2.resid.13067,2,resid,13067,143,3
5873,6,9.mlp.13260,9,mlp,13260,341,0
5874,6,2.resid.4976,2,resid,4976,127,2
5875,6,9.mlp.17337,9,mlp,17337,385,0
5876,6,2.resid.26544,2,resid,26544,113,2
5877,6,9.mlp.17744,9,mlp,17744,325,0
5878,6,2.resid.386,2,resid,386,212,1
5879,6,9.mlp.11400,9,mlp,11400,620,1045
5880,6,2.resid.29968,2,resid,29968,55,0
5881,6,9.mlp.40750,9,mlp,40750,579,1046
5882,6,2.resid.14088,2,resid,14088,151,3
5883,6,9.mlp.4550,9,mlp,4550,399,1
5884,6,2.resid.22495,2,resid,22495,132,3
5885,6,9.mlp.7252,9,mlp,7252,541,1047
5886,6,2.resid.18125,2,resid,18125,201,1
5887,6,9.mlp.19779,9,mlp,19779,489,1
5888,6,2.resid.31599,2,resid,31599,108,2
5889,6,9.mlp.16754,9,mlp,16754,543,1048
5890,6,2.resid.17496,2,resid,17496,86,0
5891,6,9.mlp.14115,9,mlp,14115,273,0
5892,6,2.resid.13321,2,resid,13321,73,2
5893,6,9.mlp.8899,9,mlp,8899,480,0
5894,6,2.resid.2361,2,resid,2361,154,1
5895,6,9.mlp.8887,9,mlp,8887,635,1049
5896,6,2.resid.20053,2,resid,20053,172,1
5897,6,9.mlp.35674,9,mlp,35674,376,0
5898,6,2.resid.31010,2,resid,31010,170,3
5899,6,9.mlp.32150,9,mlp,32150,466,0
5900,6,2.resid.6184,2,resid,6184,170,3
5901,6,9.mlp.18921,9,mlp,18921,352,0
5902,6,2.resid.25407,2,resid,25407,138,3
5903,6,9.attn.1565,9,attn,1565,530,1
5904,6,3.attn.26607,3,attn,26607,191,0
5905,6,9.attn.38469,9,attn,38469,318,0
5906,6,3.attn.15358,3,attn,15358,145,0
5907,6,9.attn.13386,9,attn,13386,618,1050
5908,6,3.attn.37487,3,attn,37487,194,0
5909,6,9.attn.39701,9,attn,39701,323,0
5910,6,3.attn.2736,3,attn,2736,146,0
5911,6,9.attn.17956,9,attn,17956,715,1051
5912,6,3.attn.20501,3,attn,20501,76,0
5913,6,9.attn.16225,9,attn,16225,411,1
5914,6,9.attn.23636,9,attn,23636,453,0
5915,6,3.attn.24042,3,attn,24042,218,0
5916,6,9.attn.28114,9,attn,28114,670,1052
5917,6,9.attn.8483,9,attn,8483,291,0
5918,6,3.attn.24814,3,attn,24814,192,0
5919,6,9.attn.20066,9,attn,20066,309,0
5920,6,9.attn.13911,9,attn,13911,299,0
5921,6,3.attn.33359,3,attn,33359,167,0
5922,6,9.attn.27179,9,attn,27179,926,1053
5923,6,3.attn.15935,3,attn,15935,189,0
5924,6,9.attn.5011,9,attn,5011,339,0
5925,6,3.attn.17002,3,attn,17002,282,0
5926,6,9.attn.21801,9,attn,21801,348,0
5927,6,3.attn.40956,3,attn,40956,120,0
5928,6,9.attn.25064,9,attn,25064,288,1
5929,6,9.attn.12987,9,attn,12987,318,0
5930,6,3.attn.36623,3,attn,36623,286,1
5931,6,9.attn.27361,9,attn,27361,258,0
5932,6,9.attn.29578,9,attn,29578,594,1
5933,6,3.attn.24812,3,attn,24812,250,0
5934,6,9.attn.26182,9,attn,26182,349,1
5935,6,3.attn.37531,3,attn,37531,302,0
5936,6,9.attn.14193,9,attn,14193,414,0
5937,6,3.attn.36343,3,attn,36343,136,0
5938,6,9.attn.15988,9,attn,15988,285,0
5939,6,9.attn.38694,9,attn,38694,224,0
5940,7,11.resid.580,11,resid,580,438,1
5941,7,0.mlp.12,0,mlp,12,22,3
5942,7,11.resid.12730,11,resid,12730,220,1
5943,7,0.mlp.37367,0,mlp,37367,23,3
5944,7,11.resid.16250,11,resid,16250,646,1054
5945,7,0.mlp.38892,0,mlp,38892,81,3
5946,7,11.resid.12550,11,resid,12550,450,0
5947,7,0.mlp.24586,0,mlp,24586,43,3
5948,7,11.resid.26271,11,resid,26271,424,0
5949,7,0.mlp.24064,0,mlp,24064,13,3
5950,7,11.resid.35187,11,resid,35187,575,1
5951,7,0.mlp.31504,0,mlp,31504,16,3
5952,7,11.resid.37482,11,resid,37482,568,1
5953,7,0.mlp.11233,0,mlp,11233,45,3
5954,7,11.resid.2598,11,resid,2598,425,1
5955,7,0.mlp.37027,0,mlp,37027,16,3
5956,7,11.resid.23865,11,resid,23865,479,1
5957,7,0.mlp.27420,0,mlp,27420,15,3
5958,7,11.resid.29389,11,resid,29389,281,0
5959,7,0.mlp.28866,0,mlp,28866,16,3
5960,7,11.resid.29034,11,resid,29034,529,1
5961,7,0.mlp.1997,0,mlp,1997,6,1
5962,7,11.resid.25040,11,resid,25040,489,1
5963,7,0.mlp.7676,0,mlp,7676,12,3
5964,7,11.resid.17399,11,resid,17399,423,1
5965,7,0.mlp.24894,0,mlp,24894,42,3
5966,7,11.resid.35395,11,resid,35395,447,0
5967,7,0.mlp.19235,0,mlp,19235,20,3
5968,7,11.resid.40042,11,resid,40042,336,0
5969,7,0.mlp.15771,0,mlp,15771,14,3
5970,7,11.resid.38102,11,resid,38102,746,1055
5971,7,0.mlp.5526,0,mlp,5526,12,3
5972,7,11.resid.5209,11,resid,5209,756,1056
5973,7,0.mlp.22571,0,mlp,22571,32,3
5974,7,11.resid.13543,11,resid,13543,612,1
5975,7,0.mlp.3957,0,mlp,3957,47,3
5976,7,11.resid.12948,11,resid,12948,573,1
5977,7,0.mlp.5532,0,mlp,5532,13,3
5978,7,11.resid.2434,11,resid,2434,455,0
5979,7,0.mlp.15262,0,mlp,15262,23,3
5980,7,11.resid.4398,11,resid,4398,525,0
5981,7,0.mlp.13599,0,mlp,13599,10,3
5982,7,11.resid.615,11,resid,615,669,1057
5983,7,0.mlp.2386,0,mlp,2386,34,3
5984,7,11.resid.17596,11,resid,17596,705,1058
5985,7,0.mlp.39209,0,mlp,39209,13,3
5986,7,11.resid.17270,11,resid,17270,476,1
5987,7,0.mlp.32799,0,mlp,32799,7,1
5988,7,11.resid.14508,11,resid,14508,513,1059
5989,7,0.mlp.28843,0,mlp,28843,45,3
5990,7,11.resid.7787,11,resid,7787,428,0
5991,7,0.mlp.3674,0,mlp,3674,9,1
5992,7,11.resid.17385,11,resid,17385,730,1060
5993,7,0.mlp.7434,0,mlp,7434,40,3
5994,7,11.resid.28910,11,resid,28910,445,0
5995,7,0.resid.13229,0,resid,13229,15,2
5996,7,11.mlp.17563,11,mlp,17563,617,1061
5997,7,0.resid.23456,0,resid,23456,17,0
5998,7,11.mlp.15998,11,mlp,15998,633,1062
5999,7,0.resid.38309,0,resid,38309,42,2
6000,7,11.mlp.40550,11,mlp,40550,635,1063
6001,7,0.resid.12524,0,resid,12524,26,2
6002,7,11.mlp.36130,11,mlp,36130,621,1064
6003,7,0.resid.32194,0,resid,32194,19,3
6004,7,11.mlp.16880,11,mlp,16880,590,1
6005,7,0.resid.28475,0,resid,28475,141,3
6006,7,11.mlp.28897,11,mlp,28897,643,1065
6007,7,0.resid.27731,0,resid,27731,21,2
6008,7,11.mlp.10053,11,mlp,10053,478,1
6009,7,0.resid.40936,0,resid,40936,28,3
6010,7,11.mlp.16843,11,mlp,16843,452,0
6011,7,0.resid.5617,0,resid,5617,16,3
6012,7,11.mlp.10440,11,mlp,10440,429,1
6013,7,0.resid.17027,0,resid,17027,11,3
6014,7,11.mlp.22709,11,mlp,22709,470,1
6015,7,0.resid.7207,0,resid,7207,64,3
6016,7,11.mlp.35247,11,mlp,35247,515,1066
6017,7,0.resid.29342,0,resid,29342,55,2
6018,7,11.mlp.40806,11,mlp,40806,338,1
6019,7,0.resid.2647,0,resid,2647,183,3
6020,7,11.mlp.40704,11,mlp,40704,441,0
6021,7,0.resid.24108,0,resid,24108,11,1
6022,7,11.mlp.33597,11,mlp,33597,395,0
6023,7,0.resid.33944,0,resid,33944,13,3
6024,7,11.mlp.7161,11,mlp,7161,250,1
6025,7,0.resid.17053,0,resid,17053,23,3
6026,7,11.mlp.9357,11,mlp,9357,364,1
6027,7,0.resid.4460,0,resid,4460,66,3
6028,7,11.mlp.28678,11,mlp,28678,351,0
6029,7,0.resid.16758,0,resid,16758,27,2
6030,7,11.mlp.25869,11,mlp,25869,308,1
6031,7,0.resid.36742,0,resid,36742,22,0
6032,7,11.mlp.27518,11,mlp,27518,627,1067
6033,7,0.resid.8256,0,resid,8256,26,2
6034,7,11.mlp.35518,11,mlp,35518,774,1068
6035,7,0.resid.30626,0,resid,30626,51,3
6036,7,11.mlp.22010,11,mlp,22010,340,1
6037,7,0.resid.33004,0,resid,33004,99,3
6038,7,11.mlp.18368,11,mlp,18368,257,1
6039,7,0.resid.6826,0,resid,6826,52,2
6040,7,11.mlp.36945,11,mlp,36945,332,1
6041,7,0.resid.21389,0,resid,21389,34,3
6042,7,11.mlp.24195,11,mlp,24195,443,1
6043,7,0.resid.1466,0,resid,1466,126,3
6044,7,11.mlp.27241,11,mlp,27241,508,0
6045,7,0.resid.19517,0,resid,19517,50,2
6046,7,11.mlp.1887,11,mlp,1887,496,1
6047,7,0.resid.35571,0,resid,35571,51,3
6048,7,11.mlp.26704,11,mlp,26704,703,1069
6049,7,0.resid.11798,0,resid,11798,22,2
6050,7,11.mlp.20694,11,mlp,20694,273,1
6051,7,0.resid.16137,0,resid,16137,19,3
6052,7,11.mlp.9005,11,mlp,9005,540,0
6053,7,11.attn.36260,11,attn,36260,422,0
6054,7,11.attn.3836,11,attn,3836,329,0
6055,7,1.attn.16628,1,attn,16628,45,0
6056,7,11.attn.27353,11,attn,27353,220,0
6057,7,11.attn.2550,11,attn,2550,844,1070
6058,7,1.attn.39739,1,attn,39739,34,0
6059,7,11.attn.40894,11,attn,40894,353,0
6060,7,11.attn.24667,11,attn,24667,239,0
6061,7,11.attn.33607,11,attn,33607,782,1071
6062,7,1.attn.36850,1,attn,36850,62,3
6063,7,11.attn.19848,11,attn,19848,440,1
6064,7,1.attn.24381,1,attn,24381,137,3
6065,7,11.attn.33907,11,attn,33907,387,0
6066,7,11.attn.1688,11,attn,1688,190,1
6067,7,11.attn.16424,11,attn,16424,329,0
6068,7,11.attn.31230,11,attn,31230,325,0
6069,7,1.attn.4800,1,attn,4800,77,0
6070,7,11.attn.11049,11,attn,11049,551,1
6071,7,1.attn.36136,1,attn,36136,66,0
6072,7,11.attn.22433,11,attn,22433,393,0
6073,7,11.attn.31118,11,attn,31118,266,0
6074,7,11.attn.20405,11,attn,20405,976,1072
6075,7,11.attn.10346,11,attn,10346,484,1
6076,7,11.attn.26714,11,attn,26714,365,0
6077,7,11.attn.29623,11,attn,29623,660,1073
6078,7,11.attn.5605,11,attn,5605,400,0
6079,7,1.attn.37072,1,attn,37072,444,1
6080,7,11.attn.22333,11,attn,22333,353,0
6081,7,11.attn.20202,11,attn,20202,1377,1074
6082,7,1.attn.4542,1,attn,4542,84,2
6083,7,11.attn.1669,11,attn,1669,790,1075
6084,7,11.attn.4155,11,attn,4155,323,0
6085,7,11.attn.4800,11,attn,4800,402,0
6086,7,11.attn.4104,11,attn,4104,627,1076
6087,7,1.attn.35263,1,attn,35263,85,2
6088,7,11.attn.31080,11,attn,31080,248,0
6089,7,1.mlp.22684,1,mlp,22684,78,2
6090,7,10.resid.9078,10,resid,9078,642,1077
6091,7,1.mlp.37841,1,mlp,37841,248,3
6092,7,10.resid.10682,10,resid,10682,663,1078
6093,7,1.mlp.35903,1,mlp,35903,142,2
6094,7,10.resid.17458,10,resid,17458,355,0
6095,7,1.mlp.24955,1,mlp,24955,85,2
6096,7,10.resid.13011,10,resid,13011,611,1
6097,7,1.mlp.9316,1,mlp,9316,116,2
6098,7,10.resid.31687,10,resid,31687,339,1
6099,7,1.mlp.2013,1,mlp,2013,150,2
6100,7,10.resid.17538,10,resid,17538,559,1079
6101,7,1.mlp.29680,1,mlp,29680,135,2
6102,7,10.resid.21578,10,resid,21578,701,1080
6103,7,1.mlp.17515,1,mlp,17515,86,2
6104,7,10.resid.13434,10,resid,13434,242,1
6105,7,1.mlp.28494,1,mlp,28494,51,2
6106,7,10.resid.2291,10,resid,2291,348,0
6107,7,1.mlp.30200,1,mlp,30200,77,2
6108,7,10.resid.34531,10,resid,34531,671,1081
6109,7,1.mlp.8672,1,mlp,8672,99,2
6110,7,10.resid.14582,10,resid,14582,592,1
6111,7,1.mlp.30841,1,mlp,30841,154,2
6112,7,10.resid.39536,10,resid,39536,796,1082
6113,7,1.mlp.22065,1,mlp,22065,149,2
6114,7,10.resid.3932,10,resid,3932,585,1
6115,7,1.mlp.39204,1,mlp,39204,125,2
6116,7,10.resid.10981,10,resid,10981,607,1
6117,7,1.mlp.7300,1,mlp,7300,98,2
6118,7,10.resid.1025,10,resid,1025,674,1083
6119,7,1.mlp.11152,1,mlp,11152,207,3
6120,7,10.resid.22634,10,resid,22634,542,0
6121,7,1.mlp.22316,1,mlp,22316,163,2
6122,7,10.resid.38801,10,resid,38801,389,0
6123,7,1.mlp.5067,1,mlp,5067,173,3
6124,7,10.resid.39235,10,resid,39235,627,1084
6125,7,1.mlp.21971,1,mlp,21971,157,3
6126,7,10.resid.35455,10,resid,35455,617,1085
6127,7,1.mlp.7584,1,mlp,7584,123,2
6128,7,10.resid.3832,10,resid,3832,828,1086
6129,7,1.mlp.9212,1,mlp,9212,93,2
6130,7,10.resid.18974,10,resid,18974,738,1087
6131,7,1.mlp.32151,1,mlp,32151,88,2
6132,7,10.resid.21476,10,resid,21476,678,1088
6133,7,1.mlp.25414,1,mlp,25414,156,2
6134,7,10.resid.30639,10,resid,30639,594,0
6135,7,1.mlp.8945,1,mlp,8945,112,2
6136,7,10.resid.10617,10,resid,10617,637,1089
6137,7,1.mlp.26891,1,mlp,26891,197,2
6138,7,10.resid.22529,10,resid,22529,844,1090
6139,7,1.mlp.13033,1,mlp,13033,175,3
6140,7,10.resid.4932,10,resid,4932,462,1091
6141,7,1.mlp.8307,1,mlp,8307,201,3
6142,7,10.resid.36687,10,resid,36687,381,1
6143,7,1.mlp.9271,1,mlp,9271,60,2
6144,7,10.resid.16180,10,resid,16180,649,1092
6145,7,1.mlp.23494,1,mlp,23494,115,2
6146,7,10.mlp.40593,10,mlp,40593,350,0
6147,7,1.resid.28840,1,resid,28840,55,2
6148,7,10.mlp.40747,10,mlp,40747,707,1093
6149,7,1.resid.28378,1,resid,28378,72,2
6150,7,10.mlp.19823,10,mlp,19823,527,1094
6151,7,1.resid.1388,1,resid,1388,183,3
6152,7,10.mlp.27600,10,mlp,27600,303,1
6153,7,1.resid.36969,1,resid,36969,59,2
6154,7,10.mlp.34305,10,mlp,34305,553,1095
6155,7,1.resid.23300,1,resid,23300,156,3
6156,7,10.mlp.16803,10,mlp,16803,381,0
6157,7,1.resid.22638,1,resid,22638,100,3
6158,7,10.mlp.2239,10,mlp,2239,440,1
6159,7,1.resid.30088,1,resid,30088,116,3
6160,7,10.mlp.8147,10,mlp,8147,326,1
6161,7,1.resid.8049,1,resid,8049,122,3
6162,7,10.mlp.23438,10,mlp,23438,457,0
6163,7,1.resid.26823,1,resid,26823,64,2
6164,7,10.mlp.31101,10,mlp,31101,481,0
6165,7,1.resid.26153,1,resid,26153,137,3
6166,7,10.mlp.11420,10,mlp,11420,345,0
6167,7,1.resid.20036,1,resid,20036,84,3
6168,7,10.mlp.8726,10,mlp,8726,415,1
6169,7,1.resid.33311,1,resid,33311,80,2
6170,7,10.mlp.22370,10,mlp,22370,587,1
6171,7,1.resid.34370,1,resid,34370,104,2
6172,7,10.mlp.22865,10,mlp,22865,417,0
6173,7,1.resid.1252,1,resid,1252,42,0
6174,7,10.mlp.1809,10,mlp,1809,396,0
6175,7,1.resid.25906,1,resid,25906,89,3
6176,7,10.mlp.18744,10,mlp,18744,414,1096
6177,7,1.resid.35524,1,resid,35524,95,2
6178,7,10.mlp.13640,10,mlp,13640,499,1
6179,7,1.resid.14469,1,resid,14469,84,2
6180,7,10.mlp.34164,10,mlp,34164,442,0
6181,7,1.resid.3294,1,resid,3294,86,3
6182,7,10.mlp.24352,10,mlp,24352,470,0
6183,7,1.resid.26383,1,resid,26383,49,2
6184,7,10.mlp.88,10,mlp,88,520,1
6185,7,1.resid.11264,1,resid,11264,121,3
6186,7,10.mlp.9566,10,mlp,9566,523,1
6187,7,1.resid.22995,1,resid,22995,88,2
6188,7,10.mlp.21343,10,mlp,21343,665,1097
6189,7,1.resid.34718,1,resid,34718,59,2
6190,7,10.mlp.14009,10,mlp,14009,518,0
6191,7,1.resid.2392,1,resid,2392,47,2
6192,7,10.mlp.33416,10,mlp,33416,771,1098
6193,7,1.resid.32005,1,resid,32005,108,2
6194,7,10.mlp.7423,10,mlp,7423,511,1
6195,7,1.resid.24433,1,resid,24433,59,2
6196,7,10.mlp.11900,10,mlp,11900,581,1099
6197,7,1.resid.27961,1,resid,27961,141,2
6198,7,10.mlp.12152,10,mlp,12152,431,1
6199,7,1.resid.38677,1,resid,38677,146,3
6200,7,10.mlp.32948,10,mlp,32948,473,0
6201,7,1.resid.31976,1,resid,31976,149,1
6202,7,10.mlp.30200,10,mlp,30200,366,0
6203,7,2.attn.11647,2,attn,11647,99,0
6204,7,10.attn.26748,10,attn,26748,351,0
6205,7,2.attn.7717,2,attn,7717,146,0
6206,7,10.attn.39243,10,attn,39243,1326,1100
6207,7,2.attn.12562,2,attn,12562,161,0
6208,7,10.attn.25658,10,attn,25658,583,1
6209,7,10.attn.3891,10,attn,3891,630,1101
6210,7,2.attn.7809,2,attn,7809,130,0
6211,7,10.attn.28037,10,attn,28037,514,1
6212,7,10.attn.32863,10,attn,32863,594,1
6213,7,2.attn.3090,2,attn,3090,74,0
6214,7,10.attn.14975,10,attn,14975,584,1
6215,7,10.attn.16498,10,attn,16498,523,0
6216,7,2.attn.21907,2,attn,21907,187,0
6217,7,10.attn.37661,10,attn,37661,313,0
6218,7,2.attn.26317,2,attn,26317,118,0
6219,7,10.attn.18666,10,attn,18666,306,0
6220,7,2.attn.28038,2,attn,28038,53,0
6221,7,10.attn.16564,10,attn,16564,359,0
6222,7,2.attn.11691,2,attn,11691,155,0
6223,7,10.attn.30832,10,attn,30832,345,0
6224,7,10.attn.18974,10,attn,18974,511,1
6225,7,2.attn.27390,2,attn,27390,121,2
6226,7,10.attn.34775,10,attn,34775,655,1102
6227,7,2.attn.10781,2,attn,10781,168,0
6228,7,10.attn.20502,10,attn,20502,300,0
6229,7,2.attn.4433,2,attn,4433,188,0
6230,7,10.attn.20340,10,attn,20340,446,0
6231,7,10.attn.25889,10,attn,25889,575,1
6232,7,10.attn.20464,10,attn,20464,453,1
6233,7,10.attn.35582,10,attn,35582,781,1103
6234,7,10.attn.30082,10,attn,30082,147,0
6235,7,2.attn.25361,2,attn,25361,149,0
6236,7,10.attn.8882,10,attn,8882,206,1
6237,7,2.attn.5960,2,attn,5960,142,0
6238,7,10.attn.5552,10,attn,5552,204,0
6239,7,2.attn.11783,2,attn,11783,226,0
6240,7,10.attn.39087,10,attn,39087,962,1104
6241,7,2.attn.17956,2,attn,17956,145,0
6242,7,10.attn.14869,10,attn,14869,285,0
6243,7,2.attn.30982,2,attn,30982,152,0
6244,7,10.attn.5975,10,attn,5975,883,1105
6245,7,2.attn.8864,2,attn,8864,148,0
6246,7,10.attn.30833,10,attn,30833,824,1106
6247,7,2.attn.20804,2,attn,20804,180,0
6248,7,10.attn.4238,10,attn,4238,295,0
6249,7,2.attn.28244,2,attn,28244,141,0
6250,7,2.attn.12596,2,attn,12596,113,0
6251,7,9.resid.7278,9,resid,7278,598,1107
6252,7,2.mlp.20459,2,mlp,20459,212,0
6253,7,9.resid.2090,9,resid,2090,630,1108
6254,7,2.mlp.17438,2,mlp,17438,69,0
6255,7,9.resid.2445,9,resid,2445,566,0
6256,7,2.mlp.11003,2,mlp,11003,197,1
6257,7,9.resid.15432,9,resid,15432,474,0
6258,7,2.mlp.35268,2,mlp,35268,205,1
6259,7,9.resid.16239,9,resid,16239,435,0
6260,7,2.mlp.1636,2,mlp,1636,143,0
6261,7,9.resid.27134,9,resid,27134,719,1109
6262,7,2.mlp.27423,2,mlp,27423,166,0
6263,7,9.resid.30218,9,resid,30218,474,0
6264,7,2.mlp.23853,2,mlp,23853,136,0
6265,7,9.resid.16371,9,resid,16371,533,0
6266,7,2.mlp.29792,2,mlp,29792,246,1
6267,7,9.resid.16580,9,resid,16580,641,1110
6268,7,2.mlp.9228,2,mlp,9228,155,3
6269,7,9.resid.1476,9,resid,1476,550,1111
6270,7,2.mlp.13016,2,mlp,13016,297,1
6271,7,9.resid.1019,9,resid,1019,376,0
6272,7,2.mlp.33203,2,mlp,33203,217,1
6273,7,9.resid.24355,9,resid,24355,551,1
6274,7,2.mlp.4806,2,mlp,4806,260,1
6275,7,9.resid.29678,9,resid,29678,451,0
6276,7,2.mlp.37550,2,mlp,37550,163,0
6277,7,9.resid.36977,9,resid,36977,241,1
6278,7,2.mlp.3738,2,mlp,3738,306,1
6279,7,9.resid.12209,9,resid,12209,594,1
6280,7,2.mlp.29869,2,mlp,29869,284,1
6281,7,9.resid.21562,9,resid,21562,374,0
6282,7,2.mlp.39528,2,mlp,39528,114,2
6283,7,9.resid.15165,9,resid,15165,597,1
6284,7,2.mlp.32274,2,mlp,32274,225,1
6285,7,9.resid.6776,9,resid,6776,475,0
6286,7,2.mlp.31229,2,mlp,31229,165,0
6287,7,9.resid.40851,9,resid,40851,467,1
6288,7,2.mlp.683,2,mlp,683,208,0
6289,7,9.resid.15911,9,resid,15911,961,1112
6290,7,2.mlp.32433,2,mlp,32433,187,0
6291,7,9.resid.39359,9,resid,39359,475,0
6292,7,2.mlp.5496,2,mlp,5496,107,0
6293,7,9.resid.39581,9,resid,39581,470,1
6294,7,2.mlp.17066,2,mlp,17066,193,0
6295,7,9.resid.26985,9,resid,26985,381,0
6296,7,2.mlp.13469,2,mlp,13469,227,1
6297,7,9.resid.14448,9,resid,14448,598,1113
6298,7,2.mlp.16458,2,mlp,16458,127,2
6299,7,9.resid.29978,9,resid,29978,741,1114
6300,7,2.mlp.23594,2,mlp,23594,150,2
6301,7,9.resid.2450,9,resid,2450,516,0
6302,7,2.mlp.22598,2,mlp,22598,251,1
6303,7,9.resid.13944,9,resid,13944,686,1115
6304,7,2.mlp.13479,2,mlp,13479,246,1
6305,7,9.resid.1962,9,resid,1962,515,0
6306,7,2.mlp.12122,2,mlp,12122,224,1
6307,7,9.resid.17853,9,resid,17853,363,0
6308,7,2.resid.11721,2,resid,11721,140,0
6309,7,9.mlp.328,9,mlp,328,437,1
6310,7,2.resid.13559,2,resid,13559,155,0
6311,7,9.mlp.35918,9,mlp,35918,346,1
6312,7,2.resid.28915,2,resid,28915,98,2
6313,7,9.mlp.17698,9,mlp,17698,332,1
6314,7,2.resid.17334,2,resid,17334,240,1
6315,7,9.mlp.20970,9,mlp,20970,570,1
6316,7,2.resid.10839,2,resid,10839,215,1
6317,7,9.mlp.6378,9,mlp,6378,422,1
6318,7,2.resid.25742,2,resid,25742,174,3
6319,7,9.mlp.25461,9,mlp,25461,469,0
6320,7,2.resid.22841,2,resid,22841,180,0
6321,7,9.mlp.18662,9,mlp,18662,652,1116
6322,7,2.resid.29441,2,resid,29441,117,2
6323,7,9.mlp.20960,9,mlp,20960,478,0
6324,7,2.resid.15723,2,resid,15723,141,0
6325,7,9.mlp.2091,9,mlp,2091,435,1
6326,7,2.resid.9614,2,resid,9614,128,3
6327,7,9.mlp.11349,9,mlp,11349,657,1117
6328,7,2.resid.7959,2,resid,7959,205,0
6329,7,9.mlp.1431,9,mlp,1431,610,1
6330,7,2.resid.17257,2,resid,17257,120,2
6331,7,9.mlp.15520,9,mlp,15520,410,0
6332,7,2.resid.27585,2,resid,27585,61,2
6333,7,9.mlp.8867,9,mlp,8867,360,0
6334,7,2.resid.25319,2,resid,25319,99,2
6335,7,9.mlp.11429,9,mlp,11429,408,1
6336,7,2.resid.30176,2,resid,30176,118,2
6337,7,9.mlp.21132,9,mlp,21132,600,1
6338,7,2.resid.8145,2,resid,8145,121,3
6339,7,9.mlp.18951,9,mlp,18951,538,1118
6340,7,2.resid.16602,2,resid,16602,184,1
6341,7,9.mlp.18652,9,mlp,18652,434,1119
6342,7,2.resid.15846,2,resid,15846,208,2
6343,7,9.mlp.28341,9,mlp,28341,608,1120
6344,7,2.resid.3094,2,resid,3094,96,2
6345,7,9.mlp.21702,9,mlp,21702,558,1
6346,7,2.resid.3558,2,resid,3558,191,1
6347,7,9.mlp.5042,9,mlp,5042,407,0
6348,7,2.resid.3692,2,resid,3692,225,1
6349,7,9.mlp.13833,9,mlp,13833,694,1121
6350,7,2.resid.11208,2,resid,11208,68,0
6351,7,9.mlp.10053,9,mlp,10053,468,1
6352,7,2.resid.33130,2,resid,33130,128,2
6353,7,9.mlp.27041,9,mlp,27041,436,0
6354,7,2.resid.652,2,resid,652,151,3
6355,7,9.mlp.21377,9,mlp,21377,479,1
6356,7,2.resid.14342,2,resid,14342,170,3
6357,7,9.mlp.27020,9,mlp,27020,370,0
6358,7,2.resid.22163,2,resid,22163,220,0
6359,7,9.mlp.24344,9,mlp,24344,346,1
6360,7,2.resid.15029,2,resid,15029,200,3
6361,7,9.mlp.38270,9,mlp,38270,468,0
6362,7,2.resid.25667,2,resid,25667,164,0
6363,7,9.mlp.12753,9,mlp,12753,450,1
6364,7,2.resid.10272,2,resid,10272,123,0
6365,7,9.attn.12375,9,attn,12375,672,1122
6366,7,9.attn.27652,9,attn,27652,470,1
6367,7,3.attn.33051,3,attn,33051,182,0
6368,7,9.attn.26659,9,attn,26659,209,0
6369,7,9.attn.36004,9,attn,36004,180,1
6370,7,3.attn.1679,3,attn,1679,209,0
6371,7,9.attn.4504,9,attn,4504,469,0
6372,7,3.attn.4885,3,attn,4885,146,0
6373,7,9.attn.10510,9,attn,10510,198,0
6374,7,3.attn.38346,3,attn,38346,112,0
6375,7,9.attn.14171,9,attn,14171,564,1123
6376,7,3.attn.12305,3,attn,12305,182,0
6377,7,9.attn.11004,9,attn,11004,583,0
6378,7,9.attn.40888,9,attn,40888,700,1124
6379,7,3.attn.23343,3,attn,23343,226,1
6380,7,9.attn.6792,9,attn,6792,834,1125
6381,7,3.attn.20946,3,attn,20946,364,0
6382,7,9.attn.30659,9,attn,30659,462,1
6383,7,3.attn.24259,3,attn,24259,172,0
6384,7,9.attn.13000,9,attn,13000,533,1
6385,7,3.attn.4517,3,attn,4517,153,0
6386,7,9.attn.12668,9,attn,12668,852,1126
6387,7,3.attn.38734,3,attn,38734,144,0
6388,7,9.attn.38652,9,attn,38652,269,0
6389,7,3.attn.26841,3,attn,26841,276,0
6390,7,9.attn.9582,9,attn,9582,778,1127
6391,7,3.attn.20477,3,attn,20477,155,0
6392,7,9.attn.17553,9,attn,17553,476,1
6393,7,3.attn.32863,3,attn,32863,276,0
6394,7,9.attn.30395,9,attn,30395,364,1
6395,7,3.attn.30304,3,attn,30304,145,0
6396,7,9.attn.25710,9,attn,25710,669,1128
6397,7,3.attn.39632,3,attn,39632,301,0
6398,7,9.attn.38729,9,attn,38729,231,0
6399,7,3.attn.29509,3,attn,29509,346,0
6400,8,0.mlp.36144,0,mlp,36144,12,1
6401,8,11.resid.36549,11,resid,36549,436,1
6402,8,0.mlp.34295,0,mlp,34295,4,1129
6403,8,11.resid.26806,11,resid,26806,565,1130
6404,8,0.mlp.8681,0,mlp,8681,16,3
6405,8,11.resid.25071,11,resid,25071,620,1131
6406,8,0.mlp.26260,0,mlp,26260,21,3
6407,8,11.resid.27792,11,resid,27792,202,0
6408,8,0.mlp.39313,0,mlp,39313,22,3
6409,8,11.resid.9812,11,resid,9812,323,0
6410,8,0.mlp.2759,0,mlp,2759,12,3
6411,8,11.resid.15045,11,resid,15045,849,1132
6412,8,0.mlp.37491,0,mlp,37491,14,3
6413,8,11.resid.38826,11,resid,38826,509,1
6414,8,0.mlp.916,0,mlp,916,20,3
6415,8,11.resid.27269,11,resid,27269,925,1133
6416,8,0.mlp.9934,0,mlp,9934,8,1
6417,8,11.resid.16455,11,resid,16455,278,0
6418,8,0.mlp.35913,0,mlp,35913,18,3
6419,8,11.resid.39121,11,resid,39121,552,1
6420,8,0.mlp.39329,0,mlp,39329,14,1
6421,8,11.resid.8964,11,resid,8964,326,0
6422,8,0.mlp.7516,0,mlp,7516,7,1
6423,8,11.resid.28811,11,resid,28811,447,0
6424,8,0.mlp.1566,0,mlp,1566,14,3
6425,8,11.resid.30587,11,resid,30587,273,0
6426,8,0.mlp.38274,0,mlp,38274,20,3
6427,8,11.resid.15437,11,resid,15437,426,1
6428,8,0.mlp.401,0,mlp,401,27,3
6429,8,11.resid.18681,11,resid,18681,460,1
6430,8,0.mlp.37185,0,mlp,37185,14,2
6431,8,11.resid.6856,11,resid,6856,562,1
6432,8,0.mlp.28453,0,mlp,28453,57,3
6433,8,11.resid.6511,11,resid,6511,438,0
6434,8,0.mlp.6176,0,mlp,6176,13,3
6435,8,11.resid.16485,11,resid,16485,540,0
6436,8,0.mlp.14799,0,mlp,14799,14,1
6437,8,11.resid.5065,11,resid,5065,650,1134
6438,8,0.mlp.39894,0,mlp,39894,26,3
6439,8,11.resid.25925,11,resid,25925,354,1
6440,8,0.mlp.8297,0,mlp,8297,35,3
6441,8,11.resid.4674,11,resid,4674,239,1
6442,8,0.mlp.37929,0,mlp,37929,16,3
6443,8,11.resid.14483,11,resid,14483,441,0
6444,8,0.mlp.18039,0,mlp,18039,18,3
6445,8,11.resid.17397,11,resid,17397,519,1
6446,8,0.mlp.233,0,mlp,233,94,3
6447,8,11.resid.16872,11,resid,16872,405,1
6448,8,0.mlp.14720,0,mlp,14720,22,3
6449,8,11.resid.14145,11,resid,14145,257,1
6450,8,0.mlp.27898,0,mlp,27898,39,3
6451,8,11.resid.10817,11,resid,10817,544,1
6452,8,0.mlp.11201,0,mlp,11201,26,3
6453,8,11.resid.22570,11,resid,22570,349,1
6454,8,0.mlp.38172,0,mlp,38172,20,3
6455,8,11.resid.40447,11,resid,40447,199,0
6456,8,0.resid.15108,0,resid,15108,14,0
6457,8,11.mlp.18156,11,mlp,18156,567,1
6458,8,0.resid.13036,0,resid,13036,15,3
6459,8,11.mlp.27190,11,mlp,27190,516,1
6460,8,0.resid.39756,0,resid,39756,27,3
6461,8,11.mlp.21730,11,mlp,21730,571,1135
6462,8,0.resid.35455,0,resid,35455,21,2
6463,8,11.mlp.1254,11,mlp,1254,258,1
6464,8,0.resid.10821,0,resid,10821,39,2
6465,8,11.mlp.35602,11,mlp,35602,650,1136
6466,8,0.resid.16705,0,resid,16705,66,3
6467,8,11.mlp.23665,11,mlp,23665,672,1137
6468,8,0.resid.28812,0,resid,28812,103,3
6469,8,11.mlp.35540,11,mlp,35540,444,0
6470,8,0.resid.6237,0,resid,6237,82,3
6471,8,11.mlp.6433,11,mlp,6433,341,1
6472,8,0.resid.16698,0,resid,16698,43,2
6473,8,11.mlp.40579,11,mlp,40579,616,1138
6474,8,0.resid.26357,0,resid,26357,219,3
6475,8,11.mlp.29909,11,mlp,29909,558,0
6476,8,0.resid.20685,0,resid,20685,88,3
6477,8,11.mlp.522,11,mlp,522,447,1139
6478,8,0.resid.5911,0,resid,5911,60,3
6479,8,11.mlp.5473,11,mlp,5473,592,1140
6480,8,0.resid.28409,0,resid,28409,81,2
6481,8,11.mlp.436,11,mlp,436,648,1141
6482,8,0.resid.20059,0,resid,20059,230,3
6483,8,11.mlp.6765,11,mlp,6765,544,0
6484,8,0.resid.11781,0,resid,11781,34,3
6485,8,11.mlp.17554,11,mlp,17554,440,0
6486,8,0.resid.30726,0,resid,30726,64,3
6487,8,11.mlp.40787,11,mlp,40787,763,1142
6488,8,0.resid.25124,0,resid,25124,12,0
6489,8,11.mlp.29881,11,mlp,29881,533,1
6490,8,0.resid.32975,0,resid,32975,27,3
6491,8,11.mlp.23741,11,mlp,23741,487,0
6492,8,0.resid.34590,0,resid,34590,15,0
6493,8,11.mlp.14840,11,mlp,14840,534,1
6494,8,0.resid.21989,0,resid,21989,17,3
6495,8,11.mlp.12573,11,mlp,12573,861,1143
6496,8,0.resid.3221,0,resid,3221,88,3
6497,8,11.mlp.28208,11,mlp,28208,662,1144
6498,8,0.resid.13158,0,resid,13158,162,3
6499,8,11.mlp.30001,11,mlp,30001,580,1
6500,8,0.resid.3940,0,resid,3940,45,3
6501,8,11.mlp.31056,11,mlp,31056,435,0
6502,8,0.resid.30450,0,resid,30450,82,3
6503,8,11.mlp.39072,11,mlp,39072,807,1145
6504,8,0.resid.20345,0,resid,20345,61,3
6505,8,11.mlp.1883,11,mlp,1883,448,0
6506,8,0.resid.27340,0,resid,27340,11,3
6507,8,11.mlp.36517,11,mlp,36517,487,1
6508,8,0.resid.36600,0,resid,36600,17,0
6509,8,11.mlp.16211,11,mlp,16211,388,0
6510,8,0.resid.26862,0,resid,26862,27,3
6511,8,11.mlp.8839,11,mlp,8839,254,1
6512,8,0.resid.7434,0,resid,7434,28,2
6513,8,11.mlp.17013,11,mlp,17013,517,1146
6514,8,11.attn.4679,11,attn,4679,407,0
6515,8,11.attn.27270,11,attn,27270,364,0
6516,8,11.attn.28428,11,attn,28428,618,1147
6517,8,11.attn.8374,11,attn,8374,566,0
6518,8,1.attn.38611,1,attn,38611,64,3
6519,8,11.attn.16989,11,attn,16989,815,1148
6520,8,11.attn.33870,11,attn,33870,214,0
6521,8,11.attn.2640,11,attn,2640,936,1149
6522,8,11.attn.32332,11,attn,32332,316,0
6523,8,11.attn.31698,11,attn,31698,432,0
6524,8,1.attn.13985,1,attn,13985,75,0
6525,8,11.attn.38390,11,attn,38390,326,0
6526,8,11.attn.39979,11,attn,39979,652,1150
6527,8,1.attn.40307,1,attn,40307,87,2
6528,8,11.attn.26000,11,attn,26000,291,0
6529,8,11.attn.31557,11,attn,31557,363,0
6530,8,11.attn.4122,11,attn,4122,434,1
6531,8,11.attn.40102,11,attn,40102,362,0
6532,8,11.attn.773,11,attn,773,883,1151
6533,8,11.attn.30684,11,attn,30684,392,1
6534,8,11.attn.28119,11,attn,28119,394,0
6535,8,1.attn.22875,1,attn,22875,60,0
6536,8,11.attn.18935,11,attn,18935,661,1152
6537,8,1.attn.5781,1,attn,5781,83,3
6538,8,11.attn.3678,11,attn,3678,473,1
6539,8,11.attn.17828,11,attn,17828,578,1
6540,8,1.attn.35831,1,attn,35831,119,3
6541,8,11.attn.36757,11,attn,36757,517,1
6542,8,1.attn.4323,1,attn,4323,50,0
6543,8,11.attn.31650,11,attn,31650,218,0
6544,8,11.attn.17218,11,attn,17218,711,1153
6545,8,1.attn.19201,1,attn,19201,141,3
6546,8,11.attn.8863,11,attn,8863,306,0
6547,8,1.attn.28703,1,attn,28703,88,2
6548,8,11.attn.28014,11,attn,28014,503,1
6549,8,11.attn.9984,11,attn,9984,611,1
6550,8,1.mlp.33441,1,mlp,33441,190,2
6551,8,10.resid.11024,10,resid,11024,201,1
6552,8,1.mlp.6156,1,mlp,6156,148,2
6553,8,10.resid.40226,10,resid,40226,709,1154
6554,8,1.mlp.36546,1,mlp,36546,201,3
6555,8,10.resid.30349,10,resid,30349,521,0
6556,8,1.mlp.2193,1,mlp,2193,137,2
6557,8,10.resid.14611,10,resid,14611,376,0
6558,8,1.mlp.17816,1,mlp,17816,273,1
6559,8,10.resid.73,10,resid,73,569,1
6560,8,1.mlp.37214,1,mlp,37214,82,2
6561,8,10.resid.18513,10,resid,18513,323,0
6562,8,1.mlp.28429,1,mlp,28429,95,2
6563,8,10.resid.18145,10,resid,18145,672,1155
6564,8,1.mlp.5168,1,mlp,5168,93,2
6565,8,10.resid.3757,10,resid,3757,427,0
6566,8,1.mlp.35165,1,mlp,35165,138,2
6567,8,10.resid.29270,10,resid,29270,431,1
6568,8,1.mlp.12112,1,mlp,12112,96,3
6569,8,10.resid.25765,10,resid,25765,420,0
6570,8,1.mlp.29488,1,mlp,29488,86,2
6571,8,10.resid.1625,10,resid,1625,471,1
6572,8,1.mlp.27859,1,mlp,27859,67,2
6573,8,10.resid.22758,10,resid,22758,561,0
6574,8,1.mlp.22503,1,mlp,22503,96,2
6575,8,10.resid.11089,10,resid,11089,695,1156
6576,8,1.mlp.20390,1,mlp,20390,107,2
6577,8,10.resid.26862,10,resid,26862,719,1157
6578,8,1.mlp.18697,1,mlp,18697,219,3
6579,8,10.resid.21672,10,resid,21672,566,1
6580,8,1.mlp.36185,1,mlp,36185,134,2
6581,8,10.resid.2581,10,resid,2581,711,1158
6582,8,1.mlp.35584,1,mlp,35584,111,2
6583,8,10.resid.28325,10,resid,28325,421,0
6584,8,1.mlp.29550,1,mlp,29550,105,2
6585,8,10.resid.11684,10,resid,11684,544,1
6586,8,1.mlp.7147,1,mlp,7147,75,2
6587,8,10.resid.2500,10,resid,2500,575,1
6588,8,1.mlp.12781,1,mlp,12781,135,2
6589,8,10.resid.8183,10,resid,8183,632,1159
6590,8,1.mlp.28188,1,mlp,28188,277,1
6591,8,10.resid.40782,10,resid,40782,1380,1160
6592,8,1.mlp.28328,1,mlp,28328,178,2
6593,8,10.resid.17493,10,resid,17493,458,0
6594,8,1.mlp.14660,1,mlp,14660,303,1
6595,8,10.resid.38616,10,resid,38616,657,1161
6596,8,1.mlp.32750,1,mlp,32750,123,2
6597,8,10.resid.21445,10,resid,21445,842,1162
6598,8,1.mlp.30536,1,mlp,30536,179,2
6599,8,10.resid.33059,10,resid,33059,638,1163
6600,8,1.mlp.38376,1,mlp,38376,143,2
6601,8,10.resid.36024,10,resid,36024,436,0
6602,8,1.mlp.16608,1,mlp,16608,103,2
6603,8,10.resid.30389,10,resid,30389,765,1164
6604,8,1.mlp.31816,1,mlp,31816,143,2
6605,8,10.resid.27858,10,resid,27858,220,1
6606,8,1.mlp.10877,1,mlp,10877,135,2
6607,8,10.mlp.9846,10,mlp,9846,616,1165
6608,8,1.resid.33344,1,resid,33344,73,2
6609,8,10.mlp.29892,10,mlp,29892,499,1
6610,8,1.resid.39115,1,resid,39115,52,2
6611,8,10.mlp.16234,10,mlp,16234,252,1
6612,8,1.resid.5767,1,resid,5767,74,2
6613,8,10.mlp.26310,10,mlp,26310,559,1166
6614,8,1.resid.3669,1,resid,3669,86,2
6615,8,10.mlp.22284,10,mlp,22284,633,1167
6616,8,1.resid.26862,1,resid,26862,154,2
6617,8,10.mlp.17222,10,mlp,17222,305,1
6618,8,1.resid.31813,1,resid,31813,99,2
6619,8,10.mlp.35239,10,mlp,35239,607,1
6620,8,1.resid.10961,1,resid,10961,104,2
6621,8,10.mlp.4516,10,mlp,4516,651,1168
6622,8,1.resid.29552,1,resid,29552,69,3
6623,8,10.mlp.26902,10,mlp,26902,297,1
6624,8,1.resid.1070,1,resid,1070,113,3
6625,8,10.mlp.39328,10,mlp,39328,329,0
6626,8,1.resid.16916,1,resid,16916,52,3
6627,8,10.mlp.26665,10,mlp,26665,497,1
6628,8,1.resid.1656,1,resid,1656,54,0
6629,8,10.mlp.4539,10,mlp,4539,407,1
6630,8,1.resid.16843,1,resid,16843,106,2
6631,8,10.mlp.31184,10,mlp,31184,419,0
6632,8,1.resid.31599,1,resid,31599,143,3
6633,8,10.mlp.4139,10,mlp,4139,265,1
6634,8,1.resid.36165,1,resid,36165,98,2
6635,8,10.mlp.3589,10,mlp,3589,440,0
6636,8,1.resid.6367,1,resid,6367,57,2
6637,8,10.mlp.5342,10,mlp,5342,524,1
6638,8,1.resid.5989,1,resid,5989,55,2
6639,8,10.mlp.233,10,mlp,233,373,0
6640,8,1.resid.28936,1,resid,28936,154,3
6641,8,10.mlp.22850,10,mlp,22850,654,1169
6642,8,1.resid.2113,1,resid,2113,135,3
6643,8,10.mlp.15966,10,mlp,15966,427,0
6644,8,1.resid.9259,1,resid,9259,81,2
6645,8,10.mlp.5255,10,mlp,5255,432,1
6646,8,1.resid.12765,1,resid,12765,80,2
6647,8,10.mlp.14251,10,mlp,14251,645,1170
6648,8,1.resid.2319,1,resid,2319,115,2
6649,8,10.mlp.34381,10,mlp,34381,382,1
6650,8,1.resid.23854,1,resid,23854,79,2
6651,8,10.mlp.39429,10,mlp,39429,622,1171
6652,8,1.resid.27382,1,resid,27382,112,2
6653,8,10.mlp.10600,10,mlp,10600,642,1172
6654,8,1.resid.2694,1,resid,2694,157,3
6655,8,10.mlp.29429,10,mlp,29429,514,1173
6656,8,1.resid.9528,1,resid,9528,118,2
6657,8,10.mlp.18623,10,mlp,18623,581,0
6658,8,1.resid.17179,1,resid,17179,119,3
6659,8,10.mlp.24032,10,mlp,24032,502,1
6660,8,1.resid.19605,1,resid,19605,89,2
6661,8,10.mlp.21922,10,mlp,21922,614,1174
6662,8,1.resid.505,1,resid,505,161,3
6663,8,10.mlp.13898,10,mlp,13898,506,1
6664,8,2.attn.36705,2,attn,36705,93,3
6665,8,10.attn.3325,10,attn,3325,530,0
6666,8,2.attn.30902,2,attn,30902,147,0
6667,8,10.attn.23631,10,attn,23631,551,1
6668,8,10.attn.32535,10,attn,32535,418,1
6669,8,2.attn.35948,2,attn,35948,145,0
6670,8,10.attn.22980,10,attn,22980,526,1175
6671,8,10.attn.36348,10,attn,36348,1310,1176
6672,8,2.attn.31613,2,attn,31613,86,0
6673,8,10.attn.4043,10,attn,4043,257,0
6674,8,10.attn.21857,10,attn,21857,1017,1177
6675,8,2.attn.37882,2,attn,37882,87,0
6676,8,10.attn.10039,10,attn,10039,351,0
6677,8,2.attn.12564,2,attn,12564,98,0
6678,8,10.attn.7490,10,attn,7490,346,0
6679,8,10.attn.16990,10,attn,16990,374,0
6680,8,10.attn.14721,10,attn,14721,243,1
6681,8,10.attn.10922,10,attn,10922,347,0
6682,8,2.attn.1292,2,attn,1292,159,0
6683,8,10.attn.12179,10,attn,12179,687,1178
6684,8,10.attn.35681,10,attn,35681,429,0
6685,8,10.attn.11472,10,attn,11472,372,0
6686,8,10.attn.22152,10,attn,22152,646,1179
6687,8,2.attn.38404,2,attn,38404,93,0
6688,8,10.attn.2652,10,attn,2652,1138,1180
6689,8,2.attn.18361,2,attn,18361,92,3
6690,8,10.attn.6893,10,attn,6893,223,1
6691,8,10.attn.16967,10,attn,16967,563,1181
6692,8,2.attn.8005,2,attn,8005,163,0
6693,8,10.attn.29163,10,attn,29163,343,0
6694,8,2.attn.7698,2,attn,7698,287,0
6695,8,10.attn.8147,10,attn,8147,907,1182
6696,8,2.attn.7818,2,attn,7818,122,0
6697,8,10.attn.35054,10,attn,35054,1052,1183
6698,8,2.attn.8165,2,attn,8165,125,3
6699,8,10.attn.38662,10,attn,38662,688,1184
6700,8,2.attn.26993,2,attn,26993,123,0
6701,8,10.attn.31179,10,attn,31179,545,1
6702,8,2.attn.4200,2,attn,4200,245,0
6703,8,10.attn.37890,10,attn,37890,362,0
6704,8,2.attn.6780,2,attn,6780,188,0
6705,8,10.attn.40750,10,attn,40750,310,0
6706,8,2.attn.30377,2,attn,30377,126,0
6707,8,10.attn.29046,10,attn,29046,549,1185
6708,8,2.attn.16854,2,attn,16854,61,0
6709,8,10.attn.28374,10,attn,28374,316,0
6710,8,2.attn.6898,2,attn,6898,177,1
6711,8,9.resid.39902,9,resid,39902,675,1186
6712,8,2.mlp.33656,2,mlp,33656,214,0
6713,8,9.resid.1457,9,resid,1457,910,1187
6714,8,2.mlp.32005,2,mlp,32005,211,1
6715,8,9.resid.14083,9,resid,14083,460,0
6716,8,2.mlp.23989,2,mlp,23989,198,0
6717,8,9.resid.6500,9,resid,6500,439,0
6718,8,2.mlp.20602,2,mlp,20602,136,0
6719,8,9.resid.7981,9,resid,7981,441,0
6720,8,2.mlp.5291,2,mlp,5291,249,0
6721,8,9.resid.39054,9,resid,39054,266,0
6722,8,2.mlp.351,2,mlp,351,175,0
6723,8,9.resid.1283,9,resid,1283,225,0
6724,8,2.mlp.36639,2,mlp,36639,117,2
6725,8,9.resid.20985,9,resid,20985,722,1188
6726,8,2.mlp.18100,2,mlp,18100,151,0
6727,8,9.resid.5457,9,resid,5457,341,0
6728,8,2.mlp.14137,2,mlp,14137,203,3
6729,8,9.resid.33440,9,resid,33440,830,1189
6730,8,2.mlp.29836,2,mlp,29836,179,1
6731,8,9.resid.40883,9,resid,40883,402,1
6732,8,2.mlp.38839,2,mlp,38839,396,1
6733,8,9.resid.26767,9,resid,26767,433,1
6734,8,2.mlp.27692,2,mlp,27692,231,1
6735,8,9.resid.8375,9,resid,8375,644,1190
6736,8,2.mlp.5714,2,mlp,5714,251,1
6737,8,9.resid.12589,9,resid,12589,275,0
6738,8,2.mlp.33685,2,mlp,33685,225,1
6739,8,9.resid.31970,9,resid,31970,613,1
6740,8,2.mlp.36637,2,mlp,36637,173,3
6741,8,9.resid.5546,9,resid,5546,851,1191
6742,8,2.mlp.8386,2,mlp,8386,229,0
6743,8,9.resid.216,9,resid,216,507,1
6744,8,2.mlp.40498,2,mlp,40498,167,0
6745,8,9.resid.669,9,resid,669,839,1192
6746,8,2.mlp.22125,2,mlp,22125,170,0
6747,8,9.resid.11729,9,resid,11729,560,1193
6748,8,2.mlp.29755,2,mlp,29755,279,1
6749,8,9.resid.11989,9,resid,11989,735,1194
6750,8,2.mlp.7047,2,mlp,7047,291,1
6751,8,9.resid.12359,9,resid,12359,673,1195
6752,8,2.mlp.36048,2,mlp,36048,295,1
6753,8,9.resid.2265,9,resid,2265,729,1196
6754,8,2.mlp.15303,2,mlp,15303,153,3
6755,8,9.resid.36200,9,resid,36200,614,1197
6756,8,2.mlp.34099,2,mlp,34099,285,1
6757,8,9.resid.2589,9,resid,2589,508,1
6758,8,2.mlp.10166,2,mlp,10166,209,0
6759,8,9.resid.11393,9,resid,11393,687,1198
6760,8,2.mlp.20525,2,mlp,20525,158,1
6761,8,9.resid.18291,9,resid,18291,640,1199
6762,8,2.mlp.14289,2,mlp,14289,209,0
6763,8,9.resid.8812,9,resid,8812,504,1
6764,8,2.mlp.38531,2,mlp,38531,235,0
6765,8,9.resid.103,9,resid,103,491,1200
6766,8,2.mlp.1376,2,mlp,1376,116,2
6767,8,9.resid.1422,9,resid,1422,659,1201
6768,8,2.resid.24196,2,resid,24196,171,3
6769,8,9.mlp.39153,9,mlp,39153,338,1
6770,8,2.resid.12567,2,resid,12567,106,0
6771,8,9.mlp.4106,9,mlp,4106,652,1202
6772,8,2.resid.34900,2,resid,34900,171,2
6773,8,9.mlp.39232,9,mlp,39232,797,1203
6774,8,2.resid.4537,2,resid,4537,121,3
6775,8,9.mlp.17331,9,mlp,17331,286,1
6776,8,2.resid.33377,2,resid,33377,71,0
6777,8,9.mlp.37143,9,mlp,37143,352,0
6778,8,2.resid.36332,2,resid,36332,210,1
6779,8,9.mlp.38961,9,mlp,38961,304,1
6780,8,2.resid.36280,2,resid,36280,182,0
6781,8,9.mlp.6477,9,mlp,6477,581,1
6782,8,2.resid.1411,2,resid,1411,116,2
6783,8,9.mlp.5926,9,mlp,5926,408,0
6784,8,2.resid.3059,2,resid,3059,132,2
6785,8,9.mlp.39804,9,mlp,39804,529,1204
6786,8,2.resid.7490,2,resid,7490,152,3
6787,8,9.mlp.39424,9,mlp,39424,414,1
6788,8,2.resid.14885,2,resid,14885,150,3
6789,8,9.mlp.17059,9,mlp,17059,400,1
6790,8,2.resid.21577,2,resid,21577,224,1
6791,8,9.mlp.40169,9,mlp,40169,396,0
6792,8,2.resid.10084,2,resid,10084,82,2
6793,8,9.mlp.37910,9,mlp,37910,357,1
6794,8,2.resid.19285,2,resid,19285,162,2
6795,8,9.mlp.14575,9,mlp,14575,457,1
6796,8,2.resid.11645,2,resid,11645,93,2
6797,8,9.mlp.7679,9,mlp,7679,379,1
6798,8,2.resid.25181,2,resid,25181,131,3
6799,8,9.mlp.2437,9,mlp,2437,526,1
6800,8,2.resid.35446,2,resid,35446,132,2
6801,8,9.mlp.11116,9,mlp,11116,552,1205
6802,8,2.resid.33953,2,resid,33953,75,2
6803,8,9.mlp.20801,9,mlp,20801,486,1
6804,8,2.resid.7957,2,resid,7957,273,1
6805,8,9.mlp.32653,9,mlp,32653,759,1206
6806,8,2.resid.32203,2,resid,32203,95,2
6807,8,9.mlp.15380,9,mlp,15380,538,1
6808,8,2.resid.14280,2,resid,14280,89,2
6809,8,9.mlp.1634,9,mlp,1634,458,1
6810,8,2.resid.1916,2,resid,1916,201,3
6811,8,9.mlp.17239,9,mlp,17239,325,0
6812,8,2.resid.2043,2,resid,2043,125,0
6813,8,9.mlp.6047,9,mlp,6047,561,1207
6814,8,2.resid.23488,2,resid,23488,159,3
6815,8,9.mlp.7700,9,mlp,7700,591,1
6816,8,2.resid.11204,2,resid,11204,184,0
6817,8,9.mlp.33725,9,mlp,33725,656,1208
6818,8,2.resid.12492,2,resid,12492,125,3
6819,8,9.mlp.16336,9,mlp,16336,488,1209
6820,8,2.resid.18685,2,resid,18685,108,2
6821,8,9.mlp.2266,9,mlp,2266,533,0
6822,8,2.resid.14799,2,resid,14799,132,0
6823,8,9.mlp.30374,9,mlp,30374,374,0
6824,8,3.attn.6103,3,attn,6103,112,0
6825,8,9.attn.27701,9,attn,27701,400,0
6826,8,3.attn.20646,3,attn,20646,160,0
6827,8,9.attn.10968,9,attn,10968,821,1210
6828,8,3.attn.21982,3,attn,21982,149,0
6829,8,9.attn.35746,9,attn,35746,526,0
6830,8,3.attn.20302,3,attn,20302,120,0
6831,8,9.attn.1417,9,attn,1417,378,0
6832,8,3.attn.40128,3,attn,40128,214,0
6833,8,9.attn.39372,9,attn,39372,331,0
6834,8,3.attn.24038,3,attn,24038,154,0
6835,8,9.attn.6774,9,attn,6774,453,1
6836,8,3.attn.15959,3,attn,15959,166,0
6837,8,9.attn.1433,9,attn,1433,426,0
6838,8,3.attn.12726,3,attn,12726,163,0
6839,8,9.attn.12503,9,attn,12503,422,0
6840,8,3.attn.32109,3,attn,32109,174,0
6841,8,9.attn.6123,9,attn,6123,199,1
6842,8,3.attn.14602,3,attn,14602,202,0
6843,8,9.attn.37145,9,attn,37145,243,0
6844,8,3.attn.29386,3,attn,29386,158,0
6845,8,9.attn.25774,9,attn,25774,288,1
6846,8,3.attn.38484,3,attn,38484,112,0
6847,8,9.attn.32507,9,attn,32507,253,1
6848,8,3.attn.2255,3,attn,2255,85,0
6849,8,9.attn.9874,9,attn,9874,688,1211
6850,9,11.resid.18069,11,resid,18069,559,1212
6851,9,0.mlp.15519,0,mlp,15519,11,3
6852,9,11.resid.5431,11,resid,5431,414,0
6853,9,0.mlp.25208,0,mlp,25208,7,1
6854,9,11.resid.13458,11,resid,13458,648,1213
6855,9,0.mlp.5682,0,mlp,5682,13,1
6856,9,11.resid.35298,11,resid,35298,321,1
6857,9,0.mlp.12854,0,mlp,12854,16,3
6858,9,11.resid.35116,11,resid,35116,353,0
6859,9,0.mlp.3856,0,mlp,3856,13,3
6860,9,11.resid.24825,11,resid,24825,281,0
6861,9,0.mlp.23780,0,mlp,23780,7,1
6862,9,11.resid.25315,11,resid,25315,606,1214
6863,9,0.mlp.29963,0,mlp,29963,105,3
6864,9,11.resid.20821,11,resid,20821,368,0
6865,9,0.mlp.12578,0,mlp,12578,13,3
6866,9,11.resid.10995,11,resid,10995,290,1
6867,9,0.mlp.29235,0,mlp,29235,14,3
6868,9,11.resid.20130,11,resid,20130,265,1
6869,9,0.mlp.25714,0,mlp,25714,31,3
6870,9,11.resid.25238,11,resid,25238,459,1
6871,9,0.mlp.15291,0,mlp,15291,7,1
6872,9,11.resid.32323,11,resid,32323,351,1
6873,9,0.mlp.22532,0,mlp,22532,7,1
6874,9,11.resid.30456,11,resid,30456,603,1215
6875,9,0.mlp.17534,0,mlp,17534,44,3
6876,9,11.resid.9691,11,resid,9691,659,1216
6877,9,0.mlp.3559,0,mlp,3559,14,3
6878,9,11.resid.9729,11,resid,9729,488,1
6879,9,0.mlp.40758,0,mlp,40758,76,3
6880,9,11.resid.29161,11,resid,29161,724,1217
6881,9,0.mlp.24534,0,mlp,24534,16,3
6882,9,11.resid.4157,11,resid,4157,359,0
6883,9,0.mlp.36101,0,mlp,36101,23,3
6884,9,11.resid.24969,11,resid,24969,740,1218
6885,9,0.mlp.21312,0,mlp,21312,24,3
6886,9,11.resid.22737,11,resid,22737,231,0
6887,9,0.mlp.14266,0,mlp,14266,33,3
6888,9,11.resid.16233,11,resid,16233,462,1
6889,9,0.mlp.13835,0,mlp,13835,25,3
6890,9,11.resid.8296,11,resid,8296,306,1
6891,9,0.mlp.26992,0,mlp,26992,10,1
6892,9,11.resid.21660,11,resid,21660,654,1219
6893,9,0.mlp.30863,0,mlp,30863,17,3
6894,9,11.resid.5325,11,resid,5325,434,0
6895,9,0.mlp.10268,0,mlp,10268,18,3
6896,9,11.resid.13314,11,resid,13314,495,1
6897,9,0.mlp.23526,0,mlp,23526,15,3
6898,9,11.resid.14503,11,resid,14503,405,1
6899,9,0.mlp.30941,0,mlp,30941,35,3
6900,9,11.resid.428,11,resid,428,368,0
6901,9,0.mlp.174,0,mlp,174,17,3
6902,9,11.resid.8601,11,resid,8601,637,1220
6903,9,0.mlp.6683,0,mlp,6683,12,1
6904,9,11.resid.25380,11,resid,25380,591,1
6905,9,0.resid.25609,0,resid,25609,19,3
6906,9,11.mlp.14560,11,mlp,14560,609,1
6907,9,0.resid.2057,0,resid,2057,37,2
6908,9,11.mlp.20522,11,mlp,20522,418,0
6909,9,0.resid.9538,0,resid,9538,15,0
6910,9,11.mlp.25764,11,mlp,25764,406,1
6911,9,0.resid.16896,0,resid,16896,23,2
6912,9,11.mlp.40439,11,mlp,40439,298,0
6913,9,0.resid.34830,0,resid,34830,30,2
6914,9,11.mlp.35673,11,mlp,35673,329,1
6915,9,0.resid.24412,0,resid,24412,17,2
6916,9,11.mlp.36150,11,mlp,36150,333,1
6917,9,0.resid.23442,0,resid,23442,96,2
6918,9,11.mlp.21737,11,mlp,21737,325,1
6919,9,0.resid.10090,0,resid,10090,55,2
6920,9,11.mlp.30651,11,mlp,30651,601,1221
6921,9,0.resid.32324,0,resid,32324,33,2
6922,9,11.mlp.30578,11,mlp,30578,713,1222
6923,9,0.resid.32098,0,resid,32098,16,1
6924,9,11.mlp.40584,11,mlp,40584,471,0
6925,9,0.resid.14820,0,resid,14820,50,2
6926,9,11.mlp.4655,11,mlp,4655,454,1
6927,9,0.resid.5243,0,resid,5243,60,3
6928,9,11.mlp.18871,11,mlp,18871,673,1223
6929,9,0.resid.30386,0,resid,30386,85,3
6930,9,11.mlp.1282,11,mlp,1282,495,0
6931,9,0.resid.20862,0,resid,20862,28,3
6932,9,11.mlp.27137,11,mlp,27137,644,1224
6933,9,0.resid.36135,0,resid,36135,20,3
6934,9,11.mlp.20378,11,mlp,20378,645,1225
6935,9,0.resid.30110,0,resid,30110,65,3
6936,9,11.mlp.22889,11,mlp,22889,258,1
6937,9,0.resid.7428,0,resid,7428,113,3
6938,9,11.mlp.424,11,mlp,424,617,1226
6939,9,0.resid.8375,0,resid,8375,164,3
6940,9,11.mlp.28647,11,mlp,28647,404,1
6941,9,0.resid.19254,0,resid,19254,72,3
6942,9,11.mlp.9944,11,mlp,9944,663,1227
6943,9,0.resid.4406,0,resid,4406,15,3
6944,9,11.mlp.17679,11,mlp,17679,241,0
6945,9,0.resid.534,0,resid,534,27,2
6946,9,11.mlp.40880,11,mlp,40880,441,1
6947,9,0.resid.5106,0,resid,5106,14,1
6948,9,11.mlp.32531,11,mlp,32531,194,1
6949,9,0.resid.7210,0,resid,7210,77,3
6950,9,11.mlp.19310,11,mlp,19310,411,0
6951,9,0.resid.10545,0,resid,10545,36,2
6952,9,11.mlp.10737,11,mlp,10737,532,0
6953,9,0.resid.31488,0,resid,31488,17,2
6954,9,11.mlp.37297,11,mlp,37297,654,1228
6955,9,0.resid.37875,0,resid,37875,146,3
6956,9,11.mlp.35339,11,mlp,35339,463,0
6957,9,0.resid.16476,0,resid,16476,62,3
6958,9,11.mlp.17790,11,mlp,17790,757,1229
6959,9,0.resid.9746,0,resid,9746,32,2
6960,9,11.mlp.18021,11,mlp,18021,673,1230
6961,9,0.resid.18175,0,resid,18175,10,1
6962,9,11.mlp.6984,11,mlp,6984,320,1
6963,9,11.attn.30219,11,attn,30219,585,0
6964,9,11.attn.14653,11,attn,14653,386,0
6965,9,11.attn.5672,11,attn,5672,208,1
6966,9,1.attn.20382,1,attn,20382,81,0
6967,9,11.attn.22711,11,attn,22711,355,0
6968,9,11.attn.8956,11,attn,8956,585,1
6969,9,11.attn.21778,11,attn,21778,107,1
6970,9,11.attn.13198,11,attn,13198,72,0
6971,9,11.attn.6694,11,attn,6694,212,0
6972,9,11.attn.9131,11,attn,9131,557,1
6973,9,1.attn.37192,1,attn,37192,74,2
6974,9,11.attn.18058,11,attn,18058,242,0
6975,9,11.attn.3917,11,attn,3917,296,0
6976,9,1.attn.38615,1,attn,38615,51,2
6977,9,11.attn.16322,11,attn,16322,478,0
6978,9,11.attn.12259,11,attn,12259,264,1
6979,9,11.attn.17036,11,attn,17036,604,1
6980,9,11.attn.896,11,attn,896,462,1
6981,9,1.attn.18489,1,attn,18489,103,2
6982,9,11.attn.28802,11,attn,28802,480,0
6983,9,11.attn.27735,11,attn,27735,383,0
6984,9,11.attn.33306,11,attn,33306,350,0
6985,9,11.attn.38347,11,attn,38347,274,0
6986,9,1.attn.11156,1,attn,11156,52,2
6987,9,11.attn.25047,11,attn,25047,259,0
6988,9,1.attn.6103,1,attn,6103,68,2
6989,9,11.attn.24044,11,attn,24044,272,1
6990,9,11.attn.7145,11,attn,7145,182,0
6991,9,1.attn.24199,1,attn,24199,76,2
6992,9,11.attn.17776,11,attn,17776,285,0
6993,9,11.attn.13779,11,attn,13779,391,0
6994,9,1.attn.27511,1,attn,27511,25,2
6995,9,11.attn.118,11,attn,118,185,1
6996,9,1.attn.1268,1,attn,1268,59,2
6997,9,11.attn.40330,11,attn,40330,154,1
6998,9,1.attn.26170,1,attn,26170,64,2
6999,9,11.attn.32962,11,attn,32962,811,1231
7000,9,1.mlp.2797,1,mlp,2797,375,1
7001,9,10.resid.10118,10,resid,10118,636,1232
7002,9,1.mlp.35777,1,mlp,35777,139,2
7003,9,10.resid.39865,10,resid,39865,426,0
7004,9,1.mlp.39886,1,mlp,39886,157,2
7005,9,10.resid.4758,10,resid,4758,676,1233
7006,9,1.mlp.36329,1,mlp,36329,243,1
7007,9,10.resid.4565,10,resid,4565,333,1
7008,9,1.mlp.31132,1,mlp,31132,120,2
7009,9,10.resid.37486,10,resid,37486,583,1234
7010,9,1.mlp.37083,1,mlp,37083,213,1
7011,9,10.resid.21683,10,resid,21683,347,0
7012,9,1.mlp.11716,1,mlp,11716,82,2
7013,9,10.resid.7002,10,resid,7002,602,1
7014,9,1.mlp.5635,1,mlp,5635,75,2
7015,9,10.resid.33362,10,resid,33362,597,1235
7016,9,1.mlp.35770,1,mlp,35770,246,1
7017,9,10.resid.29240,10,resid,29240,438,0
7018,9,1.mlp.25159,1,mlp,25159,169,3
7019,9,10.resid.17199,10,resid,17199,716,1236
7020,9,1.mlp.25912,1,mlp,25912,96,2
7021,9,10.resid.2643,10,resid,2643,709,1237
7022,9,1.mlp.30051,1,mlp,30051,206,2
7023,9,10.resid.24029,10,resid,24029,922,1238
7024,9,1.mlp.40378,1,mlp,40378,149,3
7025,9,10.resid.18581,10,resid,18581,666,1239
7026,9,1.mlp.29489,1,mlp,29489,173,2
7027,9,10.resid.26566,10,resid,26566,512,1
7028,9,1.mlp.17704,1,mlp,17704,92,2
7029,9,10.resid.37543,10,resid,37543,266,1
7030,9,1.mlp.4645,1,mlp,4645,162,2
7031,9,10.resid.36095,10,resid,36095,746,1240
7032,9,1.mlp.38045,1,mlp,38045,118,2
7033,9,10.resid.25417,10,resid,25417,378,1
7034,9,1.mlp.37357,1,mlp,37357,175,2
7035,9,10.resid.32979,10,resid,32979,613,1
7036,9,1.mlp.3985,1,mlp,3985,193,2
7037,9,10.resid.25970,10,resid,25970,571,1241
7038,9,1.mlp.9446,1,mlp,9446,97,2
7039,9,10.resid.38480,10,resid,38480,786,1242
7040,9,1.mlp.11290,1,mlp,11290,116,2
7041,9,10.resid.31339,10,resid,31339,1810,1243
7042,9,1.mlp.34713,1,mlp,34713,209,1
7043,9,10.resid.26550,10,resid,26550,819,1244
7044,9,1.mlp.10710,1,mlp,10710,71,2
7045,9,10.resid.18743,10,resid,18743,425,1
7046,9,1.mlp.16070,1,mlp,16070,111,2
7047,9,10.resid.38359,10,resid,38359,516,0
7048,9,1.mlp.30646,1,mlp,30646,109,2
7049,9,10.resid.23761,10,resid,23761,410,0
7050,9,1.mlp.37088,1,mlp,37088,114,2
7051,9,10.resid.28097,10,resid,28097,776,1245
7052,9,1.mlp.31802,1,mlp,31802,154,2
7053,9,10.resid.19750,10,resid,19750,703,1246
7054,9,1.mlp.23525,1,mlp,23525,157,3
7055,9,10.resid.4112,10,resid,4112,535,1247
7056,9,1.mlp.28704,1,mlp,28704,109,2
7057,9,10.resid.36965,10,resid,36965,498,1
7058,9,1.resid.25065,1,resid,25065,138,2
7059,9,10.mlp.14866,10,mlp,14866,491,0
7060,9,1.resid.17684,1,resid,17684,91,2
7061,9,10.mlp.14175,10,mlp,14175,571,1
7062,9,1.resid.24317,1,resid,24317,93,2
7063,9,10.mlp.28345,10,mlp,28345,429,1
7064,9,1.resid.37489,1,resid,37489,51,2
7065,9,10.mlp.20231,10,mlp,20231,481,1
7066,9,1.resid.905,1,resid,905,129,0
7067,9,10.mlp.22319,10,mlp,22319,315,1
7068,9,1.resid.12349,1,resid,12349,71,2
7069,9,10.mlp.36974,10,mlp,36974,566,1
7070,9,1.resid.7843,1,resid,7843,129,2
7071,9,10.mlp.36570,10,mlp,36570,368,1248
7072,9,1.resid.9821,1,resid,9821,69,2
7073,9,10.mlp.11280,10,mlp,11280,455,1
7074,9,1.resid.23732,1,resid,23732,93,2
7075,9,10.mlp.38872,10,mlp,38872,257,1
7076,9,1.resid.33410,1,resid,33410,140,3
7077,9,10.mlp.11935,10,mlp,11935,404,0
7078,9,1.resid.3001,1,resid,3001,147,3
7079,9,10.mlp.2890,10,mlp,2890,434,0
7080,9,1.resid.34686,1,resid,34686,95,2
7081,9,10.mlp.33126,10,mlp,33126,327,0
7082,9,1.resid.34313,1,resid,34313,155,3
7083,9,10.mlp.29456,10,mlp,29456,427,1
7084,9,1.resid.31759,1,resid,31759,128,0
7085,9,10.mlp.2999,10,mlp,2999,458,1
7086,9,1.resid.38761,1,resid,38761,99,3
7087,9,10.mlp.31534,10,mlp,31534,407,0
7088,9,1.resid.29306,1,resid,29306,52,2
7089,9,10.mlp.23936,10,mlp,23936,351,0
7090,9,1.resid.32905,1,resid,32905,58,2
7091,9,10.mlp.27860,10,mlp,27860,290,1
7092,9,1.resid.38142,1,resid,38142,144,3
7093,9,10.mlp.25721,10,mlp,25721,446,1
7094,9,1.resid.13140,1,resid,13140,51,2
7095,9,10.mlp.8967,10,mlp,8967,576,1249
7096,9,1.resid.15661,1,resid,15661,68,2
7097,9,10.mlp.5202,10,mlp,5202,628,1250
7098,9,1.resid.21270,1,resid,21270,87,3
7099,9,10.mlp.5465,10,mlp,5465,351,3
7100,9,1.resid.10711,1,resid,10711,99,3
7101,9,10.mlp.1203,10,mlp,1203,409,0
7102,9,1.resid.24849,1,resid,24849,154,3
7103,9,10.mlp.35433,10,mlp,35433,600,1
7104,9,1.resid.38800,1,resid,38800,95,2
7105,9,10.mlp.34894,10,mlp,34894,475,1
7106,9,1.resid.40308,1,resid,40308,100,2
7107,9,10.mlp.33572,10,mlp,33572,456,1
7108,9,1.resid.39627,1,resid,39627,115,2
7109,9,10.mlp.35327,10,mlp,35327,471,1251
7110,9,1.resid.494,1,resid,494,108,2
7111,9,10.mlp.27352,10,mlp,27352,590,1
7112,9,1.resid.6695,1,resid,6695,109,2
7113,9,10.mlp.8360,10,mlp,8360,401,0
7114,9,10.attn.25029,10,attn,25029,524,1
7115,9,10.attn.23552,10,attn,23552,429,0
7116,9,2.attn.1800,2,attn,1800,233,0
7117,9,10.attn.942,10,attn,942,390,0
7118,9,2.attn.3093,2,attn,3093,136,0
7119,9,10.attn.39564,10,attn,39564,795,1252
7120,9,10.attn.22690,10,attn,22690,587,1
7121,9,2.attn.10085,2,attn,10085,214,0
7122,9,10.attn.10468,10,attn,10468,329,0
7123,9,2.attn.9456,2,attn,9456,67,0
7124,9,10.attn.32848,10,attn,32848,236,0
7125,9,10.attn.22455,10,attn,22455,281,0
7126,9,2.attn.37898,2,attn,37898,85,2
7127,9,10.attn.37139,10,attn,37139,876,1253
7128,9,2.attn.29939,2,attn,29939,112,0
7129,9,10.attn.11491,10,attn,11491,1095,1254
7130,9,2.attn.32925,2,attn,32925,224,0
7131,9,10.attn.18884,10,attn,18884,438,1
7132,9,2.attn.19901,2,attn,19901,145,0
7133,9,10.attn.9123,10,attn,9123,548,1
7134,9,10.attn.22820,10,attn,22820,151,3
7135,9,2.attn.29337,2,attn,29337,201,3
7136,9,10.attn.36125,10,attn,36125,556,0
7137,9,2.attn.30768,2,attn,30768,90,0
7138,9,10.attn.36603,10,attn,36603,274,0
7139,9,2.attn.17799,2,attn,17799,137,0
7140,9,10.attn.12665,10,attn,12665,365,0
7141,9,2.attn.28810,2,attn,28810,175,0
7142,9,10.attn.18038,10,attn,18038,700,1255
7143,9,2.attn.4114,2,attn,4114,145,0
7144,9,10.attn.25018,10,attn,25018,711,1256
7145,9,2.attn.7358,2,attn,7358,222,0
7146,9,10.attn.26554,10,attn,26554,359,1
7147,9,2.attn.26178,2,attn,26178,141,0
7148,9,10.attn.19794,10,attn,19794,1066,1257
7149,9,2.attn.31200,2,attn,31200,176,0
7150,9,10.attn.17632,10,attn,17632,343,0
7151,9,10.attn.31360,10,attn,31360,845,1258
7152,9,2.attn.10626,2,attn,10626,149,2
7153,9,10.attn.9996,10,attn,9996,218,0
7154,9,2.attn.40667,2,attn,40667,105,0
7155,9,10.attn.19834,10,attn,19834,342,0
7156,9,2.attn.20018,2,attn,20018,122,2
7157,9,10.attn.27335,10,attn,27335,710,1259
7158,9,2.attn.16773,2,attn,16773,179,0
7159,9,10.attn.37512,10,attn,37512,268,0
7160,9,2.attn.19362,2,attn,19362,139,0
7161,9,10.attn.16213,10,attn,16213,628,1260
7162,9,2.attn.8223,2,attn,8223,74,0
7163,9,9.resid.5489,9,resid,5489,559,1
7164,9,2.mlp.10389,2,mlp,10389,153,0
7165,9,9.resid.24371,9,resid,24371,330,0
7166,9,2.mlp.37525,2,mlp,37525,170,2
7167,9,9.resid.20002,9,resid,20002,597,0
7168,9,2.mlp.10506,2,mlp,10506,96,2
7169,9,9.resid.25568,9,resid,25568,672,1261
7170,9,2.mlp.21588,2,mlp,21588,138,3
7171,9,9.resid.8307,9,resid,8307,404,1
7172,9,2.mlp.12677,2,mlp,12677,167,0
7173,9,9.resid.20687,9,resid,20687,680,1262
7174,9,2.mlp.2542,2,mlp,2542,127,0
7175,9,9.resid.20702,9,resid,20702,651,1263
7176,9,2.mlp.17959,2,mlp,17959,265,1
7177,9,9.resid.4516,9,resid,4516,652,1264
7178,9,2.mlp.16107,2,mlp,16107,183,0
7179,9,9.resid.33045,9,resid,33045,690,1265
7180,9,2.mlp.22439,2,mlp,22439,136,0
7181,9,9.resid.13261,9,resid,13261,692,1266
7182,9,2.mlp.3382,2,mlp,3382,134,2
7183,9,9.resid.14290,9,resid,14290,532,1
7184,9,2.mlp.28015,2,mlp,28015,242,1
7185,9,9.resid.6756,9,resid,6756,969,1267
7186,9,2.mlp.28372,2,mlp,28372,294,1
7187,9,9.resid.6377,9,resid,6377,558,1268
7188,9,2.mlp.24631,2,mlp,24631,222,0
7189,9,9.resid.23469,9,resid,23469,574,1
7190,9,2.mlp.22858,2,mlp,22858,209,1
7191,9,9.resid.6452,9,resid,6452,605,1
7192,9,2.mlp.3061,2,mlp,3061,136,0
7193,9,9.resid.2944,9,resid,2944,494,0
7194,9,2.mlp.26308,2,mlp,26308,297,1
7195,9,9.resid.3531,9,resid,3531,621,1269
7196,9,2.mlp.14183,2,mlp,14183,168,3
7197,9,9.resid.40357,9,resid,40357,690,1270
7198,9,2.mlp.23127,2,mlp,23127,175,0
7199,9,9.resid.20606,9,resid,20606,650,1271
7200,9,2.mlp.27319,2,mlp,27319,146,0
7201,9,9.resid.8463,9,resid,8463,466,0
7202,9,2.mlp.13527,2,mlp,13527,205,1
7203,9,9.resid.19248,9,resid,19248,356,0
7204,9,2.mlp.40755,2,mlp,40755,184,1
7205,9,9.resid.16443,9,resid,16443,842,1272
7206,9,2.mlp.5566,2,mlp,5566,189,1
7207,9,9.resid.3292,9,resid,3292,796,1273
7208,9,2.mlp.19968,2,mlp,19968,198,3
7209,9,9.resid.13349,9,resid,13349,710,1274
7210,9,2.mlp.19100,2,mlp,19100,174,0
7211,9,9.resid.34369,9,resid,34369,708,1275
7212,9,2.mlp.4630,2,mlp,4630,130,0
7213,9,9.resid.3938,9,resid,3938,617,1276
7214,9,2.mlp.6520,2,mlp,6520,213,1
7215,9,9.resid.15850,9,resid,15850,252,1
7216,9,2.mlp.14322,2,mlp,14322,107,2
7217,9,9.resid.40659,9,resid,40659,378,0
7218,9,2.mlp.13354,2,mlp,13354,171,3
7219,9,9.resid.38734,9,resid,38734,528,1
7220,9,2.resid.6447,2,resid,6447,104,2
7221,9,9.mlp.6869,9,mlp,6869,583,1
7222,9,2.resid.6826,2,resid,6826,125,3
7223,9,9.mlp.15013,9,mlp,15013,610,1277
7224,9,2.resid.1081,2,resid,1081,204,1
7225,9,9.mlp.20662,9,mlp,20662,558,1278
7226,9,2.resid.33764,2,resid,33764,264,1
7227,9,9.mlp.2004,9,mlp,2004,574,1
7228,9,2.resid.11763,2,resid,11763,219,0
7229,9,9.mlp.8525,9,mlp,8525,281,0
7230,9,2.resid.12046,2,resid,12046,98,2
7231,9,9.mlp.40798,9,mlp,40798,440,0
7232,9,2.resid.30784,2,resid,30784,157,0
7233,9,9.mlp.22210,9,mlp,22210,490,0
7234,9,2.resid.26942,2,resid,26942,197,1
7235,9,9.mlp.31666,9,mlp,31666,596,1
7236,9,2.resid.9859,2,resid,9859,197,1
7237,9,9.mlp.24840,9,mlp,24840,554,1279
7238,9,2.resid.4947,2,resid,4947,98,3
7239,9,9.mlp.23589,9,mlp,23589,379,1
7240,9,2.resid.21996,2,resid,21996,214,0
7241,9,9.mlp.2195,9,mlp,2195,430,0
7242,9,2.resid.23962,2,resid,23962,56,2
7243,9,9.mlp.24068,9,mlp,24068,586,1
7244,9,2.resid.21495,2,resid,21495,92,2
7245,9,9.mlp.12525,9,mlp,12525,393,1
7246,9,2.resid.23956,2,resid,23956,95,3
7247,9,9.mlp.20490,9,mlp,20490,631,1280
7248,9,2.resid.1484,2,resid,1484,133,2
7249,9,9.mlp.8013,9,mlp,8013,390,0
7250,9,2.resid.1052,2,resid,1052,166,1
7251,9,9.mlp.22488,9,mlp,22488,517,0
7252,9,2.resid.7403,2,resid,7403,151,3
7253,9,9.mlp.16525,9,mlp,16525,480,0
7254,9,2.resid.30583,2,resid,30583,109,2
7255,9,9.mlp.30665,9,mlp,30665,510,1
7256,9,2.resid.12054,2,resid,12054,181,1
7257,9,9.mlp.6557,9,mlp,6557,263,1
7258,9,2.resid.20314,2,resid,20314,113,3
7259,9,9.mlp.1754,9,mlp,1754,590,1281
7260,9,2.resid.108,2,resid,108,175,0
7261,9,9.mlp.40872,9,mlp,40872,500,1
7262,9,2.resid.11781,2,resid,11781,99,2
7263,9,9.mlp.20771,9,mlp,20771,672,1282
7264,9,2.resid.14558,2,resid,14558,173,3
7265,9,9.mlp.7390,9,mlp,7390,289,0
7266,9,2.resid.5036,2,resid,5036,140,2
7267,9,9.mlp.36144,9,mlp,36144,594,1
7268,9,2.resid.32497,2,resid,32497,187,1
7269,9,9.mlp.29086,9,mlp,29086,288,1
7270,9,2.resid.31264,2,resid,31264,109,3
7271,9,9.mlp.38799,9,mlp,38799,494,1
7272,9,2.resid.40551,2,resid,40551,270,1
7273,9,9.mlp.13048,9,mlp,13048,726,1283
7274,9,2.resid.1469,2,resid,1469,137,2
7275,9,9.mlp.16284,9,mlp,16284,661,1284
7276,9,3.attn.33242,3,attn,33242,259,0
7277,9,9.attn.35666,9,attn,35666,341,0
7278,9,3.attn.2293,3,attn,2293,143,0
7279,9,9.attn.558,9,attn,558,285,0
7280,9,3.attn.36691,3,attn,36691,172,0
7281,9,9.attn.6595,9,attn,6595,697,1285
7282,9,3.attn.20962,3,attn,20962,196,0
7283,9,9.attn.36925,9,attn,36925,430,1
7284,9,3.attn.9952,3,attn,9952,280,0
7285,9,9.attn.13606,9,attn,13606,270,0
7286,9,3.attn.26894,3,attn,26894,179,0
7287,9,9.attn.17732,9,attn,17732,447,0
7288,9,3.attn.23499,3,attn,23499,128,0
7289,9,9.attn.24824,9,attn,24824,542,1
7290,9,3.attn.10865,3,attn,10865,256,0
7291,9,9.attn.3765,9,attn,3765,310,0
7292,9,3.attn.37473,3,attn,37473,196,0
7293,9,9.attn.25390,9,attn,25390,534,0
7294,9,3.attn.26779,3,attn,26779,171,0
7295,9,9.attn.30612,9,attn,30612,614,1286
7296,9,3.attn.40323,3,attn,40323,144,0
7297,9,9.attn.40125,9,attn,40125,596,1287
7298,9,3.attn.3464,3,attn,3464,195,0
7299,9,9.attn.32870,9,attn,32870,624,1288
7300,9,3.attn.3810,3,attn,3810,163,0
7301,9,9.attn.22124,9,attn,22124,836,1289
7302,9,3.attn.39446,3,attn,39446,164,0
7303,9,9.attn.28565,9,attn,28565,372,0
7304,9,3.attn.32401,3,attn,32401,98,0
7305,9,9.attn.28756,9,attn,28756,311,0
7306,9,3.attn.25971,3,attn,25971,321,1
7307,9,9.attn.6091,9,attn,6091,176,0
7308,9,3.attn.14426,3,attn,14426,253,0
7309,9,9.attn.10858,9,attn,10858,247,0
