src,dst,amplitude,attribution
2349,1,1.1391,0.6182926893234253
5670,1,1.0344,0.547531247138977
5073,3,0.9598,0.5717130303382874
2349,3,0.983,0.6481009721755981
3247,3,0.9992,0.5405328869819641
5646,3,3.5284,0.9836734533309937
1701,3,1.3857,0.5733633041381836
364,3,2.2998,0.9611718654632568
1363,5,1.0417,0.5915905237197876
3247,5,1.1835,0.5499086380004883
4193,5,1.3926,0.6103767156600952
326,5,1.1426,0.5965089201927185
2349,7,0.9977,0.5546536445617676
5073,9,1.1431,0.5549421906471252
2349,9,1.5012,0.5794414281845093
1387,11,1.1163,0.6315129995346069
2349,11,1.1497,0.5360749959945679
3837,11,1.0007,0.5435081720352173
5073,13,1.0032,0.5508469343185425
2349,13,1.1082,0.5719223618507385
3247,13,0.9977,0.5456520318984985
1606,13,1.132,0.6768168210983276
1287,13,1.0419,0.6897346377372742
2349,15,1.8285,0.735485315322876
6313,15,1.2375,0.559137225151062
7087,15,0.9945,0.5628190636634827
5073,17,0.9866,0.5199679136276245
2349,17,0.9842,0.6417571306228638
5073,19,1.2905,0.5676273703575134
2349,19,1.1526,0.5503751635551453
3360,19,0.9739,0.5470749139785767
2349,23,1.1292,0.5316172242164612
6082,23,2.0718,0.6280611753463745
5073,25,0.931,0.635623037815094
1206,25,1.371,0.5913500785827637
6794,25,1.0003,0.5343994498252869
2272,25,3.3434,0.985380232334137
2349,27,1.002,0.53859943151474
5073,29,1.0017,0.5313934683799744
6082,31,2.5363,0.9683009386062622
4626,33,1.8268,0.5676184892654419
5073,33,0.9091,0.558826208114624
4616,33,1.0873,0.578940749168396
2349,33,0.992,0.549409806728363
1206,33,1.3164,0.5772900581359863
3971,33,1.0151,0.6170198321342468
2349,35,1.5357,0.6154056191444397
1206,35,0.7341,0.6367620825767517
6764,35,5.6818,0.9911186099052429
5073,37,0.8188,0.7272727489471436
2349,37,0.8048,0.5447173118591309
3247,37,0.6128,0.5337765216827393
5285,37,1.198,0.5886372923851013
2349,39,1.1465,0.5921949148178101
5178,39,0.9419,0.5530616044998169
4304,39,1.0053,0.5440562963485718
1253,39,1.0004,0.5424654483795166
2213,39,0.9998,0.5315034985542297
1698,39,0.9991,0.5571260452270508
5073,41,1.0134,0.5693460702896118
2349,41,1.2857,0.5867470502853394
2349,43,1.5079,0.6715365052223206
1658,43,1.0036,0.5099493265151978
5073,45,1.3199,0.5621371269226074
2349,45,1.137,0.604205310344696
6768,45,1.0011,0.5356096625328064
3407,47,1.236,0.5532775521278381
5073,49,1.1074,0.5990749001502991
2,49,0.7973,0.6030288934707642
2349,49,1.139,0.5486305952072144
3724,49,0.9408,0.5669782161712646
6218,49,0.9888,0.5969331860542297
5073,51,1.1126,0.5492184162139893
2349,51,1.0222,0.6190812587738037
1206,51,0.9657,0.5274361968040466
1131,51,1.2061,0.5483371019363403
6082,53,1.5096,0.5680267214775085
5073,55,1.0008,0.5218589305877686
3247,55,1.5059,0.6964787244796753
5095,55,0.8558,0.6579129695892334
1206,55,1.002,0.5474836230278015
3247,57,2.773,0.9459391236305237
3113,57,0.9685,0.5736785531044006
944,58,1.1243,0.5589473247528076
5073,59,0.9013,0.592853844165802
4054,59,0.7841,0.601409375667572
4814,59,1.2137,0.5436816215515137
5073,61,1.113,0.691687822341919
2349,61,1.0472,0.5736735463142395
5073,63,1.1393,0.5836684703826904
2349,63,1.3411,0.621907114982605
5207,63,1.0199,0.5656678676605225
5073,65,1.0149,0.6064135432243347
3205,65,1.9304,0.6334316730499268
7222,65,0.5936,0.5055801868438721
5073,67,1.0548,0.6878061294555664
3247,67,1.9698,0.9412633776664734
1112,67,1.0011,0.5342388153076172
6617,67,1.0132,0.5396934151649475
3844,67,1.0132,0.6138837933540344
6967,67,1.402,0.5864319205284119
3247,69,1.6415,0.6159892678260803
5073,73,1.325,0.5800227522850037
2961,73,0.9545,0.5290000438690186
5073,75,0.9725,0.6376647353172302
3088,75,1.7734,0.5891750454902649
1258,75,1.8345,0.7456341981887817
5049,79,1.0709,0.5661166310310364
5073,79,1.616,0.6386785507202148
3247,79,1.0447,0.5625375509262085
4812,79,3.0829,0.9856363534927368
6434,80,0.9955,0.5602596402168274
5073,81,1.3928,0.5852319598197937
4582,82,2.6935,0.9789436459541321
5073,87,2.1451,0.6284298896789551
6374,87,0.9959,0.5281020998954773
699,87,2.0584,0.5836713910102844
5661,87,3.4875,0.9781079888343811
2272,89,1.7595,0.6225078105926514
1427,91,1.1984,0.5655316114425659
1206,91,1.3018,0.5917451977729797
6218,91,1.0728,0.6050441265106201
2189,91,1.4558,0.5450254082679749
6589,91,2.8587,0.9774180054664612
5073,92,0.9979,0.540456235408783
5073,93,0.9802,0.554092288017273
6402,93,0.9971,0.6110745668411255
5285,93,2.6212,0.8936634659767151
3688,94,1.0267,0.5617979168891907
5073,96,0.9941,0.541445255279541
6082,97,1.3853,0.5776726603507996
5073,99,1.0038,0.6511808633804321
2349,99,0.9998,0.5162920355796814
4556,99,0.9951,0.5437208414077759
1995,101,0.9952,0.5792510509490967
2165,101,1.9182,0.9427676796913147
4061,101,0.9864,0.5427584052085876
5073,103,1.4648,0.5565882921218872
2349,103,0.9709,0.5572384595870972
6011,103,1.2709,0.6149102449417114
3407,103,1.5342,0.569240391254425
5073,105,0.9994,0.5495268106460571
5073,107,1.3168,0.5878542065620422
3247,107,1.0028,0.5510216951370239
5073,109,1.3078,0.6224086880683899
6166,109,2.4045,0.7011497020721436
5073,111,1.7608,0.6143314242362976
2349,113,1.2992,0.5581635236740112
3247,113,1.8939,0.9751914143562317
5073,114,1.0891,0.5946390628814697
5073,116,0.9947,0.543165385723114
2333,116,1.0259,0.553495466709137
2349,116,1.4746,0.587158203125
6486,116,0.8727,0.5801430940628052
5073,119,1.0018,0.5452687740325928
2272,119,1.0554,0.588746190071106
3229,120,1.035,0.5732703804969788
5073,120,0.851,0.6070829629898071
2349,120,1.0012,0.5426477193832397
3247,120,1.0015,0.5380950570106506
6082,120,1.6156,0.716060221195221
7085,120,1.4655,0.9727970361709595
164,120,3.1179,0.9877836108207703
1206,121,1.1342,0.6071941256523132
1850,122,0.9992,0.538585364818573
6082,122,0.975,0.5634230375289917
364,122,3.085,0.9669492840766907
4203,123,0.79,0.5991174578666687
3247,124,1.1359,0.5539931058883667
6581,124,1.8607,0.5862206220626831
1206,126,0.9019,0.5809940099716187
1878,129,0.9742,0.5380812287330627
5073,130,0.9982,0.559590756893158
2349,131,1.0108,0.559752345085144
5073,132,1.0566,0.5529211759567261
3652,132,1.0049,0.5156224370002747
6218,133,0.9968,0.6047559380531311
364,133,1.218,0.5906860828399658
1535,133,3.5771,0.9790074825286865
2041,134,1.5611,0.5957341194152832
1206,134,1.769,0.586100697517395
2018,134,0.9869,0.5280824899673462
3247,136,1.0017,0.5646419525146484
1206,136,1.1163,0.5635716915130615
363,136,0.6967,0.6429361701011658
2481,136,2.7428,0.9839434623718262
6082,137,1.4602,0.5686084628105164
364,137,1.1048,0.5626339912414551
5029,138,1.9797,0.9399100542068481
3247,138,1.0182,0.5625638961791992
249,138,1.0235,0.5511924028396606
1206,138,0.5902,0.593330979347229
5073,142,1.0103,0.585274338722229
5073,143,1.3392,0.5757912993431091
2349,143,0.9988,0.5547744035720825
680,143,1.0022,0.5487820506095886
2092,143,2.0709,0.9597299695014954
2092,144,1.653,0.5757312178611755
3203,146,0.9944,0.5902029871940613
6082,146,0.9103,0.6201346516609192
364,146,1.6548,0.564828097820282
2349,148,1.0395,0.5663782954216003
5073,152,1.0035,0.5373626947402954
6947,152,1.039,0.5663076639175415
6334,152,1.0005,0.5699394345283508
5695,152,1.0011,0.518492579460144
2349,153,1.9239,0.6436213254928589
5073,154,1.0536,0.5611103177070618
3247,155,1.0073,0.5530418753623962
479,156,0.9091,0.614686906337738
5073,156,0.9937,0.5361308455467224
2349,156,1.7288,0.5938331484794617
2373,156,0.8741,0.5420069098472595
1578,156,2.1634,0.9034129977226257
1206,156,1.89,0.6020759344100952
375,156,2.8178,0.9130131006240845
2349,157,1.0057,0.557241678237915
2349,158,0.9966,0.6287620663642883
1206,158,1.5271,0.5957839488983154
364,158,1.106,0.648076057434082
2597,158,1.0417,0.5584540963172913
2349,159,1.1109,0.5919792652130127
3247,159,1.0397,0.5606604814529419
964,159,1.0133,0.5893489122390747
3247,160,0.9937,0.6690415740013123
5073,161,1.3209,0.5768604874610901
3247,161,1.0001,0.5606595277786255
5073,162,1.0374,0.6135505437850952
2349,162,1.6671,0.7668155431747437
3825,162,0.9947,0.5001246929168701
686,162,1.0166,0.6004717350006104
3247,163,1.0603,0.5619708895683289
4646,163,0.9902,0.5408615469932556
3229,164,1.0087,0.6672098636627197
5073,164,1.0388,0.5850421190261841
2349,164,1.0046,0.5515856146812439
1088,164,1.0109,0.5409372448921204
1206,164,1.2887,0.5739758610725403
2349,165,1.0994,0.5819136500358582
6624,166,1.4081,0.5315878391265869
4484,166,1.0086,0.5530781149864197
364,166,1.3663,0.5517453551292419
5073,167,0.9968,0.5455126166343689
2349,167,1.0,0.6265388131141663
3247,167,1.0048,0.6403128504753113
1431,167,1.428,0.6576537489891052
3688,168,3.7268,0.9850453734397888
5073,168,1.0216,0.5616008043289185
461,168,1.7217,0.5998181700706482
3652,169,1.0064,0.5494353175163269
5073,170,0.8877,0.61796635389328
3174,170,2.8869,0.9781758189201355
2349,171,0.9889,0.5428798198699951
5073,172,1.0802,0.5820274353027344
2349,172,1.1934,0.5532521605491638
359,172,1.5648,0.8280285596847534
3652,173,1.0807,0.5563722252845764
2349,173,1.0114,0.552246630191803
3247,173,1.0035,0.5687422156333923
5073,174,1.0022,0.5480636954307556
1206,174,1.5739,0.6229352355003357
2349,175,0.9997,0.5457953810691833
3247,176,1.2343,0.6871873140335083
7059,176,2.2114,0.9396315813064575
5073,177,2.0784,0.871880829334259
2349,177,1.5262,0.5775152444839478
6865,178,0.9991,0.5358728766441345
5073,178,1.0171,0.5653866529464722
2349,178,1.0771,0.5825715661048889
3247,178,0.3822,0.5533296465873718
3652,179,0.979,0.5681557059288025
2349,180,0.9409,0.6491767168045044
6406,182,1.066,0.6417902708053589
2349,182,0.967,0.6007168889045715
1206,182,0.9507,0.5396498441696167
1771,182,0.9567,0.6063757538795471
5073,184,0.9942,0.5457888841629028
6418,184,0.9989,0.5836227536201477
3247,184,2.1667,0.9486834406852722
6218,184,1.1094,0.5543371438980103
4586,185,1.3071,0.6096864342689514
2349,185,1.0074,0.5686814785003662
2351,185,1.5532,0.6206284165382385
5073,186,0.7515,0.6523727178573608
2349,186,1.2294,0.6368824243545532
3247,186,1.0918,0.5649173259735107
1150,186,1.0117,0.5424962043762207
1206,186,1.1112,0.5531238913536072
5037,190,2.2034,0.9139981269836426
5073,190,1.0521,0.5521210432052612
2349,190,0.9834,0.565056324005127
5995,190,1.18,0.5791462659835815
6082,190,1.0147,0.5426219701766968
6342,190,1.0003,0.5300376415252686
4064,190,0.9866,0.5356388092041016
2349,192,1.0003,0.53922438621521
1206,192,1.0693,0.5450212955474854
5790,192,1.0096,0.5470966100692749
4584,194,1.1616,0.5990897417068481
5073,194,0.9962,0.5359487533569336
2349,194,1.1263,0.688864529132843
1206,194,1.4183,0.5748512744903564
364,194,2.9821,0.9894101619720459
5955,195,1.0059,0.5354079008102417
2349,195,0.9432,0.5450595617294312
5073,196,0.9287,0.5146610736846924
3247,196,1.3916,0.5319074988365173
6199,196,1.0323,0.5461869835853577
6301,196,0.9872,0.58466637134552
6504,197,1.324,0.6151770949363708
102,198,0.7709,0.6560661196708679
1206,198,1.1826,0.678640604019165
3174,200,1.238,0.6962458491325378
3283,201,1.0282,0.595021665096283
5073,202,0.9939,0.5745766162872314
6897,202,1.0018,0.5340372323989868
5528,202,2.085,0.6896323561668396
2349,202,1.2606,0.6175971627235413
3247,202,0.9663,0.6494346261024475
3762,202,2.065,0.8105452060699463
6157,202,0.9977,0.5330700278282166
4350,202,1.0126,0.6147585511207581
3980,202,0.8482,0.5609980225563049
369,202,1.0404,0.5596826672554016
364,202,1.0095,0.547916054725647
2349,203,1.2452,0.5738471746444702
6566,204,1.0161,0.5882389545440674
1363,205,1.0035,0.5730547904968262
5073,205,1.0099,0.547927737236023
3247,205,0.9521,0.5537679195404053
4644,205,1.0069,0.5672821998596191
475,206,0.9874,0.5264090895652771
2349,206,1.0091,0.5854944586753845
1206,206,1.0191,0.5662961006164551
6047,207,1.0972,0.5715108513832092
6414,208,0.9998,0.5452966094017029
5073,208,1.0422,0.6257391571998596
7072,208,1.028,0.5556055903434753
5989,209,3.7271,0.991405725479126
5073,210,1.0615,0.6375998258590698
2762,210,1.0078,0.5268064737319946
3557,210,1.0384,0.5313776135444641
5073,214,1.0025,0.5378237366676331
2349,214,1.0059,0.5880571603775024
4207,214,1.2809,0.5946546196937561
1206,214,1.1786,0.5664902329444885
6859,215,1.0283,0.5630674958229065
32,215,1.4056,0.567608654499054
5073,216,1.064,0.5599468946456909
3191,216,0.9887,0.6281841397285461
2349,216,1.7527,0.6696295142173767
3718,216,0.8667,0.5764643549919128
4676,216,0.7818,0.6212282776832581
3205,217,1.0035,0.571953296661377
5073,218,0.9614,0.6030953526496887
2349,218,0.9922,0.5304985642433167
2349,220,1.0012,0.5341370105743408
6374,222,1.038,0.5752912163734436
2272,222,2.2632,0.800625205039978
364,222,2.6244,0.9804818034172058
5073,224,1.0125,0.6497571468353271
2349,224,0.9176,0.5959370732307434
1206,224,0.8003,0.5827065706253052
5285,224,1.0585,0.5473364591598511
3247,225,1.0024,0.5691004395484924
3247,226,0.9948,0.5569306015968323
2349,227,0.9934,0.5423295497894287
362,228,2.8633,0.9881113767623901
1429,229,0.9454,0.6786564588546753
2349,230,1.5448,0.7144052386283875
3734,230,0.8185,0.682877242565155
3247,232,1.001,0.5981576442718506
4117,233,1.2608,0.674651563167572
5073,233,2.4801,0.9526020288467407
3682,233,1.0203,0.6769475340843201
5073,234,1.268,0.6744371056556702
5747,234,0.9644,0.5345248579978943
5073,238,1.0046,0.5968470573425293
6082,238,1.3516,0.5534058809280396
5073,239,1.0078,0.6269896626472473
3247,239,0.9978,0.536256730556488
6082,240,1.0707,0.6462358236312866
2092,240,1.0053,0.5559313297271729
2730,241,1.012,0.5407418608665466
1369,241,1.3186,0.5645635724067688
5528,241,1.0348,0.5669914484024048
2349,241,0.9595,0.5346666574478149
364,242,1.6086,0.5646248459815979
2349,244,1.0024,0.585414469242096
1435,244,1.0972,0.5752962827682495
3239,245,1.2999,0.6523388624191284
2790,245,0.9411,0.5268419981002808
4197,246,1.3327,0.5726937055587769
364,246,1.046,0.548891007900238
1916,250,0.9992,0.5148714184761047
3043,250,1.0025,0.6620180606842041
2349,251,0.9741,0.5800550580024719
6961,251,1.0332,0.6415961384773254
5073,252,0.8996,0.6727078557014465
2349,252,1.4222,0.68914794921875
3247,252,0.9992,0.5474122166633606
1206,252,1.0569,0.5543233156204224
5285,254,1.4322,0.5812008380889893
362,254,1.3616,0.5559257864952087
3231,255,0.9984,0.5461064577102661
2272,256,1.0772,0.5534264445304871
362,256,5.4541,0.9833924174308777
2349,257,1.4944,0.612959086894989
2349,258,1.1338,0.5671244859695435
3247,258,0.9904,0.5695069432258606
4510,258,1.1944,0.5729784369468689
3080,258,1.0074,0.5379801392555237
5073,260,0.9029,0.5081735849380493
2349,260,1.0526,0.6151981353759766
3710,261,1.0225,0.5506668090820312
2349,262,1.1553,0.6803194284439087
6422,264,0.984,0.5143942832946777
227,264,0.9808,0.595763087272644
6313,264,1.2338,0.5631096363067627
1222,264,1.0047,0.5812580585479736
6891,266,1.9056,0.6014375686645508
6082,266,1.7844,0.5931897163391113
191,266,0.9982,0.5569555163383484
3889,266,1.0096,0.5752120018005371
7250,266,1.0992,0.6031221151351929
2272,266,2.0366,0.6094352602958679
3247,267,1.2702,0.560001790523529
6191,267,0.9945,0.6010698676109314
364,267,0.9685,0.546157956123352
2349,268,0.9987,0.5993497371673584
2349,269,1.0445,0.6118069887161255
435,269,1.0362,0.5671321749687195
2349,270,0.9851,0.5972695350646973
3247,270,1.0001,0.540013313293457
2828,270,1.0645,0.6281930208206177
5552,270,1.056,0.5523887872695923
435,270,1.0277,0.5492196679115295
5073,271,1.2476,0.6054114103317261
5073,273,0.9778,0.5402894616127014
2349,273,1.015,0.5623412132263184
6082,274,2.0709,0.7557130455970764
364,274,1.1158,0.5691826939582825
5073,275,1.0395,0.5304660797119141
2349,276,1.3761,0.6631090641021729
3279,276,1.4388,0.5582146644592285
6082,276,2.837,0.9323847889900208
364,276,0.8703,0.5497660040855408
5073,277,0.9968,0.5633090734481812
2349,277,1.3765,0.6756452322006226
3247,277,1.0003,0.5408630967140198
628,278,1.3027,0.6156816482543945
5360,278,0.9782,0.5871460437774658
5073,279,1.0144,0.5638747811317444
2349,279,1.228,0.5654837489128113
1469,279,0.9966,0.5135841965675354
5285,279,1.0064,0.5228146910667419
6602,280,0.9873,0.5559616088867188
5073,281,1.0799,0.5707016587257385
3847,281,1.0209,0.5444322824478149
1144,281,1.4064,0.5820419192314148
4588,282,1.7818,0.821509838104248
4618,282,0.9882,0.6362915635108948
2349,282,0.8014,0.6293150186538696
112,282,0.9986,0.5040844082832336
5172,282,0.9373,0.6688180565834045
4054,282,0.7916,0.5410247445106506
6770,282,1.2067,0.5970179438591003
5360,282,4.2677,0.8164547681808472
364,282,0.799,0.5519678592681885
0,283,0.9996,0.5516751408576965
2349,286,1.0112,0.5793164968490601
2349,287,1.3472,0.5813886523246765
1206,288,0.9295,0.5417767763137817
2272,288,1.2084,0.6438459157943726
364,288,0.7196,0.5527181625366211
3692,291,1.2691,0.5743620991706848
6875,291,1.8201,0.674329400062561
3247,291,1.097,0.6998184323310852
6082,291,1.4663,0.633516252040863
1112,291,1.6389,0.640863835811615
1206,291,1.4136,0.5954495668411255
6218,291,0.6722,0.6424446702003479
5285,291,1.2177,0.6482042074203491
5360,292,1.1209,0.5841926336288452
5073,293,0.9954,0.5315803289413452
3247,297,1.0017,0.5295320153236389
5073,300,0.989,0.5145719647407532
2349,300,0.9954,0.5607973337173462
1206,300,0.5443,0.5310892462730408
5073,301,1.0157,0.5620737075805664
5073,302,1.0218,0.5512126088142395
5073,304,1.0068,0.565459132194519
5360,305,1.8714,0.6115655899047852
5358,305,0.8445,0.624959409236908
6015,307,0.9805,0.5603624582290649
3417,307,0.8611,0.5815433859825134
7058,307,0.9845,0.5384354591369629
1206,308,1.4681,0.6408544778823853
5073,310,0.9335,0.5534355640411377
3652,310,2.0909,0.711707592010498
3247,310,1.085,0.6658677458763123
4630,310,1.98,0.8998168110847473
3174,310,7.449,0.9949007034301758
5969,312,0.995,0.5872117877006531
2349,312,1.3542,0.5829087495803833
5178,312,1.0401,0.5604341626167297
2778,313,1.0375,0.5890823602676392
1373,313,0.9891,0.5762957334518433
6041,313,1.5448,0.5948296785354614
1417,315,1.0137,0.5672053694725037
5073,318,1.0291,0.5516387224197388
2349,318,1.9914,0.7864546179771423
3247,318,0.9953,0.5770636200904846
543,318,0.9974,0.5346023440361023
5272,318,1.2677,0.5769463181495667
1206,318,1.2953,0.5712509751319885
4442,318,1.0129,0.5472062826156616
5073,319,0.9968,0.6552870273590088
1206,319,1.0193,0.5446106791496277
3247,320,2.0834,0.9718451499938965
5095,320,0.9444,0.610248327255249
1206,320,0.9937,0.5356590151786804
3247,321,1.1025,0.6027241945266724
5073,322,1.0123,0.5530258417129517
1206,322,0.9793,0.5413320660591125
5073,323,1.0939,0.5630670785903931
3247,323,1.0148,0.5601487755775452
2349,324,1.1431,0.6364606022834778
3247,324,0.9998,0.5631529688835144
2816,325,1.0123,0.526572585105896
6424,326,1.027,0.5580263137817383
3698,326,1.3174,0.6291128993034363
1363,326,1.4236,0.590338408946991
5073,326,1.0044,0.5485718846321106
3247,326,1.0232,0.6193586587905884
3247,327,1.0043,0.5705763101577759
1658,327,1.1609,0.5455600619316101
5073,328,1.5063,0.6285771727561951
3847,328,0.7464,0.6661116480827332
3247,329,2.5083,0.8807542324066162
1206,330,0.967,0.6056399345397949
3247,331,1.0108,0.5487450361251831
1206,332,2.5528,0.9653580188751221
6218,332,1.0191,0.5335736870765686
104,333,1.5916,0.650507390499115
5073,334,1.4058,0.6509435772895813
2349,334,1.5635,0.6146652698516846
6606,334,1.0817,0.5829166769981384
2272,334,1.0486,0.5645463466644287
5073,335,2.0005,0.6221050024032593
2367,335,1.0034,0.5468769669532776
3247,336,1.0015,0.5477985739707947
435,336,2.9261,0.9502116441726685
5736,337,1.2628,0.5738805532455444
2349,338,0.8162,0.5944792628288269
1206,338,1.1909,0.6233384013175964
329,338,2.0589,0.9641348123550415
5073,339,1.0019,0.6679171919822693
2349,339,0.942,0.5978787541389465
6218,339,0.6503,0.6205286979675293
3045,340,2.3886,0.7992660999298096
3247,341,1.0083,0.6508125066757202
1435,341,1.0374,0.5673295855522156
5073,342,0.9968,0.527576744556427
6478,342,1.0331,0.5561619997024536
1206,342,0.9968,0.5279241800308228
5073,343,1.5569,0.6886656284332275
2349,343,0.7156,0.5894761681556702
3247,343,1.6916,0.5805737972259521
2818,343,1.0018,0.543098509311676
1658,343,0.9648,0.5305302739143372
5073,344,0.9783,0.6373100876808167
2349,344,0.9897,0.6256787180900574
7086,344,1.0047,0.581687331199646
1206,344,0.9315,0.5554882287979126
2349,345,0.9694,0.5713759660720825
1658,345,0.9987,0.5385918617248535
6218,345,1.0922,0.5791215896606445
1862,346,0.9986,0.53409743309021
2349,346,1.0096,0.6035043001174927
4672,347,1.0026,0.5498645305633545
6626,347,1.1749,0.566585123538971
2520,347,1.5419,0.5556386709213257
5073,348,1.0061,0.5205863118171692
2959,348,1.022,0.55431067943573
1206,348,0.9993,0.5417141318321228
5073,349,1.0253,0.5509103536605835
489,349,1.0218,0.5618922114372253
3247,350,1.2058,0.5884909629821777
1206,350,1.3077,0.5663387775421143
5073,351,1.0161,0.5497708320617676
3247,351,1.2353,0.5652099847793579
660,351,0.9948,0.5495874285697937
5073,352,1.1455,0.5940411686897278
102,352,1.1831,0.6400291323661804
1112,352,1.04,0.561123788356781
1824,353,1.7667,0.6411954164505005
1896,353,2.1884,0.9365559220314026
2828,353,1.8,0.5822398662567139
1658,353,1.0124,0.5266019105911255
5073,354,1.0991,0.5656847357749939
2349,354,0.9653,0.5868999361991882
3247,354,0.9983,0.5439453125
3734,354,0.8308,0.5771921873092651
2211,354,0.9424,0.5823768377304077
2349,356,0.9783,0.5657621026039124
3247,356,0.9974,0.5618271231651306
6082,356,3.965,0.9256553649902344
2349,358,1.233,0.5650838613510132
1763,358,0.9938,0.5128711462020874
4133,360,0.9915,0.6102034449577332
2291,360,2.7468,0.8680638670921326
2349,360,1.3519,0.550154983997345
3247,360,1.8383,0.5822252035140991
6464,360,1.0093,0.5413987040519714
2806,360,0.9909,0.6568462252616882
4634,360,0.9828,0.537241518497467
5073,361,1.0786,0.573600709438324
2349,362,0.9581,0.544406533241272
3652,363,1.016,0.5593553185462952
6082,364,1.137,0.6335598230361938
1206,366,1.9722,0.7138305306434631
2349,367,1.1343,0.5841420292854309
1206,367,1.0467,0.5573596358299255
5073,368,1.0001,0.5330684781074524
3247,368,1.0155,0.5648093819618225
1658,369,1.0365,0.5640761852264404
5073,370,0.645,0.5662551522254944
2349,370,1.0524,0.5527599453926086
3247,370,1.0363,0.6400838494300842
6082,370,1.0015,0.5517115592956543
2272,370,1.0325,0.5418540835380554
5073,371,0.9925,0.5336422324180603
5073,372,1.0471,0.5822018980979919
1691,373,1.1612,0.5688189268112183
2349,374,1.1582,0.6970974802970886
1112,374,1.0015,0.5434527397155762
1206,374,1.233,0.6684301495552063
2137,374,1.0146,0.6333068013191223
2770,375,1.0022,0.5615230202674866
2349,376,0.8814,0.5365426540374756
1206,376,1.4979,0.6479422450065613
2349,377,1.2097,0.5997143983840942
1658,377,4.698,0.963420033454895
5073,378,0.7739,0.540229320526123
2349,378,2.1987,0.6182078719139099
2272,378,2.3419,0.7165477871894836
2349,379,1.2351,0.5546787977218628
5073,381,1.0042,0.548526406288147
2349,381,0.4878,0.5397419333457947
3247,381,0.9885,0.521334171295166
5073,382,1.0062,0.5437856912612915
5073,383,1.0049,0.6055945158004761
3247,384,1.1538,0.5794845819473267
1206,384,0.8903,0.5643638372421265
6218,384,1.7113,0.5765992403030396
2349,386,1.0006,0.6164080500602722
3019,386,1.0032,0.5123065114021301
1206,387,1.0117,0.5390434861183167
5073,388,1.2095,0.6416380405426025
3247,388,1.1305,0.5836938619613647
1206,388,1.1897,0.6348558068275452
6312,388,1.0085,0.6039377450942993
3706,389,1.0171,0.5422753691673279
2746,390,0.9376,0.6231377720832825
2349,390,1.0298,0.6712517738342285
1206,390,1.391,0.5836352705955505
2349,391,1.0194,0.6076844334602356
3247,391,1.0006,0.5577751994132996
6082,392,1.2536,0.6322113871574402
5706,393,0.8833,0.540807843208313
5073,394,1.0274,0.5597268342971802
3423,394,0.9867,0.5827087163925171
5073,395,1.0434,0.5543487668037415
2349,395,1.2511,0.5721094608306885
5073,396,1.0184,0.5519121289253235
3423,396,1.0314,0.5419073104858398
6017,397,1.079,0.5956258177757263
3393,397,1.3781,0.555212140083313
3247,399,1.0525,0.5604947805404663
6005,400,1.0402,0.5944690108299255
1112,400,0.9945,0.5623218417167664
2349,401,1.0602,0.5976378917694092
5073,402,1.016,0.5808631777763367
2272,402,1.0238,0.5576338171958923
3174,402,1.9148,0.5910922288894653
5071,403,1.7777,0.5967204570770264
5073,404,0.9865,0.6549148559570312
1852,405,0.9935,0.5389221906661987
2349,405,2.3798,0.8463745713233948
7088,405,1.1208,0.554890513420105
1658,405,0.9829,0.5366289019584656
2349,406,0.9945,0.5227414965629578
3174,406,5.1252,0.9911414384841919
4576,407,1.8257,0.5770041942596436
5073,408,1.1824,0.6061316132545471
2349,408,0.9914,0.5770103335380554
369,408,0.9856,0.5346512794494629
2349,409,1.5128,0.5902262330055237
686,410,1.3159,0.5062509775161743
5069,411,2.5612,0.9771431684494019
5500,411,1.1184,0.5747662782669067
3375,411,1.0118,0.5632725358009338
5073,412,0.8199,0.6496660113334656
2349,412,1.0018,0.5822035074234009
48,413,1.0119,0.5215449929237366
5073,414,1.0335,0.5461418628692627
6426,415,0.9918,0.5352694392204285
908,415,1.1004,0.6462470889091492
1550,415,1.0308,0.5889725089073181
5073,416,1.0077,0.5374535918235779
2349,416,1.0381,0.5555140376091003
4179,416,1.3005,0.7184146642684937
1206,416,0.9251,0.5750527381896973
4592,417,0.9824,0.571144700050354
4590,417,1.0008,0.6278637647628784
6151,418,1.6566,0.8778550624847412
5073,419,1.0025,0.5573107004165649
5073,420,1.0001,0.5393628478050232
2349,420,1.197,0.5552932024002075
3247,421,0.9812,0.5221017599105835
3247,423,2.1375,0.8076344728469849
5073,424,1.0014,0.6154175996780396
3247,424,0.9457,0.6706930994987488
708,424,3.8337,0.9708694219589233
3247,425,0.9984,0.5362810492515564
2367,425,1.001,0.5436608195304871
1206,425,1.2771,0.5659719705581665
5073,426,1.2712,0.618748664855957
2349,426,1.0521,0.589390754699707
2349,427,0.9955,0.5384964942932129
7088,427,1.0038,0.5446525812149048
1206,427,1.1262,0.6033546328544617
5961,428,0.9913,0.5293845534324646
5073,428,1.2807,0.5684254765510559
6082,428,0.8037,0.589031457901001
1178,428,1.0003,0.5694693922996521
5073,429,0.6662,0.6109892725944519
2349,429,0.6788,0.5923831462860107
2885,429,1.2886,0.5511953830718994
1206,429,0.9891,0.6185184121131897
5073,431,1.0089,0.5601193904876709
5073,432,1.0321,0.5474500060081482
5131,432,0.9505,0.631059467792511
1206,432,1.1958,0.5698543190956116
5073,433,1.0361,0.5415012240409851
2349,433,2.1005,0.7969298362731934
3247,433,1.2924,0.610965371131897
3875,433,1.0844,0.5591614246368408
1206,433,1.4326,0.6839622259140015
5073,434,1.0015,0.5553942322731018
1206,434,1.7426,0.6187658309936523
2349,438,1.2322,0.5647007822990417
5073,439,0.9952,0.6068971157073975
5033,439,0.9368,0.5532416105270386
5973,439,0.9985,0.5415946245193481
3247,439,0.999,0.5398643612861633
4207,439,1.8742,0.6518303155899048
5726,439,1.7482,0.8028416037559509
1206,439,1.1938,0.6932390928268433
5073,440,0.8376,0.5316927433013916
6444,441,1.6219,0.5748386383056641
3247,441,1.6673,0.5915114283561707
1206,441,1.0227,0.645265519618988
1206,442,0.992,0.5616781115531921
1206,443,1.635,0.6505116820335388
1206,446,1.0349,0.6006407737731934
5073,447,0.9957,0.5407217741012573
2349,447,1.0433,0.5732430219650269
2349,448,0.9868,0.5753042697906494
5073,449,1.5198,0.7066178321838379
1206,449,0.8291,0.6306795477867126
6082,450,1.0064,0.5280190706253052
2349,452,1.336,0.5732105374336243
2433,452,0.6662,0.5328176617622375
364,454,0.9985,0.5186508297920227
6912,454,5.3369,0.989349901676178
5073,456,1.1159,0.6643491387367249
5554,456,1.2235,0.6158331632614136
6094,456,1.1356,0.5729420781135559
4479,458,1.0317,0.5628067851066589
4910,460,3.2024,0.9907041192054749
1206,462,0.7645,0.6179242134094238
369,462,2.9943,0.9423789381980896
5073,464,1.4492,0.5632219314575195
5073,466,1.2344,0.5587092638015747
1206,466,1.0146,0.5462903380393982
2092,466,3.5655,0.992729127407074
3247,468,1.0656,0.5690115094184875
1178,468,0.998,0.5377717018127441
2349,470,1.3516,0.5791885852813721
2331,472,1.1887,0.6678033471107483
3247,472,1.3435,0.7097171545028687
1910,472,0.8859,0.5511527061462402
5399,472,1.7974,0.7999133467674255
635,472,1.4616,0.5623278617858887
2349,474,0.9944,0.5528611540794373
3983,474,1.1978,0.5847615599632263
3247,476,0.9931,0.5832953453063965
672,476,1.2151,0.5718172192573547
1206,476,0.9861,0.5407750606536865
5792,476,2.1708,0.8827770948410034
3247,478,1.013,0.5441803336143494
1206,478,1.2193,0.5520817041397095
507,480,0.9649,0.5917943120002747
1752,480,3.782,0.9818518161773682
4465,480,3.7317,0.9882155656814575
4930,480,4.1182,0.9942554831504822
3082,480,0.9996,0.5576517581939697
1206,482,1.0696,0.5496200323104858
5073,486,1.2059,0.5521270632743835
1206,488,1.0424,0.5516706109046936
5073,490,0.8695,0.6172805428504944
916,490,1.2368,0.6985490322113037
3247,490,1.0458,0.5786738395690918
6914,490,1.8404,0.5914964079856873
602,492,1.0465,0.5453434586524963
4350,492,1.2329,0.5744646191596985
4814,492,2.4292,0.9622805714607239
5073,494,1.0141,0.5403485298156738
1373,494,3.1097,0.9610968232154846
2349,494,1.2297,0.6749661564826965
3247,494,0.9982,0.5673724412918091
5073,496,0.99,0.5271173715591431
984,496,1.103,0.5941048860549927
6082,496,1.0063,0.5453338027000427
5698,496,1.3004,0.5697754621505737
1112,496,1.0097,0.5408914089202881
832,496,1.1477,0.5539141893386841
5073,498,1.1666,0.6531451344490051
6962,498,1.0235,0.5841895341873169
4168,498,4.7277,0.9872736930847168
2349,500,1.7182,0.6192229390144348
3039,500,1.1927,0.5567172765731812
2896,500,2.5379,0.9681743383407593
5073,504,0.8156,0.6013550162315369
2349,504,1.5046,0.7207164168357849
3247,504,1.3863,0.6677916646003723
2092,504,1.005,0.5528071522712708
102,506,1.7114,0.6280322670936584
7074,506,1.3078,0.5740675330162048
5211,508,0.9959,0.5489733219146729
197,510,0.9885,0.5491011142730713
672,510,2.4643,0.9798099994659424
1206,510,0.8742,0.5456867218017578
5073,514,1.079,0.5666282773017883
6614,514,1.0375,0.5452166795730591
1206,514,0.8639,0.5686837434768677
3174,514,5.2913,0.9957597851753235
5073,516,1.0405,0.5960875749588013
2349,516,0.9815,0.5525446534156799
2092,516,2.3448,0.8378682732582092
5993,518,3.0778,0.9572244882583618
5073,518,1.0004,0.5280219316482544
2349,518,1.0003,0.6216391921043396
5073,520,0.9854,0.5429913401603699
364,520,1.7892,0.6140086054801941
2886,520,0.7529,0.6455961465835571
5073,522,1.7007,0.6893110275268555
3247,522,1.3495,0.6452047228813171
2349,524,1.4189,0.5691423416137695
5131,524,0.9216,0.5662493705749512
3841,524,0.7419,0.5551841259002686
1206,524,0.9714,0.5291352272033691
6434,526,1.1742,0.5770448446273804
2349,526,1.0397,0.556288480758667
7261,526,1.0387,0.5800738334655762
4125,527,0.9437,0.552889347076416
3572,530,1.302,0.5602620244026184
2471,530,3.4238,0.9904966354370117
6591,530,1.0854,0.5707240700721741
4479,532,2.2797,0.9093068242073059
2349,534,1.3383,0.6688511371612549
2367,534,1.0006,0.6210310459136963
5073,536,1.0393,0.5966570377349854
1206,536,1.1591,0.5743284225463867
2272,536,1.017,0.5952812433242798
2092,536,2.3177,0.9717000722885132
505,538,1.2377,0.5984541773796082
1206,538,0.9802,0.54836106300354
3500,538,1.6112,0.5580655932426453
1232,538,1.606,0.5767122507095337
5073,540,1.0261,0.6586880683898926
2987,540,1.1403,0.5550244450569153
34,541,0.9988,0.5675161480903625
1860,541,0.8961,0.5776164531707764
5073,542,0.9469,0.5611022710800171
2349,542,0.9237,0.5725082159042358
5073,544,1.0257,0.550547182559967
2349,544,1.0004,0.5363687872886658
5073,546,1.0204,0.5500139594078064
2349,546,1.4595,0.5919492840766907
3358,546,0.99,0.5506377220153809
5073,548,1.4865,0.6651491522789001
2349,548,1.8309,0.5940196514129639
5073,552,0.9666,0.5384892225265503
364,552,0.9987,0.5620826482772827
6614,554,1.4916,0.5561985969543457
5073,556,1.0914,0.570175051689148
3247,556,0.993,0.5157966613769531
6082,558,1.6953,0.5838027000427246
1752,558,1.0077,0.5520374178886414
5073,562,0.9534,0.5680649280548096
5645,562,1.0141,0.6412519812583923
1206,565,1.0011,0.5397775173187256
5858,565,2.005,0.8963419795036316
2349,566,1.3085,0.6038668751716614
5073,569,0.9885,0.599141001701355
4588,569,1.1539,0.5987163186073303
2349,569,1.0748,0.5579960346221924
3247,569,1.1862,0.6653329133987427
6047,569,1.0018,0.5585338473320007
1206,569,0.8919,0.5729671716690063
5285,569,0.9946,0.5659278631210327
773,569,1.145,0.5564143061637878
1511,569,1.0002,0.5162333250045776
5073,570,1.0003,0.5117025375366211
5073,571,1.0025,0.5779142379760742
50,571,1.0793,0.5551998019218445
3891,571,1.1579,0.5413738489151001
2272,571,0.9934,0.5571684837341309
5073,573,1.0854,0.5796652436256409
3247,573,1.1869,0.5967941880226135
1206,573,0.8872,0.5774751305580139
1987,574,2.8408,0.9853776693344116
3247,576,0.6265,0.5885815620422363
5943,577,2.7747,0.9524879455566406
2349,577,0.9976,0.5721108317375183
3247,577,0.9998,0.5229543447494507
1206,577,1.1244,0.6988227963447571
2272,577,2.3312,0.9123690128326416
364,577,3.4352,0.9901295304298401
2018,578,0.9677,0.5280030965805054
364,580,0.9664,0.6864399909973145
5073,581,1.0462,0.6064109206199646
3688,582,1.0171,0.5559133887290955
4586,582,1.6197,0.6398925185203552
5073,582,0.9995,0.542121946811676
2349,582,1.305,0.5682400465011597
2351,582,1.0927,0.5624610185623169
6645,582,1.1469,0.5663484334945679
364,583,1.0049,0.5458614230155945
5073,585,0.988,0.5245938897132874
1206,585,0.7176,0.6414937973022461
2642,585,2.9136,0.9855819344520569
364,585,1.5514,0.6800053715705872
5073,586,1.2193,0.651572048664093
435,588,1.4852,0.587160050868988
364,588,1.0267,0.5465340614318848
2633,589,2.2698,0.9078409075737
6108,589,3.4497,0.9823755621910095
5073,590,0.9083,0.5447068214416504
2349,590,0.9996,0.5122236013412476
3247,590,0.9823,0.6538498997688293
6082,592,1.3678,0.6564558744430542
364,592,2.1889,0.8750829100608826
1206,593,0.7629,0.6257390975952148
5285,594,1.0048,0.5115729570388794
2349,595,0.9821,0.604734480381012
1206,595,1.0842,0.5402222871780396
364,595,2.1986,0.9185714721679688
6082,597,1.0498,0.5882250666618347
3526,597,1.0064,0.5462324023246765
364,597,1.2388,0.5612044930458069
1292,598,2.1065,0.9661515355110168
364,598,1.6393,0.6371561288833618
2349,599,1.4525,0.5469865798950195
2349,600,1.6395,0.7267021536827087
2794,600,2.1303,0.888427197933197
5073,601,0.9384,0.5340858101844788
364,601,1.4912,0.5693191289901733
2349,602,0.9836,0.6346482634544373
3247,602,0.9905,0.5654304623603821
30,603,0.9999,0.5214762687683105
5498,603,1.0128,0.6036746501922607
2349,603,1.3694,0.6571956276893616
6082,603,1.1689,0.5537370443344116
2609,603,1.9743,0.6624246835708618
4419,603,0.9963,0.6149535179138184
3247,604,1.0337,0.6329006552696228
2938,605,4.056,0.9899631142616272
4592,606,1.0246,0.5699957609176636
4590,606,1.0098,0.5358495712280273
5073,607,1.8371,0.7254565954208374
2349,607,1.5036,0.7244983315467834
1206,607,0.6899,0.5616046786308289
364,607,1.0419,0.6119874119758606
5101,608,0.9709,0.6133430600166321
2349,609,1.5978,0.6746348738670349
1465,609,1.1359,0.6454019546508789
1616,609,1.606,0.6697514653205872
2137,609,1.6228,0.5691883563995361
6887,610,1.0167,0.5862336754798889
5073,611,1.0111,0.6725822687149048
3247,611,0.9759,0.5318887829780579
364,611,2.6119,0.9869521856307983
1109,611,3.3376,0.9866798520088196
2349,612,0.935,0.5190743803977966
3247,612,0.8824,0.5630373358726501
5095,612,1.0292,0.5555781722068787
3247,613,1.041,0.5803070664405823
331,613,1.0009,0.5664359331130981
2184,615,2.0074,0.8643802404403687
5073,616,0.977,0.5625450611114502
2349,616,0.9796,0.5489054918289185
5073,617,1.002,0.5567092299461365
102,617,0.9582,0.5858942866325378
7074,617,1.2422,0.5848632454872131
1206,617,1.1923,0.571104884147644
5073,618,0.9905,0.5440398454666138
1206,619,1.775,0.6596094369888306
2349,620,1.0671,0.5687066316604614
6412,621,1.1748,0.5766584277153015
6614,621,1.2348,0.551535427570343
6218,621,1.1418,0.5969125032424927
6722,621,1.022,0.5398356318473816
4012,621,1.3489,0.6102563142776489
2349,622,1.0755,0.6146498918533325
6468,622,0.9973,0.5439644455909729
6082,623,1.232,0.6816909313201904
1206,623,1.4282,0.6219686269760132
5073,624,1.3159,0.5848146080970764
3652,624,2.1943,0.6286603808403015
5073,625,0.9584,0.5327704548835754
2349,626,1.0021,0.5416476726531982
2349,627,1.0484,0.6184401512145996
3247,627,2.069,0.6079826354980469
3251,627,1.7589,0.6613457202911377
4362,627,1.0009,0.5340203046798706
1206,627,2.0384,0.5988135933876038
6277,627,1.1542,0.5767437815666199
2367,628,0.9501,0.5549167990684509
5055,629,0.9915,0.552139163017273
1206,629,1.1158,0.5620391964912415
4592,630,1.1174,0.5728779435157776
5095,630,1.3576,0.7036250233650208
5073,631,1.133,0.5928773283958435
3560,631,1.031,0.6197469234466553
5073,632,2.0074,0.6126329898834229
3247,632,0.5562,0.5496981143951416
3237,633,0.6847,0.6129650473594666
5073,633,1.0259,0.5582441091537476
2349,633,0.9265,0.5975013375282288
3247,633,0.9791,0.5491653084754944
1530,633,0.7526,0.5718973875045776
1206,633,1.0743,0.568709135055542
2349,634,1.7735,0.6316016912460327
3247,635,1.5668,0.5888723731040955
2023,635,2.2344,0.8577950596809387
6623,635,2.9068,0.940488874912262
2349,636,0.9291,0.6952922940254211
3247,636,0.9998,0.5748995542526245
5073,637,1.0845,0.5514909029006958
5073,638,1.9252,0.7866486310958862
4588,638,1.0051,0.5521988272666931
3247,638,0.9998,0.5533192157745361
5073,639,0.9648,0.5742698311805725
2349,639,1.0173,0.5751349329948425
3247,639,1.3254,0.669626772403717
6005,639,1.2777,0.650097668170929
1206,639,1.0674,0.5529869794845581
2349,640,0.9994,0.5716345906257629
5073,641,1.2664,0.6759278774261475
2349,641,1.1418,0.5870450139045715
5073,643,1.1137,0.6395555734634399
1206,643,0.9843,0.5945042967796326
364,643,0.9543,0.5070053935050964
1222,643,1.3533,0.5659586787223816
5564,644,1.0052,0.5499727129936218
3694,645,1.3573,0.591163158416748
5073,645,1.0005,0.534419059753418
2349,645,1.1296,0.5803278684616089
3247,645,0.9942,0.5298348665237427
1206,645,1.0185,0.5509563088417053
4920,645,1.3888,0.5699757933616638
6422,646,1.08,0.668472945690155
2349,646,1.2876,0.5908437371253967
3247,646,1.984,0.6255423426628113
2349,647,0.8261,0.5892683267593384
1206,647,0.9868,0.5255249738693237
2367,648,1.0485,0.6125963926315308
5073,649,1.0033,0.5315317511558533
5131,649,0.4673,0.5400031208992004
3275,649,1.0462,0.6076253056526184
5820,649,0.9993,0.5435274839401245
4014,649,1.2469,0.5884345769882202
364,649,0.9981,0.526691198348999
5330,649,1.3787,0.5545457601547241
5568,650,0.9939,0.5599498748779297
5073,651,1.0106,0.5277984738349915
2349,651,0.9983,0.5652748942375183
3247,651,1.0073,0.542400598526001
5644,651,0.9923,0.6348705291748047
1206,651,2.5375,0.833142101764679
351,651,1.226,0.5908660292625427
6464,652,1.0131,0.5915348529815674
6017,652,1.2057,0.5680044293403625
2349,653,0.9994,0.5117462873458862
364,653,1.0051,0.5223394632339478
6941,654,1.0042,0.5405078530311584
5073,655,0.9921,0.534048318862915
2349,655,1.1371,0.5614977478981018
3247,655,1.6411,0.564099133014679
5252,655,1.0726,0.5813748836517334
775,655,0.9339,0.5565784573554993
2137,655,0.9985,0.5775510668754578
4163,656,1.3684,0.6623568534851074
5073,657,0.9695,0.6618330478668213
2349,657,1.3619,0.7015343308448792
3247,657,1.1395,0.5562530755996704
4207,657,1.197,0.5578634142875671
4479,657,1.0042,0.505202054977417
2631,657,4.7933,0.9917974472045898
5073,658,1.2576,0.5628528594970703
5073,659,0.7045,0.5389765501022339
3247,659,1.5275,0.6669092774391174
3425,659,2.0611,0.7069186568260193
5073,661,1.0963,0.551188051700592
6275,661,1.0179,0.6310082077980042
5073,663,1.3611,0.5619783401489258
2590,663,1.0206,0.5140538811683655
499,664,1.2162,0.5866873860359192
3652,664,1.062,0.5596755743026733
5073,665,1.0726,0.6202262043952942
3107,665,0.4944,0.6018388271331787
364,667,1.6047,0.6353567838668823
5805,669,1.0994,0.5833896994590759
3983,669,3.5843,0.9940983057022095
2349,671,1.4171,0.6229413747787476
2349,673,0.8543,0.5631930828094482
4207,673,1.3931,0.6782946586608887
364,675,1.1434,0.5404533743858337
3247,676,1.0623,0.5616234540939331
4624,677,1.0348,0.6064375638961792
5154,677,1.4324,0.6547824740409851
5073,679,0.993,0.573814332485199
2349,679,1.0039,0.5765136480331421
2371,679,0.9001,0.5844900608062744
1206,679,0.967,0.542021632194519
6781,679,2.7246,0.9834246039390564
2349,680,1.2136,0.5741101503372192
3736,680,1.0014,0.5464756488800049
5073,681,1.2188,0.6146726012229919
2349,681,1.6062,0.627413809299469
3247,681,1.0625,0.6194490194320679
5560,681,1.6153,0.715599536895752
5073,682,1.0329,0.591618537902832
5073,683,1.3674,0.5603329539299011
2349,683,2.0332,0.6658182144165039
3247,683,1.0229,0.5966091752052307
2367,683,0.8629,0.5104461312294006
5073,685,1.0182,0.5532503128051758
916,685,1.1385,0.6026659607887268
6907,685,1.4336,0.6017063856124878
1206,685,1.0082,0.5442769527435303
3825,686,0.9902,0.5896559953689575
5073,687,1.0141,0.5775563716888428
2349,687,0.9864,0.5863267779350281
2794,687,0.8035,0.5993605256080627
5073,688,1.1191,0.6243245601654053
3174,689,1.8449,0.7678604125976562
5073,693,0.9838,0.5910891890525818
6082,693,1.3044,0.548846423625946
364,693,2.4883,0.8523412346839905
6295,693,1.1613,0.5213678479194641
2349,694,1.0279,0.5551079511642456
5073,695,1.0282,0.6617065668106079
364,695,4.027,0.9897375702857971
1840,696,1.0145,0.5548818111419678
5073,697,0.8527,0.5647989511489868
2272,697,1.0907,0.5548105239868164
5073,699,0.9369,0.5494166016578674
2349,699,0.952,0.5576394200325012
3247,699,2.8764,0.9771167635917664
6191,699,1.0133,0.6276282668113708
830,699,0.9797,0.527544379234314
2092,699,1.3676,0.5897848606109619
5073,701,1.5466,0.5618412494659424
2349,701,1.1811,0.5552959442138672
2349,702,1.6714,0.5926275253295898
5073,703,1.0009,0.5438885688781738
5073,705,1.0075,0.538244366645813
3247,706,0.9969,0.5538699626922607
364,707,2.0934,0.6759713292121887
3225,708,1.207,0.5481350421905518
5073,709,1.0314,0.621710479259491
3247,709,1.2109,0.5203161835670471
6275,709,4.7733,0.9955581426620483
3291,710,0.987,0.6358588337898254
5073,711,0.9891,0.5807501077651978
4805,711,1.4238,0.6860993504524231
5073,712,1.1086,0.5880857110023499
1836,714,0.9017,0.6267344951629639
364,715,0.8069,0.6315457224845886
2349,718,1.0725,0.6270432472229004
364,718,0.9992,0.5276432037353516
6895,719,1.0318,0.552018940448761
5073,720,1.3809,0.6331295967102051
2349,720,0.9955,0.7180794477462769
3247,720,1.0742,0.5634233355522156
5111,720,0.7211,0.6760050058364868
1206,720,1.016,0.6040762662887573
364,721,0.8661,0.5381828546524048
5073,722,1.0,0.5575108528137207
2272,722,1.3082,0.5509588718414307
2349,723,1.0181,0.5486238598823547
2349,724,0.9982,0.5371461510658264
3247,725,1.1803,0.5526645183563232
2359,726,1.072,0.5863812565803528
994,726,2.131,0.943122923374176
7088,726,1.0128,0.5613547563552856
1206,726,1.0533,0.5335816740989685
4985,726,1.7583,0.5995405316352844
2349,727,0.9321,0.5519110560417175
3247,727,0.993,0.6267439723014832
435,727,1.0122,0.5741980671882629
5073,728,0.9883,0.5368205308914185
2349,728,0.9283,0.5337297916412354
2349,729,0.7289,0.5803512334823608
628,729,1.0471,0.5938462615013123
435,729,1.1752,0.5782177448272705
772,729,3.0245,0.9843987226486206
2349,730,1.4729,0.6304404139518738
4187,730,1.3184,0.5290048718452454
6082,730,0.9407,0.5895171165466309
3634,730,1.1701,0.6033633947372437
1206,731,0.996,0.5361015796661377
2349,733,1.0419,0.5790300965309143
1888,733,0.5655,0.5591915845870972
6082,733,0.9809,0.5431564450263977
4054,733,0.9996,0.6226423978805542
5073,735,1.1925,0.6684209704399109
2349,735,0.8229,0.5894957184791565
3247,735,0.7979,0.5892897248268127
6630,735,0.9992,0.5120106339454651
7088,735,1.4874,0.5179648995399475
5360,735,1.2782,0.554817259311676
364,735,0.733,0.5991877317428589
2349,736,1.0021,0.6171220541000366
6082,736,1.0041,0.5270657539367676
2349,737,1.4227,0.6766263842582703
183,737,1.0085,0.5525104999542236
435,737,0.9981,0.5473884344100952
88,738,1.6557,0.604158878326416
5429,738,2.5417,0.9417262077331543
6305,738,3.3836,0.9903968572616577
2349,739,0.9935,0.5416909456253052
1206,739,0.6609,0.5949780344963074
5073,740,1.0543,0.645056962966919
1395,740,1.0143,0.5703591704368591
5285,742,1.2784,0.5613284111022949
2349,743,1.0482,0.5727102756500244
2349,744,0.8054,0.5127019286155701
6374,744,1.0702,0.5505281090736389
364,744,0.9201,0.5648994445800781
5073,745,1.1101,0.5966218113899231
2349,745,0.9951,0.5329986214637756
1206,745,1.2995,0.5731707215309143
364,745,1.109,0.565884530544281
5073,747,1.0403,0.5423286557197571
2170,747,1.0005,0.5353090763092041
3247,748,0.9601,0.533186137676239
5115,748,1.0823,0.5765190124511719
5073,749,1.0551,0.68109530210495
5073,750,0.9964,0.5184305906295776
364,750,0.997,0.5244963765144348
5073,751,1.0168,0.5952450633049011
6191,752,0.8492,0.5894313454627991
2349,754,1.3952,0.5654090642929077
3247,754,1.0002,0.5221567153930664
2979,754,1.0046,0.5493754148483276
1206,755,0.7494,0.610308051109314
5073,756,1.2093,0.5900619626045227
2349,756,1.3382,0.778085470199585
1206,756,0.863,0.6130590438842773
2349,758,0.996,0.5230974555015564
435,758,1.0072,0.5370336771011353
2349,761,1.1349,0.5611152648925781
5073,762,1.0028,0.5488123893737793
2349,762,0.9581,0.5846177935600281
3247,762,2.5321,0.8962243795394897
867,762,1.9929,0.6901764869689941
5073,764,1.0002,0.5345590114593506
2349,764,1.1645,0.6830793023109436
2349,765,1.4375,0.6570013165473938
2001,766,1.5482,0.5742872953414917
3247,767,0.986,0.6020906567573547
5069,768,1.531,0.5302811861038208
5073,768,0.9946,0.5023604035377502
2349,768,1.5794,0.5817087888717651
1206,768,1.0344,0.5459766983985901
2349,769,1.0606,0.6791106462478638
2349,770,0.9904,0.5461098551750183
3247,770,1.0748,0.6524249911308289
6478,770,0.9855,0.5239412188529968
5073,772,0.8421,0.6032397150993347
2349,772,1.0001,0.5635700821876526
2740,773,0.9772,0.5236579179763794
2349,773,1.3017,0.5430107116699219
3247,773,1.6934,0.5683074593544006
1979,773,1.013,0.5560796856880188
7100,773,3.0524,0.9808759689331055
5073,775,1.0028,0.55507892370224
3247,775,1.0176,0.5585180521011353
3855,775,0.9989,0.5129814743995667
5252,775,0.9775,0.5987274050712585
2349,776,0.9923,0.5301106572151184
3247,776,1.3464,0.540966272354126
6082,776,1.2933,0.5686740875244141
1206,776,1.3217,0.5678631067276001
2349,777,0.997,0.5567644834518433
7100,777,0.972,0.5910229086875916
1206,777,1.0498,0.5485469102859497
5073,778,1.1984,0.5533130168914795
2349,778,1.43,0.562029242515564
3247,778,2.8457,0.9359219074249268
475,779,1.0079,0.5418081283569336
2349,779,1.0876,0.5367254614830017
541,779,0.996,0.5227205157279968
2051,779,1.005,0.5491811037063599
5073,780,1.1909,0.5503451824188232
1206,780,1.9642,0.6859658360481262
5696,781,0.9586,0.5695505738258362
5073,782,1.1104,0.6331371665000916
2349,782,1.0322,0.6103291511535645
3247,782,1.0999,0.5683075189590454
1206,782,1.201,0.5640156865119934
369,782,1.3175,0.6032953858375549
3247,783,0.9978,0.5308279395103455
5073,784,0.9951,0.6424695253372192
3247,784,0.9946,0.6577997803688049
6045,784,1.0746,0.6102192401885986
3652,785,1.3739,0.6017211079597473
3247,785,0.993,0.5497488379478455
1206,785,1.0071,0.5437549948692322
5073,786,1.0082,0.5597637295722961
3247,786,1.9426,0.6387639045715332
1206,786,2.118,0.6352930068969727
3978,786,1.0098,0.5441696643829346
1206,787,2.5684,0.9838077425956726
6218,787,0.9869,0.5259283185005188
5073,788,1.0938,0.5782310962677002
3247,788,1.1111,0.6314725875854492
686,788,1.3423,0.6327939629554749
2349,790,0.998,0.5510230660438538
3247,790,1.2107,0.5565882921218872
1206,790,1.3182,0.5591761469841003
4592,791,1.0616,0.5688418745994568
3219,791,1.0037,0.5500230193138123
1373,791,1.0197,0.550130307674408
435,792,1.0282,0.5442043542861938
6361,792,1.6949,0.5971751809120178
3247,793,1.0423,0.5450626015663147
465,794,1.371,0.5844276547431946
1868,794,1.0484,0.5429841876029968
5073,795,1.0198,0.6260015368461609
2349,795,1.053,0.5585841536521912
3247,795,0.963,0.5315564870834351
5546,795,1.0779,0.5663338303565979
6179,795,0.9863,0.5408586859703064
2969,795,0.9926,0.5308157205581665
4298,797,1.013,0.5678517818450928
2349,798,1.0843,0.6587358117103577
6218,798,1.0557,0.561720073223114
2349,799,0.9818,0.5418390035629272
7086,799,1.6608,0.5839158296585083
5073,800,1.0055,0.5284337401390076
52,800,0.9022,0.6020817160606384
2349,800,0.9817,0.5475462675094604
6624,801,1.2213,0.5672010779380798
6169,802,1.1077,0.5261881947517395
2349,803,1.0043,0.59212327003479
3247,803,1.2177,0.5910668969154358
5073,804,1.2075,0.6259680390357971
1206,804,0.9162,0.5800862908363342
3223,805,1.6471,0.5654488801956177
2496,805,1.4603,0.5874629020690918
5073,806,1.007,0.5515339374542236
2349,806,2.3148,0.9539003372192383
3247,806,1.0011,0.5429011583328247
4054,806,0.9912,0.5966596603393555
5864,808,1.0666,0.5581367611885071
1379,809,1.1047,0.5693844556808472
2349,810,1.0062,0.5582351684570312
3247,810,0.8992,0.54472815990448
5256,810,1.1755,0.6070666313171387
1206,810,1.5678,0.5573071837425232
2349,812,0.9346,0.5606706738471985
5073,814,1.2526,0.6851339936256409
2349,814,1.2455,0.6483291983604431
435,814,1.0095,0.537236750125885
5073,815,1.875,0.6768044233322144
2307,815,1.053,0.6448088884353638
6879,815,1.0178,0.5467170476913452
3247,815,0.9952,0.5325039625167847
678,815,0.8339,0.5790844559669495
5073,816,1.2548,0.5685212016105652
2349,816,1.023,0.7315258979797363
1206,816,1.7243,0.6575376987457275
5073,817,0.9867,0.5300529599189758
1084,818,1.0095,0.5403533577919006
2389,819,1.0015,0.5475965738296509
5073,820,0.7635,0.5363925099372864
2349,820,0.9988,0.5659446120262146
5073,822,1.3793,0.5685821175575256
10,824,1.071,0.5274034142494202
5073,824,0.9958,0.5852429270744324
2349,824,0.7972,0.6166496276855469
3247,824,1.4465,0.6725648641586304
1206,824,1.4069,0.5860168933868408
4955,824,1.219,0.5169855952262878
4596,826,0.9557,0.5708861947059631
2349,826,1.0037,0.5241614580154419
3247,826,1.148,0.5975853800773621
1206,826,1.3339,0.6010090708732605
1739,826,0.9382,0.5751132965087891
4147,827,0.9955,0.5316163301467896
2349,827,1.6079,0.5710047483444214
475,828,1.2058,0.6268436908721924
2349,828,0.9924,0.5016902685165405
1206,828,1.115,0.6163761615753174
5073,830,0.8586,0.6021398901939392
984,832,1.3716,0.7270383834838867
5698,832,1.4685,0.5900447368621826
1206,833,1.7313,0.5749367475509644
1695,833,1.6674,0.586153507232666
5073,834,1.0381,0.5988053679466248
1206,834,0.7485,0.544431746006012
1457,835,1.028,0.5471280217170715
2069,836,0.9412,0.5935385227203369
1206,836,0.9995,0.5251716375350952
4314,837,1.1535,0.6695711612701416
2520,838,1.1772,0.5908637046813965
692,839,1.2893,0.6575804352760315
2349,840,0.8026,0.5848636031150818
3247,840,1.4445,0.6575583815574646
3510,840,2.9837,0.9756907820701599
5073,841,1.0341,0.5564948916435242
183,841,1.0017,0.5488207936286926
2488,841,1.1775,0.558792233467102
2349,842,1.1205,0.6288970112800598
6082,842,1.2783,0.5697773098945618
3867,843,1.337,0.5822239518165588
5963,844,1.1297,0.5347116589546204
2349,844,1.4289,0.5784947276115417
3247,844,0.9653,0.6079089045524597
112,845,1.5457,0.5875953435897827
3247,846,1.2214,0.6193382143974304
7260,846,1.6743,0.5259394645690918
5089,847,1.0085,0.5622527003288269
4606,848,1.3006,0.6538416743278503
2349,849,0.986,0.5427661538124084
5073,850,0.9825,0.5764838457107544
6082,850,1.0418,0.5567114353179932
1979,851,0.9964,0.5253300070762634
706,851,1.0057,0.5350883603096008
5073,853,1.0035,0.5399402379989624
2349,854,0.916,0.5654202699661255
3247,854,0.8565,0.5337971448898315
6082,854,1.7753,0.592160165309906
5896,854,1.0383,0.5122177004814148
435,854,1.0139,0.5546969771385193
5073,856,1.2764,0.5603670477867126
2349,858,1.0379,0.5513669848442078
3247,858,1.0682,0.5484921336174011
4014,858,0.9473,0.7100231051445007
4054,858,0.9856,0.5583047270774841
3247,859,1.4165,0.7182916402816772
5580,859,0.9883,0.5008836984634399
5073,862,1.0047,0.5481856465339661
5506,863,0.9498,0.5617192983627319
3990,863,1.0125,0.6103063225746155
2349,864,0.9876,0.5202711224555969
6082,864,2.475,0.7901660799980164
2272,864,1.0204,0.5575234293937683
5073,865,1.5766,0.6131482124328613
2349,865,1.1338,0.5650240182876587
5073,866,0.9848,0.5392290949821472
3247,866,1.0022,0.548054039478302
5073,868,1.1212,0.5709207057952881
3247,868,1.2498,0.6893736720085144
5073,870,1.4995,0.5771157741546631
3684,870,0.9324,0.5955122113227844
2349,870,1.0294,0.5748196244239807
5073,871,0.9892,0.5606120228767395
1206,871,1.7801,0.667381763458252
5073,872,0.9718,0.6532447934150696
5488,872,1.0382,0.7012075781822205
6082,872,0.9607,0.6671803593635559
2349,873,1.3466,0.6080148220062256
3343,873,1.0119,0.5459520220756531
3247,874,1.9622,0.7695465683937073
5073,876,1.0091,0.5699127912521362
5524,876,1.1282,0.5450113415718079
5073,877,1.3437,0.6183354258537292
5073,878,0.9989,0.5813683867454529
2349,878,1.0032,0.5284541845321655
2069,878,0.9836,0.5389347076416016
1206,882,1.1087,0.5640649199485779
2349,883,0.9752,0.7384384870529175
2349,884,1.3498,0.706545352935791
1578,884,2.1127,0.9564613699913025
5073,886,0.9847,0.5437883138656616
2349,886,1.184,0.5998727083206177
3247,886,1.2726,0.5995573401451111
5073,888,1.472,0.5953134894371033
2349,888,0.9271,0.5364665985107422
6082,889,1.1359,0.555223822593689
5073,890,1.4469,0.6175467371940613
3247,890,1.2063,0.5928463935852051
1206,893,3.1263,0.9407666921615601
4592,894,0.999,0.55585777759552
2287,894,0.9969,0.523171067237854
5073,894,0.8838,0.5637408494949341
3652,894,1.0275,0.5542356371879578
6082,894,1.3567,0.6434438228607178
1206,894,0.9363,0.5118576884269714
2349,895,1.0155,0.5327725410461426
1658,895,1.7211,0.6139050722122192
2349,896,1.0455,0.6406239867210388
1289,896,1.1929,0.5639504790306091
5073,897,0.9658,0.7131679654121399
2349,897,0.9934,0.5743297934532166
1206,897,1.0172,0.5794845223426819
2349,898,0.9503,0.6914032101631165
4468,898,0.9927,0.5163325071334839
3247,899,1.643,0.5790565609931946
2349,901,0.7184,0.5601498484611511
364,901,3.3598,0.9905418753623962
6414,903,0.919,0.5588606595993042
5073,903,1.0629,0.5703380703926086
2349,903,1.3642,0.5929346084594727
1206,903,1.2013,0.5655987858772278
2349,905,1.0114,0.5433707237243652
4640,905,1.6781,0.5738157033920288
1206,905,1.033,0.6316870450973511
5069,907,0.6748,0.5697571635246277
5073,907,1.0344,0.5546683669090271
2349,907,1.2718,0.6729142069816589
1206,907,0.9104,0.5184165239334106
5902,907,1.0049,0.5561742186546326
6723,907,0.9765,0.5295587182044983
4283,907,1.5143,0.5827904343605042
5073,909,0.9668,0.6089886426925659
6468,909,4.1852,0.9937393665313721
364,909,0.9979,0.5425190329551697
3295,911,0.7498,0.6303554773330688
6915,911,0.9783,0.6543412208557129
3247,913,0.9677,0.5515770316123962
3247,915,1.0527,0.6337593793869019
3456,915,2.9704,0.9858369827270508
1310,915,0.9734,0.548035204410553
5073,917,0.8182,0.5895974040031433
5892,917,1.099,0.5531426072120667
3174,919,1.9483,0.6667606830596924
2349,921,0.9879,0.6006211042404175
5278,921,2.158,0.9255626797676086
4054,921,1.0183,0.568966269493103
6263,921,1.1948,0.5482515692710876
3247,923,2.1496,0.8933205008506775
2436,923,1.308,0.6004883050918579
3247,925,1.3096,0.5952144861221313
1694,925,1.5058,0.5877869129180908
5073,927,1.1372,0.6514958739280701
5073,929,1.0555,0.5701479911804199
2349,929,0.9845,0.581317126750946
3247,929,1.3029,0.6113443374633789
1206,929,0.7252,0.6697591543197632
3247,931,2.4007,0.9649564623832703
5073,933,1.0528,0.55677729845047
2349,933,2.0651,0.7606790661811829
3247,933,0.9924,0.531222403049469
6082,933,1.1302,0.5540094375610352
1999,933,0.9897,0.5427730083465576
6617,933,8.3551,0.9959142804145813
105,933,8.9372,0.995895504951477
3247,935,0.9959,0.5566695332527161
4054,935,0.8197,0.5521802306175232
2092,935,4.2211,0.9930645823478699
2349,937,1.1102,0.6847342252731323
527,937,0.9988,0.5501559376716614
5119,937,1.0233,0.5672507882118225
1206,937,0.8935,0.5671325922012329
3174,937,0.9974,0.539539635181427
3191,939,2.2045,0.8464921712875366
2349,939,0.9967,0.5419028997421265
6105,939,1.002,0.5067889094352722
6268,939,1.024,0.5783699154853821
2092,939,3.7427,0.9525353312492371
103,939,1.0227,0.5541436672210693
2349,941,0.9897,0.5493907928466797
5073,943,1.0008,0.5354830622673035
2349,943,0.9531,0.5645188093185425
6478,943,0.8707,0.5722329020500183
1206,943,1.0356,0.5549220442771912
5073,945,1.0879,0.6122189164161682
2349,945,0.8796,0.6412203907966614
3247,945,0.9582,0.6542158126831055
1206,945,0.9991,0.5720592737197876
6912,945,5.7265,0.9834508895874023
2349,947,2.2589,0.7624019384384155
6723,947,1.0119,0.54435133934021
3521,947,1.0167,0.5498939752578735
3674,949,0.9197,0.6419403553009033
2492,949,1.1092,0.5201312899589539
554,949,6.6313,0.9850475788116455
2349,951,2.4745,0.8511927127838135
1797,951,1.1807,0.5530589818954468
1206,953,2.377,0.7708191275596619
633,953,0.9708,0.571588933467865
5073,955,0.9556,0.5265909433364868
1206,955,1.0232,0.6345998644828796
4812,955,1.988,0.654466986656189
5073,957,0.9303,0.5914565324783325
3652,957,3.319,0.9917694330215454
2349,957,0.6288,0.5834705233573914
1523,957,0.9971,0.5292876362800598
4151,959,0.934,0.5522424578666687
5073,959,0.9949,0.5561066269874573
3247,961,0.9877,0.5236780643463135
1206,961,0.9211,0.5429942011833191
2631,961,1.0092,0.5361872911453247
2092,961,0.9847,0.5575387477874756
3247,963,1.2547,0.5665456652641296
2349,965,1.012,0.5604501962661743
4085,965,1.1128,0.5867027044296265
2283,967,1.6635,0.6331149339675903
2349,967,1.0864,0.6279194951057434
5285,967,0.9859,0.5458614826202393
1112,969,1.0007,0.5991355180740356
2349,971,0.9969,0.5893864631652832
4147,972,1.0231,0.5624083876609802
1862,972,1.0231,0.6303607821464539
4197,973,0.9863,0.5473232269287109
2349,975,1.0089,0.5552136898040771
3247,975,1.4588,0.5738435983657837
3247,977,0.9997,0.5357925891876221
364,977,1.7656,0.5855728387832642
5073,981,1.0,0.5447996258735657
932,982,1.2181,0.5523310899734497
3247,985,0.9989,0.5716474652290344
6082,987,1.3861,0.646500825881958
364,987,1.1978,0.6110259890556335
5073,989,0.9982,0.5329800248146057
6082,989,1.8951,0.6194252371788025
369,989,1.9305,0.943570613861084
5211,989,1.2522,0.5755962133407593
2349,991,1.0234,0.5523267984390259
4528,991,0.9995,0.5528293251991272
842,991,5.0529,0.9848740100860596
4800,991,3.8478,0.9852663278579712
5073,993,0.7088,0.6050885319709778
364,993,0.6633,0.5374290347099304
3634,995,1.0213,0.5686706900596619
5073,997,0.8559,0.5272685885429382
3247,997,0.9996,0.5929533243179321
5566,997,1.6722,0.5889673829078674
6082,997,1.0161,0.5554156303405762
6311,997,1.1089,0.5539090633392334
1112,1001,1.0072,0.5392515659332275
5073,1003,1.0181,0.5781091451644897
6082,1003,1.0618,0.5362472534179688
364,1003,0.9972,0.5623844861984253
2349,1005,1.0016,0.5399613380432129
2349,1007,0.9761,0.6342014670372009
5327,1007,1.7877,0.6845028400421143
5073,1008,1.3682,0.5634401440620422
1395,1008,0.9842,0.543647825717926
4616,1008,1.0137,0.5691426396369934
5073,1009,1.0775,0.5573067665100098
2349,1009,0.9764,0.5366308689117432
6442,1011,0.8929,0.6008666753768921
3247,1013,0.9961,0.5658054351806641
5073,1015,1.1101,0.6328884959220886
2349,1015,1.0056,0.5371076464653015
112,1015,2.2806,0.6199422478675842
5073,1016,1.2402,0.5736986398696899
2349,1016,2.2938,0.8995926380157471
3247,1016,0.9983,0.6549085974693298
811,1016,1.3408,0.6512066125869751
5211,1016,3.2081,0.958101212978363
5073,1018,0.8781,0.6063850522041321
2349,1018,0.9892,0.6030571460723877
364,1019,1.8025,0.5847976803779602
5073,1020,0.897,0.7245048880577087
364,1023,2.9683,0.988045871257782
5073,1024,0.9753,0.5748553276062012
2349,1026,0.9159,0.5547749400138855
3247,1026,1.0109,0.5404735803604126
6082,1026,0.9677,0.5518782734870911
5411,1026,0.9896,0.5399177670478821
2064,1026,0.9786,0.5127121806144714
2349,1028,0.989,0.5674668550491333
533,1028,1.4746,0.5680474042892456
7199,1028,0.911,0.5343188047409058
5073,1029,1.1997,0.701968252658844
2272,1029,0.9976,0.5428049564361572
6082,1032,1.1959,0.5419531464576721
364,1032,1.5886,0.5555773377418518
5073,1033,0.9967,0.5391401648521423
5073,1035,1.3112,0.679275393486023
3207,1035,1.8046,0.617076575756073
6082,1035,1.6697,0.7162794470787048
364,1035,1.5858,0.6258499622344971
5360,1036,1.816,0.6009750366210938
2018,1036,1.1803,0.5670868158340454
5073,1037,0.9964,0.5671538710594177
2349,1037,1.0029,0.5656636953353882
5073,1039,0.751,0.7121997475624084
1206,1039,1.6765,0.6247537136077881
5073,1040,1.0854,0.629257321357727
1206,1040,1.1527,0.5998648405075073
2760,1041,1.288,0.6704117059707642
5073,1041,0.9642,0.525137186050415
2349,1041,1.6303,0.5966311097145081
6082,1041,1.2394,0.6827079653739929
4366,1041,1.1953,0.5981040000915527
2272,1041,1.8924,0.6607903838157654
216,1041,1.0304,0.5531152486801147
364,1043,2.4362,0.9792757034301758
2272,1044,1.2132,0.5653160214424133
3247,1045,0.9979,0.6071791052818298
2272,1046,1.0446,0.5606381893157959
364,1046,2.8463,0.9634515643119812
6082,1047,1.829,0.705054759979248
5073,1048,1.0439,0.5553553700447083
2349,1048,0.9916,0.6283863186836243
3247,1048,1.2078,0.7332488298416138
1206,1048,2.5003,0.8597499132156372
5073,1049,1.0075,0.5622775554656982
2349,1049,1.616,0.6349426507949829
3247,1049,0.987,0.5371020436286926
2816,1049,1.2517,0.5704076886177063
1206,1049,0.8007,0.6350106596946716
2349,1050,0.9989,0.5764609575271606
6458,1050,0.9992,0.5970054864883423
6346,1051,0.9825,0.5352355241775513
2349,1052,1.0053,0.5482473969459534
3247,1052,1.0078,0.543572723865509
6420,1053,0.9806,0.5596283674240112
2349,1053,1.1197,0.5760006904602051
6082,1053,1.0044,0.5908722877502441
4054,1053,0.9981,0.543854296207428
364,1053,4.2189,0.9933351278305054
2309,1054,1.3188,0.668357253074646
3247,1054,1.0126,0.5547025799751282
5073,1055,1.0056,0.5428016781806946
2349,1055,1.1158,0.5600534081459045
3247,1055,2.2439,0.9743943810462952
1206,1055,1.9083,0.6755337119102478
1876,1056,1.103,0.5581474304199219
5073,1057,1.0637,0.5752647519111633
2349,1057,1.4324,0.6518046259880066
1206,1057,1.3437,0.5815837979316711
2272,1057,2.9464,0.8736292123794556
5073,1059,0.9963,0.547018826007843
2349,1059,1.0083,0.5400546789169312
4800,1059,1.1197,0.5687058568000793
2349,1060,0.9985,0.5570410490036011
3247,1060,0.9949,0.5721094012260437
5073,1061,0.9907,0.5259737968444824
1206,1061,1.5067,0.5965830683708191
2349,1062,1.664,0.5874448418617249
2349,1063,1.6908,0.5706526637077332
1206,1063,0.9545,0.5704661011695862
7089,1063,8.0053,0.9947177767753601
5069,1064,1.2947,0.6554901003837585
3247,1064,1.0622,0.5636501312255859
5073,1065,0.99,0.5466520190238953
2349,1065,1.0252,0.5523337721824646
3247,1065,1.0001,0.5314279198646545
6082,1065,1.1228,0.5779760479927063
6191,1065,1.2531,0.5875531435012817
364,1065,2.6547,0.9496486186981201
5073,1066,1.0063,0.5384094715118408
2349,1066,1.0265,0.5496383309364319
1206,1067,1.2445,0.5680021643638611
2287,1068,1.0159,0.5651354193687439
48,1068,1.0408,0.5622680187225342
4604,1068,1.231,0.6187338829040527
5073,1068,1.065,0.5524865984916687
2349,1068,1.5978,0.5815070271492004
3247,1068,0.9945,0.5717533826828003
4666,1068,0.9956,0.5446285605430603
3247,1069,1.9725,0.6508520245552063
1206,1069,1.7121,0.5836046934127808
3105,1069,1.0043,0.6224467158317566
3247,1070,0.6306,0.6645804047584534
6645,1071,2.4664,0.9747987389564514
5073,1072,1.0007,0.5860530138015747
3247,1072,0.9655,0.6472160220146179
2367,1073,0.9293,0.5115346908569336
6166,1073,3.6745,0.9863921403884888
3247,1074,1.0037,0.5455765128135681
5073,1075,0.9484,0.5215990543365479
2349,1075,1.7151,0.6456488370895386
4343,1075,3.2004,0.9896172285079956
6408,1076,0.9991,0.5298330783843994
2349,1076,1.0111,0.5375697612762451
2349,1077,0.9691,0.5319581031799316
3247,1077,1.6169,0.545665442943573
6082,1077,1.045,0.5613040924072266
2891,1077,1.2001,0.6722251176834106
2223,1077,1.0146,0.5458040833473206
364,1077,1.001,0.5610886216163635
5073,1079,1.0082,0.5487954020500183
2349,1079,0.9849,0.6425290703773499
3247,1079,1.5831,0.6081313490867615
1319,1079,1.2056,0.6652061939239502
3557,1079,1.016,0.5626722574234009
3247,1080,1.0583,0.5725517272949219
2349,1081,0.9006,0.5607656836509705
1206,1081,1.1781,0.5656243562698364
369,1081,1.0779,0.5504981279373169
2349,1082,0.9936,0.5544816255569458
1658,1083,0.9232,0.5875169634819031
1206,1083,1.12,0.580447793006897
5037,1084,1.0124,0.5397175550460815
2349,1084,1.381,0.5990030765533447
6082,1085,1.2625,0.6806902885437012
4608,1086,1.0369,0.5674501061439514
3247,1087,1.1607,0.6827051043510437
3283,1087,0.9839,0.652042806148529
1206,1087,1.1897,0.5651910901069641
6218,1087,0.9748,0.5163744688034058
5424,1087,1.0481,0.5830320715904236
7171,1087,1.0073,0.5573217272758484
5073,1088,0.9974,0.6641318202018738
2349,1088,1.0086,0.5503838062286377
3247,1088,1.179,0.5756884217262268
1431,1088,1.0698,0.6389920115470886
5073,1089,1.2236,0.5671154260635376
2349,1089,1.8111,0.6520285606384277
3993,1089,1.5188,0.5876802802085876
6287,1089,2.64,0.9848192930221558
2349,1090,0.9913,0.5609472393989563
3247,1090,0.996,0.5504674315452576
2349,1091,1.2089,0.5634042620658875
1451,1091,0.9701,0.5716680288314819
5095,1091,0.6113,0.5609032511711121
5672,1091,1.0658,0.5604372620582581
5073,1093,0.9984,0.5105429887771606
2272,1093,1.3882,0.576448380947113
3247,1094,1.0035,0.5399289727210999
5073,1095,1.0164,0.5403115153312683
3247,1095,1.0126,0.549260675907135
2349,1096,1.0098,0.5633203387260437
1922,1097,0.8364,0.6129217743873596
4330,1097,1.3603,0.5992305874824524
2295,1098,1.009,0.6138766407966614
5073,1099,0.9133,0.5544942617416382
5572,1099,1.002,0.5788410902023315
1206,1099,2.0981,0.8944019079208374
2272,1099,3.0266,0.9780343174934387
1391,1101,0.9914,0.5618515610694885
2349,1101,0.9999,0.5450483560562134
3762,1101,0.989,0.5337755680084229
6047,1101,1.1705,0.5458856821060181
1658,1101,0.9874,0.6457460522651672
1206,1101,0.9838,0.5489286780357361
4054,1101,0.945,0.5516192317008972
1751,1101,1.0641,0.5982404947280884
2664,1101,0.9463,0.6338300108909607
6440,1102,1.982,0.802453339099884
3692,1102,1.3308,0.629309892654419
2349,1102,0.9903,0.544560432434082
3247,1102,1.0016,0.5538799166679382
5073,1103,1.3388,0.5683196783065796
2092,1103,2.2129,0.9715934991836548
5055,1104,0.9954,0.5348389744758606
5073,1104,1.0116,0.551571786403656
6853,1104,1.009,0.5963794589042664
2349,1104,0.9559,0.5586269497871399
1902,1104,0.999,0.6243167519569397
3247,1104,1.73,0.5819973349571228
2349,1105,1.1875,0.553010880947113
6082,1105,1.1331,0.6829090714454651
6218,1105,1.1205,0.5675199031829834
364,1105,1.0336,0.5471857190132141
1131,1105,4.7032,0.9830117225646973
2349,1106,1.0029,0.539551854133606
5073,1107,1.0248,0.5821622610092163
1206,1107,1.3163,0.5610031485557556
3247,1108,1.1972,0.560104489326477
1752,1109,1.1606,0.5718258619308472
2349,1110,0.9932,0.5506055951118469
3279,1110,0.982,0.5495935082435608
5073,1111,1.0107,0.5810860991477966
2349,1111,0.9256,0.5366418957710266
3247,1112,0.9405,0.5690921545028687
2349,1113,1.5037,0.7346031069755554
551,1113,0.8873,0.5819761157035828
3247,1113,0.9301,0.5683469176292419
3245,1114,1.9022,0.6133336424827576
5073,1115,1.0,0.5457646250724792
2349,1116,0.9906,0.5194569230079651
5073,1117,1.0004,0.5479402542114258
414,1117,2.3731,0.9848875999450684
5073,1119,0.8264,0.5224379301071167
2349,1119,0.9952,0.5399789214134216
6082,1119,0.993,0.5872727036476135
364,1119,1.1974,0.5527394413948059
5073,1120,1.2282,0.6917432546615601
5073,1123,0.9555,0.5511777400970459
2349,1123,1.2411,0.5793383717536926
3247,1123,1.9046,0.822856068611145
318,1123,0.9928,0.5314427018165588
5496,1124,1.1345,0.5748767256736755
5073,1125,0.9833,0.5971449613571167
2349,1125,1.1828,0.5668659210205078
3247,1125,1.0261,0.5472622513771057
6191,1125,0.9959,0.5381945967674255
5895,1125,7.1832,0.9940800070762634
2349,1126,0.9909,0.5062696933746338
5073,1127,1.2555,0.545218825340271
2349,1127,1.1016,0.55900639295578
2272,1127,0.9181,0.5649033784866333
5073,1129,1.0442,0.5663228631019592
2349,1129,1.3032,0.5871070027351379
5073,1131,2.0856,0.7076739072799683
2349,1131,0.9901,0.5852628946304321
3247,1133,0.9839,0.5669869780540466
4662,1133,1.3049,0.7201970219612122
7038,1133,1.2119,0.5564064979553223
1206,1133,1.8339,0.6068004369735718
2349,1135,0.9936,0.5799577832221985
3247,1135,1.0277,0.5156667232513428
3174,1135,9.1463,0.99685138463974
2349,1136,0.9822,0.564017653465271
3247,1136,1.0305,0.5664091110229492
4604,1137,1.3084,0.5677424669265747
5073,1137,0.6042,0.6581496000289917
2349,1137,0.8615,0.601589024066925
3247,1137,1.0471,0.5809587836265564
2349,1138,1.0608,0.5747223496437073
5073,1139,1.0048,0.5356649160385132
1536,1139,1.0056,0.5232731699943542
2766,1140,1.0006,0.5339646339416504
5073,1141,1.0822,0.5984083414077759
5073,1143,1.1477,0.6848995685577393
2349,1143,2.4232,0.7408369779586792
3247,1143,1.2569,0.607893168926239
5073,1144,1.0503,0.6155261397361755
2349,1144,0.9993,0.553939163684845
2349,1145,0.9398,0.7401626706123352
2367,1145,0.7762,0.5757336616516113
797,1145,1.4533,0.5883550047874451
364,1145,3.2213,0.9867339134216309
2349,1146,1.1789,0.6407504677772522
3247,1146,0.9951,0.5355157852172852
5073,1147,1.1852,0.5449057221412659
3247,1148,1.0264,0.5503858327865601
5073,1149,0.9844,0.6354012489318848
2349,1149,2.782,0.9394524693489075
1206,1149,0.9091,0.524342954158783
777,1149,3.146,0.9746972322463989
2136,1149,1.0006,0.5008313655853271
2349,1151,1.1811,0.6052073240280151
4054,1151,0.9163,0.5478587746620178
364,1151,2.6849,0.9682981371879578
6484,1154,1.8155,0.6115434765815735
6929,1154,0.9509,0.6016949415206909
5073,1155,1.3637,0.6104758381843567
6082,1155,1.3764,0.5849171280860901
2092,1155,4.8964,0.9496565461158752
2349,1156,1.0063,0.5538763403892517
5073,1157,1.3172,0.5985323190689087
2806,1157,0.7988,0.5353403687477112
2824,1158,1.1776,0.6709620952606201
5073,1159,0.9598,0.5647916197776794
2349,1159,1.054,0.5576187372207642
2349,1161,1.0123,0.5873575210571289
3247,1161,0.9947,0.5541329979896545
2092,1161,0.9957,0.5494974851608276
2349,1162,1.0836,0.5674786567687988
2341,1162,0.9922,0.5642644166946411
5059,1164,1.0294,0.5473943948745728
3247,1164,1.0036,0.5459657311439514
970,1164,2.6007,0.8913381695747375
5234,1164,1.0034,0.5529971122741699
364,1165,1.0111,0.5639476776123047
1206,1167,1.0312,0.555209755897522
2272,1167,1.036,0.561328649520874
5073,1168,0.9943,0.5340418815612793
1206,1169,1.2386,0.5610231757164001
5073,1170,0.8999,0.5206813812255859
1381,1170,1.0082,0.5699074268341064
3247,1170,0.9953,0.5359631776809692
1425,1170,1.065,0.5443560481071472
1461,1170,1.5798,0.5691533088684082
3283,1170,3.1782,0.9902549386024475
4054,1170,0.8347,0.5804499983787537
6861,1171,0.9203,0.5956556797027588
3247,1171,0.9989,0.5482890009880066
364,1172,0.749,0.5309849381446838
5360,1173,1.3027,0.6278362274169922
5073,1175,1.3253,0.5904588103294373
2349,1175,1.0319,0.6452538967132568
3247,1175,1.0053,0.6918507218360901
1206,1175,1.0307,0.5597867965698242
2155,1175,2.0563,0.9375233054161072
3634,1175,0.997,0.5058048367500305
5360,1177,1.0328,0.5565021634101868
493,1178,1.1002,0.6284549832344055
5073,1179,0.6884,0.6272085309028625
2349,1179,0.5972,0.578815758228302
3247,1179,0.9888,0.5334339141845703
2272,1179,1.2406,0.6216574907302856
435,1179,1.3487,0.5526401400566101
364,1179,1.2846,0.5547636151313782
3247,1180,1.2216,0.5532118082046509
1206,1181,1.7464,0.6079129576683044
5423,1181,0.9999,0.5389528870582581
18,1182,1.0026,0.5400989055633545
2349,1182,0.9714,0.5361554622650146
5073,1183,1.0085,0.623873233795166
1206,1183,1.0567,0.573264479637146
364,1183,1.1029,0.5823866128921509
8,1184,1.0162,0.5541595220565796
3247,1184,1.6637,0.6591739058494568
4197,1184,0.9996,0.5482240915298462
3247,1185,1.4025,0.6650230884552002
1846,1186,1.275,0.6852687001228333
5073,1188,0.9907,0.6029999852180481
4054,1188,0.947,0.5500963926315308
364,1188,1.0004,0.537699282169342
916,1189,1.0019,0.5480436682701111
6907,1189,1.3426,0.5835350155830383
6660,1189,1.0729,0.6712766885757446
2349,1191,1.0175,0.5535879731178284
5073,1192,0.9821,0.563896894454956
3247,1192,1.0284,0.5356886982917786
5119,1192,0.8986,0.6264441013336182
1429,1192,1.0967,0.5935046672821045
1461,1192,1.4452,0.6656352877616882
4032,1192,1.2471,0.6034836769104004
5073,1193,1.034,0.57353276014328
1206,1193,1.143,0.5659629106521606
6082,1196,0.7489,0.578336775302887
6374,1196,1.02,0.5194388628005981
364,1196,1.6524,0.708573043346405
2349,1197,1.108,0.5626164078712463
5073,1198,1.0983,0.5569931268692017
3666,1198,1.8079,0.6040863990783691
2349,1198,0.9982,0.5390875935554504
5117,1198,1.0197,0.54526686668396
1671,1198,1.8239,0.5829886198043823
1229,1198,1.084,0.5442022681236267
435,1198,0.9918,0.5365092158317566
364,1198,0.9631,0.5653371214866638
5801,1198,2.1044,0.9055242538452148
2834,1199,1.0031,0.5692375302314758
3247,1201,1.2348,0.5669906139373779
5073,1202,1.0009,0.5559594631195068
5528,1202,1.0209,0.5961365103721619
2349,1202,0.9988,0.5496819019317627
2059,1202,1.3843,0.6035895347595215
1206,1202,1.2954,0.581972599029541
5073,1204,0.969,0.5605630278587341
2349,1204,0.9404,0.670754075050354
5073,1205,1.2361,0.6114316582679749
1206,1209,1.1821,0.6582462787628174
5073,1210,1.0215,0.5633465647697449
2367,1210,1.0128,0.5230576992034912
5059,1211,1.017,0.5398249626159668
3247,1211,1.1571,0.5579430460929871
2790,1211,1.027,0.5676664710044861
245,1211,1.4764,0.5794697403907776
1206,1214,0.9775,0.5374472141265869
3247,1216,1.3484,0.6616159677505493
6793,1216,1.1359,0.5700228810310364
5494,1217,1.1341,0.5593510866165161
5073,1217,0.9043,0.6337100863456726
2349,1217,1.4519,0.5819082856178284
165,1217,2.0504,0.9357557892799377
7062,1217,0.9635,0.6180679798126221
2053,1217,0.9898,0.5607690215110779
2492,1217,1.0264,0.5544905662536621
1206,1218,1.0277,0.5397214293479919
6218,1219,1.0086,0.5501341223716736
4386,1219,0.9989,0.5739695429801941
5073,1220,1.1559,0.5624358057975769
2349,1220,1.4444,0.5659458041191101
3247,1220,1.0014,0.5240302681922913
1206,1220,1.0149,0.5829327702522278
5095,1221,0.9861,0.6328394412994385
5073,1222,0.9971,0.5649346113204956
3634,1222,0.9986,0.5155409574508667
5268,1223,0.9997,0.5647718906402588
5073,1224,1.0025,0.5789768695831299
892,1224,1.007,0.5448072552680969
5073,1225,1.0008,0.5909999012947083
3247,1225,0.9897,0.5721285939216614
1267,1226,0.9931,0.5509858131408691
5073,1227,1.0593,0.5695281028747559
4135,1227,1.2098,0.5496314167976379
962,1227,2.0202,0.7027487754821777
3247,1228,0.992,0.5512422919273376
5073,1229,1.4663,0.5985084176063538
3666,1229,1.3318,0.6452975869178772
2349,1229,1.0299,0.567633867263794
1866,1230,1.0105,0.556139349937439
3283,1230,0.9973,0.538079023361206
1206,1230,1.2959,0.5744704008102417
3652,1231,1.054,0.6070381999015808
3247,1231,1.5814,0.6622116565704346
3247,1232,2.2007,0.8197757005691528
2037,1232,0.9194,0.5701904892921448
5073,1233,1.1475,0.6209619045257568
2349,1233,1.2323,0.6607316732406616
3247,1233,1.4475,0.5844647288322449
6131,1234,1.3179,0.5545281767845154
5784,1234,1.0141,0.549738883972168
1206,1234,2.4003,0.8535527586936951
2349,1235,0.9878,0.5458214282989502
3247,1235,1.0037,0.5435696244239807
1206,1235,1.299,0.5757474303245544
2349,1236,1.0621,0.5645023584365845
3247,1236,1.0032,0.5440328121185303
6131,1236,1.0076,0.552850604057312
6614,1236,1.0042,0.5509867668151855
1206,1236,1.1124,0.5860158205032349
5073,1237,1.0079,0.5486169457435608
3670,1237,0.9992,0.5899211764335632
2349,1237,1.1573,0.5799031853675842
1445,1237,1.235,0.5624709725379944
5494,1238,0.957,0.5961021184921265
1206,1238,1.5196,0.579173743724823
1206,1239,0.9973,0.5361105799674988
5073,1240,1.2078,0.6511997580528259
2349,1240,1.5394,0.5919172167778015
3247,1240,1.3293,0.5809914469718933
6783,1240,2.6487,0.9744828939437866
6323,1240,2.2372,0.9372408986091614
3247,1241,0.9981,0.5491337776184082
1206,1241,1.5869,0.9194467067718506
5073,1242,0.9921,0.5940327048301697
2349,1242,1.7199,0.6867682337760925
3247,1242,0.995,0.5685630440711975
2367,1242,1.4741,0.6138436794281006
3845,1242,1.2381,0.5830153822898865
5073,1244,1.0194,0.6134554147720337
3652,1244,1.0039,0.6252739429473877
1206,1244,1.0322,0.569632887840271
708,1245,1.1276,0.5855076313018799
5073,1246,1.0554,0.575652539730072
2349,1246,0.9989,0.5421053767204285
3247,1246,1.7324,0.5777379870414734
1206,1246,2.2414,0.7305855751037598
4644,1247,1.0473,0.5543922185897827
6881,1248,1.7764,0.6461198925971985
5989,1248,2.0596,0.6521101593971252
2349,1248,2.0114,0.636157214641571
5073,1249,1.0108,0.5588172674179077
1658,1249,0.9837,0.5839869379997253
5073,1250,0.9943,0.5444523096084595
1206,1250,1.0987,0.5385249853134155
3219,1251,1.128,0.5663912296295166
1407,1251,1.0298,0.554341733455658
2349,1251,0.8981,0.5649967789649963
3740,1251,1.0207,0.5654265880584717
4811,1251,1.0141,0.5492260456085205
3247,1252,1.7524,0.6000206470489502
1206,1252,1.006,0.6880581378936768
5073,1253,1.008,0.5602752566337585
3247,1253,1.1625,0.5808025598526001
3865,1253,1.048,0.64068603515625
5264,1253,1.6783,0.591927707195282
3247,1254,1.0243,0.6274716258049011
2349,1255,0.8219,0.5798437595367432
5073,1256,0.9838,0.62818443775177
2349,1256,1.6542,0.6248922348022461
4336,1256,1.6721,0.6226552128791809
1206,1256,1.0976,0.564882755279541
5073,1258,1.2992,0.6375440359115601
2349,1258,1.0254,0.5652754902839661
3247,1258,1.0173,0.5456293821334839
1206,1258,0.98,0.6050237417221069
2349,1259,0.959,0.5412663221359253
5073,1260,1.2786,0.6090369820594788
4769,1260,1.1069,0.6094878315925598
1206,1260,2.2257,0.8304075002670288
475,1261,1.2849,0.5814566612243652
2349,1261,1.2269,0.5833073258399963
1116,1261,0.9979,0.5426977276802063
2349,1262,0.9987,0.5563673973083496
1206,1262,1.0934,0.6515746712684631
4529,1262,1.5928,0.6502255797386169
2289,1265,1.0948,0.7007597088813782
4207,1265,1.6793,0.5709779858589172
5706,1266,1.8111,0.6139519214630127
393,1266,1.0411,0.5506449937820435
5073,1268,1.289,0.5987561941146851
3247,1268,1.3123,0.5571499466896057
1369,1269,1.0185,0.5588956475257874
5528,1269,2.0027,0.6160653233528137
241,1269,0.9925,0.5815129280090332
6175,1269,3.3246,0.9546188116073608
5073,1270,1.2221,0.5551062226295471
2349,1270,0.9919,0.5389198660850525
3247,1270,1.1215,0.5756722688674927
5073,1272,0.9653,0.5960767865180969
2349,1272,1.6001,0.6294464468955994
1206,1272,1.3873,0.5944381952285767
2612,1273,0.99,0.5639014840126038
5073,1274,1.1183,0.6852791905403137
3247,1274,1.8052,0.69529128074646
18,1275,1.0251,0.5484511852264404
3247,1275,2.2896,0.8725038766860962
4640,1275,2.8745,0.9810019135475159
4763,1275,1.0142,0.5523701310157776
1206,1276,0.9982,0.5429072976112366
2349,1277,0.8165,0.6492796540260315
6927,1277,0.987,0.527380108833313
5073,1278,1.3946,0.7260069251060486
2349,1278,1.045,0.6646113395690918
2349,1279,1.0106,0.6608797311782837
6027,1279,1.1613,0.5688071846961975
2973,1279,1.0021,0.5454811453819275
5073,1280,1.1759,0.6099352836608887
4640,1280,1.5504,0.5945899486541748
5073,1282,1.0564,0.6209210753440857
1413,1283,1.2614,0.5539986491203308
5716,1283,0.9927,0.6320348381996155
5073,1284,0.889,0.65079265832901
3247,1285,0.9967,0.5307866930961609
6925,1285,2.1681,0.8575403690338135
7030,1286,4.4869,0.9681545495986938
5073,1288,1.4426,0.6177722215652466
3247,1288,1.3067,0.6290395259857178
2730,1289,1.0122,0.5631325840950012
1088,1289,0.9881,0.5250961184501648
6218,1289,4.3939,0.9696444272994995
5073,1290,1.0703,0.5415740013122559
6871,1291,1.0328,0.5675356984138489
3349,1291,1.0272,0.6202797293663025
2349,1292,1.2656,0.6084682941436768
2349,1294,1.4109,0.6471399068832397
1112,1294,1.0,0.5191950798034668
5702,1295,0.9952,0.5527268648147583
5073,1296,1.1113,0.5761707425117493
6191,1296,1.0014,0.6185120344161987
3235,1297,1.2793,0.6314433813095093
4167,1297,1.828,0.7184925079345703
5073,1298,1.0105,0.5858363509178162
2349,1298,1.448,0.5741755962371826
5073,1299,0.9963,0.6017708778381348
3249,1299,1.5622,0.5869665741920471
994,1299,1.003,0.5493241548538208
1206,1299,4.4995,0.9864760041236877
5073,1302,1.0023,0.5231363773345947
946,1302,0.9473,0.6835083961486816
2349,1302,1.1886,0.664922297000885
3724,1302,1.6024,0.6199957728385925
1206,1302,1.0602,0.5547520518302917
5073,1304,0.9905,0.6040976643562317
2349,1304,1.0493,0.5377686619758606
1429,1304,1.0169,0.6405301094055176
3752,1304,1.0591,0.5659830570220947
5073,1306,1.0186,0.6066009402275085
2349,1307,0.893,0.5576778650283813
70,1307,1.1253,0.6588470339775085
1206,1307,1.1544,0.5648713707923889
5055,1308,1.1258,0.5510573387145996
5073,1308,0.9653,0.5656865239143372
3247,1308,1.3164,0.6837173700332642
710,1308,2.3109,0.907241702079773
1206,1308,1.2384,0.6011012196540833
4887,1308,0.9994,0.5256386995315552
5902,1308,0.8245,0.5393365025520325
4616,1309,1.1457,0.5802953243255615
2349,1309,0.972,0.5417320132255554
3247,1309,1.0168,0.6156961917877197
5073,1310,0.9767,0.5466547608375549
2349,1310,0.9937,0.5283417105674744
3247,1310,2.1555,0.9431705474853516
2272,1310,1.0103,0.5471506118774414
4165,1312,0.7283,0.5619792342185974
5073,1312,1.0032,0.526557207107544
2349,1312,0.9443,0.6656067967414856
2802,1312,1.6805,0.627052366733551
3401,1312,1.7294,0.6094512939453125
1206,1312,1.8932,0.5911775827407837
6438,1313,0.979,0.5329771041870117
5285,1314,1.4394,0.6492196321487427
3247,1316,0.9888,0.5816967487335205
1206,1316,0.901,0.6021873354911804
2349,1317,1.0652,0.5838060975074768
2814,1317,1.3546,0.5819176435470581
5073,1318,1.0082,0.5803536176681519
2349,1318,1.0257,0.5952447056770325
5073,1320,0.7295,0.556816577911377
3247,1320,1.0019,0.7274200916290283
2484,1320,1.1338,0.5773093700408936
6760,1320,1.4097,0.5796151757240295
4054,1320,0.9806,0.6327369213104248
938,1321,1.0072,0.5411979556083679
4811,1321,1.0127,0.5465877652168274
5488,1322,0.7867,0.560924232006073
3247,1322,1.0,0.5393319129943848
5073,1323,1.111,0.6161328554153442
2349,1324,1.1798,0.6855375170707703
3572,1324,1.0546,0.5810384750366211
3174,1324,2.5206,0.9820214509963989
5073,1325,0.9844,0.6106480956077576
3247,1325,0.9995,0.5711852312088013
6082,1326,1.0448,0.6019964218139648
5073,1328,0.9756,0.5481402277946472
2349,1328,1.1733,0.5655142068862915
3247,1328,0.7158,0.5725850462913513
4054,1329,1.0062,0.5543119311332703
5073,1330,0.9786,0.6331484317779541
2349,1330,1.0141,0.556257963180542
5492,1331,1.2311,0.5604629516601562
3247,1331,0.9949,0.5332908034324646
6082,1332,0.9846,0.562074601650238
5073,1334,1.0192,0.536730170249939
3670,1338,1.6131,0.5952647924423218
2349,1338,0.6539,0.5503910779953003
5073,1340,1.0026,0.5540778040885925
4161,1340,1.0557,0.5297377705574036
2349,1340,0.9957,0.5411621928215027
3247,1340,0.9998,0.5799974203109741
2967,1340,1.0033,0.5364773273468018
5264,1340,2.7401,0.9528614282608032
1206,1340,1.7157,0.7022598385810852
4054,1340,0.658,0.577120840549469
2349,1341,0.8246,0.5803942084312439
5073,1342,1.0655,0.587951123714447
5285,1342,1.0637,0.5455184578895569
952,1344,1.461,0.5860399603843689
2349,1344,1.0073,0.5451361536979675
3247,1344,1.0472,0.6926278471946716
1206,1344,0.9027,0.6013088822364807
5073,1346,1.0656,0.6138039231300354
5073,1347,1.0391,0.5571216344833374
2349,1347,1.0022,0.5850827693939209
5073,1349,0.9972,0.5503858327865601
1206,1352,1.0552,0.5617721676826477
4054,1353,1.0041,0.5877742171287537
2349,1354,1.252,0.6969538331031799
5274,1354,2.2444,0.9528457522392273
2367,1358,1.0016,0.5085480213165283
1206,1359,0.9714,0.5288421511650085
2349,1360,1.0622,0.5361127257347107
5073,1362,1.0093,0.5275823473930359
3652,1362,2.2449,0.9769773483276367
2349,1362,1.1638,0.5799296498298645
1206,1362,1.023,0.5601006746292114
3247,1364,2.1505,0.9628041982650757
6082,1364,1.1185,0.6117000579833984
2349,1366,1.502,0.8411442637443542
6930,1366,4.1895,0.9774766564369202
2349,1368,0.7225,0.5707378387451172
1206,1368,1.7881,0.684207022190094
364,1368,1.02,0.5474987030029297
5073,1370,0.8256,0.5623812675476074
2349,1370,1.2224,0.6651322245597839
2092,1370,2.81,0.9888638257980347
1206,1372,1.5146,0.6542026996612549
1294,1372,1.6342,0.5687265396118164
364,1372,1.5516,0.5788303017616272
5823,1372,1.5833,0.647071897983551
5073,1374,1.5678,0.7031426429748535
3247,1374,1.4727,0.7089590430259705
6768,1374,2.0117,0.6509093046188354
2886,1374,3.0894,0.9641335606575012
5073,1376,1.0695,0.559669554233551
3447,1376,1.0115,0.5495017766952515
1206,1376,0.9332,0.533012866973877
5285,1376,1.0314,0.5630353093147278
1751,1376,1.014,0.6075131893157959
369,1376,1.0197,0.5409591197967529
364,1376,0.9949,0.5412270426750183
4592,1378,0.8593,0.5826932191848755
4590,1378,1.0047,0.5370068550109863
5073,1378,0.9805,0.5715464353561401
3247,1378,0.9747,0.6194897294044495
6082,1380,1.1368,0.6412886381149292
766,1382,2.1905,0.8873307108879089
3262,1382,7.3574,0.9944941401481628
5073,1386,0.9989,0.6046480536460876
2349,1386,0.9961,0.6069523096084595
1206,1386,0.7966,0.5662383437156677
5073,1388,1.0357,0.5570504069328308
2349,1388,1.0311,0.5741798281669617
3247,1388,0.9617,0.5555147528648376
7034,1388,2.2865,0.697666585445404
6434,1390,0.9216,0.6619527339935303
2349,1390,1.0184,0.5357665419578552
3247,1390,1.0047,0.5286338925361633
2498,1390,1.0085,0.5725569128990173
3652,1392,1.0026,0.6234384179115295
3247,1392,0.9866,0.5457471609115601
6082,1392,1.0139,0.5363430976867676
1206,1392,1.0542,0.5458058714866638
1862,1394,1.5398,0.615108072757721
3652,1394,2.4788,0.9145520329475403
2349,1394,2.5888,0.9022700786590576
972,1394,1.4213,0.7280248403549194
2349,1400,0.9562,0.6481738686561584
2349,1402,1.6988,0.6606042981147766
6675,1402,1.45,0.5627457499504089
2349,1404,1.54,0.5955068469047546
3247,1404,2.6101,0.9728922843933105
7181,1404,1.0058,0.5537709593772888
5073,1406,0.6396,0.5365245342254639
1206,1406,0.8851,0.5385042428970337
2884,1406,1.9353,0.6319027543067932
1206,1408,0.97,0.5759068131446838
5073,1410,1.2585,0.539513885974884
1206,1410,1.0187,0.5494731068611145
1266,1412,1.0077,0.5706468224525452
2349,1414,1.9398,0.673511803150177
2301,1415,1.6601,0.6226325631141663
5073,1416,1.1592,0.5880875587463379
3174,1416,6.758,0.9939914345741272
2687,1416,3.3705,0.9875757694244385
364,1416,2.1956,0.9460627436637878
2272,1418,1.0218,0.5452967882156372
364,1418,0.9028,0.5413191914558411
2092,1418,1.3463,0.6834133863449097
5073,1420,1.0677,0.5607825517654419
2349,1420,1.1009,0.6432502865791321
3247,1420,1.3733,0.5946016311645508
2092,1422,1.0726,0.5686942934989929
3991,1424,1.9063,0.856954038143158
5211,1424,2.9215,0.940203845500946
5494,1426,1.3489,0.7309509515762329
5073,1426,0.989,0.5945757031440735
2349,1426,1.015,0.5614404678344727
3247,1426,0.9945,0.5437698364257812
7062,1426,1.731,0.8442296981811523
2053,1426,1.2316,0.6440566182136536
2492,1426,2.9706,0.986610472202301
1217,1426,2.2506,0.8658000230789185
847,1426,3.2199,0.972622811794281
5073,1428,1.0031,0.5539909601211548
2349,1428,1.7842,0.5794426202774048
5073,1430,1.2089,0.6130126714706421
6082,1430,1.623,0.6777249574661255
2092,1434,1.3307,0.6380220651626587
453,1436,0.9236,0.6280272603034973
4831,1436,1.0103,0.5523836016654968
2349,1438,1.4671,0.5643483996391296
2092,1438,1.1277,0.6193253993988037
3247,1440,1.4591,0.5769988298416138
1206,1440,1.0031,0.6038891077041626
3174,1440,3.7764,0.988120436668396
364,1440,2.1364,0.9437288045883179
5073,1442,1.0075,0.5810943841934204
3247,1442,1.002,0.5314654111862183
2804,1442,1.1151,0.5794758200645447
1206,1442,1.1146,0.6052652597427368
364,1442,0.999,0.5712249279022217
2349,1444,1.1708,0.5743280053138733
3247,1444,1.0905,0.5858480930328369
5073,1446,0.9935,0.5810083746910095
3247,1446,0.9782,0.6600603461265564
5362,1446,4.28,0.994944155216217
2882,1446,3.1807,0.9901320934295654
3696,1447,1.6707,0.6652377843856812
5073,1448,1.3648,0.5566251873970032
2349,1448,1.6995,0.5783290266990662
6645,1448,2.5113,0.6222898960113525
2092,1450,1.0213,0.6010865569114685
5661,1450,1.0115,0.5596654415130615
2349,1452,1.0084,0.5594506859779358
364,1452,1.0484,0.6076087951660156
3836,1452,2.3116,0.975837767124176
5073,1454,1.0033,0.552826464176178
364,1454,1.0235,0.5320738554000854
5073,1456,1.9415,0.7282001972198486
2349,1456,1.2772,0.6798557043075562
3247,1456,1.0042,0.5640841722488403
1240,1456,0.9916,0.5439503788948059
2092,1458,1.9139,0.9630327224731445
5073,1460,1.187,0.5794666409492493
2349,1460,1.1165,0.7290050387382507
3247,1460,1.3547,0.6367577910423279
5073,1462,1.3041,0.5917156934738159
2092,1462,2.059,0.7642358541488647
5073,1464,1.2785,0.6075868010520935
2092,1464,1.0264,0.5473522543907166
1555,1464,4.9221,0.9923290610313416
5073,1466,1.0074,0.5805901288986206
3247,1466,1.1577,0.5671243667602539
5285,1466,0.9837,0.5331812500953674
2092,1466,0.9971,0.5325011610984802
364,1468,2.8643,0.9843199849128723
2349,1470,1.0712,0.5815467834472656
3901,1470,1.9779,0.7089986801147461
2349,1472,1.5109,0.6904455423355103
6603,1472,2.8582,0.969200074672699
5073,1474,0.2315,0.6017466187477112
2349,1474,0.9253,0.5461306571960449
3247,1474,1.0351,0.5924667119979858
1109,1474,1.2042,0.5688813924789429
5360,1475,1.8761,0.7732669711112976
5073,1476,0.9994,0.5457064509391785
3191,1476,1.8293,0.9312430024147034
6082,1476,1.0056,0.5676019787788391
3407,1476,2.2242,0.8227749466896057
1206,1476,0.9749,0.6727292537689209
1233,1476,1.5411,0.6696025133132935
2690,1476,1.4518,0.7145386934280396
364,1476,2.2283,0.7972691655158997
2349,1477,1.1003,0.5500860810279846
5211,1477,0.0389,0.5808571577072144
364,1478,2.3144,0.888945996761322
5073,1480,0.825,0.5738521218299866
3247,1480,0.9868,0.5578550100326538
102,1480,0.779,0.5912899374961853
3279,1480,1.0095,0.5525181293487549
3377,1480,0.9935,0.5290828347206116
6191,1480,1.0003,0.5531945824623108
1112,1480,1.0061,0.5335960388183594
1206,1480,0.8327,0.568562924861908
5059,1481,0.998,0.5596685409545898
3247,1481,0.9951,0.5263763070106506
5073,1482,0.8032,0.5864186882972717
3247,1482,1.6278,0.6304806470870972
2027,1482,2.7926,0.9721264839172363
7213,1482,1.778,0.9672496318817139
2349,1484,1.4626,0.587200939655304
5190,1484,1.0061,0.5427286028862
5073,1486,0.6783,0.5921268463134766
5502,1486,1.0694,0.5944101810455322
2365,1486,1.0271,0.5554177761077881
6173,1486,1.1671,0.6329869031906128
6191,1486,1.189,0.6976855397224426
1206,1486,2.5947,0.7977973818778992
6723,1486,3.8662,0.9896289706230164
5073,1488,0.969,0.5518209934234619
2349,1488,1.2794,0.653300940990448
3247,1488,1.2301,0.6852453351020813
3319,1488,1.7689,0.6456698179244995
1206,1488,0.8677,0.5978320240974426
1293,1488,0.6783,0.6083927750587463
1206,1491,0.6869,0.6051630973815918
5073,1492,1.1978,0.5762370824813843
6881,1492,1.3986,0.7050639390945435
3670,1492,0.8496,0.5753989815711975
2015,1492,1.4064,0.5493406057357788
1206,1492,1.001,0.5449983477592468
364,1492,0.9949,0.5344770550727844
5061,1493,1.3707,0.5540878772735596
1824,1493,2.427,0.917998731136322
2349,1493,0.6679,0.5932058691978455
2915,1493,1.4889,0.7006064057350159
4336,1493,1.1474,0.6361400485038757
364,1495,0.9992,0.5397050380706787
6082,1496,0.9544,0.5603402853012085
1206,1496,0.9882,0.58022540807724
4975,1496,0.9794,0.6323754191398621
364,1496,2.2655,0.8716297149658203
5073,1497,0.9856,0.5383309721946716
5073,1498,1.0156,0.5530242919921875
2349,1498,0.9497,0.5165891647338867
1206,1499,1.0021,0.5843467712402344
1206,1500,1.7671,0.8974413871765137
3049,1500,0.9729,0.5799800157546997
2067,1502,1.6583,0.6002844572067261
5285,1502,1.0572,0.5515060424804688
2092,1502,3.3305,0.9326397776603699
5073,1503,1.0065,0.5698336958885193
2349,1503,1.8322,0.5894336104393005
3247,1503,1.0171,0.5357341766357422
5073,1504,1.0147,0.5444822311401367
4171,1504,1.0159,0.5331709384918213
2272,1504,1.0769,0.5418654084205627
1206,1505,1.313,0.5784581899642944
4446,1505,0.9864,0.5962206721305847
5360,1505,1.2786,0.619520366191864
6082,1506,2.1041,0.7340127229690552
364,1506,2.6228,0.9807522296905518
1206,1507,1.7004,0.5987595319747925
5393,1507,1.0093,0.568073570728302
5073,1508,1.0614,0.539452850818634
5073,1509,0.9632,0.5289012789726257
5073,1511,0.9887,0.5360479354858398
2349,1511,1.0478,0.6697092652320862
3247,1512,1.0092,0.5713578462600708
5955,1513,0.9848,0.5729252696037292
1206,1513,1.6811,0.582767903804779
6472,1514,1.5339,0.5720536112785339
5568,1514,1.4745,0.6324732899665833
3211,1515,1.0016,0.5513795614242554
2349,1515,1.087,0.572752833366394
3247,1515,0.8733,0.5468336939811707
3405,1515,1.3438,0.5518668293952942
265,1515,0.9651,0.5514340400695801
1206,1515,1.3663,0.5590685606002808
6448,1516,1.0192,0.5571181178092957
2349,1517,1.8417,0.8131980299949646
3247,1517,1.5281,0.5696755647659302
2059,1517,0.9927,0.5245178937911987
1206,1517,2.0102,0.7882885336875916
2764,1518,1.0018,0.526076078414917
5073,1519,0.9701,0.5654178261756897
364,1519,0.9941,0.5047635436058044
4339,1519,1.0037,0.5738885402679443
2349,1520,1.003,0.5468974709510803
364,1521,0.8622,0.5433316826820374
4642,1522,1.0192,0.5835014581680298
3174,1523,1.2804,0.5750729441642761
3247,1524,3.746,0.9823511838912964
5073,1525,1.0185,0.5461069345474243
3247,1527,2.0476,0.774766743183136
3427,1527,1.0045,0.5736076235771179
5073,1529,1.1731,0.5624597668647766
2349,1529,0.9892,0.5496193170547485
3247,1529,1.2849,0.5519238114356995
6082,1529,1.4264,0.5830804109573364
3447,1529,1.5396,0.5565701127052307
5285,1529,1.1258,0.6059777140617371
369,1529,0.9812,0.6125229001045227
3122,1529,1.0683,0.5706223249435425
3237,1530,0.9972,0.5416824221611023
3247,1530,1.0018,0.5266847014427185
5073,1531,1.0048,0.6771834492683411
4680,1531,0.9637,0.5561597943305969
2349,1532,1.7169,0.5791137218475342
3247,1532,1.1895,0.5989716053009033
3269,1532,0.9853,0.550906240940094
5073,1533,0.9329,0.6375788450241089
5117,1534,1.0074,0.5741237998008728
2349,1535,0.8551,0.55177903175354
6498,1535,1.0137,0.541242778301239
1206,1535,0.9487,0.5684584379196167
2349,1536,0.9913,0.5547031164169312
972,1536,0.9092,0.5810567140579224
5073,1537,1.0126,0.5676088333129883
369,1537,2.5668,0.9403898119926453
5073,1538,1.5552,0.5855379700660706
6406,1539,1.1196,0.554397463798523
2349,1539,1.1154,0.5652807950973511
1206,1539,0.9444,0.5575412511825562
5792,1539,1.0154,0.5460345149040222
6725,1539,1.021,0.5649840831756592
5949,1540,2.1998,0.7349072694778442
5073,1541,0.9318,0.6802974939346313
2349,1541,1.1178,0.646338164806366
5073,1543,0.8307,0.5409340262413025
4825,1543,1.8117,0.6476445198059082
1206,1543,1.0726,0.5615800619125366
3122,1543,1.0844,0.6092624664306641
2092,1543,3.3346,0.9912277460098267
5073,1545,1.0954,0.565260648727417
2349,1545,1.3566,0.5716995596885681
3247,1546,1.0063,0.5284310579299927
3247,1547,0.9577,0.5091771483421326
1206,1547,1.2217,0.6095302104949951
364,1547,1.9208,0.9169338941574097
2130,1547,1.0216,0.5518370270729065
2349,1548,1.0132,0.5444458723068237
1206,1549,1.044,0.5425606369972229
4524,1549,1.7062,0.651931643486023
5073,1550,0.9474,0.5526292324066162
5073,1551,1.1796,0.6409670114517212
2349,1551,1.3053,0.5682714581489563
1206,1551,1.1691,0.5539319515228271
5073,1552,1.0104,0.55205899477005
2349,1552,1.0657,0.5693951845169067
3247,1552,1.0257,0.5579959750175476
106,1552,1.0844,0.5768038034439087
5073,1553,0.9988,0.5799939632415771
3247,1553,1.021,0.5357813835144043
1206,1553,0.9944,0.5447556376457214
5073,1555,1.0206,0.6131334900856018
5073,1556,1.3261,0.5880268812179565
2349,1556,0.9059,0.5913206934928894
5073,1557,1.1423,0.5510919690132141
3716,1557,1.3841,0.5879587531089783
1206,1557,0.9944,0.5618357062339783
5073,1558,1.1022,0.567421019077301
3247,1559,2.0456,0.6320164799690247
3247,1560,0.9997,0.6230133771896362
5073,1561,1.0284,0.5558602809906006
2349,1561,1.0197,0.5585256218910217
6675,1561,1.0704,0.5536768436431885
5073,1563,0.9952,0.5256853699684143
1206,1563,1.1852,0.5381333827972412
3247,1564,3.7918,0.9350526332855225
3219,1565,2.3254,0.9332938194274902
4588,1565,0.9913,0.524752676486969
2349,1565,1.1205,0.6196777820587158
3247,1565,1.0155,0.5978896021842957
1206,1565,0.9335,0.5599842667579651
932,1566,1.0695,0.5556339025497437
5073,1567,1.176,0.6006075143814087
2349,1567,0.9991,0.5149120688438416
3247,1567,0.9969,0.5670687556266785
2349,1569,1.0565,0.560973584651947
364,1569,2.0041,0.6263275742530823
3247,1570,1.0051,0.5409205555915833
5073,1571,1.4703,0.6114023327827454
3247,1571,1.319,0.6984159350395203
3211,1572,0.9967,0.586753249168396
5073,1572,0.9836,0.5699454545974731
1467,1572,2.4105,0.9684785008430481
5073,1573,1.0796,0.5683554410934448
2349,1573,0.8225,0.6420150399208069
5073,1575,0.9602,0.6626181602478027
1868,1575,1.1276,0.5738207101821899
2349,1575,1.3136,0.6722756028175354
3247,1575,1.0042,0.5743372440338135
1206,1575,1.0715,0.6101568341255188
2349,1577,1.0052,0.6200005412101746
364,1577,1.0028,0.5627015233039856
2349,1578,1.6193,0.5883962512016296
2373,1578,1.2586,0.5595517158508301
5073,1579,0.9778,0.5865633487701416
6191,1579,0.9842,0.5054548978805542
2631,1579,3.1323,0.9476391673088074
2092,1579,2.6671,0.6866582036018372
2272,1583,1.0991,0.546028733253479
5073,1584,1.1341,0.594720721244812
3247,1585,0.9984,0.5503464937210083
6082,1585,2.0898,0.9288988709449768
364,1585,2.4927,0.9284547567367554
2349,1589,1.6676,0.6547636389732361
1206,1589,1.1933,0.5691266059875488
5536,1590,1.0261,0.6231393218040466
2349,1590,1.0134,0.5579364895820618
5073,1591,0.7364,0.5129409432411194
3652,1591,1.7661,0.6836687922477722
2349,1591,1.3604,0.6456047892570496
842,1591,3.4919,0.9857776761054993
364,1591,1.7796,0.5842626094818115
5073,1593,1.2181,0.5986166596412659
364,1595,1.0977,0.6258948445320129
5073,1597,1.0506,0.6251641511917114
3247,1597,2.3041,0.9598905444145203
1206,1597,1.0662,0.5672748684883118
4479,1597,0.9184,0.5855674743652344
2349,1598,1.2151,0.5488445162773132
3261,1598,1.0004,0.6004717946052551
5073,1599,1.0893,0.569390058517456
2349,1599,1.0223,0.6059979796409607
3247,1599,0.9591,0.628486692905426
5073,1601,0.9948,0.5085961818695068
3247,1601,1.0978,0.6725850701332092
104,1601,2.1911,0.6650014519691467
3379,1601,1.0075,0.5411912202835083
7189,1601,1.568,0.614902675151825
42,1603,1.4872,0.5977854132652283
3247,1603,0.9703,0.6801701188087463
362,1603,5.8301,0.9371935129165649
5963,1604,1.3084,0.5772866606712341
5498,1604,2.0787,0.8766223788261414
5073,1605,0.9594,0.594948947429657
2349,1605,1.1501,0.6483864188194275
3634,1605,3.6782,0.9808601140975952
6420,1606,1.0043,0.5256600379943848
5073,1607,0.9024,0.5776085257530212
364,1607,1.5682,0.5848063826560974
5073,1609,0.9993,0.5502615571022034
2349,1609,1.0005,0.5281328558921814
1722,1609,2.7642,0.8815522789955139
5073,1610,0.9972,0.5303367376327515
3247,1611,0.8512,0.6313101053237915
6917,1611,1.0393,0.5475157499313354
5073,1613,1.0206,0.5756533145904541
2349,1613,1.0346,0.5884429216384888
2836,1613,0.7101,0.5504583120346069
6614,1613,1.8328,0.6675230264663696
3174,1613,1.169,0.5815544724464417
2349,1614,1.0274,0.555392324924469
3247,1614,0.9981,0.5519102215766907
5073,1615,0.9935,0.5372214913368225
364,1615,0.9677,0.6629704833030701
1465,1616,1.3812,0.5924063920974731
5073,1617,0.9502,0.5927854180335999
1206,1617,0.7209,0.6841244101524353
5285,1617,1.4365,0.5831010937690735
2349,1618,1.0121,0.5551533699035645
2349,1619,0.9556,0.6112205386161804
364,1619,2.333,0.6326708197593689
6450,1620,0.997,0.5476183295249939
2349,1620,2.1139,0.9435787796974182
5073,1621,1.0006,0.533085823059082
2349,1621,1.2937,0.6348956227302551
5073,1622,1.0044,0.5406376719474792
5073,1623,1.0024,0.5495869517326355
3247,1624,1.0288,0.56761234998703
3652,1625,1.1722,0.6337945461273193
2349,1625,1.2098,0.6079257130622864
3247,1625,0.9091,0.6450200080871582
2834,1625,0.8049,0.527552604675293
2349,1627,0.8575,0.542988121509552
3247,1627,0.998,0.5158830285072327
1206,1627,1.1657,0.6563327312469482
3247,1628,1.0,0.5580230951309204
1134,1628,1.9733,0.8094698190689087
5073,1629,1.6589,0.6676850318908691
6082,1629,2.1038,0.6274933815002441
2272,1629,0.6928,0.5993381142616272
362,1629,1.5693,0.8177863359451294
5073,1631,1.0071,0.5486719608306885
6082,1631,1.295,0.5612878799438477
394,1631,1.0283,0.5562771558761597
2349,1632,0.9808,0.6174589991569519
5073,1633,1.0062,0.5235312581062317
2349,1633,1.2996,0.5513774156570435
6082,1633,1.178,0.6155969500541687
3074,1633,1.6107,0.8047319650650024
2349,1635,1.0167,0.5624851584434509
5073,1636,1.0078,0.6284775733947754
1206,1637,0.8797,0.5595721006393433
3247,1638,1.0217,0.5726186037063599
5073,1639,0.9675,0.5543354749679565
364,1639,1.1016,0.5261450409889221
5073,1640,0.954,0.6118947863578796
3247,1640,1.0055,0.5450751185417175
225,1641,1.0661,0.5698431730270386
1206,1641,1.0549,0.6847872138023376
475,1642,1.3178,0.5564159154891968
5073,1643,1.1782,0.5965055227279663
2349,1643,1.0846,0.5796820521354675
5073,1645,1.165,0.5495188236236572
3247,1645,0.9995,0.5411285161972046
5089,1645,0.9956,0.5438888669013977
1206,1645,0.9816,0.6050914525985718
2235,1645,1.3315,0.6047849655151367
5073,1647,0.8812,0.5554594993591309
2349,1647,0.9371,0.5982673168182373
5652,1647,1.007,0.575040340423584
1178,1647,1.216,0.6114691495895386
2272,1647,1.0027,0.5488021969795227
362,1647,3.5287,0.9809383153915405
3247,1648,0.9571,0.5254824161529541
6458,1648,0.8362,0.5350572466850281
2349,1649,1.2402,0.6091403365135193
6250,1649,0.6271,0.64155113697052
1206,1649,1.2221,0.6758981943130493
4054,1649,0.7965,0.5033263564109802
892,1649,3.0264,0.8917347192764282
364,1649,0.765,0.5516853928565979
6408,1650,0.9975,0.5392699241638184
6167,1650,1.0378,0.5636046528816223
2349,1651,0.9892,0.5679844617843628
6745,1651,0.504,0.5344333648681641
364,1651,0.6419,0.5954776406288147
3401,1652,1.0058,0.59700608253479
364,1653,0.993,0.5554239749908447
6082,1654,2.5277,0.7641356587409973
3247,1655,1.0388,0.568016529083252
5692,1655,1.0072,0.5448211431503296
2349,1658,1.0578,0.5581647753715515
5073,1659,1.5118,0.57513827085495
2901,1660,1.0415,0.5710433125495911
3247,1661,1.8347,0.6225063800811768
6082,1661,1.9886,0.6989045739173889
5222,1661,2.2062,0.9175953269004822
1206,1661,0.9388,0.5814491510391235
2138,1661,1.0909,0.6126132607460022
364,1662,1.2263,0.5643888115882874
5073,1664,1.0008,0.6930524706840515
5073,1665,1.0139,0.5627745985984802
4121,1665,1.2825,0.5880064964294434
3748,1665,1.0102,0.5767257213592529
2937,1666,1.026,0.565000593662262
2205,1666,1.4652,0.5799785852432251
3672,1667,1.0004,0.5419401526451111
2349,1667,1.1513,0.5582711100578308
5073,1668,1.052,0.664533257484436
2349,1668,0.788,0.5502200722694397
3247,1668,1.0694,0.6609352827072144
1206,1668,0.6947,0.6766802072525024
364,1668,0.9517,0.6284660696983337
5069,1669,1.0145,0.6197076439857483
5498,1669,0.99,0.5801617503166199
2349,1669,1.1187,0.5611194372177124
5073,1670,1.1279,0.6257460117340088
2349,1670,0.9866,0.6236141324043274
6502,1670,1.0999,0.5520723462104797
6082,1670,1.2664,0.5889496207237244
1206,1670,1.0654,0.5118072032928467
364,1670,1.2274,0.6742050647735596
2291,1671,0.9961,0.5235631465911865
5073,1671,1.2091,0.5726134181022644
3666,1671,1.135,0.6819489002227783
6452,1672,1.737,0.5954097509384155
2464,1672,1.6111,0.5989876985549927
1206,1672,0.9859,0.5300097465515137
2602,1672,0.8128,0.5471892952919006
6047,1673,1.031,0.5503788590431213
3247,1674,1.6764,0.6740806698799133
1658,1675,0.9884,0.5353714823722839
2349,1676,1.0828,0.527754008769989
1206,1676,1.2702,0.564909815788269
5073,1678,0.9769,0.6539093852043152
6486,1678,1.0159,0.5440371632575989
728,1678,1.0486,0.5353416800498962
5073,1679,0.991,0.561115562915802
2349,1679,0.6309,0.5564185380935669
2802,1680,1.0968,0.5816044807434082
6877,1681,1.081,0.5491754412651062
5073,1681,1.5882,0.6568384170532227
2349,1681,1.1132,0.5387753844261169
3247,1681,1.0093,0.5553998351097107
5073,1682,1.0658,0.6105813384056091
3247,1682,1.2314,0.5541449189186096
1206,1682,1.4768,0.6299150586128235
6340,1682,0.9816,0.5560356974601746
4666,1683,1.8834,0.6414473056793213
1006,1683,1.0127,0.5695701837539673
3275,1683,1.4808,0.5879920721054077
1566,1683,1.7202,0.5775570273399353
5947,1684,1.7054,0.5803723335266113
2041,1684,1.5669,0.5820755362510681
505,1685,1.6957,0.6731506586074829
5073,1686,1.0015,0.5482578873634338
3247,1686,1.0108,0.5407854318618774
662,1686,1.9368,0.6159897446632385
1206,1686,1.0941,0.5511139631271362
3548,1686,1.0116,0.5381303429603577
7260,1686,1.0121,0.5578880906105042
2349,1687,0.8971,0.6163318157196045
5073,1688,1.0255,0.5469754934310913
3247,1688,1.5258,0.7209643125534058
2349,1689,0.992,0.5443276762962341
5073,1690,1.0212,0.555766224861145
2349,1690,1.042,0.6171042323112488
5089,1690,1.3102,0.5701120495796204
1206,1690,1.3307,0.5670207142829895
2349,1691,0.9883,0.5255023837089539
3247,1692,1.4976,0.6435793042182922
1206,1692,2.272,0.7366001009941101
1206,1693,1.0123,0.5556426644325256
5202,1694,1.004,0.5482437610626221
1206,1694,1.0243,0.5464000701904297
5073,1696,0.9772,0.5594158172607422
1890,1696,1.144,0.5648514628410339
6624,1696,1.9743,0.618232250213623
2349,1697,0.7766,0.6134516596794128
1206,1697,3.876,0.9847818613052368
5073,1698,1.0232,0.5878823399543762
2349,1698,1.3594,0.5382934808731079
1206,1698,1.0669,0.5594796538352966
7224,1698,1.193,0.5588660836219788
2213,1698,0.8605,0.5097161531448364
2343,1699,1.4517,0.5876840353012085
5073,1700,1.1348,0.5343484878540039
2272,1700,2.8984,0.9895538091659546
5073,1701,1.0136,0.5312634110450745
5073,1702,1.0471,0.6233540773391724
2281,1702,0.9968,0.5214321613311768
3652,1702,5.4015,0.9961984753608704
5073,1703,1.175,0.5652153491973877
2349,1703,1.1929,0.5735805630683899
5073,1704,0.9974,0.5644536018371582
3247,1704,1.2619,0.6362861394882202
3359,1704,1.1078,0.6649616956710815
708,1705,1.5659,0.5624700784683228
2534,1705,3.8508,0.9924909472465515
1206,1705,1.6301,0.5543110370635986
44,1706,1.0049,0.5435630083084106
5073,1706,1.1615,0.5648255944252014
3247,1706,0.6798,0.5479143261909485
1206,1706,1.0537,0.5662716031074524
1735,1706,1.0003,0.5415893197059631
5073,1707,1.6674,0.5647028684616089
5073,1708,1.0802,0.680937647819519
3652,1708,2.5911,0.9375812411308289
2349,1708,1.7931,0.7526499032974243
3247,1708,1.4292,0.5484468936920166
1206,1708,1.0628,0.5789178013801575
5528,1709,1.0097,0.5783148407936096
2349,1709,1.1344,0.6457328200340271
3247,1709,0.9419,0.5504707098007202
5073,1710,1.1451,0.5494933724403381
1395,1710,1.4353,0.6284655928611755
3193,1710,0.8792,0.6034210920333862
2349,1710,1.0668,0.6494136452674866
6478,1710,1.2712,0.6313930153846741
1206,1710,1.1012,0.5465697646141052
369,1710,1.4292,0.5634205937385559
4827,1712,2.2239,0.9458514451980591
1206,1712,2.3184,0.8385871052742004
2349,1713,1.378,0.632909893989563
1550,1713,0.9951,0.5452322363853455
1178,1713,1.0802,0.5539450645446777
435,1714,1.1562,0.5597895979881287
3247,1715,1.0596,0.5659809112548828
2349,1716,1.3877,0.6303576827049255
2349,1717,1.1718,0.5817519426345825
5073,1718,1.0095,0.5533809065818787
3247,1718,1.3108,0.6362630724906921
3869,1718,1.2809,0.5875324010848999
1206,1718,0.9987,0.5501482486724854
4634,1719,2.4454,0.9690706729888916
4775,1719,1.8637,0.5967320203781128
5073,1720,1.018,0.5569128394126892
3247,1720,0.9924,0.6661020517349243
2272,1720,3.5941,0.9593036770820618
5987,1721,0.9162,0.6243276000022888
6082,1722,1.0184,0.5905877351760864
2349,1723,0.9605,0.5799448490142822
3247,1723,1.0386,0.610237181186676
1206,1723,1.0363,0.5397344827651978
830,1724,1.0094,0.5435263514518738
2349,1725,0.9906,0.5399925112724304
3247,1725,1.0279,0.5520324110984802
4815,1725,1.198,0.5707916617393494
1206,1725,1.0607,0.5577824711799622
5073,1726,1.2322,0.6867814064025879
2349,1726,1.5988,0.5879729390144348
3247,1726,2.2307,0.9848440289497375
1658,1726,1.0961,0.6072246432304382
5073,1728,2.2198,0.6833710670471191
6082,1728,1.0063,0.5315292477607727
3247,1729,2.0084,0.7774245142936707
5482,1730,0.9054,0.6624268889427185
5073,1730,0.9469,0.557330846786499
2349,1730,0.9758,0.5579686760902405
1461,1730,0.9929,0.5621398091316223
1206,1730,1.4104,0.5979517698287964
5073,1732,1.0951,0.5569033026695251
3227,1732,1.8043,0.5992411375045776
2349,1732,1.0101,0.5547522902488708
5073,1733,0.0681,0.5905207395553589
100,1733,1.0204,0.6219841837882996
1206,1733,4.4666,0.987330436706543
2349,1734,1.0369,0.5873260498046875
656,1735,1.0076,0.5635963082313538
5073,1736,1.1547,0.6597821116447449
3247,1736,1.0932,0.5884697437286377
3486,1736,2.0815,0.7803118228912354
5747,1736,0.9998,0.6211323142051697
668,1738,1.1171,0.5538467168807983
6430,1739,1.205,0.5597844123840332
529,1739,1.1798,0.6282389163970947
2349,1740,1.3111,0.6196107268333435
6082,1740,1.0048,0.5497190356254578
2349,1741,0.9905,0.5807288289070129
6218,1741,0.7161,0.5415187478065491
1403,1742,1.0201,0.5832523107528687
5073,1742,0.9934,0.5554024577140808
2349,1742,1.043,0.5569331645965576
4767,1744,0.9917,0.5000932216644287
6877,1745,0.9961,0.5747923254966736
2367,1746,0.9909,0.5852410197257996
4207,1746,1.3294,0.617084264755249
3247,1748,1.2232,0.632953405380249
6614,1748,1.001,0.5289974212646484
3247,1749,1.5518,0.5896208882331848
5073,1750,1.2948,0.5658241510391235
1206,1750,1.3976,0.5609784126281738
5073,1751,1.923,0.63489830493927
2349,1751,0.9969,0.5492156744003296
1538,1751,1.078,0.5474222302436829
5073,1752,0.9791,0.5712907314300537
2279,1752,1.001,0.515521228313446
2272,1752,0.9936,0.5086793303489685
5073,1753,1.003,0.533852219581604
3247,1753,1.0108,0.5316808223724365
1206,1753,3.2697,0.9743490219116211
5073,1754,0.9839,0.5707220435142517
912,1755,3.3988,0.9727191925048828
2349,1755,0.9191,0.5566195845603943
2349,1756,1.0069,0.5465946197509766
5560,1756,1.4134,0.6448017358779907
1206,1756,1.3343,0.5786973834037781
5073,1757,0.9958,0.5283072590827942
2349,1757,1.3168,0.5612221360206604
6105,1757,0.9917,0.5336029529571533
6195,1757,1.0034,0.5337154269218445
1206,1757,2.5999,0.9516007304191589
6082,1758,1.7193,0.5819531679153442
3043,1758,1.0828,0.595478892326355
2349,1759,0.9929,0.65425705909729
5556,1759,1.3918,0.5679164528846741
535,1759,1.2296,0.5548498034477234
952,1761,0.9619,0.527439296245575
2349,1761,1.0066,0.5415612459182739
6210,1761,1.0026,0.5921189785003662
1206,1762,1.1511,0.5854117274284363
6310,1762,0.9691,0.5334348678588867
2349,1763,0.9207,0.575099766254425
698,1763,1.027,0.5660032629966736
6218,1763,5.3541,0.9715312719345093
5073,1764,0.996,0.6156335473060608
2349,1766,1.1734,0.6821163296699524
1206,1766,0.7513,0.6465085744857788
2272,1766,1.0937,0.6083647608757019
5073,1768,0.9843,0.5350502133369446
2349,1768,0.9845,0.5849694013595581
7002,1768,0.9887,0.6268486380577087
2349,1769,0.9952,0.5986897349357605
5073,1770,2.011,0.6580414772033691
6191,1770,1.0051,0.6012871265411377
1206,1770,1.0279,0.5501316785812378
435,1770,1.1583,0.5509336590766907
2293,1771,1.0385,0.6171985864639282
2772,1771,1.01,0.5627323985099792
1369,1771,0.998,0.5137762427330017
1206,1771,5.5671,0.989698588848114
5073,1772,1.006,0.5377063751220703
6652,1772,0.8316,0.5384634137153625
3174,1772,2.5441,0.7238258719444275
3247,1774,1.2408,0.6642383933067322
1206,1774,0.7254,0.5752230882644653
369,1774,1.376,0.5790226459503174
3247,1775,1.3817,0.6732174158096313
3572,1776,0.9897,0.6071434020996094
5642,1777,1.0047,0.5553434491157532
6570,1777,0.9999,0.5884613394737244
5728,1777,1.4898,0.637061595916748
5073,1778,1.0221,0.6777024269104004
3855,1779,3.8356,0.99354088306427
1206,1779,2.0666,0.5878352522850037
6414,1780,1.125,0.688137948513031
5073,1780,1.0789,0.5716378092765808
493,1781,3.5678,0.9900475740432739
5113,1781,1.3895,0.5852752327919006
1206,1782,1.0666,0.5562883615493774
2272,1782,3.2488,0.9464901685714722
4054,1783,3.9067,0.988223671913147
5073,1785,1.0154,0.5662949085235596
5073,1786,1.246,0.5800471305847168
2349,1787,1.2085,0.5689693093299866
3652,1788,1.3435,0.5582526326179504
2349,1788,0.8898,0.5398378372192383
1206,1788,1.0293,0.5461139678955078
5073,1789,0.8186,0.5584298968315125
3652,1790,4.2891,0.9942500591278076
2349,1791,1.0035,0.5441018342971802
3247,1791,1.8064,0.7036488056182861
5073,1792,1.0573,0.684741199016571
5073,1793,1.0749,0.5786234140396118
1206,1793,0.9995,0.5714960694313049
5073,1794,1.3623,0.7121325731277466
50,1794,1.0,0.5170769691467285
2349,1794,1.1544,0.5945425033569336
3247,1794,1.0029,0.5575574636459351
3532,1794,0.9724,0.5893688201904297
5073,1797,1.0006,0.6439868807792664
3247,1797,0.9469,0.5544153451919556
4864,1797,1.1104,0.5883386731147766
2349,1798,1.5512,0.5876433849334717
3247,1798,1.018,0.5419232845306396
1146,1798,1.6345,0.593407154083252
2349,1800,1.0118,0.6462796926498413
3247,1800,1.0036,0.5532224774360657
5073,1802,0.999,0.5391460061073303
2349,1802,1.0275,0.6024349927902222
6082,1802,1.6025,0.7505322098731995
1206,1803,2.7522,0.956710934638977
5073,1804,1.0015,0.5649220943450928
1206,1805,1.2999,0.5706992745399475
5073,1806,1.2246,0.6608287692070007
4624,1806,0.9974,0.5434106588363647
5073,1807,0.9973,0.5897716879844666
6502,1808,0.996,0.5239664912223816
1206,1809,0.7958,0.6430888175964355
5073,1810,0.9909,0.5677441358566284
5073,1812,0.9893,0.6386607885360718
3247,1812,0.8786,0.5326246619224548
5073,1813,1.0709,0.6321564316749573
1206,1813,0.8432,0.5142449736595154
2299,1814,1.4481,0.5961077213287354
5073,1814,0.8854,0.612049400806427
2349,1814,1.2942,0.6652674078941345
3247,1814,1.1964,0.6355595588684082
2071,1814,1.753,0.641480028629303
1206,1814,1.2295,0.6060290932655334
4054,1814,1.4991,0.6755178570747375
2734,1815,0.9692,0.5501355528831482
5073,1815,1.0484,0.5781469941139221
3247,1815,1.0265,0.5599765181541443
1206,1815,1.0065,0.5541589260101318
2349,1817,1.0969,0.6861621737480164
5073,1818,0.8481,0.5813652276992798
2349,1819,0.9942,0.5523884892463684
3247,1821,1.4697,0.5827497243881226
2367,1823,0.9426,0.6578969359397888
1206,1823,1.0936,0.637852668762207
3174,1823,3.703,0.9856105446815491
364,1823,0.9455,0.5215708613395691
4800,1823,1.7492,0.6694438457489014
3247,1825,1.2195,0.635604977607727
5073,1827,1.0001,0.5412318110466003
2349,1827,1.344,0.6078635454177856
3247,1827,1.0666,0.5548716187477112
1090,1827,1.6625,0.572963297367096
1206,1827,1.1216,0.5564118027687073
2146,1827,0.9965,0.540510356426239
2349,1829,1.0125,0.5876366496086121
3247,1829,0.9544,0.5620688796043396
6616,1829,1.0983,0.5394558310508728
4007,1831,1.0067,0.5677146911621094
2349,1833,1.159,0.5726833939552307
3247,1833,1.7361,0.6269027590751648
2349,1835,1.1346,0.5580105185508728
3814,1835,1.5192,0.5831547975540161
364,1837,3.509,0.991969883441925
3818,1839,1.011,0.5907990336418152
2349,1841,1.0803,0.555888295173645
3247,1841,1.0212,0.602206289768219
2349,1843,0.9921,0.5415009260177612
1206,1843,1.4202,0.5808839201927185
2349,1845,1.5239,0.6017117500305176
3871,1845,1.1374,0.6396213173866272
1206,1845,0.9472,0.5550148487091064
4001,1845,2.6818,0.9705653786659241
2349,1847,1.0143,0.5339547395706177
5107,1847,1.0021,0.5482755899429321
261,1847,1.0136,0.5478607416152954
5073,1849,0.998,0.5644944906234741
2349,1849,1.3581,0.6127028465270996
3247,1849,1.2331,0.5998930931091309
1206,1849,1.0025,0.5632802844047546
3247,1851,0.998,0.5525268316268921
2816,1851,0.866,0.6006260514259338
369,1851,0.9987,0.5426473617553711
5073,1853,1.1319,0.649610698223114
601,1853,3.0826,0.9885076284408569
1206,1855,0.9933,0.5390142202377319
2349,1857,1.0037,0.5331882834434509
1206,1857,0.998,0.5369714498519897
2367,1861,1.1607,0.577111542224884
5069,1865,1.269,0.6303277015686035
3247,1865,1.1326,0.5350563526153564
5073,1867,1.0802,0.6080930829048157
916,1867,1.5829,0.5816607475280762
6907,1867,1.1588,0.5711669325828552
6660,1867,1.472,0.7121577262878418
3611,1867,1.4405,0.6273837089538574
5073,1869,1.0059,0.560087263584137
2349,1869,1.0821,0.5663722157478333
6082,1869,2.1535,0.7927300930023193
3991,1871,1.0,0.5285118818283081
364,1873,1.0003,0.5011938810348511
562,1873,2.1825,0.9635475277900696
5073,1875,1.1061,0.570798933506012
3247,1875,1.0205,0.579971432685852
6027,1875,1.2497,0.5512076616287231
1206,1875,1.753,0.5859958529472351
364,1875,1.0186,0.5782195329666138
6166,1875,1.0324,0.5681818723678589
1462,1875,5.5936,0.9910864233970642
5073,1877,1.993,0.6921259760856628
2349,1877,1.004,0.5339301228523254
5073,1879,1.2035,0.555242657661438
2631,1879,1.2729,0.5540618300437927
6430,1881,1.2336,0.5585013031959534
5073,1883,1.4978,0.5839316844940186
2349,1883,1.2599,0.6807060837745667
3247,1883,1.0012,0.5440535545349121
4791,1883,1.8115,0.7135189771652222
2053,1883,1.0568,0.6669840216636658
1206,1883,1.2184,0.5422658324241638
4054,1883,0.912,0.5550885200500488
364,1883,1.006,0.5607823729515076
6082,1885,0.998,0.5570142865180969
1864,1887,1.1444,0.6422967314720154
2349,1887,1.3436,0.6938540935516357
3247,1887,1.3329,0.6535487771034241
4747,1887,1.7979,0.6296345591545105
2349,1889,1.0005,0.5370060205459595
6374,1889,0.9908,0.5500200986862183
5073,1891,0.9961,0.5724965929985046
2349,1891,0.8964,0.5647677183151245
3247,1891,1.611,0.6447057127952576
2291,1893,4.1665,0.9965187311172485
5073,1893,0.9987,0.5472666025161743
5073,1895,1.0515,0.5631206631660461
364,1895,0.9049,0.5355620980262756
2092,1895,1.1647,0.5568747520446777
5073,1897,1.4439,0.7080801129341125
2092,1897,1.0709,0.5607590675354004
1651,1897,3.8704,0.9828269481658936
5073,1899,1.0799,0.5779321193695068
2349,1901,1.2713,0.5500750541687012
3247,1901,1.5448,0.6210009455680847
5747,1901,0.9826,0.5166944861412048
5073,1903,1.0439,0.6264713406562805
1373,1904,0.9949,0.5328505039215088
5073,1905,0.9342,0.5112265944480896
6438,1905,1.0027,0.5298616290092468
2349,1905,1.4915,0.574897825717926
3247,1905,0.9993,0.5370266437530518
5073,1907,0.9957,0.5403969883918762
6374,1907,1.0254,0.5513964891433716
2092,1907,1.4932,0.574112594127655
5211,1907,3.1631,0.9792136549949646
461,1908,1.009,0.5473304986953735
5073,1909,1.1732,0.6692735552787781
2349,1909,1.0842,0.5526199340820312
7029,1909,2.7316,0.9787865877151489
5073,1911,1.1566,0.7284362316131592
2349,1911,1.4794,0.6014835238456726
5285,1911,1.5069,0.6847708821296692
5073,1913,0.9981,0.5273416042327881
2060,1913,1.0099,0.5490166544914246
5073,1915,1.0511,0.5726217031478882
5506,1915,0.8246,0.5913330316543579
2349,1915,1.0369,0.5714489817619324
3247,1915,0.9999,0.5856990218162537
1206,1915,1.3436,0.6551706790924072
3990,1915,1.0145,0.5755718350410461
863,1915,1.4723,0.6489101648330688
5661,1915,0.9994,0.5412723422050476
3846,1915,1.1207,0.5803484320640564
5073,1917,1.2845,0.614179253578186
5963,1919,1.0931,0.5486457347869873
5073,1919,0.9999,0.5190893411636353
2349,1919,1.4503,0.5725117325782776
2092,1919,2.8531,0.9904869198799133
5073,1921,1.5548,0.572829008102417
2349,1921,1.7669,0.6487749814987183
5073,1923,1.0879,0.5620703101158142
5488,1923,1.1075,0.5416582226753235
2349,1923,1.3825,0.5598277449607849
5059,1925,0.8686,0.6054494380950928
2349,1925,1.01,0.5617933869361877
2762,1926,1.0046,0.5491673946380615
3219,1927,0.9216,0.5454438328742981
2291,1927,1.0953,0.5807808041572571
5073,1927,0.99,0.5501341223716736
2349,1927,1.2756,0.5602360367774963
3247,1927,1.2118,0.5858128070831299
6374,1927,0.9334,0.5730466246604919
4616,1928,0.9513,0.5152669548988342
6082,1933,1.4527,0.6217296719551086
1560,1933,1.4662,0.6435520052909851
4339,1933,1.4514,0.5802552700042725
4821,1935,1.0277,0.5416377186775208
2018,1935,1.0552,0.6464297771453857
5665,1935,1.9416,0.7367501854896545
5073,1937,0.9911,0.5186172723770142
2349,1937,1.0427,0.6215499639511108
1206,1938,1.2011,0.5772207975387573
6082,1940,1.5218,0.7329866290092468
2272,1940,1.0322,0.5666817426681519
435,1940,1.0127,0.5664464831352234
364,1941,1.3601,0.6283063292503357
5073,1943,1.0972,0.5416372418403625
1838,1943,0.923,0.5207155346870422
2349,1943,1.0037,0.5404129028320312
5850,1943,1.0309,0.579837441444397
2932,1943,2.7211,0.9712873697280884
5073,1944,1.4295,0.7196374535560608
1206,1946,1.1239,0.5478198528289795
2349,1948,1.0359,0.5570551156997681
364,1948,2.5511,0.9296574592590332
5073,1949,1.1438,0.5654593110084534
942,1949,1.0004,0.5264222621917725
6768,1949,0.9971,0.5324138402938843
3454,1949,1.0275,0.5494716763496399
3704,1951,2.6155,0.6515180468559265
3129,1951,1.3509,0.6230822801589966
2018,1951,1.6252,0.6145110726356506
1069,1951,0.9916,0.5312201976776123
5073,1952,1.001,0.6154928207397461
2,1952,1.0117,0.5520108342170715
6468,1952,1.0124,0.5250962376594543
5073,1954,0.8639,0.5164868831634521
2349,1954,1.4455,0.6634178161621094
3247,1954,1.0887,0.6839359998703003
4552,1954,2.7731,0.9909855127334595
1527,1954,1.186,0.5633544325828552
5217,1954,3.0213,0.9941383600234985
5121,1955,0.9941,0.5293539762496948
364,1955,1.3082,0.7249801754951477
3384,1955,0.8516,0.5897499322891235
1077,1955,0.8142,0.5458380579948425
2930,1955,0.9773,0.5452514290809631
6082,1956,1.0048,0.5566660761833191
2018,1957,0.6749,0.5551923513412476
3174,1958,1.0107,0.5428436994552612
481,1959,1.9876,0.9126542806625366
2281,1959,1.0012,0.5445554256439209
1206,1959,1.6436,0.6160449385643005
1206,1960,1.0541,0.5610890984535217
1206,1962,1.1159,0.5521291494369507
2018,1962,3.0268,0.9847020506858826
6105,1963,1.1505,0.6540855169296265
2349,1964,0.9971,0.5441769361495972
2349,1965,1.0804,0.632792055606842
6082,1965,2.1509,0.7140015959739685
2272,1965,1.2111,0.5584782361984253
435,1965,0.9274,0.6577616333961487
5360,1966,0.8882,0.5049323439598083
2018,1966,0.6253,0.6137108206748962
1206,1968,1.0048,0.5399851202964783
5073,1969,1.361,0.5889961123466492
3247,1969,0.9881,0.5428071618080139
4189,1969,1.1863,0.6028798818588257
1864,1970,0.8656,0.5616699457168579
5073,1970,0.8339,0.5624461770057678
2349,1970,1.21,0.5860404968261719
3247,1970,1.1665,0.5893911719322205
6082,1970,2.0094,0.5962432622909546
4747,1970,0.8073,0.5502542853355408
5073,1971,0.9916,0.5453010201454163
1206,1972,3.8324,0.9703996181488037
3174,1972,1.2101,0.811402440071106
892,1972,3.2147,0.9733173847198486
3652,1973,1.0199,0.5552043914794922
3678,1975,1.1578,0.6820797920227051
3247,1975,0.9965,0.5485467314720154
5073,1976,1.0557,0.5690253973007202
2349,1976,1.0435,0.585533082485199
2349,1977,1.1375,0.5748995542526245
2349,1979,1.7571,0.5729621648788452
3247,1979,1.04,0.5581831336021423
5073,1980,1.2302,0.6680819392204285
2349,1980,1.2978,0.6457551121711731
1206,1980,0.7995,0.5516737699508667
2227,1980,3.8003,0.9469194412231445
4431,1980,1.8178,0.5914628505706787
2764,1981,0.9965,0.6034085154533386
3672,1981,1.7857,0.7015745043754578
2744,1982,1.3991,0.5394992232322693
5073,1982,1.0232,0.540090024471283
2349,1982,0.9759,0.537446141242981
1206,1982,1.7634,0.6051996946334839
6751,1982,1.5105,0.6012964844703674
4592,1983,0.993,0.5580796003341675
2349,1983,0.9906,0.669855535030365
2349,1984,1.0191,0.559843897819519
3247,1984,1.0267,0.5620889663696289
1516,1984,1.382,0.5587909817695618
1206,1984,0.9328,0.5004894137382507
5073,1986,1.0132,0.5679245591163635
1206,1986,1.0805,0.5576899647712708
5073,1988,0.9042,0.593134343624115
2349,1988,1.165,0.564997136592865
3247,1988,1.0339,0.5833070874214172
1206,1988,1.2912,0.5613528490066528
369,1988,1.6723,0.5911145210266113
4910,1988,1.0298,0.5456648468971252
2299,1989,0.9926,0.5635904669761658
5073,1989,1.0106,0.5526546835899353
435,1990,1.1328,0.5509768724441528
2349,1993,1.0562,0.572462797164917
4054,1994,1.007,0.6073687672615051
3247,1995,1.1877,0.5651616454124451
5073,1996,0.9122,0.5758270621299744
1401,1996,1.096,0.577246367931366
2349,1996,0.8531,0.5580634474754333
3551,1996,2.0341,0.6479520797729492
5366,1996,1.1107,0.5657721757888794
5031,1997,1.0261,0.5740063190460205
5033,1997,1.4615,0.5826680064201355
2349,1997,1.0327,0.5540714263916016
3247,1997,1.0023,0.6189079284667969
5073,1998,1.3099,0.5592697858810425
6082,1998,1.1412,0.5599984526634216
5979,1999,1.2703,0.5887195467948914
2349,1999,1.0084,0.5728569626808167
3247,1999,0.9979,0.5367461442947388
3247,2000,1.9004,0.618840217590332
1206,2000,1.0454,0.5532335042953491
5073,2001,1.7383,0.5710130929946899
2349,2003,0.9435,0.5744226574897766
3247,2003,0.9558,0.6176751852035522
3247,2004,0.9752,0.55653315782547
1206,2004,0.881,0.5506545901298523
5073,2005,1.0002,0.5625464916229248
3247,2005,0.9901,0.5530372262001038
3247,2006,1.2047,0.5568292140960693
5574,2006,0.9952,0.6132807731628418
1206,2006,0.9661,0.5510010123252869
5999,2007,1.0209,0.5536043047904968
5073,2008,1.0001,0.5554089546203613
2349,2008,1.1163,0.5488542914390564
3247,2009,1.2405,0.576324999332428
6047,2009,1.4643,0.6385056376457214
2349,2010,1.0926,0.5642738342285156
3247,2010,1.0058,0.5644757747650146
1862,2011,1.1131,0.5301717519760132
2299,2011,0.9634,0.5118216276168823
2349,2011,1.0068,0.6114848852157593
5073,2012,0.997,0.5424216389656067
7020,2012,1.6266,0.5760859847068787
4054,2012,0.8991,0.5879368782043457
5815,2012,1.6961,0.6279847621917725
2281,2013,0.9993,0.5470101237297058
970,2013,1.0208,0.582516074180603
3247,2014,1.0358,0.5468891263008118
3122,2014,1.0912,0.5438525676727295
364,2014,1.0005,0.5457466244697571
2349,2015,1.5625,0.6164871454238892
5073,2016,0.983,0.5509902238845825
2446,2016,0.9951,0.5854467153549194
1206,2016,0.7876,0.603583574295044
3174,2016,1.9379,0.8610004782676697
3247,2017,2.9365,0.9883689880371094
1206,2018,1.4799,0.620447039604187
3049,2018,1.0115,0.562949001789093
5360,2018,0.81,0.556813657283783
6865,2019,1.0013,0.5431745648384094
902,2019,0.9828,0.5610217452049255
2349,2019,1.0541,0.546466588973999
3247,2019,2.8328,0.9896693825721741
5073,2022,0.7475,0.5596880912780762
2349,2022,0.9976,0.5570595860481262
3247,2022,1.0697,0.5970584750175476
5708,2022,1.0018,0.5453335046768188
1206,2022,1.2108,0.5561560988426208
5073,2023,0.9996,0.542381763458252
968,2023,0.9992,0.5491046905517578
5073,2024,1.3239,0.532086193561554
3247,2024,0.9844,0.5517587065696716
7205,2024,1.005,0.5473129749298096
4784,2024,1.1121,0.5692282915115356
2349,2026,1.1899,0.5514535903930664
3247,2026,0.9997,0.5306370258331299
2349,2027,0.8634,0.6082375049591064
3247,2027,1.4257,0.6108293533325195
5073,2028,1.2886,0.6909431219100952
5694,2028,1.6482,0.5793355107307434
5073,2032,0.9985,0.5502257347106934
2631,2032,3.9892,0.989367663860321
1862,2033,0.97,0.5332116484642029
5073,2033,0.9982,0.5367250442504883
5073,2034,0.9982,0.608250081539154
3684,2034,1.026,0.569186270236969
2349,2034,1.4452,0.5595415830612183
1206,2034,0.9886,0.5634655952453613
5039,2036,1.4322,0.7358311414718628
2349,2036,1.0052,0.5572428703308105
3247,2036,1.5482,0.5782268047332764
6082,2036,1.5317,0.6198650002479553
1206,2036,1.0589,0.5754884481430054
5073,2038,1.1913,0.6623028516769409
3247,2039,1.0024,0.5337849855422974
6105,2039,1.0044,0.5521868467330933
2367,2040,0.7458,0.5378343462944031
1206,2040,0.6167,0.5588038563728333
364,2040,1.0773,0.5596624612808228
5073,2042,0.9362,0.5502611398696899
3247,2042,0.9679,0.5944756865501404
638,2042,1.8316,0.686163067817688
4524,2042,1.6681,0.5971204042434692
4510,2042,1.011,0.563473105430603
7175,2042,2.5852,0.9851408004760742
4626,2044,2.0154,0.6020179986953735
2762,2044,0.9591,0.5998989343643188
2349,2044,1.6273,0.7136498093605042
6614,2044,0.9954,0.6076361536979675
2321,2045,1.2399,0.6417532563209534
3247,2045,1.0866,0.5669664740562439
3060,2046,1.4582,0.5601023435592651
5073,2048,1.1584,0.6560263633728027
2092,2048,1.0384,0.5617454051971436
2349,2049,0.5309,0.5746104717254639
5073,2050,0.8676,0.5447137951850891
3205,2050,1.8191,0.7359539270401001
1443,2050,1.0618,0.558860182762146
364,2050,1.0642,0.6516435146331787
5073,2052,0.9951,0.5805680155754089
2349,2052,1.2907,0.6991804838180542
549,2052,0.9927,0.5879156589508057
3247,2052,1.1667,0.66743004322052
3710,2052,1.5371,0.664725661277771
2349,2053,0.9756,0.54119473695755
5073,2054,1.0081,0.5609212517738342
3247,2054,1.088,0.5604530572891235
527,2054,1.0851,0.6122526526451111
5073,2056,0.9949,0.5714958310127258
5572,2056,1.1525,0.6515472531318665
3513,2056,1.5963,0.620762288570404
2349,2057,1.1143,0.5654935240745544
2349,2058,1.0018,0.5526344180107117
3247,2058,1.2116,0.5694145560264587
364,2058,2.8497,0.9785676598548889
5073,2059,0.9999,0.5898833870887756
364,2060,2.4677,0.9867138266563416
838,2062,2.2187,0.9486507177352905
2148,2062,1.4931,0.6140140295028687
2349,2063,0.7406,0.5540567636489868
5073,2064,1.3618,0.6059366464614868
6422,2065,1.0187,0.5609550476074219
2349,2066,0.9774,0.5086853504180908
364,2068,1.7914,0.6001349091529846
60,2069,0.9969,0.5496087074279785
545,2069,1.5447,0.6021245718002319
1206,2070,0.4253,0.6008158922195435
1178,2070,1.411,0.6293411254882812
5073,2072,1.0259,0.5775826573371887
3247,2073,0.9992,0.5428629517555237
5073,2074,1.0009,0.529913067817688
4642,2074,1.0202,0.5391964912414551
1206,2074,0.8774,0.6617029309272766
364,2074,1.0224,0.5487498044967651
5983,2075,1.0093,0.6337340474128723
3247,2075,2.7882,0.9809123873710632
5073,2076,1.1248,0.5631964802742004
2349,2076,1.1805,0.6629147529602051
2349,2077,1.0044,0.5558129549026489
5073,2078,1.4059,0.6209005117416382
3247,2078,0.8615,0.526984453201294
2367,2078,1.6686,0.6142403483390808
5696,2078,1.1203,0.6432454586029053
781,2078,0.9007,0.5995483994483948
4111,2079,1.2986,0.6151484847068787
2349,2079,1.0049,0.5384256839752197
3247,2079,1.0709,0.5653196573257446
2349,2080,1.465,0.5831931829452515
5073,2082,1.034,0.5931256413459778
5073,2083,0.9061,0.5705275535583496
2349,2083,1.0622,0.5662243962287903
2349,2085,1.0067,0.6130670309066772
1206,2085,1.1726,0.6267228126525879
2272,2085,1.8047,0.6948058009147644
5073,2086,1.3177,0.6863416433334351
1854,2086,1.6459,0.6732763648033142
2349,2086,1.9138,0.9250745177268982
3247,2086,0.7814,0.5686666965484619
4640,2086,1.2057,0.6246638298034668
3139,2086,1.0284,0.5921880602836609
5073,2088,1.0277,0.617290735244751
2361,2088,0.9556,0.5205832123756409
2272,2088,1.2204,0.6851336359977722
435,2088,1.5171,0.590766429901123
364,2088,0.9201,0.5576892495155334
5073,2089,1.0079,0.7220095992088318
1206,2089,1.0727,0.6190471053123474
5073,2091,1.0082,0.5936979651451111
2349,2091,1.1346,0.5847650766372681
3247,2091,1.1615,0.5815181732177734
5073,2093,1.0088,0.5476391911506653
2349,2093,1.0051,0.5604794025421143
364,2093,2.5215,0.9443690180778503
5073,2095,0.9944,0.5478997230529785
2349,2096,1.0579,0.549996554851532
5073,2098,1.3498,0.7016148567199707
6374,2100,0.9968,0.5414012670516968
5073,2104,1.3902,0.5621992349624634
3652,2104,1.344,0.6507688164710999
2349,2104,1.0757,0.5724762678146362
5073,2105,0.8705,0.5823962092399597
2349,2105,0.7374,0.5024540424346924
3247,2105,0.9781,0.5413256883621216
1118,2105,0.8722,0.6128756999969482
5983,2106,0.9998,0.5153211951255798
5073,2109,0.9601,0.5435723066329956
2349,2109,1.0071,0.5443044304847717
6082,2110,1.1831,0.507571280002594
6602,2110,0.9998,0.5416971445083618
364,2110,0.7698,0.5492871403694153
6925,2112,1.0248,0.5733258128166199
1206,2112,0.9292,0.5587550401687622
6422,2113,0.9994,0.5460761785507202
3247,2113,0.979,0.649787425994873
5073,2114,0.9663,0.5447444915771484
3247,2114,0.9976,0.5367997884750366
6191,2114,0.9715,0.529654860496521
1178,2114,1.0693,0.5923513174057007
5073,2116,1.0386,0.6205981373786926
2349,2116,1.0759,0.5667048096656799
6768,2116,1.5622,0.5838861465454102
30,2118,0.7639,0.5876200199127197
5073,2118,0.6239,0.6847086548805237
469,2118,3.0235,0.6619842052459717
4588,2118,1.1489,0.5944532752037048
5073,2120,0.9689,0.6063963770866394
5073,2122,0.8644,0.5402311086654663
5073,2123,1.0117,0.5442959666252136
5073,2125,0.9681,0.5379346609115601
2349,2125,1.2403,0.6064044833183289
364,2125,0.9725,0.6774405837059021
5073,2126,1.2224,0.6294234395027161
2349,2126,1.0719,0.5636454820632935
2272,2126,1.2194,0.6068792343139648
435,2126,1.0322,0.5848400592803955
5073,2127,1.0184,0.6213022470474243
5073,2128,1.007,0.580084502696991
3706,2130,1.06,0.5841809511184692
2349,2130,1.0397,0.5851792693138123
1206,2130,1.3435,0.560032308101654
4054,2130,1.1703,0.5435592532157898
5073,2131,0.9909,0.5387734770774841
3443,2131,4.491,0.9681739807128906
1206,2132,0.9814,0.5634725689888
6357,2132,2.5766,0.9660517573356628
5073,2133,1.1051,0.5703266859054565
1206,2133,0.9987,0.5462860465049744
2349,2134,1.2597,0.6515006422996521
6082,2134,1.3414,0.6439118385314941
5558,2135,1.205,0.59981369972229
3247,2135,0.9787,0.5763940215110779
5131,2135,0.9987,0.5330191254615784
3295,2136,1.3277,0.5845227241516113
6915,2136,0.7494,0.5928868055343628
5073,2137,0.8738,0.5112013220787048
3652,2137,2.7201,0.93755042552948
2349,2137,1.1171,0.5635799765586853
1206,2137,4.3566,0.9879014492034912
2349,2138,1.1945,0.621188223361969
3247,2138,1.4362,0.6276062726974487
1206,2138,1.3931,0.5745652914047241
5073,2139,1.2439,0.5681331753730774
2349,2139,0.9221,0.5716490149497986
3736,2139,1.2728,0.5541881918907166
5073,2140,0.7772,0.5296205878257751
4747,2140,0.9821,0.5836487412452698
1206,2140,1.5022,0.5735081434249878
5073,2143,1.1247,0.5676015019416809
1206,2143,1.0079,0.5361006855964661
2272,2144,1.002,0.5442298650741577
3247,2145,3.1532,0.9848857522010803
2333,2146,1.4491,0.5836577415466309
3247,2146,1.9497,0.6520463228225708
1570,2146,1.2433,0.5888921022415161
2610,2146,1.0348,0.5537489056587219
2349,2147,0.9178,0.5722475051879883
2349,2148,1.1212,0.5633471608161926
1904,2149,0.9891,0.5491041541099548
3247,2150,1.3017,0.7063556909561157
7012,2150,1.4681,0.5843357443809509
2349,2152,1.058,0.5778245329856873
3247,2152,1.0322,0.5615206360816956
1206,2152,2.625,0.9125022888183594
5073,2153,0.9978,0.5338088870048523
2349,2153,0.9772,0.6100821495056152
5073,2154,0.8235,0.5356323719024658
2349,2154,1.0908,0.551352322101593
2626,2154,1.667,0.610719621181488
6358,2154,1.3217,0.5717995166778564
4943,2154,2.1116,0.9204540848731995
1363,2155,1.0284,0.6601418256759644
2349,2155,0.8823,0.5054175853729248
1206,2156,2.1892,0.680832028388977
5073,2158,1.1541,0.5673050880432129
3174,2158,0.9976,0.5545675754547119
1658,2159,2.0329,0.6104538440704346
5073,2160,1.4684,0.5721119046211243
2349,2160,1.2484,0.6591183543205261
3174,2160,3.2882,0.9819691777229309
6454,2161,1.3221,0.6661984920501709
2349,2161,0.9974,0.630479097366333
3247,2161,0.9992,0.5624662041664124
6218,2161,1.0243,0.5548689961433411
3247,2162,1.0087,0.5402309894561768
6165,2162,1.2037,0.6555509567260742
1206,2162,1.103,0.5958813428878784
5528,2163,2.3037,0.8989419341087341
3247,2163,0.9866,0.624685525894165
5073,2164,1.2178,0.5587425231933594
3247,2164,2.404,0.9620073437690735
2349,2165,1.2064,0.7255534529685974
6125,2165,1.0285,0.5635602474212646
2349,2166,0.9972,0.520380437374115
3855,2167,1.2544,0.6015326976776123
5073,2169,1.0312,0.5698744058609009
3247,2169,1.2049,0.5729773044586182
1206,2169,1.1856,0.5211224555969238
1206,2170,0.5056,0.5989243388175964
2349,2171,0.9794,0.5428100824356079
5073,2172,0.9117,0.5818477869033813
2349,2172,1.1462,0.6575958132743835
3247,2172,1.0008,0.5508111119270325
1206,2172,1.4075,0.568603515625
5073,2173,0.9954,0.5325340628623962
5073,2174,1.2404,0.5761520266532898
1206,2174,0.9415,0.5540237426757812
5073,2175,0.982,0.5572865009307861
5073,2176,1.4702,0.568187952041626
5073,2177,0.9897,0.5443470478057861
2349,2177,0.8572,0.6305776238441467
1437,2178,1.2075,0.5595201253890991
4298,2178,1.0101,0.5276414752006531
1387,2179,2.0684,0.6743223071098328
5073,2180,1.0908,0.5776862502098083
2349,2180,1.0454,0.6115702986717224
6945,2180,1.0446,0.5941027998924255
3247,2180,1.0,0.5612243413925171
1206,2180,2.8049,0.8811242580413818
2349,2181,1.0041,0.5661596655845642
1140,2181,1.025,0.6136201024055481
5073,2182,1.1389,0.5635063648223877
3247,2182,1.7854,0.8457244634628296
2349,2183,1.0316,0.5693275928497314
3247,2184,1.3892,0.6097078323364258
1206,2184,1.0382,0.590011477470398
5073,2186,1.175,0.566886842250824
1206,2186,1.0085,0.5665457844734192
2272,2186,1.8239,0.5929802656173706
1206,2188,1.1973,0.6219668984413147
4913,2188,0.8594,0.5908408761024475
1840,2189,0.9988,0.5546579360961914
5039,2190,1.5142,0.6015962958335876
3247,2190,1.2582,0.5621844530105591
1206,2190,1.1366,0.5534488558769226
2349,2191,1.0008,0.553351640701294
3247,2191,1.0174,0.5428975224494934
6504,2191,0.9969,0.5741031765937805
2349,2193,1.27,0.5592508316040039
3249,2193,1.5977,0.5886752605438232
5073,2194,0.9659,0.5440839529037476
1797,2194,1.0197,0.5634360313415527
2349,2195,1.0015,0.5572352409362793
3247,2195,0.999,0.5380176901817322
1658,2195,1.5628,0.5734925866127014
5073,2196,1.4662,0.6038734912872314
2349,2196,1.3706,0.6116659045219421
3247,2196,1.4743,0.9248308539390564
2373,2197,1.0327,0.5551833510398865
106,2197,1.0066,0.5497677326202393
4991,2198,1.0071,0.6081281304359436
5073,2200,1.176,0.5715880393981934
2349,2200,0.976,0.5675572752952576
3247,2200,1.0581,0.5530564188957214
2772,2201,0.9685,0.5560145974159241
2349,2202,1.0999,0.5998572111129761
104,2203,1.6316,0.5779187083244324
2937,2205,1.0158,0.567945659160614
5073,2206,1.1539,0.6838687658309937
2349,2206,1.0011,0.5591485500335693
1367,2207,1.6414,0.6935662031173706
5484,2207,1.9005,0.8168644905090332
3247,2207,1.3051,0.5500326156616211
2349,2210,1.2726,0.5686757564544678
3734,2211,1.4539,0.6248562932014465
7066,2213,1.0141,0.5608987808227539
5073,2214,1.4776,0.5788509845733643
2349,2214,1.207,0.5716493129730225
4119,2215,0.9592,0.5457255840301514
2367,2216,0.8654,0.5513691306114197
50,2217,0.9925,0.5885254740715027
5073,2218,1.0877,0.5570808053016663
2349,2218,1.3667,0.6209471225738525
3247,2218,3.38,0.9892260432243347
1206,2219,1.2169,0.5502788424491882
2349,2221,1.0529,0.563937246799469
5073,2222,0.9903,0.5719946622848511
5947,2222,0.9556,0.5394133925437927
3247,2222,1.0713,0.5712618827819824
1206,2222,1.0056,0.5576751232147217
1178,2222,1.4864,0.6838268041610718
1206,2223,1.8024,0.6067371368408203
5073,2224,0.9911,0.5448951721191406
1206,2224,0.9292,0.6295651197433472
6218,2224,1.166,0.5797561407089233
1560,2225,0.9582,0.5451167225837708
5073,2226,1.8592,0.5997079610824585
2349,2226,1.2102,0.6628216505050659
3247,2226,1.2873,0.6278246641159058
7088,2229,3.3148,0.9942491054534912
5073,2230,1.0309,0.5548503398895264
2349,2230,1.2223,0.5804816484451294
2272,2230,1.2109,0.5686200857162476
3247,2231,1.2336,0.5844452977180481
5073,2232,1.006,0.5662450790405273
3247,2232,1.7959,0.5829273462295532
6218,2232,0.7876,0.5865843892097473
6336,2232,1.2814,0.6387815475463867
1108,2233,0.9737,0.5625744462013245
5714,2233,1.3926,0.6057283878326416
3672,2234,1.0103,0.6236863136291504
5073,2234,0.9837,0.5144291520118713
2349,2234,1.1365,0.6519758105278015
2349,2235,0.9993,0.6296412944793701
7014,2237,2.2298,0.9320292472839355
5073,2238,0.9279,0.5263181328773499
2349,2238,1.0756,0.5712863802909851
2272,2238,2.4073,0.8615756630897522
4143,2239,1.0281,0.6253907084465027
3664,2239,1.0026,0.5547308921813965
2349,2239,1.0137,0.5806199908256531
5542,2239,1.0446,0.5920382738113403
5073,2240,0.9957,0.5439910292625427
6082,2240,1.1262,0.5887491703033447
1206,2240,1.0022,0.616227924823761
5441,2240,1.0297,0.5332455039024353
5073,2241,1.0233,0.604722797870636
2349,2241,0.954,0.5780349373817444
2349,2242,1.1847,0.554239809513092
5073,2243,0.9876,0.5591790676116943
102,2244,1.463,0.5439106822013855
1206,2246,1.4977,0.6195929050445557
5073,2247,1.1613,0.5606109499931335
5061,2248,0.942,0.5810052752494812
5073,2248,1.4954,0.5685874819755554
6614,2248,1.1279,0.5506640672683716
1206,2248,1.002,0.5248534083366394
5285,2248,0.9214,0.5510803461074829
5073,2249,0.9928,0.5448415875434875
2349,2249,1.3444,0.5712495446205139
5073,2250,1.0008,0.5396809577941895
1824,2250,0.6262,0.6405917406082153
2349,2250,1.2585,0.6529493927955627
6218,2250,0.7804,0.5751193761825562
5073,2251,0.9051,0.5857720971107483
2349,2251,1.032,0.5602585077285767
1206,2251,2.0752,0.9635399580001831
6250,2253,1.2019,0.5635471343994141
1206,2253,1.3429,0.6193369626998901
6082,2254,1.5906,0.5906361937522888
2349,2258,0.9943,0.5263803601264954
1206,2258,0.441,0.5755267143249512
5073,2259,1.0795,0.5566137433052063
40,2259,0.9862,0.5442845821380615
5073,2260,1.0037,0.5488587021827698
5073,2261,1.1607,0.5624205470085144
3205,2261,1.2204,0.6650682091712952
1443,2261,1.0216,0.551659107208252
5073,2263,1.0258,0.567208468914032
3610,2263,0.9024,0.6057369709014893
2349,2264,1.3228,0.6100156307220459
3247,2264,3.7397,0.9943861961364746
3285,2265,0.9772,0.5452929735183716
7082,2265,0.9941,0.5572671294212341
5708,2265,1.0304,0.6200928688049316
5073,2267,1.1346,0.6169803738594055
6624,2267,1.0011,0.5504166483879089
5073,2268,1.2795,0.5770595669746399
2349,2268,0.9849,0.6259697675704956
5073,2269,1.0279,0.5595157146453857
5073,2270,1.3252,0.6469918489456177
3247,2270,1.1425,0.6561700701713562
2349,2271,1.0769,0.5911081433296204
3247,2271,0.9955,0.5780361890792847
1206,2271,1.2303,0.6854906678199768
5073,2273,1.0299,0.5894909501075745
2349,2275,1.2539,0.6031213998794556
3247,2277,2.5196,0.975651204586029
628,2279,0.9938,0.561103105545044
3247,2280,1.1758,0.5129913091659546
4396,2280,1.7459,0.7823454141616821
1206,2280,1.6271,0.5711002349853516
405,2280,1.1196,0.6612606048583984
4473,2280,1.0064,0.5218926668167114
5073,2282,0.8618,0.5313379168510437
3247,2282,1.0102,0.5525622367858887
3247,2284,3.2088,0.9912914037704468
6899,2286,0.9745,0.5268599390983582
2349,2286,0.9062,0.6878786087036133
4496,2286,0.801,0.5234711766242981
5073,2290,1.0809,0.6305795311927795
2349,2290,1.753,0.5979191064834595
3247,2290,1.3396,0.5618481636047363
5278,2290,0.9958,0.5304115414619446
5073,2292,1.387,0.7469761371612549
2092,2292,2.2213,0.9541556239128113
1206,2296,1.0564,0.6573000550270081
3247,2298,1.1391,0.5633304119110107
6047,2298,2.9277,0.9851539731025696
4733,2298,1.0101,0.5505338907241821
1206,2298,1.2121,0.5602230429649353
5073,2300,1.6992,0.5811534523963928
694,2300,1.2732,0.6863533854484558
6497,2300,1.002,0.5430771708488464
3247,2302,1.4464,0.5530137419700623
7088,2302,1.0005,0.5451444983482361
1206,2302,2.8515,0.8753935098648071
50,2304,0.9982,0.6357207298278809
3817,2304,1.2224,0.5604416131973267
1206,2306,1.5774,0.5587818026542664
5073,2308,0.9925,0.6815136075019836
4510,2308,1.1721,0.6427444219589233
5073,2310,1.0234,0.5679797530174255
2,2310,0.9895,0.5308102369308472
2349,2310,1.9588,0.7731234431266785
3724,2310,0.8701,0.557219386100769
1206,2310,1.2832,0.6136636734008789
2441,2310,1.0039,0.564415454864502
5073,2312,1.4479,0.5443815588951111
2349,2312,0.9942,0.526097297668457
4133,2314,0.9909,0.522234320640564
5073,2314,0.9156,0.5333114266395569
2349,2314,1.0005,0.525262176990509
3125,2314,2.4299,0.9840531349182129
6345,2314,1.5476,0.574608564376831
5073,2316,0.9352,0.5402448177337646
2349,2316,0.7876,0.5800371766090393
1206,2316,1.7206,0.7068561911582947
4273,2316,1.5358,0.6709302067756653
5073,2318,1.2622,0.5675472021102905
6614,2318,1.0016,0.5809549689292908
3293,2320,0.9581,0.5561860203742981
6622,2320,1.0575,0.5599246025085449
1206,2320,1.5789,0.5779749155044556
3247,2322,1.3724,0.6536939740180969
5819,2322,1.6611,0.6389307975769043
5073,2324,0.9558,0.5904991626739502
3247,2324,1.0803,0.6352435946464539
3652,2326,1.3942,0.6060240268707275
1206,2328,1.3869,0.6952407956123352
5073,2332,1.3712,0.6000239849090576
1112,2332,0.9931,0.5378286242485046
5073,2334,1.4748,0.6956288814544678
1206,2334,0.7147,0.6420290470123291
369,2334,0.9769,0.556368350982666
364,2338,1.5091,0.5713106393814087
5073,2340,0.9951,0.6481750011444092
3247,2342,1.1839,0.5533309578895569
4003,2342,2.7524,0.9539943933486938
2886,2342,1.0243,0.5426385402679443
3307,2342,1.1766,0.5437257885932922
5073,2344,1.0492,0.6159006953239441
4063,2344,4.1908,0.9949354529380798
5073,2346,1.702,0.5886597037315369
2349,2346,1.0049,0.5285997986793518
2756,2347,0.9968,0.5421165823936462
8,2347,0.9935,0.5340642929077148
5073,2348,0.9965,0.5654776692390442
5073,2350,1.0048,0.5562964677810669
4339,2350,1.0098,0.6144384145736694
4586,2351,0.9522,0.5904500484466553
499,2351,2.655,0.9807376265525818
3247,2352,1.0414,0.5845329165458679
5720,2352,1.2374,0.5650010704994202
5949,2354,0.9901,0.5318877696990967
5073,2356,0.9976,0.5511398315429688
3247,2356,1.0026,0.5459956526756287
6082,2356,1.0801,0.5628452897071838
2349,2358,0.9942,0.5488196015357971
369,2358,1.0002,0.5111339688301086
3965,2358,0.9884,0.5445831418037415
1852,2359,1.0816,0.6054518818855286
2349,2362,1.0847,0.5508390665054321
2367,2362,1.0212,0.5500016212463379
5073,2364,0.9812,0.616961658000946
2092,2364,1.1167,0.5644416809082031
932,2365,1.001,0.5243645310401917
5073,2366,1.3422,0.6276106238365173
2816,2368,1.363,0.6325475573539734
3762,2368,1.007,0.5462213754653931
364,2368,1.6662,0.5927928686141968
6277,2368,1.0015,0.5636377930641174
4339,2368,1.48,0.5840804576873779
6424,2371,1.0083,0.5761646628379822
8,2371,1.0305,0.5440816879272461
3247,2372,0.9979,0.556196928024292
2460,2372,0.9994,0.5132911205291748
3943,2372,2.8614,0.9809544086456299
5073,2374,0.9262,0.5592729449272156
6082,2374,1.2858,0.6504124999046326
364,2374,0.9922,0.5098795294761658
1222,2374,0.9969,0.6767519116401672
643,2374,1.235,0.6128349304199219
5073,2376,0.8838,0.5214759707450867
2349,2376,0.7827,0.558883011341095
7034,2376,1.1291,0.5890571475028992
5073,2378,1.0187,0.5425397753715515
5073,2380,1.0011,0.6355606913566589
4149,2380,1.1819,0.5736502408981323
2349,2380,1.1942,0.591243326663971
3247,2380,1.8536,0.7761148810386658
3247,2382,1.0026,0.5522308945655823
4054,2382,0.8947,0.5576307773590088
3127,2382,1.4212,0.5687777996063232
364,2382,1.6021,0.6499711275100708
3068,2382,2.6821,0.9570385217666626
3247,2384,1.1251,0.5595569610595703
6614,2384,1.005,0.5575671792030334
3174,2384,4.6668,0.9816411137580872
5073,2386,1.0713,0.5999581813812256
2349,2386,1.0424,0.5720872282981873
3247,2386,2.143,0.969689130783081
1597,2386,1.5694,0.5615374445915222
5484,2387,0.989,0.533920168876648
2349,2388,1.1125,0.552291214466095
2937,2388,1.5113,0.7458484768867493
2205,2388,0.7151,0.5703994631767273
6767,2388,2.3158,0.9799025654792786
3549,2388,1.0172,0.5621277093887329
4339,2388,2.6797,0.9886555671691895
3670,2389,1.6759,0.5781636834144592
6408,2389,1.0142,0.5468569993972778
5073,2390,1.2292,0.5668906569480896
3247,2390,0.9944,0.5704664587974548
369,2390,1.1768,0.5611985325813293
3237,2391,1.0426,0.5616475939750671
5073,2392,0.9974,0.5650386810302734
2349,2392,1.0252,0.5588698983192444
6082,2392,1.6312,0.5813620090484619
1206,2392,1.2029,0.6677960157394409
364,2392,1.6299,0.6244584918022156
2367,2394,0.9993,0.516218364238739
1206,2394,1.7555,0.6797613501548767
2092,2394,1.8352,0.5869815945625305
6218,2395,1.0122,0.5530421137809753
6346,2395,0.9973,0.5504408478736877
4054,2395,1.114,0.5894083380699158
5360,2396,1.0872,0.5617390275001526
5073,2397,1.0253,0.6737419962882996
2349,2397,0.8595,0.6609954237937927
3247,2397,1.0,0.5156051516532898
6768,2397,1.7623,0.6057552099227905
5073,2399,1.0006,0.5389763116836548
364,2399,1.0139,0.5562646389007568
2018,2400,1.7541,0.5876471996307373
1373,2401,1.905,0.6645909547805786
3247,2401,0.4166,0.5488553047180176
1206,2401,0.9485,0.562934160232544
7176,2401,0.9994,0.5245572924613953
5423,2401,1.0027,0.5308299660682678
2349,2402,1.0317,0.6222705841064453
3247,2402,0.9334,0.633398711681366
6552,2402,0.9982,0.5643453598022461
1206,2402,1.7422,0.6404120922088623
4386,2402,1.2333,0.6764379739761353
112,2404,1.0046,0.5885903835296631
1206,2404,1.2061,0.5575569272041321
7230,2404,1.1943,0.5473811626434326
5073,2406,0.9902,0.6135262846946716
2321,2406,0.9234,0.6727690696716309
1206,2406,0.8352,0.6272319555282593
2018,2406,0.8335,0.5824853777885437
5073,2407,1.0088,0.5436593294143677
3247,2407,1.6439,0.6830004453659058
6082,2407,1.9523,0.7737447619438171
5743,2407,3.3496,0.995016872882843
1401,2409,1.0177,0.5537888407707214
6082,2409,1.0034,0.6231170892715454
3959,2409,0.9881,0.5384414792060852
5073,2410,0.9318,0.5505119562149048
6883,2410,1.1435,0.5763487219810486
5264,2410,1.2045,0.5824287533760071
5073,2414,1.0001,0.5558469295501709
952,2415,1.6184,0.5716046690940857
5073,2415,1.3395,0.5788772106170654
2349,2415,1.4967,0.583010733127594
227,2417,1.4698,0.6957072019577026
1206,2417,1.3745,0.604107141494751
2349,2420,1.0654,0.5974413156509399
2816,2420,1.5659,0.676777720451355
364,2420,2.0242,0.9096844792366028
1206,2422,1.83,0.5761170983314514
364,2422,0.9952,0.6511824131011963
1206,2423,0.4253,0.5804979205131531
4054,2423,0.9956,0.5480173826217651
5073,2424,1.0908,0.5778284668922424
5073,2425,1.2978,0.5840125679969788
3247,2425,1.0037,0.5457546710968018
5073,2426,1.0011,0.5387079119682312
3247,2426,1.0027,0.5533546805381775
5073,2427,1.0054,0.6430457830429077
2349,2427,0.9984,0.5382474064826965
2219,2427,1.1009,0.5572693347930908
2309,2428,1.191,0.6117255687713623
5073,2428,1.0119,0.5527259707450867
2349,2428,0.9486,0.5468305945396423
3247,2428,0.8358,0.5460315346717834
5127,2428,0.9569,0.6295830607414246
3257,2428,1.0221,0.564373254776001
2349,2429,1.114,0.5664604306221008
3247,2429,1.0183,0.5903803706169128
3833,2429,1.2973,0.5701850652694702
1206,2429,1.0244,0.5633846521377563
5073,2431,1.2965,0.6209818124771118
5073,2432,1.0503,0.6587182283401489
5073,2433,1.0038,0.5445812344551086
2349,2433,1.0811,0.6411723494529724
3247,2433,1.0385,0.558286726474762
1206,2433,1.0565,0.5600608587265015
2349,2434,1.0001,0.5789425373077393
3247,2435,1.044,0.5514287948608398
3742,2435,1.2415,0.580579936504364
1206,2435,1.3279,0.5518217086791992
364,2435,3.9714,0.9724841117858887
3247,2436,2.3545,0.9533823132514954
2806,2436,1.0108,0.552659273147583
3283,2436,1.9042,0.8798021078109741
2349,2437,1.5016,0.5594727396965027
2092,2437,3.8949,0.9906836748123169
1822,2438,0.9926,0.6008669137954712
5073,2439,1.0646,0.5528545379638672
3247,2440,1.0924,0.6883073449134827
3269,2440,1.0275,0.5571527481079102
5073,2441,1.0208,0.5706354975700378
2,2441,0.7589,0.5902222990989685
2349,2441,1.3784,0.6295145750045776
3247,2441,0.9798,0.5477539896965027
3724,2441,0.9749,0.6543731093406677
1206,2441,1.1174,0.5829300880432129
4822,2441,1.1633,0.5579763650894165
5073,2443,1.0392,0.5530966520309448
3247,2443,1.0276,0.6471036672592163
1206,2443,0.9262,0.6230404376983643
6051,2444,2.0206,0.745822548866272
5073,2445,1.1516,0.6474329829216003
2349,2445,0.93,0.6315501928329468
3247,2445,2.9405,0.993455708026886
1658,2445,0.9846,0.605450451374054
1206,2445,1.3016,0.6059210300445557
369,2445,0.9957,0.5634809732437134
5073,2447,0.8283,0.7002373933792114
3247,2448,0.9875,0.6316190958023071
1228,2449,6.9858,0.9968247413635254
3247,2450,1.5544,0.5563299655914307
5073,2451,1.0072,0.5429139137268066
3247,2451,3.6636,0.966864824295044
1206,2451,0.955,0.6220147609710693
5073,2452,1.5766,0.5998029708862305
2349,2452,0.993,0.5599521398544312
1206,2453,1.5311,0.8764299154281616
2349,2454,1.2062,0.6291983127593994
5073,2455,0.9849,0.5396438837051392
2349,2455,0.9752,0.5674992799758911
1206,2455,0.8635,0.5747886300086975
2349,2457,0.9846,0.541131854057312
2349,2459,1.1123,0.5438856482505798
3285,2459,1.1057,0.5432813763618469
1206,2459,2.4317,0.84969562292099
2349,2461,0.9712,0.5513591170310974
3247,2461,2.335,0.9128139019012451
2281,2462,0.9449,0.5288572311401367
3247,2462,0.9184,0.5313133001327515
515,2462,1.5379,0.6858513355255127
5073,2463,1.0086,0.5478833317756653
50,2463,0.9987,0.5063623785972595
3247,2463,1.0083,0.5532664656639099
6452,2464,0.9846,0.5504682660102844
1206,2467,1.0871,0.561193585395813
7167,2467,1.1112,0.5738523602485657
3247,2468,0.9927,0.5648665428161621
5073,2469,0.9605,0.6420844197273254
1206,2469,0.9952,0.5889601111412048
4433,2469,1.4861,0.558687150478363
3704,2470,1.2835,0.6049551963806152
2349,2470,1.0796,0.6307469010353088
3247,2470,1.3799,0.5978982448577881
4173,2470,0.9894,0.557123601436615
5073,2471,0.9969,0.5617393851280212
2349,2471,1.0433,0.5463561415672302
3247,2471,1.0167,0.5502849817276001
1206,2471,1.0147,0.5558408498764038
3572,2471,0.996,0.5714138746261597
3708,2472,1.0077,0.5559942126274109
3247,2474,1.3494,0.5593987107276917
5073,2475,0.9821,0.5529893040657043
3247,2475,1.6067,0.7498021721839905
2272,2475,0.9999,0.5636979341506958
364,2475,1.0009,0.537018895149231
7059,2475,1.9298,0.635405421257019
5073,2476,0.992,0.5680075287818909
6442,2476,1.3116,0.5994871258735657
5550,2476,0.994,0.5215376615524292
2349,2477,0.9553,0.5566873550415039
686,2477,0.8331,0.5961941480636597
96,2478,0.9856,0.5328606367111206
5073,2479,1.0664,0.6627763509750366
2349,2479,0.7931,0.5352982878684998
465,2480,0.9962,0.5599232316017151
5073,2481,1.0193,0.5472223162651062
3652,2481,4.1498,0.9818430542945862
1206,2481,1.038,0.5999100208282471
363,2481,0.9918,0.5600546002388
5073,2482,0.9862,0.55145663022995
2367,2483,1.4877,0.5755741596221924
5399,2483,1.1272,0.5680730938911438
2349,2485,1.0002,0.5383648872375488
1206,2485,1.4656,0.5738999843597412
5073,2487,0.9074,0.5995388627052307
5073,2489,0.9964,0.5866143703460693
2349,2489,0.9877,0.6207875609397888
364,2489,0.9909,0.5481580495834351
2349,2490,1.0126,0.5563024282455444
3674,2492,1.0523,0.5789185762405396
1088,2492,1.0359,0.5686509013175964
5073,2493,1.1521,0.5915520787239075
5560,2493,1.0746,0.6298632621765137
3801,2493,1.0145,0.568451464176178
1206,2493,0.791,0.5900420546531677
364,2493,3.5963,0.9573727250099182
2092,2493,3.816,0.9680010676383972
48,2494,1.1716,0.5828672647476196
1405,2495,1.1074,0.5615740418434143
2349,2495,1.3317,0.6225955486297607
7191,2495,3.7216,0.9824872612953186
3205,2496,1.0261,0.5485320091247559
2349,2496,1.3801,0.6211424469947815
3247,2496,0.9964,0.5395585894584656
2349,2497,1.4151,0.5947917699813843
6039,2497,1.1758,0.5846334099769592
6082,2497,2.561,0.780814528465271
364,2497,1.9501,0.900815486907959
2349,2498,1.569,0.6218820214271545
5049,2499,0.9521,0.5857943296432495
5073,2499,1.0079,0.5807316303253174
2349,2499,1.7171,0.6293578147888184
5073,2501,0.9967,0.5525468587875366
3734,2501,0.8473,0.6479879021644592
2211,2501,0.9975,0.5683190822601318
364,2503,1.9813,0.7373276352882385
2349,2505,1.584,0.5986945629119873
1658,2505,1.0385,0.5729761719703674
6735,2505,1.0717,0.560076117515564
2349,2507,1.3403,0.5833534598350525
3247,2507,2.6718,0.9649479389190674
1878,2507,0.9314,0.7040990591049194
7260,2507,1.3819,0.5988178253173828
5484,2509,2.037,0.8722435832023621
5073,2509,1.1432,0.6226744651794434
2349,2509,1.0172,0.5356900691986084
1112,2509,2.1086,0.7356141209602356
6608,2509,1.03,0.6251029372215271
6768,2509,1.1029,0.5933155417442322
5801,2509,1.024,0.5430620908737183
5073,2511,1.0553,0.5722830295562744
5117,2511,0.9236,0.5821771621704102
6082,2511,0.9958,0.5493001341819763
1534,2511,1.3617,0.6291446685791016
364,2511,0.9935,0.5469023585319519
3247,2512,0.9925,0.5374380350112915
5073,2513,0.8787,0.5734602808952332
5073,2515,0.993,0.5375868082046509
2349,2515,1.4664,0.6097245812416077
3247,2515,1.3165,0.5832197070121765
4215,2516,0.9896,0.5587753057479858
5073,2517,0.9982,0.5286076664924622
2349,2517,1.0284,0.5619391202926636
364,2517,0.994,0.5483295917510986
2092,2517,0.9617,0.5814927220344543
2349,2518,0.3097,0.578517496585846
3247,2518,1.3079,0.5651510953903198
5073,2520,1.061,0.5837990641593933
1890,2520,2.7994,0.9725676774978638
4672,2520,1.3194,0.6247463822364807
6923,2520,1.4114,0.6391296982765198
2349,2521,1.0403,0.5835769176483154
2752,2522,0.9941,0.5428414344787598
3247,2522,0.9925,0.5174699425697327
5073,2523,0.8674,0.5455574989318848
5027,2524,0.9959,0.6227995753288269
5073,2525,1.0263,0.5793845057487488
3247,2526,1.0244,0.5586174130439758
2367,2527,1.0344,0.588417649269104
364,2527,1.0679,0.5920520424842834
2349,2529,1.3515,0.5741836428642273
6082,2529,0.9752,0.5824508666992188
4425,2529,2.978,0.9822372794151306
5073,2531,1.0022,0.5504119992256165
6082,2531,1.0074,0.5411010384559631
2349,2532,0.9996,0.607934296131134
3247,2532,2.1605,0.9615786075592041
6937,2532,0.4397,0.6515735387802124
6082,2533,1.0639,0.5607646703720093
364,2533,1.4433,0.6795415878295898
5073,2535,0.9132,0.608587384223938
2349,2535,1.1232,0.5715653300285339
3247,2535,1.82,0.6229117512702942
364,2537,0.9958,0.6254753470420837
3744,2538,1.068,0.6987179517745972
2349,2540,0.9867,0.5624192357063293
3247,2540,1.0064,0.5472812056541443
364,2541,1.0016,0.5431783199310303
5360,2542,1.1217,0.5682576298713684
4634,2545,1.1771,0.6762893795967102
2975,2545,0.9466,0.6027490496635437
1206,2546,1.009,0.5990254282951355
5285,2546,1.0642,0.5187554955482483
4556,2546,0.9995,0.5009874105453491
2272,2546,3.2609,0.923547625541687
364,2546,1.0324,0.5681055784225464
5073,2549,1.5281,0.5967354774475098
5360,2550,1.4302,0.5753678679466248
6297,2550,1.0003,0.5219293832778931
5073,2552,2.0055,0.74058598279953
2349,2552,1.0005,0.5906884074211121
1206,2552,0.9529,0.5421814322471619
5285,2552,1.2524,0.5834018588066101
5360,2552,0.7347,0.5013653635978699
2349,2553,1.2439,0.6461860537528992
6082,2553,1.6183,0.6023809909820557
5073,2555,1.0758,0.567079484462738
3803,2555,0.953,0.5149314403533936
2061,2555,0.9914,0.5341428518295288
4479,2555,2.0191,0.6096923351287842
1206,2556,1.1432,0.5638987421989441
2349,2557,0.9741,0.6975020170211792
2349,2558,1.0756,0.5644291639328003
5073,2559,1.0005,0.5665823817253113
3247,2559,0.9985,0.5910017490386963
3247,2562,0.9996,0.5255890488624573
2349,2563,0.9646,0.6282938122749329
5073,2564,0.9816,0.5510525107383728
2349,2564,0.9951,0.5943969488143921
6082,2564,1.1919,0.6488349437713623
5285,2564,1.1538,0.5523557066917419
5065,2568,0.9007,0.5723314881324768
3247,2568,1.0051,0.5469751358032227
5206,2568,0.994,0.5325905084609985
1076,2568,1.0073,0.5560280084609985
2349,2570,0.9706,0.6053251624107361
2349,2571,1.3663,0.6936511397361755
3247,2571,1.2779,0.5952430367469788
6082,2571,0.9736,0.5308243036270142
362,2571,2.3984,0.9337048530578613
2349,2572,0.9637,0.5802697539329529
1206,2573,0.6997,0.5753229260444641
1206,2575,0.9314,0.5191730260848999
5360,2575,1.2475,0.5810407400131226
2349,2576,0.996,0.5368136763572693
3247,2576,0.978,0.5269455909729004
102,2576,1.5682,0.5907951593399048
5073,2577,0.8933,0.6175535917282104
2349,2577,1.3076,0.5758684873580933
1128,2577,1.6299,0.6793810129165649
5073,2578,0.8955,0.572084903717041
3247,2578,1.0012,0.5850738286972046
364,2578,0.6944,0.6185988187789917
5073,2581,1.0102,0.5474298596382141
3247,2581,1.0086,0.5453061461448669
2349,2582,1.001,0.5312672257423401
3247,2582,1.0317,0.576115071773529
6082,2582,0.8935,0.5886186361312866
2272,2582,1.0915,0.5462368130683899
2349,2583,0.9759,0.5551342964172363
7088,2583,0.8807,0.5432623624801636
3247,2584,1.1723,0.6216804385185242
1206,2584,0.7087,0.555242121219635
6346,2584,1.0517,0.5485847592353821
6301,2584,1.1448,0.5816410779953003
5073,2585,1.1491,0.5574142336845398
364,2585,1.0341,0.6853737831115723
5957,2586,1.0146,0.5657020807266235
3247,2586,1.002,0.5562223792076111
3247,2589,1.3022,0.5764222145080566
555,2589,0.9181,0.6269686818122864
1206,2589,1.1417,0.5584525465965271
3580,2589,1.0076,0.5655050873756409
4516,2591,0.9821,0.5406866669654846
2319,2592,1.254,0.6390815377235413
2349,2592,1.0613,0.5665953755378723
3247,2592,1.6909,0.6005090475082397
1058,2592,1.048,0.6367616057395935
4827,2592,1.6243,0.6082523465156555
1206,2592,1.015,0.5366135835647583
5073,2593,1.2285,0.6162185668945312
2349,2593,0.8327,0.6253951787948608
3247,2593,1.0223,0.5390531420707703
2486,2593,0.9959,0.5430676937103271
1206,2594,1.0007,0.5382918119430542
5073,2595,1.2879,0.6036704182624817
686,2595,2.0833,0.6489492058753967
1206,2595,1.043,0.5616257190704346
6367,2595,0.9996,0.5221773386001587
2349,2596,1.5764,0.5968823432922363
3861,2596,1.3742,0.57149738073349
2349,2597,1.0234,0.5692535638809204
2349,2599,1.4236,0.7225121259689331
3247,2599,1.4481,0.7160804271697998
435,2599,0.6116,0.6139042973518372
3247,2600,1.0059,0.5665364861488342
2347,2600,1.0417,0.5659488439559937
6402,2601,1.0185,0.6804748177528381
7254,2601,0.651,0.5681264400482178
6452,2602,1.501,0.5894348621368408
5073,2602,0.9755,0.5081533789634705
2464,2602,2.3029,0.9142470359802246
2349,2603,1.7568,0.7309957146644592
1206,2603,1.1121,0.5900416970252991
2349,2605,1.0184,0.569926917552948
6218,2605,1.0076,0.51897132396698
5073,2607,0.9967,0.5145007967948914
2349,2607,1.1013,0.6026645302772522
3247,2607,0.9416,0.5603242516517639
537,2607,1.0794,0.5780551433563232
1206,2607,1.1567,0.6058686971664429
5073,2608,0.9258,0.6182096004486084
1206,2608,1.5878,0.557802677154541
18,2609,1.2475,0.6803790926933289
5498,2609,1.2048,0.5598049759864807
2349,2609,1.0983,0.5615196228027344
6082,2609,1.0226,0.5385245680809021
1206,2609,0.9792,0.6112967133522034
2349,2611,1.3976,0.6574832201004028
3247,2611,1.0136,0.5577200651168823
1206,2611,0.7525,0.6548676490783691
7052,2612,1.0266,0.5990349054336548
4838,2613,3.6003,0.9225389361381531
1206,2613,1.8743,0.6906235814094543
3708,2614,1.0023,0.6292718648910522
2472,2614,1.3302,0.529862105846405
2349,2615,1.2323,0.5653887391090393
1206,2615,1.0153,0.5938999056816101
3247,2616,2.5078,0.8758577108383179
5073,2618,1.0419,0.5822816491127014
2349,2618,1.0548,0.5939652323722839
6082,2618,1.0188,0.5510422587394714
1206,2618,1.6156,0.6043819189071655
2349,2619,1.0069,0.5463504791259766
3247,2619,0.9976,0.5381091833114624
2367,2619,0.5966,0.5694950222969055
2053,2619,1.0215,0.5368816256523132
4054,2619,1.1575,0.5946524739265442
1206,2620,1.0106,0.5362573266029358
2349,2621,1.2688,0.5894945859909058
4131,2622,0.9949,0.5003219246864319
2500,2622,1.1824,0.5634480714797974
2349,2623,1.1439,0.6161850094795227
3247,2623,1.0369,0.6714221239089966
6218,2623,2.5197,0.9565226435661316
7256,2623,1.6728,0.6061031222343445
6798,2623,1.2458,0.5690568685531616
5043,2624,0.9849,0.5402248501777649
3247,2624,1.5144,0.548738956451416
2309,2625,1.7857,0.7489220499992371
2349,2625,1.9899,0.6991070508956909
3247,2625,1.0931,0.6591533422470093
6082,2625,1.0002,0.5021830797195435
6274,2625,1.1088,0.5558003783226013
3247,2626,1.0316,0.5991851687431335
3247,2627,0.9823,0.5424443483352661
6881,2628,1.035,0.574416995048523
3247,2628,0.9755,0.5972297787666321
2349,2629,1.6481,0.6326318979263306
5103,2629,1.0783,0.6314032673835754
1138,2629,0.9879,0.5089192986488342
6266,2629,3.0904,0.9447563886642456
6402,2632,0.8283,0.6083936095237732
2349,2632,0.8817,0.5290477275848389
3247,2632,1.301,0.5878689885139465
1407,2633,1.0074,0.5420646667480469
5073,2633,1.0007,0.5399002432823181
2349,2633,0.8258,0.5763885974884033
2736,2634,1.0657,0.6059640645980835
8,2634,2.134,0.7784900665283203
5073,2635,1.0014,0.6626405715942383
2349,2635,0.938,0.6229424476623535
3247,2635,1.063,0.6319941878318787
5566,2635,1.6131,0.5964083671569824
3127,2635,1.0064,0.5669118165969849
4183,2636,1.0641,0.597939133644104
6468,2636,1.1341,0.6126019358634949
2059,2636,1.1367,0.5267608761787415
1206,2636,5.1853,0.9940940737724304
5073,2637,1.0094,0.5566720366477966
2349,2638,0.9837,0.575729250907898
539,2638,0.9693,0.7033205032348633
3403,2639,1.0166,0.5376250743865967
3688,2640,1.5016,0.5722596049308777
5073,2640,1.0304,0.5430828332901001
5073,2641,1.0297,0.557123601436615
3247,2641,1.4692,0.7324724197387695
646,2641,1.3953,0.5612627863883972
1206,2641,1.1801,0.6441333889961243
4034,2641,0.9094,0.5565463900566101
5073,2642,1.7782,0.6168459057807922
5073,2643,1.4495,0.6006755828857422
2349,2643,1.0443,0.5655800104141235
3247,2643,1.2574,0.6176615953445435
3718,2643,2.1066,0.9463635087013245
5704,2643,2.8469,0.9841105937957764
6374,2643,1.0757,0.5708863139152527
7128,2644,1.2337,0.5629483461380005
2349,2645,1.2883,0.5992717146873474
3247,2645,1.0008,0.5347096920013428
3247,2646,1.1162,0.5709543824195862
1391,2647,0.9414,0.6252340078353882
5073,2647,1.1349,0.5515079498291016
2069,2647,1.4158,0.6363255977630615
5073,2649,1.0845,0.6873125433921814
3670,2649,1.4107,0.7244968414306641
2349,2649,0.9769,0.6942523121833801
3247,2649,1.3754,0.5665943622589111
6865,2650,0.9984,0.5516046285629272
708,2650,1.0068,0.5501482486724854
2349,2651,1.1121,0.6893272995948792
3247,2651,0.9951,0.6095629930496216
6340,2651,1.0033,0.5280585289001465
6869,2652,1.1386,0.619960367679596
3247,2652,0.8917,0.5301143527030945
7076,2652,1.0129,0.5426468849182129
5073,2653,1.0067,0.5927368402481079
2349,2653,0.9568,0.5645951628684998
5073,2655,1.2029,0.5578831434249878
2732,2655,0.7899,0.5719236731529236
2349,2655,1.0045,0.5781176686286926
1206,2655,1.3015,0.6095907688140869
914,2656,1.3524,0.6936517357826233
2349,2656,0.9781,0.5420087575912476
5073,2657,1.1941,0.5706295967102051
789,2657,1.0792,0.5785360336303711
3867,2658,1.5877,0.5837661027908325
6175,2659,1.4057,0.5677818655967712
1269,2659,1.0006,0.545644223690033
2349,2660,1.001,0.5525015592575073
3247,2660,0.942,0.5731325149536133
2387,2660,2.7005,0.9657908082008362
5073,2661,0.9712,0.6398167610168457
2349,2661,0.9933,0.5169416069984436
2430,2661,2.8676,0.9892199635505676
2033,2661,2.0982,0.9441775679588318
5973,2662,1.0191,0.5953142046928406
708,2662,1.0069,0.5473253726959229
5073,2663,1.0867,0.5821579098701477
2349,2664,0.985,0.5265746712684631
2035,2664,1.0127,0.55849689245224
5073,2665,0.9926,0.5142133831977844
3247,2665,1.4878,0.5831010341644287
1465,2665,1.3506,0.5662461519241333
1616,2665,0.9822,0.5622396469116211
22,2666,0.9824,0.5912102460861206
7020,2666,1.112,0.5738711357116699
2349,2667,1.476,0.6888623833656311
3237,2668,1.3672,0.6044520735740662
2349,2670,1.339,0.5659074187278748
3247,2670,1.3264,0.6703916192054749
4634,2671,0.8165,0.6210523843765259
4775,2671,2.0915,0.5987002849578857
1719,2671,1.0063,0.5528348088264465
6218,2672,8.4207,0.991520345211029
5073,2673,1.0281,0.554722785949707
2349,2675,1.1505,0.7319148778915405
4191,2675,1.0259,0.64913409948349
2349,2677,1.5605,0.7004499435424805
3688,2679,1.6078,0.6994368433952332
4612,2679,1.0055,0.6249721646308899
5073,2679,0.8339,0.607483446598053
2349,2679,1.4645,0.5775688886642456
1206,2679,1.5434,0.6743137836456299
5073,2682,1.9118,0.6415488123893738
2349,2682,1.0672,0.5830383896827698
1206,2682,0.9989,0.5173682570457458
5073,2683,1.1075,0.6473401188850403
50,2683,0.8711,0.6086373925209045
2349,2684,0.9983,0.5783652067184448
1206,2684,0.9989,0.52768474817276
5073,2685,1.0075,0.5450055599212646
2766,2686,0.9937,0.5404290556907654
4618,2686,1.1069,0.566749095916748
5210,2686,1.0657,0.5431509017944336
5804,2686,1.0125,0.54828941822052
5514,2688,1.026,0.5655708909034729
938,2688,1.5636,0.6000370979309082
948,2688,1.3289,0.590246319770813
3247,2689,1.0294,0.6819428205490112
1574,2689,1.2448,0.6017077565193176
4054,2689,0.9045,0.5969014167785645
5073,2690,0.9986,0.5375660061836243
3407,2690,0.5896,0.5555686950683594
5073,2691,0.9568,0.5727630257606506
2349,2691,1.1334,0.6083536744117737
3247,2691,1.1309,0.5961493849754333
2272,2691,1.2073,0.6141142845153809
6440,2692,1.7234,0.5815849304199219
5073,2692,1.84,0.5858625769615173
3271,2692,0.974,0.5412850379943848
5073,2693,1.0349,0.6276238560676575
1449,2694,2.6329,0.9717599749565125
3217,2695,1.5299,0.6899017691612244
2349,2695,0.9077,0.5684804916381836
6650,2695,1.7863,0.7508451342582703
5073,2696,0.9774,0.5744585394859314
2349,2696,1.3883,0.5650428533554077
3247,2696,1.3517,0.6469749808311462
5073,2697,1.0593,0.5643740892410278
2349,2697,0.908,0.521421492099762
5073,2699,1.0582,0.5473669171333313
2349,2699,1.3744,0.5747151970863342
4197,2700,1.0001,0.608058750629425
1206,2700,2.5493,0.804284393787384
5073,2701,1.5503,0.6243392825126648
2349,2703,1.4418,0.5570738315582275
2349,2704,0.9448,0.5622344017028809
5073,2706,0.9996,0.5465003848075867
5073,2707,0.9701,0.5428714752197266
2349,2707,2.3481,0.653736412525177
6082,2707,1.7074,0.6455340385437012
4426,2707,1.0,0.5055583119392395
5073,2708,0.8873,0.695999264717102
4054,2708,0.9753,0.7194669246673584
1206,2710,1.4341,0.5892848968505859
5969,2711,1.2371,0.5692982077598572
5073,2711,0.9979,0.5395350456237793
1658,2712,1.0389,0.6467788815498352
5073,2714,1.5098,0.6524466276168823
5073,2715,1.2427,0.617784857749939
3247,2715,1.1256,0.5771445035934448
1206,2715,0.824,0.5549117922782898
5073,2716,1.4042,0.5666760206222534
5073,2717,1.0363,0.5574133992195129
3247,2717,1.0233,0.6286528706550598
1206,2717,0.9357,0.6413878202438354
3247,2718,1.6691,0.5695744156837463
6082,2718,1.6682,0.7213646769523621
2349,2720,0.932,0.7252681851387024
1206,2721,1.0006,0.5309127569198608
3652,2722,1.1419,0.5447943806648254
3247,2722,1.0018,0.6413480639457703
5073,2723,0.7547,0.6273667812347412
2349,2723,0.8398,0.5778950452804565
1206,2723,0.4471,0.7070731520652771
487,2724,1.0611,0.5484032034873962
3247,2724,1.0858,0.5524058938026428
2383,2724,1.0159,0.5478633046150208
1206,2724,1.2833,0.595021665096283
6082,2726,0.894,0.5202661752700806
5073,2727,0.9941,0.5410857200622559
4991,2727,1.018,0.5588703155517578
2349,2729,0.8201,0.5237538814544678
5039,2731,1.029,0.553520143032074
2349,2731,1.0005,0.5300551056861877
3247,2731,0.9975,0.558856725692749
4666,2731,1.235,0.7188743948936462
1112,2731,1.0014,0.5287341475486755
5073,2733,0.5376,0.5453316569328308
3247,2733,1.983,0.7065029740333557
7029,2733,1.8722,0.6152229905128479
6410,2735,1.08,0.7368608117103577
3247,2735,0.9821,0.5330277681350708
2272,2737,1.1293,0.6733112335205078
5073,2739,0.8273,0.5438753366470337
2349,2739,1.2723,0.5632655024528503
1206,2739,1.1738,0.5877282023429871
3572,2739,1.0045,0.5171252489089966
3247,2741,0.9814,0.7064601182937622
6082,2743,1.0975,0.5559208989143372
6602,2743,1.1351,0.5624669790267944
5073,2745,0.9406,0.6427500247955322
2349,2745,1.1941,0.6855806112289429
2816,2745,0.924,0.5716131925582886
6082,2745,1.0721,0.5540763139724731
1206,2745,1.233,0.6276671886444092
364,2745,2.6089,0.9744901657104492
5039,2747,1.0096,0.5422702431678772
3227,2747,1.0032,0.5829851031303406
2349,2747,1.9024,0.870954155921936
3247,2747,2.223,0.8289074301719666
5264,2747,1.0102,0.5675441026687622
5073,2749,1.2156,0.5656632781028748
2349,2749,1.1881,0.5807682871818542
1206,2749,1.1163,0.5646082162857056
2349,2751,0.9839,0.5325836539268494
3247,2751,0.994,0.5548616647720337
1987,2751,1.1409,0.541709840297699
2053,2751,1.2584,0.5681939721107483
785,2751,1.7441,0.6240411400794983
7019,2751,2.1457,0.8254931569099426
1557,2751,1.2237,0.5609232783317566
5073,2753,1.1148,0.6206281781196594
461,2753,1.0694,0.6206967234611511
6400,2753,1.0479,0.595382034778595
6957,2753,1.2211,0.5824573040008545
5073,2755,1.0122,0.5497233271598816
2349,2755,0.9974,0.576313316822052
6082,2755,1.1883,0.5701760649681091
3855,2755,0.9823,0.5767467021942139
2167,2755,1.0179,0.563241720199585
5409,2755,1.062,0.5604450106620789
4888,2755,1.4858,0.5868752598762512
5073,2757,0.9898,0.6311792135238647
1252,2757,1.7074,0.5883749723434448
1065,2757,1.4479,0.5999758243560791
5073,2759,0.9909,0.5703490972518921
1206,2759,0.9887,0.5459175109863281
1067,2759,1.0677,0.5553552508354187
1206,2761,1.1861,0.5833628177642822
3247,2763,1.0126,0.5423034429550171
1319,2763,1.0197,0.6263673305511475
3247,2765,2.8399,0.9873358607292175
5073,2767,1.0274,0.556770384311676
3247,2767,1.005,0.5989658236503601
3251,2767,1.5818,0.5762284398078918
1206,2767,1.0811,0.5600271224975586
6743,2767,1.1404,0.5669150352478027
362,2767,2.0387,0.8804864883422852
1555,2767,5.5234,0.9910681843757629
1990,2767,2.7679,0.9683960676193237
3262,2767,1.0233,0.5328790545463562
3235,2773,3.2449,0.9831067323684692
3247,2773,0.8162,0.5686253905296326
1206,2773,0.6372,0.5531629920005798
5073,2777,1.0447,0.5459638833999634
3247,2777,1.6027,0.5817528367042542
1206,2777,1.0757,0.5625903606414795
495,2779,1.3662,0.6740179657936096
5073,2779,1.0351,0.5564121007919312
6925,2779,0.999,0.5561410188674927
5073,2781,0.9957,0.5393930077552795
5073,2783,1.0091,0.5846155285835266
3247,2783,1.0003,0.5411484837532043
2291,2785,1.2143,0.5921046137809753
2287,2785,1.4218,0.5743810534477234
5073,2785,1.0633,0.5776276588439941
6,2785,1.2498,0.6228047013282776
2349,2785,0.9998,0.5558221340179443
3247,2785,1.4752,0.5616094470024109
6082,2785,1.0664,0.5847091674804688
1124,2785,1.0755,0.5865890383720398
1206,2785,2.1441,0.6083462238311768
2349,2789,1.2592,0.5636094808578491
6082,2789,1.3095,0.5938701629638672
364,2789,2.0515,0.6337304711341858
5191,2789,1.0145,0.5609097480773926
28,2790,1.008,0.5382522940635681
5073,2791,0.9908,0.594530463218689
2349,2791,1.3493,0.6293543577194214
6374,2791,0.9909,0.5345040559768677
364,2791,0.9717,0.5428880453109741
6146,2791,1.0274,0.5502936244010925
2349,2793,1.0033,0.5523305535316467
2497,2793,3.9736,0.9778347015380859
2349,2795,1.0143,0.5356348752975464
3247,2795,1.0961,0.5713019371032715
1206,2795,1.2094,0.5318096876144409
5285,2797,1.6056,0.5719262361526489
4054,2797,0.9961,0.5673069357872009
364,2797,1.023,0.5921500325202942
2619,2797,2.1529,0.8985468745231628
1206,2799,0.8439,0.5114855170249939
3056,2799,2.7344,0.9739945530891418
364,2799,1.0371,0.5481197834014893
4886,2799,1.0421,0.5488588809967041
3247,2801,0.9987,0.5247397422790527
6082,2801,0.9978,0.5226606726646423
1206,2801,0.9681,0.5576749444007874
777,2801,1.0129,0.562505841255188
6374,2803,1.6609,0.579826831817627
5073,2805,0.8471,0.5554168820381165
2349,2805,1.034,0.6772395372390747
3247,2805,0.9991,0.5458253026008606
6005,2805,1.2048,0.6645714640617371
5073,2807,1.0002,0.5449276566505432
100,2807,0.9973,0.5316879153251648
369,2807,1.1835,0.5841138958930969
2092,2807,1.3761,0.6033509373664856
5677,2809,2.2903,0.9501949548721313
5073,2811,1.0124,0.5396621227264404
102,2811,0.7807,0.5970272421836853
6082,2811,1.4776,0.576239287853241
7188,2811,1.0196,0.6443139314651489
3247,2813,1.0024,0.5364865660667419
5073,2817,1.2953,0.5558691620826721
2349,2817,1.0078,0.5697983503341675
2092,2817,2.1075,0.90739506483078
6551,2817,2.1054,0.6648643612861633
2349,2821,1.0019,0.5844789743423462
435,2821,1.0584,0.5606620907783508
2092,2821,0.9866,0.548107385635376
5073,2823,1.0202,0.5508373379707336
3247,2823,1.6157,0.7130604386329651
6082,2823,1.332,0.6845100522041321
7009,2823,2.7245,0.9607555270195007
364,2825,1.2649,0.7173559665679932
5661,2825,1.5359,0.5573276281356812
3686,2827,1.0109,0.5749911665916443
5073,2827,0.9924,0.5354886054992676
2349,2827,1.4027,0.6464734077453613
1000,2827,1.1278,0.5825302600860596
6082,2827,1.5262,0.5716022849082947
6527,2827,0.9986,0.5900201797485352
1206,2827,1.2681,0.560336709022522
5067,2828,1.4352,0.5396259427070618
2349,2829,1.2544,0.6026297211647034
2349,2831,1.702,0.6623450517654419
362,2831,1.0114,0.5475473403930664
5073,2835,0.9999,0.5696550011634827
2776,2837,1.0173,0.604659378528595
2144,2837,1.0001,0.5616667866706848
4904,2837,1.0505,0.6271077394485474
1131,2837,2.6925,0.9945057034492493
6124,2837,1.5946,0.5632917881011963
4131,2838,1.0055,0.5244407653808594
6191,2839,0.9958,0.5699812769889832
3247,2841,0.9999,0.5245116353034973
7080,2841,1.0554,0.542188823223114
364,2841,1.1795,0.5201113820075989
2349,2842,1.0091,0.5366796255111694
3247,2842,1.255,0.5791597962379456
6082,2842,1.358,0.587313711643219
7231,2843,1.2904,0.5744832754135132
3692,2844,1.0146,0.5539907813072205
6082,2844,2.0234,0.6440325975418091
694,2844,5.4037,0.9955535531044006
2272,2845,1.1784,0.5933123230934143
364,2846,1.0007,0.554804801940918
2349,2847,0.8012,0.6440677642822266
3247,2847,1.0628,0.6549590229988098
6082,2847,1.0691,0.6330597996711731
5678,2847,1.4959,0.6702678203582764
3247,2848,1.0012,0.5436928868293762
4175,2848,1.2459,0.5575333833694458
4895,2848,1.0009,0.5360068678855896
4740,2848,2.414,0.980749785900116
5073,2849,1.2185,0.6811113357543945
3247,2849,1.0028,0.5100206732749939
1999,2849,2.1316,0.7506039142608643
2518,2849,0.9897,0.5398145318031311
1206,2849,0.9071,0.6154641509056091
5073,2850,1.284,0.5677124857902527
3247,2850,1.0831,0.5291736125946045
6082,2853,1.2144,0.6528527140617371
1206,2853,0.8669,0.5724205374717712
5073,2854,1.2555,0.572603166103363
2349,2854,1.0292,0.5810914039611816
6082,2854,1.0485,0.6712856888771057
1206,2855,0.7652,0.5653676986694336
2272,2855,1.6853,0.7425025701522827
4003,2855,2.1118,0.8498650193214417
3235,2856,0.9719,0.5315208435058594
3247,2856,1.0332,0.5904014110565186
1206,2856,0.9821,0.6084271669387817
3820,2856,1.0214,0.5790984034538269
2349,2858,1.7701,0.7263447642326355
3247,2858,1.4626,0.6902631521224976
2349,2859,2.1565,0.6307070255279541
364,2859,1.3837,0.6089743375778198
5073,2860,1.07,0.6256677508354187
5073,2861,1.2492,0.6883133053779602
2349,2861,1.5004,0.5678291916847229
5073,2863,1.0991,0.5726215243339539
1206,2863,0.6036,0.6273268461227417
5850,2863,0.9116,0.5234280228614807
5360,2863,1.2227,0.6742652058601379
2932,2863,1.877,0.8343013525009155
5073,2864,0.8487,0.5929006338119507
2349,2864,1.1658,0.5731907486915588
2367,2864,0.8455,0.5080589652061462
6905,2864,0.7613,0.59430330991745
1516,2864,2.8528,0.9865628480911255
5377,2864,1.4239,0.5842549204826355
4054,2864,0.9924,0.5604133605957031
2277,2864,1.712,0.6427508592605591
1984,2864,2.6445,0.9545510411262512
2349,2865,1.0007,0.5551633834838867
3962,2866,1.0002,0.541664183139801
5073,2867,1.0137,0.5576531291007996
3247,2867,1.0056,0.5531623363494873
2272,2868,2.2823,0.8197318911552429
1206,2870,1.0289,0.6201450824737549
3247,2871,0.9975,0.5442396402359009
2349,2872,1.0629,0.5515041947364807
531,2873,1.0099,0.5851728320121765
2349,2874,1.248,0.6544057726860046
3762,2874,1.0455,0.5464842915534973
1206,2874,0.7949,0.6737708449363708
7252,2874,0.9641,0.5131711363792419
5073,2875,1.0102,0.5555661916732788
2349,2875,0.998,0.5366167426109314
5073,2876,1.002,0.5223252773284912
3247,2876,1.0981,0.6070214509963989
4282,2876,0.9957,0.588499903678894
5350,2876,1.4337,0.5769678354263306
2349,2877,1.2907,0.5863548517227173
5073,2878,0.9123,0.6760693788528442
4197,2878,1.1522,0.5576299428939819
6362,2878,1.3799,0.5463418364524841
364,2878,1.3472,0.5545715689659119
3247,2879,0.985,0.578372061252594
2349,2880,1.0015,0.5274564027786255
3247,2880,1.0001,0.5551572442054749
1206,2880,1.0131,0.552565336227417
50,2881,1.0955,0.6112109422683716
4640,2881,1.5799,0.6101616024971008
5073,2882,1.1484,0.5731837153434753
2349,2882,0.9882,0.6334967613220215
2349,2883,0.9818,0.5628455281257629
5073,2884,1.0181,0.7385326623916626
6614,2884,1.5186,0.7190952897071838
247,2884,1.3823,0.7120427489280701
5896,2884,1.8225,0.7636399269104004
3247,2885,1.0088,0.5448965430259705
5073,2886,1.5635,0.7166873812675476
3513,2886,1.0303,0.6124002933502197
5029,2889,0.9997,0.5280278325080872
5073,2890,0.988,0.5278756618499756
5073,2892,1.5829,0.7354311943054199
6348,2892,1.1422,0.5555816888809204
4479,2892,0.9922,0.5273524522781372
5378,2892,1.2197,0.5785209536552429
3997,2892,1.657,0.6161884069442749
1722,2892,1.6404,0.5824848413467407
2808,2893,0.9806,0.5925566554069519
1206,2894,1.9093,0.7548463344573975
3247,2895,0.9491,0.6274442076683044
2349,2896,1.7856,0.779363751411438
3039,2896,1.0303,0.562160849571228
2349,2898,0.7005,0.6991397142410278
165,2898,1.6544,0.7335448861122131
3247,2899,1.4915,0.5656658411026001
3247,2900,1.0768,0.6018443703651428
1206,2900,1.0405,0.6428548097610474
3986,2900,0.8719,0.5782220959663391
6857,2902,2.4143,0.8947715759277344
3247,2902,2.1293,0.9290300607681274
3754,2902,0.9989,0.5467820763587952
5712,2902,1.0723,0.5840755701065063
3899,2902,0.9896,0.5623835921287537
1206,2902,1.6417,0.646720826625824
4472,2902,0.9995,0.5307281613349915
4522,2902,0.9124,0.5518962740898132
5073,2903,1.1711,0.5538579821586609
473,2903,1.0671,0.5793243050575256
2349,2903,1.3307,0.6137190461158752
509,2903,0.9383,0.608203649520874
3247,2904,1.9396,0.961138904094696
2349,2905,0.8901,0.5442898869514465
5073,2906,0.987,0.5752069354057312
3247,2906,1.2738,0.564433753490448
6937,2906,1.5131,0.689476728439331
4805,2906,1.1437,0.586758553981781
1206,2906,1.1246,0.5622970461845398
5073,2907,1.0039,0.546503484249115
900,2907,1.1958,0.5719568133354187
5111,2907,1.0355,0.5676872730255127
5073,2908,0.9943,0.534963071346283
3893,2908,1.1971,0.553508460521698
5073,2910,0.6831,0.5390471816062927
505,2910,1.228,0.7176043391227722
2349,2910,1.0148,0.5578540563583374
4991,2910,1.0011,0.5285310745239258
2349,2911,0.9691,0.6143720149993896
3247,2911,1.0045,0.5501492023468018
6023,2911,1.0188,0.5494550466537476
5073,2912,0.9906,0.5771668553352356
3247,2912,1.3134,0.6834421157836914
5231,2912,4.7533,0.988996148109436
2349,2913,1.0196,0.5491856336593628
7112,2914,2.8708,0.9750924110412598
1206,2914,0.9824,0.5465560555458069
5061,2915,1.0005,0.556298553943634
4129,2915,1.0399,0.6408596634864807
938,2915,0.9949,0.5493491291999817
942,2915,1.0497,0.5823620557785034
2349,2915,1.0067,0.6633884310722351
3247,2915,0.985,0.6154399514198303
5073,2916,1.3988,0.6544992327690125
2349,2916,1.1694,0.6224204301834106
1206,2916,1.5857,0.5861654281616211
4339,2916,4.8817,0.9948211908340454
1858,2917,1.1242,0.5714368224143982
2349,2917,1.3388,0.5730448365211487
1373,2918,1.0062,0.5543975830078125
5285,2918,1.1155,0.5545864701271057
48,2919,1.3242,0.5694363713264465
3247,2919,1.007,0.5539056658744812
5073,2920,1.2205,0.5994362235069275
3247,2920,1.3016,0.5640836358070374
5073,2921,1.4433,0.5796837210655212
3247,2921,0.9823,0.5373453497886658
5073,2922,0.9659,0.5348705053329468
2349,2922,1.1097,0.7321622967720032
3247,2922,1.0904,0.616115391254425
2349,2923,1.0343,0.5747280120849609
3247,2923,0.9915,0.5389595627784729
5073,2924,1.0222,0.5706902742385864
3247,2924,0.992,0.5524117946624756
1267,2924,1.0014,0.5416686534881592
435,2924,1.7436,0.845404326915741
5073,2926,1.0438,0.546515166759491
2349,2926,1.037,0.5801250338554382
6082,2926,1.9975,0.6122038960456848
364,2926,1.3801,0.5771369934082031
4139,2928,1.4258,0.6641037464141846
3247,2928,1.0479,0.5448747277259827
1206,2928,1.4848,0.5633905529975891
2349,2929,1.0101,0.5776935815811157
5073,2930,0.9986,0.5469459295272827
2349,2930,1.4511,0.600339949131012
3247,2930,1.4369,0.6705962419509888
2223,2930,1.0159,0.568854033946991
6745,2930,0.6846,0.583483874797821
2349,2932,1.0021,0.5617102980613708
3373,2932,0.8414,0.5569713711738586
1206,2932,1.0174,0.5908105969429016
5850,2932,1.125,0.5956526398658752
952,2934,1.5694,0.5655250549316406
5073,2934,0.8359,0.5944611430168152
364,2934,1.7732,0.6233114004135132
2349,2935,2.1141,0.7015283703804016
5073,2936,1.0376,0.5879265666007996
2272,2936,3.5658,0.9695510268211365
5073,2938,1.1634,0.6576424241065979
2349,2938,1.3607,0.5820460319519043
1658,2938,0.4725,0.6271287202835083
1222,2938,1.1491,0.5527556538581848
2349,2940,1.0158,0.606712818145752
3247,2940,1.612,0.5693168044090271
3899,2940,2.3307,0.8552098274230957
1206,2940,1.3568,0.6477069854736328
6923,2941,1.0381,0.5568245649337769
5073,2942,1.0,0.5512596964836121
6082,2942,1.2671,0.6680060029029846
1206,2942,1.8905,0.6706430912017822
5073,2944,1.547,0.6231429576873779
2349,2944,1.5794,0.6014717817306519
3247,2944,0.9131,0.6717553734779358
4054,2944,1.0598,0.5678009390830994
2734,2945,1.0888,0.574086606502533
5987,2945,1.4002,0.6679267287254333
362,2946,2.9759,0.981939971446991
2349,2948,1.1535,0.6117417812347412
364,2950,1.0134,0.542884349822998
2289,2953,1.0626,0.5767574906349182
511,2953,1.7467,0.5989076495170593
2315,2954,1.0328,0.6440821290016174
2272,2954,1.717,0.6968774795532227
1088,2956,1.0683,0.5156951546669006
604,2956,2.8675,0.9321680068969727
3429,2956,0.9964,0.6189194917678833
5242,2956,1.0644,0.5766404867172241
50,2958,1.369,0.5933606624603271
2349,2958,0.8505,0.6109022498130798
1455,2958,1.1315,0.5759323835372925
6082,2958,1.0557,0.5792046785354614
364,2958,2.157,0.8068047761917114
5989,2959,1.0036,0.5345337390899658
521,2959,0.9385,0.6010483503341675
6033,2959,0.9974,0.5321982502937317
5073,2960,1.001,0.5268056988716125
3602,2960,1.0321,0.5484970808029175
364,2960,1.841,0.8210633397102356
2828,2961,1.0043,0.5377205014228821
5073,2962,0.9893,0.5954675078392029
6082,2962,0.9954,0.5414326190948486
5073,2964,1.4588,0.7048590779304504
2349,2964,1.3424,0.618556022644043
2272,2964,1.3171,0.5703232288360596
3219,2965,0.97,0.5527361631393433
5073,2966,1.0283,0.5794172883033752
2349,2966,1.3364,0.6666679978370667
1658,2966,1.1238,0.6169816255569458
1222,2966,1.0697,0.5625582933425903
4578,2967,1.0051,0.541217565536499
2349,2967,1.0152,0.540393054485321
3247,2967,1.0022,0.5462764501571655
5073,2968,0.9949,0.5717754364013672
2349,2970,1.0495,0.5517733693122864
3247,2970,1.0011,0.5284342169761658
952,2971,0.9829,0.5618723630905151
2389,2971,1.0019,0.5722018480300903
5073,2972,1.0009,0.5412710309028625
2349,2973,1.2801,0.6771095991134644
6027,2973,0.9794,0.5304970741271973
5073,2974,0.837,0.5399892926216125
2349,2974,1.0085,0.5786399245262146
2319,2975,1.3448,0.562376081943512
2349,2976,1.0163,0.5421126484870911
364,2976,1.1573,0.5354869365692139
5073,2978,1.4565,0.5628881454467773
2349,2978,1.3838,0.5761892795562744
6614,2978,0.9661,0.5330098271369934
4054,2978,0.9967,0.5463767051696777
529,2979,0.9791,0.5388785004615784
6021,2979,1.3389,0.5849282145500183
1206,2980,1.9426,0.5992873907089233
5961,2982,1.0105,0.6980996131896973
5073,2982,0.7564,0.6458321809768677
3247,2982,1.6944,0.6560965776443481
6082,2982,0.9987,0.6132608652114868
24,2983,1.1848,0.5658654570579529
5073,2984,1.9826,0.5936123132705688
1206,2984,1.7508,0.6986307501792908
364,2984,1.1151,0.5312548279762268
5073,2988,1.414,0.7073748111724854
5528,2988,2.93,0.952289879322052
3247,2988,2.406,0.6974722743034363
4650,2988,0.9157,0.6035673022270203
1238,2988,3.3565,0.9868496656417847
1206,2989,0.9475,0.5827566385269165
2349,2991,1.3805,0.5925745368003845
6082,2991,1.4392,0.6106575727462769
7080,2991,2.054,0.7479787468910217
1206,2991,0.7461,0.6036139726638794
5073,2993,1.2434,0.5485296249389648
2349,2993,1.2671,0.5692896246910095
3247,2993,1.3848,0.6024054884910583
364,2994,1.7727,0.7048569321632385
2349,2996,1.049,0.6859987378120422
3722,2997,1.011,0.5841795206069946
5073,2998,1.0189,0.5907309651374817
2349,2998,0.8844,0.5689449906349182
3247,2998,1.5247,0.6780403852462769
5285,2998,1.1543,0.5789853930473328
3247,2999,1.242,0.5511218309402466
364,3001,0.7771,0.5799009203910828
3247,3002,0.9924,0.5236604809761047
5073,3003,1.0366,0.5724806189537048
2349,3003,0.9919,0.5630068182945251
2272,3003,1.3239,0.6502586007118225
4588,3004,1.0033,0.6749736666679382
5073,3006,1.0015,0.5262311100959778
1206,3007,1.4075,0.6383963227272034
364,3009,1.7272,0.5744519233703613
3221,3012,0.8649,0.5889309644699097
102,3013,2.6535,0.9785968065261841
1206,3013,1.1804,0.6297301054000854
5073,3015,0.9997,0.6536008715629578
2349,3015,0.9233,0.5271764397621155
2987,3015,1.0233,0.5851770639419556
6149,3016,1.0286,0.6304966807365417
1411,3018,0.998,0.6068564653396606
5073,3018,1.0017,0.5343000292778015
5073,3019,1.0411,0.5561306476593018
5073,3020,1.0625,0.6291524767875671
5073,3021,1.0437,0.5640797019004822
5073,3023,1.091,0.5274375677108765
6082,3024,1.0368,0.6115462183952332
364,3024,1.7963,0.6951841115951538
5073,3025,0.6692,0.6543623208999634
2349,3025,1.3242,0.6185809373855591
364,3025,0.4436,0.7051711082458496
3038,3026,7.07,0.9877212643623352
3247,3029,0.9972,0.5278578400611877
5073,3030,0.976,0.5913194417953491
6218,3030,1.139,0.5448950529098511
2349,3031,0.9689,0.5351606011390686
2349,3032,0.763,0.6449453234672546
5588,3032,2.3331,0.8122367262840271
6614,3032,1.0566,0.5532447695732117
364,3032,1.1026,0.6527254581451416
3247,3033,1.5455,0.5573389530181885
1206,3033,3.5545,0.9783951044082642
5073,3034,1.0053,0.5562790632247925
2349,3034,1.0131,0.5936188697814941
1977,3034,2.1756,0.9033388495445251
1206,3034,1.5467,0.5706161856651306
2349,3035,1.0553,0.6535665988922119
3247,3035,1.6712,0.6003760695457458
5588,3035,2.0845,0.6308215260505676
5073,3036,1.2225,0.5699557065963745
2349,3036,1.1446,0.5629076361656189
1206,3036,2.7045,0.8585518002510071
3688,3038,1.0241,0.582280695438385
90,3038,1.9307,0.8771486878395081
6468,3038,2.829,0.9660823345184326
3445,3038,0.9928,0.5446357727050781
2349,3039,0.7152,0.5596259832382202
5073,3040,1.6135,0.5721592903137207
2349,3040,0.9328,0.6652127504348755
369,3040,1.0167,0.6764369010925293
5073,3041,1.7327,0.5721047520637512
5538,3041,1.0127,0.5479163527488708
5240,3042,1.959,0.77480548620224
1206,3042,1.1619,0.6627726554870605
1206,3043,1.1092,0.5751355886459351
5073,3044,1.5034,0.7230314016342163
3293,3045,1.0555,0.6511037349700928
2933,3045,1.1954,0.638233482837677
2349,3046,1.0,0.5448517799377441
2272,3046,4.7531,0.9935619831085205
5073,3048,1.0508,0.5552513003349304
3247,3048,1.1612,0.558243453502655
3652,3049,1.083,0.5510789752006531
2349,3049,1.1929,0.6185882091522217
3247,3049,1.2363,0.5196482539176941
1206,3049,4.0395,0.9907392263412476
5073,3050,1.4414,0.7131667137145996
3247,3050,2.0216,0.743493378162384
1206,3050,1.9465,0.6121605634689331
2272,3050,1.0982,0.561032772064209
2281,3051,1.0762,0.5354447960853577
2349,3051,0.9878,0.575581967830658
6438,3052,0.9033,0.6124066114425659
2349,3052,1.3575,0.6172269582748413
6082,3052,1.0218,0.5585457682609558
3119,3052,1.0572,0.5944085121154785
5073,3053,1.0567,0.5726650357246399
1206,3053,1.0,0.5305354595184326
5073,3054,0.9216,0.5948984026908875
2329,3054,1.2576,0.5527480244636536
2349,3054,0.9741,0.5564860105514526
3247,3054,1.0857,0.5461356043815613
6614,3054,0.9992,0.5314071178436279
3247,3055,0.989,0.5361992120742798
2349,3056,0.9975,0.5425397157669067
423,3056,1.1467,0.5657630562782288
2349,3057,1.0022,0.5783334970474243
2349,3058,0.9366,0.5825087428092957
5704,3058,1.0205,0.6012982130050659
3652,3059,0.9985,0.5324763059616089
2349,3059,1.2969,0.5778968930244446
3247,3059,1.243,0.5604919791221619
5073,3061,0.9913,0.5366833806037903
942,3061,1.0713,0.6497506499290466
4588,3061,1.0261,0.5812318921089172
2305,3061,0.9888,0.6209596991539001
3247,3061,1.5824,0.6169835329055786
2349,3062,1.1819,0.576926589012146
1206,3062,1.0578,0.5591161847114563
940,3063,0.953,0.5245448350906372
3247,3063,1.0022,0.5313166379928589
3652,3064,3.311,0.9403358101844788
1461,3064,0.9925,0.5448667407035828
5395,3064,0.9884,0.6315600275993347
1658,3065,2.1733,0.6978795528411865
3247,3066,1.2974,0.5660650730133057
6614,3066,1.2969,0.596895158290863
1206,3066,1.0741,0.5598835349082947
5073,3068,0.9865,0.5306239724159241
3676,3068,1.2481,0.572824239730835
3247,3068,2.1,0.936381459236145
1206,3068,1.5118,0.5918971300125122
2209,3068,0.9084,0.5623403191566467
3127,3068,0.7936,0.6980657577514648
5993,3069,1.0258,0.5711758136749268
5073,3069,1.3922,0.5635688304901123
2349,3069,1.3251,0.6172115802764893
2349,3070,1.2948,0.5745000243186951
3247,3070,2.3352,0.9835190176963806
616,3070,7.0856,0.9922012090682983
1206,3070,1.1573,0.5498325824737549
5073,3074,1.4091,0.5470114946365356
6082,3074,1.1199,0.559158980846405
2349,3075,1.4952,0.5576903223991394
3247,3075,1.4514,0.5705196261405945
6123,3075,1.0,0.5503841042518616
3247,3077,1.4458,0.5614400506019592
1453,3077,2.5586,0.9330554604530334
5983,3078,1.1748,0.5982518792152405
5073,3078,1.6008,0.6486206650733948
2349,3078,1.2729,0.702292799949646
5073,3079,0.9901,0.5776112675666809
3247,3079,1.3564,0.5634060502052307
4352,3079,1.5625,0.5492860674858093
2349,3080,1.0247,0.5545637011528015
638,3080,1.3462,0.6375139951705933
3131,3080,1.0099,0.5359148979187012
4510,3080,1.3759,0.6605782508850098
672,3081,1.2301,0.6126203536987305
3247,3083,1.0655,0.5642873048782349
4638,3083,1.6112,0.6416707038879395
5073,3084,0.9973,0.552630603313446
2349,3084,1.2409,0.5981270670890808
5285,3084,2.416,0.6180822253227234
1383,3086,1.1564,0.5802146792411804
2349,3086,1.0181,0.5918607115745544
5722,3086,2.2248,0.8727570176124573
2349,3087,0.9996,0.544189989566803
4580,3088,1.1757,0.5451192855834961
2349,3088,0.9807,0.5833232402801514
2349,3089,1.0857,0.5577539205551147
3247,3091,2.4746,0.980162501335144
535,3091,1.7783,0.6686988472938538
1206,3091,7.262,0.9942155480384827
6218,3091,6.7781,0.9924018383026123
2349,3092,1.0928,0.5621032118797302
6318,3092,1.3544,0.594225287437439
6454,3093,2.4339,0.9628978371620178
5073,3094,1.303,0.5668278932571411
5285,3094,1.162,0.5626465082168579
1826,3095,1.1853,0.5798482894897461
5073,3095,1.021,0.5592567324638367
2349,3095,0.8648,0.5175625085830688
3247,3095,0.9536,0.5178565382957458
5073,3096,1.2393,0.6528816819190979
2349,3096,1.0245,0.5683395266532898
5588,3096,1.1015,0.5695475935935974
2349,3097,1.8222,0.5978747010231018
1206,3100,0.9942,0.5379157662391663
5552,3101,1.6278,0.6054219603538513
1206,3102,1.3097,0.6173401474952698
2776,3103,1.0069,0.5637134909629822
2349,3103,1.1295,0.5808491706848145
5073,3104,0.9904,0.5932007431983948
3247,3105,2.1156,0.9614733457565308
5073,3106,1.184,0.617245614528656
2478,3107,1.7048,0.5983708500862122
3865,3107,1.0079,0.5774611234664917
5073,3108,0.5921,0.5863092541694641
2349,3108,1.0215,0.5784074068069458
1206,3108,2.1685,0.8352175951004028
3243,3109,1.0373,0.5527295470237732
6937,3109,1.0061,0.532982349395752
7088,3109,0.9989,0.5502374172210693
5073,3110,0.9852,0.5204879641532898
3247,3110,1.0857,0.5619081854820251
3710,3110,1.2644,0.5447365045547485
7174,3111,1.0136,0.6149670481681824
5073,3112,1.0023,0.5085151195526123
6047,3112,2.2833,0.9161210656166077
2349,3114,1.1121,0.5614178776741028
1206,3114,0.9741,0.5494515895843506
2776,3115,2.0789,0.6884902119636536
7024,3119,1.0298,0.5722678899765015
5073,3120,1.0525,0.6106387972831726
2349,3121,1.0438,0.6121215224266052
5238,3121,1.0347,0.5415645241737366
5073,3122,0.7944,0.545158863067627
2349,3122,1.053,0.5548670887947083
6082,3122,1.1319,0.6351237893104553
2349,3123,0.9868,0.5715475678443909
5073,3124,0.999,0.6968268156051636
3716,3124,1.1733,0.5980423092842102
1206,3124,1.432,0.6739974021911621
369,3124,1.0027,0.5496048331260681
2272,3124,2.3831,0.9545899629592896
5073,3125,1.2053,0.5651653409004211
6642,3125,1.0082,0.5826908946037292
1866,3126,0.753,0.559514045715332
2349,3127,1.0565,0.5995242595672607
5073,3128,0.9993,0.5221481919288635
3247,3128,1.3466,0.598637580871582
3704,3129,1.6349,0.5909180045127869
5522,3129,1.5001,0.569798469543457
5073,3130,1.106,0.5515426397323608
3247,3130,1.0022,0.5148366689682007
3742,3131,1.7666,0.6105114221572876
6440,3133,1.0121,0.5359945893287659
3247,3133,3.0282,0.988944947719574
5073,3134,1.0873,0.5493338704109192
2349,3134,1.2433,0.582612156867981
1206,3134,1.1695,0.6659831404685974
936,3135,1.0077,0.5461307764053345
3247,3135,1.3315,0.5746343731880188
6,3136,1.3846,0.5890740752220154
2349,3136,0.8977,0.530372142791748
3247,3136,0.9966,0.5498011708259583
4849,3136,1.0656,0.5561670064926147
5073,3138,1.1333,0.5537888407707214
5073,3139,1.0257,0.5753348469734192
2349,3139,1.1446,0.5661109089851379
3247,3139,1.1526,0.5698422789573669
3652,3140,1.2734,0.5512979626655579
2349,3140,1.0142,0.5999908447265625
1206,3140,1.0962,0.6161339282989502
5053,3141,1.2203,0.5547675490379333
3247,3141,0.9476,0.5243659615516663
5073,3142,1.4275,0.5761645436286926
1924,3142,1.1976,0.6192635297775269
5073,3143,1.0005,0.5208114385604858
5073,3144,1.0235,0.5514090061187744
1206,3144,1.0389,0.5812092423439026
1206,3145,0.9946,0.6054003834724426
5073,3146,1.018,0.5656975507736206
3049,3147,1.0118,0.5452328324317932
5073,3148,1.0411,0.5574727654457092
5073,3149,0.9542,0.5848702788352966
2349,3149,0.6886,0.5895785689353943
1658,3149,0.9514,0.5866782069206238
5073,3150,1.0081,0.5610211491584778
1206,3150,0.886,0.54339599609375
6082,3151,0.9988,0.6100408434867859
5073,3152,0.9872,0.552387535572052
5073,3153,0.9994,0.537032425403595
2349,3153,1.2239,0.5694565176963806
3247,3153,2.055,0.6325970888137817
2027,3153,1.3026,0.6161913275718689
7258,3154,1.9419,0.6466541886329651
3247,3155,1.0891,0.6778584718704224
5285,3155,0.9951,0.5745450854301453
3247,3156,1.0102,0.6118466854095459
1206,3156,1.1296,0.6061919331550598
5073,3157,1.1317,0.6460542678833008
102,3157,0.8828,0.5810881853103638
1206,3158,2.0998,0.7542819976806641
5073,3159,0.9453,0.6613627672195435
6502,3159,0.9962,0.546785831451416
4326,3159,0.9781,0.5827561616897583
954,3160,1.0661,0.5694170594215393
1401,3160,1.0637,0.5684175491333008
5073,3163,1.0749,0.5604993104934692
5073,3165,0.6493,0.5600879192352295
2349,3165,0.9917,0.5806265473365784
1206,3165,0.9629,0.600508451461792
5073,3166,1.5727,0.7368569374084473
2349,3166,1.5694,0.7297618389129639
5722,3167,1.2268,0.5309169888496399
1206,3169,1.3867,0.6585014462471008
3688,3171,1.0019,0.5498354434967041
1206,3172,0.8613,0.6037322282791138
5073,3173,0.9387,0.6426225900650024
1206,3173,1.0369,0.5534507036209106
2349,3175,0.9667,0.5715765357017517
3247,3175,0.9906,0.5569186210632324
1574,3176,0.9947,0.5612373948097229
5073,3177,0.6913,0.5227765440940857
2349,3177,0.9467,0.5276287794113159
1206,3177,1.4611,0.5720275044441223
3049,3177,1.0021,0.6131908893585205
5073,3178,0.9767,0.5605325698852539
2349,3178,1.6966,0.7398472428321838
1206,3178,1.9561,0.7086662650108337
6218,3178,0.9956,0.5079770684242249
5073,3180,0.7207,0.6913961172103882
8,3180,1.4594,0.6172059774398804
1206,3181,0.6065,0.5811255574226379
5073,3182,1.2474,0.6681690216064453
2349,3182,1.0582,0.5486192107200623
3247,3182,0.9759,0.5828328132629395
4646,3182,0.8012,0.5948155522346497
5073,3183,0.9955,0.5421022176742554
5073,3184,1.0171,0.5598064064979553
5983,3186,1.892,0.5888991951942444
5073,3186,1.0003,0.5379419922828674
3247,3186,0.999,0.5360220670700073
6082,3186,1.6595,0.5663697719573975
5073,3188,1.2417,0.6065356135368347
6082,3188,1.0527,0.6172096729278564
1206,3189,1.2073,0.6639201641082764
5073,3190,0.5756,0.6845114231109619
2349,3190,1.3802,0.7839601039886475
3247,3190,1.7125,0.7582588791847229
2800,3190,0.9744,0.5070674419403076
6082,3190,1.3557,0.7123727202415466
1094,3190,1.7857,0.6368613839149475
6346,3190,1.3108,0.6462141275405884
4204,3190,5.0193,0.9899117350578308
4216,3190,3.6966,0.9804312586784363
3247,3192,0.9986,0.5436404943466187
855,3192,1.3432,0.6550948619842529
5073,3194,1.0571,0.6142736077308655
1206,3194,1.0181,0.5617353916168213
2882,3194,2.7464,0.9592456221580505
5073,3196,0.8958,0.5819917321205139
2373,3198,0.9943,0.5512866973876953
6374,3198,1.0369,0.5469396114349365
3247,3200,1.2127,0.5592086315155029
537,3200,0.9783,0.539194643497467
1206,3200,1.3515,0.592140257358551
2607,3200,2.3954,0.9462105631828308
2349,3202,1.2823,0.5751957893371582
2472,3202,1.0214,0.6444807052612305
5528,3204,3.6788,0.9463912844657898
1206,3204,1.1134,0.5657739639282227
4463,3204,1.1657,0.5953013300895691
6873,3206,1.1664,0.6113654971122742
2367,3206,0.8268,0.64384526014328
1222,3206,1.1925,0.5682105422019958
643,3206,3.6077,0.9909136295318604
5039,3208,1.494,0.5589056611061096
5073,3208,1.0923,0.6056233048439026
2349,3208,0.994,0.5057428479194641
3247,3208,1.6598,0.7188860177993774
6082,3208,0.993,0.5911655426025391
5073,3210,1.5642,0.5764644742012024
2349,3210,1.0132,0.5891333222389221
7088,3210,0.9995,0.5890688896179199
6277,3210,1.1146,0.5848369598388672
2886,3210,1.0036,0.537413477897644
2349,3212,0.8271,0.5500484108924866
3247,3212,1.9798,0.910805881023407
1307,3212,1.8297,0.8912698030471802
3247,3218,1.5286,0.6905912160873413
1285,3218,1.5501,0.6013981699943542
5073,3220,0.9395,0.592506468296051
3247,3220,2.4329,0.9788499474525452
1206,3220,1.0226,0.5795155167579651
1571,3220,1.0355,0.6151290535926819
1206,3222,1.0406,0.545768141746521
3808,3222,1.8502,0.591388463973999
2349,3224,0.9992,0.5072617530822754
5873,3224,2.0197,0.901117205619812
364,3224,1.005,0.5381137728691101
5191,3224,1.0109,0.534894585609436
5073,3226,0.9817,0.573962926864624
50,3226,1.004,0.5314958691596985
2349,3226,1.2779,0.7697775959968567
3223,3228,1.3385,0.5463244318962097
1000,3228,1.1773,0.6540543437004089
542,3232,2.5345,0.9878134727478027
495,3234,1.1314,0.5624516606330872
4606,3234,1.0297,0.5595420002937317
2349,3234,1.0127,0.5439466834068298
3247,3234,1.04,0.592991292476654
1206,3234,0.9627,0.5466273427009583
369,3234,0.999,0.5303756594657898
5211,3234,1.8277,0.6048329472541809
3247,3236,1.0016,0.5210140347480774
2349,3238,1.005,0.5260939002037048
3247,3238,0.8304,0.5325043201446533
102,3238,0.7488,0.6155003905296326
7074,3238,1.2669,0.5822291970252991
6218,3238,0.8775,0.5576677918434143
5858,3240,0.9829,0.5684230923652649
2349,3242,0.9261,0.6394507884979248
4431,3242,1.4585,0.5731341242790222
6082,3244,2.8376,0.6989099383354187
5817,3244,2.7495,0.9889459013938904
2337,3248,1.5445,0.7339715361595154
4815,3250,2.7436,0.8439857959747314
1206,3250,0.775,0.57038813829422
3056,3250,3.0704,0.9896089434623718
2349,3252,1.2711,0.6068642735481262
1206,3252,1.0426,0.5565121173858643
2080,3252,2.8841,0.9847398400306702
2349,3254,1.0792,0.6733413338661194
3247,3254,0.9957,0.5355903506278992
364,3254,1.6787,0.7402281165122986
2920,3256,2.8574,0.9899876713752747
2349,3258,1.3154,0.5681641101837158
3247,3258,1.5689,0.5962768793106079
6275,3258,0.9899,0.5415610074996948
699,3258,1.0042,0.537986695766449
5073,3260,0.9919,0.5546903610229492
3247,3260,0.9947,0.5242973566055298
5073,3262,1.2713,0.600614070892334
3247,3262,1.54,0.6988436579704285
6082,3262,1.0759,0.5519484281539917
892,3262,1.0209,0.5523340106010437
5073,3264,0.9946,0.5781437754631042
5073,3266,1.0187,0.5588931441307068
2349,3266,0.9981,0.5145844221115112
364,3266,3.1137,0.9719374179840088
5073,3268,0.998,0.5476161241531372
3247,3270,0.9704,0.5242749452590942
1658,3270,1.1075,0.5704439878463745
6,3271,1.1079,0.5495641231536865
5073,3272,0.9958,0.5224543213844299
2931,3272,1.3628,0.6599871516227722
4479,3272,1.0356,0.5561383366584778
3688,3274,0.9779,0.5371346473693848
2349,3274,0.9562,0.5343192219734192
5073,3276,0.97,0.502898633480072
3247,3276,1.687,0.5626989006996155
364,3276,1.0026,0.5426474809646606
703,3276,1.3016,0.6193903684616089
5073,3278,1.3483,0.6391629576683044
3247,3278,1.2969,0.6626739501953125
2092,3278,1.3046,0.5749882459640503
5073,3280,1.2902,0.6088038086891174
364,3280,0.9992,0.564706563949585
5073,3282,1.2128,0.6123435497283936
364,3282,1.0127,0.5512112975120544
5661,3282,1.0423,0.5634111166000366
5073,3284,0.9986,0.5315070748329163
7112,3284,1.333,0.5434624552726746
1206,3284,1.0181,0.5442599654197693
2914,3284,1.0033,0.5776792168617249
5073,3286,0.9901,0.5334765911102295
2802,3286,1.0047,0.5585774183273315
3213,3289,1.8133,0.5749644637107849
676,3290,2.4484,0.9700427055358887
6619,3290,2.5546,0.9844265580177307
2018,3290,2.7864,0.8821668028831482
2886,3290,1.403,0.5684136748313904
2349,3292,1.0491,0.6008313894271851
3227,3293,1.0057,0.5708526372909546
5073,3294,1.008,0.5626415610313416
3247,3294,1.1313,0.5598037242889404
5073,3296,1.022,0.5604428648948669
3247,3296,1.8717,0.5936219096183777
1206,3296,1.1782,0.6437711119651794
2687,3296,1.0243,0.6360303163528442
3822,3296,1.3425,0.6750442981719971
4742,3296,1.0101,0.6304729580879211
5073,3298,1.0928,0.659188449382782
2349,3298,0.9632,0.5446338057518005
3247,3298,1.2393,0.6572762727737427
4780,3298,1.5263,0.5838167071342468
6629,3300,4.9188,0.9838680028915405
5073,3301,1.3957,0.5685702562332153
459,3303,0.8114,0.5588119626045227
4330,3303,1.3691,0.6742216944694519
1206,3303,1.5807,0.6310349106788635
364,3305,1.4678,0.7087324857711792
2349,3306,1.3543,0.5671359300613403
4183,3306,1.0031,0.534496009349823
1206,3306,0.6862,0.5338632464408875
364,3306,1.0384,0.537106990814209
6082,3307,1.4197,0.6135860085487366
4003,3307,2.641,0.9535682797431946
2272,3308,0.988,0.5775315165519714
3247,3309,1.0029,0.5446200370788574
5285,3310,0.9902,0.5519552230834961
364,3310,0.9978,0.5068539977073669
5073,3311,1.0191,0.565685510635376
1206,3311,0.846,0.5672354102134705
6082,3312,1.9745,0.7377655506134033
1206,3312,0.9919,0.6578224897384644
2349,3313,1.2278,0.6866458654403687
1206,3313,1.9963,0.764139711856842
364,3313,1.028,0.6008976101875305
2349,3315,0.9834,0.5211474895477295
364,3316,2.4246,0.9354495406150818
2349,3317,0.7933,0.5503981113433838
2367,3317,1.0256,0.6222046613693237
5285,3317,1.0182,0.5526832938194275
5411,3317,0.953,0.6725738644599915
5073,3318,1.0789,0.5736877918243408
660,3318,0.946,0.5454489588737488
364,3318,0.9911,0.5456333756446838
5073,3321,1.78,0.5878626704216003
5073,3322,0.965,0.554183304309845
3889,3322,1.6001,0.7646447420120239
1206,3322,1.0747,0.5710576772689819
4054,3322,1.2867,0.5914966464042664
6082,3323,1.1917,0.5893023610115051
364,3323,1.4062,0.6039965748786926
5073,3326,0.8809,0.5560245513916016
1206,3328,1.28,0.6137953400611877
5360,3328,0.9762,0.5752936601638794
364,3328,1.1411,0.5759255290031433
5073,3329,1.0119,0.56305330991745
2349,3329,0.9964,0.5093016028404236
364,3329,1.5034,0.591232419013977
2349,3331,0.9034,0.5884577631950378
5965,3332,1.0001,0.5383510589599609
5073,3333,0.996,0.5666937828063965
2349,3333,0.998,0.5449411273002625
3247,3333,1.0,0.5468683838844299
6082,3333,1.1021,0.5933831930160522
3879,3333,1.7736,0.7407785654067993
7058,3333,4.5545,0.973440408706665
5902,3333,2.1434,0.930927038192749
2349,3334,1.0266,0.6039367914199829
364,3334,1.4378,0.586344301700592
2349,3335,0.9245,0.5414422154426575
50,3336,1.0025,0.5192501544952393
2349,3336,1.5905,0.627214789390564
2092,3336,1.0661,0.6075772643089294
364,3337,2.1571,0.8480444550514221
3762,3340,1.0102,0.5377935171127319
364,3340,0.9965,0.5782879590988159
3247,3341,0.696,0.5715618133544922
5073,3342,1.0973,0.5547985434532166
2349,3342,1.133,0.5458216667175293
1206,3342,1.0655,0.5557621121406555
6901,3344,1.0206,0.5451264381408691
2349,3346,1.5042,0.5422523617744446
3247,3346,2.2381,0.6591393351554871
3429,3346,1.0215,0.5604674220085144
5395,3346,1.0005,0.5039103031158447
2349,3348,1.0028,0.5741844773292542
364,3348,2.3843,0.9367972612380981
2349,3349,0.9363,0.5661454796791077
3247,3349,0.9949,0.5838946104049683
179,3350,1.0176,0.5923764109611511
7205,3350,1.4509,0.6897662878036499
4457,3350,1.1944,0.7560614943504333
5073,3352,1.1805,0.5436522364616394
102,3352,0.9991,0.5318360328674316
2349,3354,0.9978,0.543016791343689
5073,3355,1.0513,0.6249893307685852
2349,3355,0.995,0.5619533658027649
5073,3356,1.006,0.5976085066795349
2349,3356,1.1316,0.5761241316795349
1206,3356,1.3957,0.5804117918014526
1178,3356,2.9792,0.8534764051437378
5528,3357,1.1331,0.5675688982009888
1206,3358,1.3335,0.6525967717170715
2349,3360,0.9912,0.5341969132423401
686,3360,0.7753,0.5434620380401611
5073,3361,0.9875,0.5344188213348389
2349,3361,0.9875,0.5228833556175232
2349,3362,1.2804,0.6806601285934448
1977,3362,1.0009,0.5745559930801392
1206,3362,2.2758,0.7632226347923279
6218,3362,1.0718,0.5544174909591675
7192,3362,1.0316,0.555156946182251
5073,3364,1.0316,0.5914663076400757
100,3365,1.0036,0.5706104636192322
4197,3365,1.0216,0.562566339969635
5073,3366,1.0711,0.5419657230377197
2349,3366,1.0485,0.5283303260803223
1112,3366,1.0092,0.5682662129402161
2214,3366,1.231,0.5559014678001404
6047,3367,0.9884,0.5466706156730652
5226,3368,0.9769,0.5568656921386719
1206,3368,0.9959,0.5426744222640991
2293,3370,1.2756,0.5521672368049622
5073,3370,2.0362,0.7035701870918274
4727,3370,0.9405,0.571901798248291
3397,3370,1.4369,0.5911427736282349
1658,3370,0.763,0.5464280247688293
5073,3371,0.9866,0.552183210849762
5073,3372,2.8993,0.7554060816764832
2349,3372,1.0653,0.5473819971084595
5073,3374,0.9757,0.5773195624351501
5073,3376,0.7564,0.6178960204124451
2349,3376,1.0348,0.6959846615791321
3247,3376,0.9374,0.5439919233322144
2349,3377,1.0033,0.5219507217407227
1868,3378,1.003,0.5283463001251221
2349,3378,1.1241,0.5669580698013306
3905,3378,1.0046,0.540827214717865
1206,3378,1.0112,0.539388120174408
5073,3380,0.8899,0.5554489493370056
2333,3380,1.0513,0.5323639512062073
2349,3380,1.313,0.6678304076194763
3247,3380,2.4673,0.9828994870185852
2216,3380,3.9528,0.960358738899231
2281,3382,2.4744,0.981635570526123
1832,3383,0.9762,0.5740805268287659
5073,3383,1.064,0.6189921498298645
2349,3383,0.8351,0.6707390546798706
2272,3384,2.6779,0.8979605436325073
3247,3385,0.9927,0.5352491736412048
5073,3386,1.2344,0.5340156555175781
2349,3386,1.1534,0.5492071509361267
6082,3386,1.2762,0.5444694757461548
658,3386,1.0138,0.5468806028366089
1206,3386,1.632,0.5825691819190979
5528,3387,1.0322,0.5913935899734497
5073,3388,0.9889,0.5415236353874207
2349,3388,1.3173,0.557819128036499
2337,3388,2.1275,0.9503877758979797
2349,3389,1.0063,0.5531476736068726
2349,3390,1.0365,0.6098135113716125
6082,3390,1.3633,0.6210314631462097
364,3390,1.7934,0.6735922694206238
5073,3391,1.7481,0.6609010100364685
2349,3391,1.9932,0.6320804953575134
2291,3392,2.6075,0.8910162448883057
2349,3392,1.3946,0.5729293823242188
2069,3392,2.0938,0.9146117568016052
435,3392,3.6464,0.9820721745491028
5073,3394,0.8991,0.5566454529762268
3247,3394,1.3784,0.5866253972053528
1206,3394,1.5985,0.5603850483894348
4034,3394,1.0014,0.5660728216171265
2641,3394,1.4612,0.7663084268569946
2349,3395,1.0031,0.5617257356643677
5073,3396,1.1569,0.577820360660553
2349,3396,1.0818,0.595584511756897
1206,3396,1.392,0.6725295186042786
364,3398,0.9993,0.5414886474609375
2927,3399,1.0051,0.5375493764877319
5073,3400,1.3945,0.5732207894325256
2349,3400,1.211,0.6024763584136963
3247,3400,0.9998,0.5642021298408508
1206,3400,0.999,0.5942400693893433
5993,3403,1.0384,0.5486224889755249
5979,3403,0.9943,0.5342232584953308
6512,3403,1.957,0.6146812438964844
5073,3404,1.1841,0.6486297845840454
3247,3404,1.3669,0.5339709520339966
2272,3404,1.1823,0.5790069699287415
5073,3405,0.9107,0.5994940996170044
3247,3405,0.9965,0.5397853851318359
5073,3406,1.0439,0.5574378371238708
6082,3406,1.9854,0.6719221472740173
5073,3408,1.0078,0.5012838840484619
2367,3408,0.8404,0.5487325191497803
1206,3408,0.9306,0.5500025153160095
2287,3409,0.9823,0.551243007183075
5073,3410,1.0013,0.5233440399169922
6082,3410,1.3615,0.6404433846473694
364,3410,1.4568,0.6630765199661255
5073,3412,0.8206,0.6475081443786621
364,3412,2.4407,0.9527212977409363
4157,3414,0.8437,0.6342805027961731
5073,3414,1.0777,0.5483049750328064
56,3414,1.3836,0.5910598635673523
2349,3414,1.3676,0.6352075338363647
7156,3414,1.0019,0.5452244281768799
1206,3414,1.4289,0.5720123648643494
3247,3415,2.5128,0.8284478783607483
5073,3416,1.547,0.6448668837547302
2349,3416,1.0108,0.5507330894470215
2272,3416,1.0112,0.5485503673553467
3247,3417,0.9964,0.5611185431480408
6586,3417,1.001,0.6399237513542175
2349,3418,1.1127,0.5809234380722046
3247,3418,0.9998,0.5344395041465759
5073,3420,1.0553,0.5481318235397339
3247,3420,1.5428,0.6506651639938354
5073,3422,1.0692,0.5585315227508545
2631,3422,1.8205,0.8859462738037109
4753,3423,0.9988,0.5772752165794373
2349,3424,1.0308,0.6434208750724792
2349,3428,1.0111,0.5572386384010315
2758,3429,0.9984,0.5494217276573181
5073,3430,1.0012,0.5528481602668762
2349,3430,0.9996,0.5443337559700012
2367,3430,1.0587,0.6038072109222412
6082,3430,1.4703,0.5770267844200134
364,3430,1.7063,0.6314210891723633
12,3431,1.0675,0.5638945698738098
50,3431,1.0067,0.5373494625091553
2349,3431,1.2084,0.5864415764808655
3247,3431,1.0407,0.552230179309845
5073,3432,1.0743,0.6515969038009644
2349,3432,1.4542,0.6844245195388794
364,3432,1.8023,0.5884572267532349
5073,3434,0.9821,0.5187692046165466
2349,3434,1.8562,0.6796954274177551
6614,3434,1.0007,0.5177636742591858
1206,3434,1.0302,0.5360450148582458
30,3436,1.0076,0.6237835884094238
6859,3436,0.7971,0.5922555327415466
5073,3436,1.0257,0.6010280847549438
3247,3436,0.9997,0.5219008922576904
3247,3437,1.0007,0.547622799873352
3825,3437,0.8188,0.6906173825263977
5073,3438,0.9914,0.518997848033905
364,3438,1.0015,0.5430080890655518
5073,3440,1.0701,0.5557127594947815
6082,3440,1.1381,0.583402156829834
364,3440,1.3616,0.5833044052124023
5073,3442,1.0063,0.5428084135055542
2349,3442,1.0067,0.5461995601654053
3961,3442,3.0094,0.9841868281364441
3557,3442,1.0133,0.5435603857040405
3247,3443,1.0047,0.5475935339927673
4193,3443,1.4778,0.6093657612800598
2349,3444,0.7981,0.5483652949333191
2272,3444,2.1021,0.8752915859222412
364,3444,1.0001,0.5606439113616943
2349,3445,1.1112,0.5601397156715393
5073,3446,1.1971,0.6435845494270325
2349,3446,1.3324,0.6317788362503052
3247,3446,0.7134,0.544742226600647
5073,3448,1.0729,0.5736198425292969
3247,3448,1.094,0.6234138607978821
5073,3450,1.0053,0.546497642993927
175,3450,4.8952,0.9731892347335815
6614,3450,1.2112,0.6107750535011292
2612,3450,1.1051,0.6171206831932068
1273,3450,1.6373,0.6025934815406799
5073,3452,0.9789,0.5149601697921753
2349,3452,0.9071,0.5686505436897278
3716,3452,0.9995,0.5127151608467102
5073,3454,0.9985,0.5027079582214355
2349,3454,1.0534,0.5883234143257141
6082,3454,0.9966,0.5383522510528564
1206,3455,0.8349,0.5519139766693115
3247,3456,1.0032,0.5676639080047607
1856,3457,1.0132,0.549384355545044
6082,3457,1.0079,0.5423187017440796
4356,3457,1.0009,0.532468318939209
1206,3457,1.0476,0.6707531213760376
5073,3459,1.374,0.6668338179588318
5285,3459,1.8008,0.5907015204429626
2349,3462,1.0324,0.5761650204658508
3247,3462,1.2986,0.6210002303123474
2059,3463,0.9906,0.5676774382591248
2349,3465,0.995,0.5573119521141052
5073,3466,0.997,0.5487789511680603
4600,3467,1.0113,0.5473641157150269
3247,3467,0.9905,0.5768288373947144
5073,3468,0.6316,0.575195848941803
2349,3468,0.7533,0.5588998794555664
6082,3468,1.6115,0.6607265472412109
1178,3468,1.4621,0.5958540439605713
5073,3469,1.3816,0.5744314193725586
2349,3469,1.2704,0.573732852935791
5073,3472,0.6846,0.6252565383911133
3447,3472,1.5839,0.5835192203521729
1206,3474,1.116,0.5485062599182129
364,3474,0.8347,0.5240715742111206
2349,3476,1.6738,0.5698828101158142
6082,3476,1.3403,0.5615258812904358
1253,3476,0.9984,0.5327056646347046
2349,3477,0.9951,0.5433940291404724
2349,3478,0.8309,0.6178396344184875
6082,3478,0.4108,0.623925507068634
2272,3478,1.7443,0.5959879159927368
5073,3479,1.4999,0.6296425461769104
2349,3480,1.0275,0.6047296524047852
5073,3481,1.1804,0.6824353337287903
1206,3481,0.8073,0.5469492077827454
6861,3482,1.9684,0.6024653911590576
3247,3482,1.0014,0.5860496759414673
1206,3483,1.5905,0.6548348665237427
1701,3483,2.3082,0.6639578342437744
5360,3483,1.1975,0.640669584274292
1868,3484,1.1013,0.5562073588371277
3247,3486,1.3063,0.6234744191169739
5073,3487,1.0318,0.5353530049324036
5073,3489,0.5965,0.5746110677719116
2349,3489,0.9615,0.6099553108215332
3247,3489,0.971,0.5271035432815552
1206,3489,1.2202,0.5855658650398254
2349,3492,0.9334,0.6199890375137329
1206,3492,0.7515,0.5456013679504395
2272,3492,0.9888,0.5434145331382751
6723,3492,1.715,0.7595937848091125
5073,3493,1.1788,0.6657476425170898
4578,3495,0.9954,0.7143388390541077
2349,3495,1.0,0.6964080929756165
3247,3495,1.8674,0.6279500722885132
1206,3495,1.887,0.6222142577171326
6218,3495,0.906,0.7358542680740356
7204,3495,0.8367,0.5526527762413025
5073,3497,1.0231,0.6183865070343018
5360,3497,1.5011,0.6151726245880127
2734,3499,1.1621,0.590484619140625
5073,3499,0.9716,0.5859050154685974
2349,3499,1.0715,0.566048264503479
2945,3499,0.9769,0.5736651420593262
4935,3499,0.8433,0.530339241027832
505,3500,1.5867,0.5973139405250549
3247,3501,1.0057,0.5862776041030884
5560,3501,0.9979,0.5466678142547607
1206,3501,1.1611,0.6914646625518799
364,3501,0.999,0.5405883193016052
2349,3502,0.9297,0.5522331595420837
1658,3502,1.1022,0.5706139206886292
5073,3503,1.0002,0.5575586557388306
2349,3503,1.6152,0.5506449937820435
3247,3503,1.0007,0.5405649542808533
5650,3503,1.3133,0.5473495721817017
1206,3503,1.514,0.6777639389038086
4054,3503,0.9976,0.5371480584144592
435,3503,1.0198,0.5458154678344727
5073,3506,1.0054,0.5384740233421326
2349,3506,0.9978,0.550118088722229
5073,3507,1.1378,0.6184707283973694
5073,3508,1.0239,0.5603914260864258
5073,3509,1.0601,0.5675580501556396
3247,3509,0.9986,0.5483731627464294
1206,3510,1.009,0.5521436333656311
3211,3511,1.2929,0.5613278746604919
2349,3511,0.6413,0.5615106225013733
515,3511,1.0812,0.5567988753318787
1206,3511,1.0448,0.614570140838623
5073,3512,1.4403,0.5802093744277954
1206,3512,2.0583,0.9424724578857422
5073,3513,1.0679,0.5631338357925415
3670,3513,1.0006,0.5109769105911255
5073,3514,1.0002,0.5432605147361755
5712,3514,1.9988,0.9041942358016968
5073,3515,0.9926,0.677901566028595
3247,3515,1.3203,0.6882716417312622
2367,3515,1.5107,0.6774985194206238
3845,3515,1.3738,0.6573794484138489
3596,3515,2.221,0.7070709466934204
5073,3517,1.1667,0.5388073325157166
5073,3518,0.9963,0.5587842464447021
2281,3518,0.9748,0.5504407286643982
3247,3518,1.008,0.5380416512489319
5073,3519,1.001,0.5442302823066711
1206,3519,0.9827,0.5335579514503479
1705,3519,0.9934,0.5287063717842102
3247,3520,1.0166,0.5498560070991516
2349,3521,0.9829,0.5454456210136414
5073,3523,1.589,0.7150769829750061
2349,3523,1.1632,0.5128178000450134
3247,3523,1.8471,0.5921434760093689
4978,3523,2.0634,0.9180970788002014
1206,3526,1.0124,0.5515274405479431
2778,3527,1.3005,0.5745368599891663
5073,3528,2.1213,0.8512534499168396
2349,3528,1.1093,0.5981610417366028
7060,3528,0.9259,0.5724170804023743
5073,3529,0.9929,0.5463488101959229
6082,3529,1.564,0.569236159324646
2349,3530,1.207,0.5830520987510681
5069,3532,0.5747,0.6413341164588928
5073,3532,1.0082,0.5822376608848572
5488,3532,1.0128,0.5800631046295166
3247,3533,0.961,0.5453178286552429
3247,3534,0.9928,0.5497953295707703
1206,3535,1.0735,0.5669313073158264
5492,3536,1.5045,0.7140238285064697
3247,3536,1.42,0.6902579665184021
1206,3537,0.7928,0.6335178017616272
3540,3537,1.8714,0.927083432674408
2349,3538,1.2095,0.5575091242790222
2053,3538,1.0122,0.5438452959060669
5073,3539,0.9399,0.6139172911643982
5963,3540,1.0278,0.5782133340835571
5073,3543,0.9954,0.5378602147102356
3247,3543,2.2848,0.9578955173492432
3247,3544,0.9872,0.5522454380989075
2816,3544,1.0061,0.5805599093437195
5073,3545,1.3248,0.5777696967124939
2349,3545,1.0088,0.5481591820716858
6169,3545,1.7338,0.6428942084312439
1206,3546,1.016,0.5651216506958008
3247,3547,1.8644,0.594669759273529
1206,3547,2.1816,0.6656959652900696
6796,3547,1.0155,0.5551764965057373
1289,3547,1.0085,0.5492803454399109
3227,3548,1.6966,0.5804582834243774
5073,3549,1.0006,0.5489354133605957
2349,3549,1.0852,0.5485500693321228
3247,3549,1.0043,0.5317853093147278
2937,3549,1.4953,0.606465756893158
1206,3549,1.0387,0.5423949360847473
369,3549,1.0478,0.5487902760505676
2349,3550,1.0117,0.5575419068336487
5073,3551,1.0143,0.5770936608314514
1401,3551,1.844,0.7994326949119568
2349,3551,1.0867,0.5637276768684387
5073,3552,1.0251,0.546019434928894
3247,3553,1.0054,0.5894215703010559
1971,3553,1.2843,0.5662938952445984
1206,3553,1.8199,0.6574680805206299
2349,3554,0.8954,0.5750137567520142
3247,3555,1.069,0.585722029209137
1206,3555,1.037,0.5613433122634888
2349,3556,1.3206,0.5751396417617798
3247,3556,1.9727,0.5973414182662964
1206,3556,0.9927,0.5443997383117676
6082,3557,2.3199,0.7030724287033081
3435,3557,1.1403,0.5814551711082458
1648,3557,0.9996,0.5374751091003418
2387,3558,1.0051,0.5336416959762573
2349,3560,0.979,0.5703268647193909
2915,3560,0.9993,0.5318069458007812
2349,3561,1.2854,0.5950234532356262
4350,3562,1.0358,0.5565914511680603
2349,3563,1.5259,0.6273579597473145
1206,3563,1.0729,0.558707058429718
487,3565,1.2214,0.5823157429695129
3247,3565,1.1311,0.567960798740387
5073,3566,2.1683,0.796874463558197
3652,3566,0.9769,0.5343677997589111
531,3567,1.2944,0.6409623622894287
1206,3567,1.6212,0.5952799916267395
3586,3567,0.994,0.56754469871521
5073,3568,1.1403,0.5564225912094116
3247,3568,0.9987,0.5485629439353943
2272,3569,1.0345,0.5378339290618896
2059,3570,0.9848,0.5421420335769653
5073,3571,1.1132,0.5783889293670654
6082,3571,0.9641,0.5712810158729553
2272,3571,1.1217,0.5782355666160583
5073,3573,0.9903,0.6101641058921814
2349,3573,1.0,0.5182062387466431
3247,3574,0.9865,0.5614635348320007
2349,3575,0.6009,0.5341880917549133
3247,3575,2.0085,0.7441517114639282
1008,3576,1.2746,0.5671339631080627
5073,3579,1.0532,0.5633646249771118
1206,3579,0.9763,0.5727132558822632
952,3580,0.961,0.6246473789215088
5033,3580,1.0112,0.5559071898460388
475,3580,1.0896,0.6007292866706848
3247,3580,1.4352,0.6057579517364502
5073,3581,0.9892,0.5331807732582092
5073,3584,0.9897,0.5550190210342407
497,3584,0.9873,0.5284985899925232
58,3584,0.9792,0.6243643760681152
5073,3585,0.9962,0.5844318270683289
6614,3585,0.9979,0.5057920813560486
1658,3586,0.924,0.5485022068023682
1096,3587,3.2359,0.9116867184638977
6796,3587,2.0563,0.8923764228820801
2349,3588,1.2313,0.5365518927574158
5073,3589,0.9959,0.5884370803833008
2349,3589,1.0608,0.6354534029960632
2969,3589,1.0476,0.5643728971481323
952,3590,0.9927,0.5562983751296997
5073,3591,1.0076,0.5970805287361145
2349,3591,1.0758,0.5654942393302917
5246,3591,1.5827,0.5743994116783142
2349,3593,1.2069,0.5767773389816284
6082,3593,1.5299,0.6852663159370422
2272,3593,2.6576,0.705969512462616
3692,3595,1.0307,0.5568041801452637
2367,3596,1.2045,0.6468920111656189
3845,3596,0.92,0.6258993744850159
5073,3597,1.2308,0.5480861663818359
2272,3597,3.3737,0.9318567514419556
5073,3598,2.4984,0.9705600738525391
3247,3599,1.1141,0.527246356010437
5073,3601,1.5097,0.7015995979309082
2349,3601,1.1358,0.6177842617034912
1206,3601,1.0292,0.6783177852630615
5383,3602,1.7468,0.5900937914848328
6947,3603,0.9867,0.5870506763458252
5073,3605,0.9939,0.642667829990387
2349,3606,1.034,0.5624115467071533
6638,3606,1.3875,0.6102514266967773
5073,3607,1.0105,0.5834728479385376
8,3607,2.0681,0.6036210656166077
2349,3607,1.421,0.6160970330238342
1206,3607,0.9827,0.5307153463363647
5285,3607,1.2406,0.5656070709228516
5073,3608,1.0565,0.5526163578033447
3247,3608,1.0725,0.6009464859962463
2349,3609,0.9284,0.5110650062561035
489,3610,1.4375,0.5648327469825745
5073,3611,1.1874,0.6352095007896423
916,3611,1.4026,0.5907565355300903
2349,3611,1.165,0.5689067244529724
6907,3611,1.0326,0.5872373580932617
6660,3611,1.2448,0.5766892433166504
5965,3612,1.0799,0.5578315258026123
6218,3612,5.9192,0.9863883852958679
24,3613,1.5873,0.6831719279289246
2349,3613,1.3411,0.6659764647483826
1582,3613,1.0159,0.5608596205711365
5073,3615,0.9952,0.5591674447059631
1206,3617,1.0143,0.6391189694404602
5073,3618,1.0599,0.5593240261077881
6855,3619,0.9591,0.5852446556091309
48,3619,0.9951,0.5366804003715515
5073,3619,1.0997,0.5885928869247437
2349,3619,1.4433,0.5970563888549805
6082,3619,1.4321,0.5943760871887207
6218,3619,1.1223,0.592853844165802
5393,3619,1.2202,0.5844351053237915
5073,3620,0.738,0.6740460395812988
2349,3621,1.1072,0.6989489793777466
2349,3622,1.0401,0.586799681186676
5073,3623,0.7979,0.5298519730567932
5073,3625,1.2543,0.6936627626419067
2349,3626,1.1765,0.5630085468292236
5073,3628,1.0561,0.6794905662536621
5073,3630,1.0907,0.556939423084259
2349,3631,1.3526,0.5640217661857605
1206,3631,0.6261,0.5936136841773987
5073,3634,1.0169,0.5565348863601685
2349,3634,1.004,0.5478202104568481
6082,3634,1.0238,0.5513325333595276
2349,3635,1.1138,0.5327879190444946
3762,3636,0.9329,0.6154385209083557
5073,3637,2.0377,0.9473982453346252
6082,3638,1.8811,0.6230557560920715
1206,3639,0.5106,0.553238034248352
2349,3641,0.9993,0.6370786428451538
421,3645,0.9257,0.5552796125411987
5073,3646,0.9842,0.5823402404785156
2349,3646,1.3475,0.6779497861862183
3247,3646,0.9995,0.5317031145095825
5162,3646,0.9995,0.511581540107727
2349,3647,0.9906,0.5503212213516235
1206,3647,0.7401,0.5565707087516785
5073,3648,0.9687,0.6033384799957275
1836,3648,2.3369,0.9368464350700378
3247,3648,1.7894,0.5797607898712158
2349,3649,0.9851,0.6115911602973938
5896,3649,1.0048,0.5522591471672058
5073,3651,1.0366,0.5632340312004089
2349,3651,1.1335,0.5847909450531006
3247,3651,1.3443,0.5766633749008179
1206,3651,0.9617,0.552102267742157
184,3653,1.4163,0.6478244662284851
5073,3657,0.9923,0.5443807244300842
2349,3659,1.004,0.5402566194534302
1451,3661,1.0041,0.5067723393440247
1324,3661,1.0041,0.5383186936378479
1206,3663,1.0447,0.5650046467781067
413,3663,1.36,0.5915766358375549
6082,3665,1.1835,0.6526579260826111
6082,3667,1.0031,0.5628912448883057
6865,3669,1.0242,0.5574353337287903
5073,3669,1.2684,0.5620810389518738
3193,3669,1.0009,0.5898590683937073
6957,3669,2.9719,0.9868946075439453
7100,3671,1.4643,0.5632072687149048
2349,3673,1.0233,0.5578585863113403
3247,3673,3.0342,0.9895697832107544
5073,3675,0.9893,0.5549467206001282
5073,3677,1.7853,0.5935708284378052
4588,3677,0.9999,0.5388608574867249
2349,3677,1.2119,0.6167449951171875
3247,3677,2.0018,0.8930191993713379
1206,3677,1.2508,0.5565173625946045
2445,3677,2.0887,0.8406159281730652
1206,3679,0.6618,0.6087607741355896
364,3679,3.0338,0.9846044182777405
2092,3681,1.1551,0.5425026416778564
5073,3683,1.0569,0.5532423257827759
6420,3683,1.1828,0.6897541880607605
3247,3683,1.2614,0.6227490305900574
1606,3683,1.0769,0.5529285669326782
2900,3683,1.0304,0.5434415936470032
1462,3683,9.0727,0.9933058619499207
2349,3685,0.7836,0.5815039873123169
3247,3685,0.9851,0.5456334352493286
1206,3685,0.9816,0.5438646078109741
7224,3685,1.0008,0.5454152822494507
2349,3687,1.0092,0.5443375110626221
1206,3687,1.2136,0.6465098857879639
5333,3687,1.0067,0.5427183508872986
6723,3687,1.9944,0.6726016402244568
5342,3687,1.4593,0.6712684035301208
4339,3687,0.9759,0.5759317874908447
5073,3689,1.0191,0.5617423057556152
473,3689,0.9816,0.5305526852607727
3247,3691,1.2419,0.6792681217193604
364,3691,0.9967,0.5409803986549377
1555,3691,6.665,0.9916260242462158
3907,3693,0.9928,0.5361489653587341
5039,3695,1.0975,0.613667368888855
2349,3695,0.9832,0.538475513458252
5264,3695,0.9997,0.5339329838752747
3517,3697,1.1457,0.611021876335144
5073,3699,0.8995,0.5813013315200806
2349,3699,1.0435,0.558600664138794
686,3699,0.8491,0.552413821220398
5073,3701,1.0911,0.6326586008071899
2349,3701,0.9791,0.55707848072052
3247,3701,1.3806,0.5572798848152161
364,3701,1.5972,0.5627951622009277
5327,3703,2.8168,0.9706064462661743
5073,3705,0.6602,0.564328134059906
2349,3705,1.0459,0.6225722432136536
6723,3705,2.2133,0.7801480889320374
2349,3707,1.5568,0.5723100304603577
3247,3707,2.4894,0.6646962761878967
5073,3709,0.9931,0.5648247003555298
2349,3709,0.9893,0.5406175851821899
1112,3709,0.9893,0.5886012315750122
2272,3709,0.9984,0.5694864392280579
2092,3709,1.4968,0.556345522403717
1836,3710,0.9892,0.561664879322052
369,3711,0.982,0.5436805486679077
1369,3713,1.3229,0.7162168025970459
5528,3713,1.4181,0.585650622844696
5021,3714,1.0173,0.5968720316886902
5073,3715,1.0011,0.555481493473053
5073,3717,0.9962,0.5758478045463562
364,3717,1.1663,0.5987155437469482
5073,3719,1.5461,0.5946023464202881
2349,3719,0.9478,0.6073845028877258
1206,3719,1.1736,0.6250884532928467
5073,3721,1.0049,0.5432008504867554
3541,3721,2.4948,0.9786776304244995
5073,3723,1.0722,0.5490171909332275
2092,3723,0.9714,0.5348299741744995
5073,3729,1.0021,0.5461881160736084
5073,3731,1.007,0.5428707003593445
852,3731,3.7174,0.9897228479385376
5073,3733,1.5247,0.622584879398346
364,3733,0.8438,0.5843994617462158
5969,3735,0.8819,0.5903494954109192
3205,3737,1.0015,0.5392616987228394
5073,3739,1.0958,0.5574432015419006
6082,3739,0.9804,0.5373612642288208
3247,3741,1.0402,0.5470221042633057
5073,3747,1.0021,0.6310295462608337
5285,3747,1.4615,0.5861607193946838
4121,3748,1.0695,0.5675440430641174
5073,3749,1.1886,0.5753404498100281
3247,3749,1.0012,0.5469386577606201
3517,3749,4.3376,0.9924847483634949
5683,3751,1.2486,0.5778254270553589
4622,3752,1.0163,0.5509279370307922
5073,3753,1.4139,0.6090367436408997
1206,3753,0.7458,0.5888187885284424
3572,3753,1.2436,0.6184657216072083
2281,3754,1.1163,0.5560885667800903
5073,3755,1.1125,0.6892105340957642
364,3757,0.8657,0.5494240522384644
1222,3757,0.1035,0.5694777965545654
918,3758,1.004,0.5513132810592651
364,3759,1.6241,0.6372434496879578
16,3760,0.9518,0.5915214419364929
1868,3760,0.9983,0.5490444302558899
5073,3761,1.067,0.5700984001159668
5566,3761,1.089,0.5574039220809937
1658,3761,1.2351,0.5601878762245178
3818,3763,3.4312,0.9827706813812256
5073,3764,0.9869,0.5340718030929565
3670,3764,2.0499,0.9136578440666199
2349,3764,1.0045,0.531964898109436
364,3764,2.1624,0.6572350263595581
1131,3764,3.9839,0.9748926162719727
4592,3765,2.7473,0.8876850605010986
4590,3765,1.8932,0.7237926721572876
3247,3765,0.7365,0.5717876553535461
1206,3765,1.1501,0.5497270226478577
5285,3765,0.784,0.5564972758293152
364,3765,0.9115,0.5016691088676453
2018,3765,0.8713,0.5876736044883728
4622,3767,2.4041,0.9637882709503174
2349,3767,1.283,0.6840305328369141
5073,3768,0.6199,0.6726281642913818
2349,3768,1.4378,0.5971651673316956
2272,3768,1.4089,0.5876338481903076
5073,3769,0.9462,0.5956087112426758
2018,3770,0.793,0.5800889134407043
3247,3771,2.493,0.731001615524292
6581,3771,3.104,0.9883074164390564
2000,3771,2.7516,0.9708037972450256
2349,3772,1.2057,0.6388201713562012
2272,3772,1.0029,0.5440354347229004
364,3772,0.9839,0.5328375697135925
5073,3773,0.911,0.5749276280403137
5985,3773,1.2594,0.7065035104751587
2349,3773,0.9059,0.578198254108429
2365,3773,1.0276,0.6052612662315369
3247,3773,2.1491,0.7253923416137695
5073,3774,0.9995,0.5105785727500916
362,3774,2.3804,0.9587897658348083
2349,3776,1.0652,0.6356741786003113
1206,3776,1.5608,0.5843046307563782
6326,3776,0.7871,0.5654460787773132
3634,3776,2.4957,0.8625620007514954
5073,3777,1.1406,0.5839773416519165
2349,3777,1.2644,0.7351487278938293
364,3777,2.5787,0.9623646140098572
364,3779,1.5404,0.5692878365516663
2349,3780,0.967,0.581760048866272
2488,3780,0.9881,0.5164242386817932
841,3780,2.05,0.8369428515434265
1206,3784,1.1387,0.5738116502761841
5073,3786,0.9128,0.636588454246521
2349,3786,1.0727,0.6820968389511108
3247,3787,1.1516,0.5575764775276184
1206,3787,0.9829,0.5491183996200562
3430,3787,0.9747,0.610761284828186
1206,3788,1.2162,0.6385163068771362
4283,3788,4.5463,0.9898452758789062
5073,3789,0.9882,0.5462242364883423
2349,3789,1.4666,0.5574461221694946
2315,3791,1.0653,0.5629889965057373
2349,3791,1.0071,0.5206542611122131
3247,3791,0.9984,0.5329071879386902
5125,3791,3.9434,0.9851124882698059
1658,3791,1.0019,0.5013606548309326
4054,3791,0.9219,0.5315538048744202
364,3791,1.305,0.53415846824646
6134,3791,4.4625,0.9877462387084961
3223,3793,1.0149,0.5470292568206787
1206,3793,1.3433,0.6981402635574341
364,3793,1.7747,0.8147909045219421
6082,3795,1.6435,0.7200199365615845
7222,3795,1.0031,0.5543326735496521
2092,3795,1.5477,0.5535973310470581
4800,3795,1.0012,0.5231677293777466
2349,3796,1.06,0.5563835501670837
364,3796,1.0935,0.6854494214057922
1206,3798,1.0053,0.5351415276527405
3247,3799,0.9871,0.6073203682899475
3247,3800,1.9787,0.8571748733520508
7112,3800,1.3695,0.6813820600509644
5514,3801,2.0756,0.7219013571739197
2349,3801,0.9914,0.545861542224884
4147,3802,1.8606,0.5840253829956055
5073,3802,0.9304,0.6322922706604004
2349,3802,0.9734,0.580278217792511
1206,3802,2.0384,0.6981539130210876
827,3802,1.4352,0.6228951811790466
812,3802,1.1489,0.5817385315895081
3247,3804,2.069,0.6184767484664917
2349,3805,0.9999,0.5365272164344788
3247,3806,0.9363,0.6838630437850952
5073,3807,1.8577,0.5887917280197144
2291,3808,0.9899,0.5092802047729492
2349,3808,0.9814,0.5497158169746399
1206,3808,1.0049,0.5481380224227905
2349,3809,0.9867,0.5466597676277161
2349,3810,1.7064,0.6703406572341919
4338,3810,1.0955,0.5788548588752747
1206,3810,2.0916,0.7212120890617371
2349,3811,0.9904,0.5880916714668274
3247,3811,0.9053,0.5969113111495972
2349,3812,0.9752,0.6024166345596313
3247,3812,1.795,0.773354172706604
1206,3812,1.086,0.5654640793800354
855,3812,1.0767,0.569643497467041
3106,3812,1.0638,0.5605424642562866
5073,3813,0.9645,0.5604225993156433
5073,3814,1.0349,0.5670816898345947
2349,3814,0.941,0.5818905830383301
3247,3814,2.4923,0.9452345967292786
102,3814,1.372,0.5771925449371338
7074,3814,1.2246,0.6105243563652039
6082,3816,1.0755,0.6042198538780212
364,3816,2.9176,0.9905940294265747
5029,3817,1.0325,0.548641562461853
5069,3819,1.1544,0.6137012243270874
5073,3819,1.2207,0.5699101090431213
3666,3819,1.2274,0.582377552986145
2349,3819,0.9985,0.5440753698348999
5073,3820,1.0036,0.5505443811416626
2333,3820,1.0068,0.5529133081436157
3247,3820,1.0107,0.5664196610450745
1206,3820,1.0366,0.5683200359344482
1243,3820,1.0109,0.5493375062942505
5073,3821,1.1251,0.5358750820159912
475,3821,1.2635,0.5720179677009583
5073,3822,1.6089,0.6350429058074951
1206,3822,1.2574,0.6840072274208069
2687,3822,1.0389,0.5712734460830688
2349,3823,1.0275,0.5379422903060913
3247,3823,0.9956,0.530534565448761
2349,3824,1.0873,0.5742980241775513
3247,3824,1.7288,0.5788884162902832
1206,3824,1.1579,0.5923658013343811
2130,3824,1.0944,0.5446116328239441
2349,3825,1.004,0.5390891432762146
4117,3826,1.7051,0.5623821020126343
5073,3826,1.0271,0.5805787444114685
2349,3826,1.2112,0.6025736331939697
6961,3826,1.0198,0.5571715235710144
1206,3826,1.7537,0.5857997536659241
2349,3827,0.998,0.5701468586921692
5073,3828,0.9914,0.590610146522522
2349,3828,0.7664,0.6666769981384277
1206,3828,1.0466,0.5585528612136841
2349,3830,1.0273,0.5488542914390564
3247,3831,1.425,0.5949127674102783
5073,3832,1.7011,0.6069722771644592
364,3832,1.0087,0.5586384534835815
3247,3833,1.0781,0.579336941242218
5073,3834,1.0492,0.5527512431144714
519,3835,1.0212,0.5584707260131836
3247,3835,1.0009,0.564644992351532
88,3837,3.2896,0.995130181312561
5488,3838,1.0868,0.6860485672950745
3247,3838,1.2271,0.672074556350708
3247,3839,1.0162,0.5459519624710083
5073,3840,1.0718,0.6517265439033508
2349,3840,1.4443,0.5699400901794434
3674,3841,1.3204,0.5884573459625244
5131,3841,0.8546,0.5512886643409729
5482,3842,1.0028,0.5939620733261108
2349,3842,1.0189,0.6337127089500427
3247,3842,2.0814,0.9342013597488403
1206,3842,1.1629,0.5363476276397705
6716,3842,0.98,0.542303204536438
3174,3842,1.4532,0.5871832966804504
4025,3844,6.2334,0.9950527548789978
2349,3845,0.9975,0.5493916273117065
2367,3845,1.0821,0.59427410364151
2319,3846,1.0004,0.5475805997848511
5073,3846,1.9667,0.6179807782173157
1206,3846,0.7265,0.5313832759857178
2349,3847,1.052,0.5703677535057068
5073,3848,1.0343,0.5726417303085327
3855,3848,0.9788,0.59592604637146
2167,3848,1.0451,0.5742107629776001
4888,3848,1.4216,0.6243794560432434
5073,3850,1.0364,0.5928406119346619
5073,3851,1.0262,0.570586085319519
2349,3851,0.9586,0.6070528626441956
5073,3852,1.357,0.5581490397453308
2349,3852,1.1465,0.5900631546974182
6675,3852,1.3277,0.6229822635650635
5073,3854,1.0108,0.5611783266067505
2349,3854,1.6227,0.6031420230865479
6614,3854,1.042,0.5501798987388611
364,3854,2.9042,0.971828043460846
2349,3856,1.0418,0.5706444382667542
3247,3856,1.3298,0.5486264824867249
364,3856,2.914,0.9799986481666565
48,3857,0.9922,0.5321841239929199
3710,3857,1.0209,0.5441111922264099
1824,3858,1.2084,0.5740583539009094
364,3858,1.3252,0.7145578265190125
5073,3860,1.0494,0.5530232191085815
1206,3862,0.8813,0.6240037083625793
2808,3863,1.1025,0.5920843482017517
505,3864,1.1106,0.5896350145339966
5073,3866,0.6082,0.6358761787414551
5957,3866,1.1783,0.5810521245002747
3247,3866,1.3785,0.6193265318870544
1206,3866,0.9001,0.6769604682922363
364,3866,1.661,0.5531584620475769
2349,3868,1.8847,0.6202088594436646
3247,3868,0.9992,0.5428237318992615
6346,3868,1.0786,0.5497492551803589
4054,3868,2.3634,0.7787424325942993
3568,3868,2.1352,0.7778865694999695
2349,3870,1.0595,0.5419714450836182
5494,3871,1.0072,0.5588469505310059
3247,3872,1.2158,0.6489912867546082
5073,3874,1.4914,0.5641463398933411
3247,3874,1.2018,0.5787532925605774
2381,3874,0.7548,0.5436089634895325
364,3874,2.13,0.8442882299423218
2349,3876,0.9128,0.6444615125656128
4366,3876,1.0801,0.5717921853065491
5073,3878,1.0769,0.644191324710846
2349,3878,1.0512,0.5617123246192932
5073,3880,0.9176,0.5274519920349121
3247,3880,1.1861,0.5886209011077881
5073,3882,1.0306,0.5972517132759094
2272,3882,1.2169,0.5935733914375305
5172,3883,0.9977,0.5645719766616821
555,3885,1.3742,0.5808407068252563
1112,3886,1.4798,0.572815477848053
6955,3887,0.9724,0.543695330619812
6891,3889,1.0339,0.5526477694511414
6933,3889,0.9929,0.5456104278564453
1520,3889,1.0009,0.5758156776428223
2734,3892,1.6579,0.5886361598968506
2349,3894,1.0129,0.6123537421226501
2349,3896,1.0084,0.5798127055168152
5073,3898,1.0396,0.6297810673713684
3247,3898,1.1784,0.6956280469894409
3247,3900,1.0508,0.5538613200187683
7211,3900,1.0128,0.5484717488288879
1381,3901,1.0714,0.5357673764228821
2223,3902,1.3571,0.6538473963737488
6745,3902,0.7052,0.5529460906982422
5073,3904,1.0007,0.5477065443992615
6490,3904,0.9669,0.5411874651908875
1206,3904,0.4569,0.5459726452827454
2349,3905,2.2092,0.9576959013938904
3247,3906,1.4834,0.6988837122917175
2092,3906,1.0326,0.5553135275840759
6452,3908,1.0353,0.5520168542861938
2349,3908,0.9763,0.5828762054443359
4054,3908,0.8582,0.57840895652771
364,3908,1.3573,0.5729312300682068
5073,3910,1.029,0.546795129776001
4592,3911,0.7204,0.6195070743560791
5285,3911,1.1222,0.6578652262687683
5073,3912,1.2522,0.5354461073875427
3247,3912,1.1678,0.5389750599861145
2051,3912,1.6679,0.5844489336013794
1206,3912,1.1422,0.638414204120636
2272,3912,1.8671,0.5826478004455566
1206,3914,1.0121,0.5418822169303894
2349,3915,1.1687,0.5990619659423828
3247,3915,1.1017,0.57594233751297
364,3915,2.7524,0.9800594449043274
6672,3917,0.998,0.5052183866500854
5073,3918,0.9864,0.5813629627227783
5073,3919,1.0028,0.5463579297065735
5073,3922,1.1823,0.5625231266021729
2349,3922,0.7873,0.5827776789665222
259,3923,1.0047,0.5509754419326782
5073,3924,1.1197,0.5553183555603027
5073,3925,1.2707,0.6535430550575256
2349,3925,1.1464,0.6605731844902039
4054,3925,1.3122,0.6470832228660583
435,3925,1.4576,0.5776145458221436
5073,3926,1.0031,0.5539484024047852
4592,3927,1.0407,0.5535565614700317
5073,3927,1.0666,0.6627033948898315
6783,3927,7.6099,0.9924042820930481
1206,3928,1.8918,0.7015531659126282
1870,3930,0.3895,0.5791297554969788
1206,3930,0.6508,0.5933400988578796
435,3930,2.5558,0.6725389957427979
5073,3935,1.0024,0.543766975402832
2272,3935,3.6922,0.9706519246101379
3247,3936,1.6591,0.6652334332466125
1467,3936,1.0055,0.5639291405677795
5073,3937,0.8782,0.5537060499191284
2349,3937,0.9771,0.5699331760406494
3247,3937,1.1044,0.5500084757804871
2367,3937,0.8866,0.6005573868751526
2349,3939,0.919,0.5442565679550171
5360,3939,1.1202,0.5886550545692444
364,3939,0.7626,0.5810214877128601
364,3940,0.9842,0.5618135929107666
5073,3941,0.9596,0.6642464399337769
1206,3941,0.7962,0.5894780158996582
5073,3944,1.0903,0.6797822713851929
3247,3944,0.9224,0.6190329790115356
2367,3944,0.9963,0.5055947303771973
6191,3944,0.9783,0.5964117050170898
6614,3944,1.0047,0.5660099387168884
5285,3944,1.1272,0.5514064431190491
6374,3944,0.7803,0.5352264046669006
1206,3945,0.7323,0.5861278772354126
2272,3945,1.2306,0.5584084391593933
3698,3946,0.9997,0.5450788736343384
362,3948,2.9872,0.992479681968689
364,3950,0.9997,0.5371796488761902
5073,3951,1.2875,0.5867379903793335
2349,3951,0.6104,0.5857176184654236
2349,3952,1.0348,0.5648921132087708
2349,3953,0.9938,0.5357051491737366
6082,3953,1.2979,0.6084760427474976
5878,3953,1.0024,0.5555666089057922
5073,3955,1.0099,0.6337724328041077
6568,3955,1.0039,0.523443877696991
5896,3955,1.1789,0.5417122840881348
5073,3957,1.0532,0.567590594291687
3247,3957,1.4434,0.5432947278022766
2349,3958,0.9977,0.5345950126647949
3247,3958,1.0056,0.546739399433136
2347,3958,1.6477,0.5633061528205872
5073,3959,1.0736,0.567517876625061
2349,3959,1.0029,0.5687311291694641
3247,3959,1.0025,0.5668114423751831
2053,3959,2.1343,0.7825258374214172
1206,3959,1.076,0.5672895908355713
2291,3961,0.8064,0.5949636697769165
2349,3961,0.9246,0.5999176502227783
5073,3963,1.0968,0.5841370224952698
2349,3963,1.0887,0.6687007546424866
5073,3964,1.0018,0.5394610166549683
3247,3964,0.987,0.5380855798721313
5073,3965,1.6757,0.6109938621520996
5073,3967,0.8369,0.5818290114402771
3247,3967,2.4783,0.9725204110145569
369,3967,1.1276,0.5879847407341003
2349,3969,0.9108,0.5124391913414001
3247,3969,2.5482,0.8118441104888916
557,3969,1.02,0.5699638724327087
1206,3969,1.0761,0.5590978860855103
6364,3969,0.7368,0.6459213495254517
5073,3971,0.996,0.5870267152786255
6867,3971,2.0834,0.9439665675163269
3247,3971,1.002,0.5756523609161377
2067,3971,2.5805,0.9489639401435852
3853,3971,2.4824,0.9870684146881104
5415,3971,3.0714,0.9593719244003296
3247,3972,1.2289,0.5504774451255798
5073,3973,1.0339,0.5469076037406921
6578,3973,1.0037,0.5359372496604919
4484,3973,1.5961,0.6560618877410889
2734,3974,1.0421,0.5681872367858887
3652,3974,1.3174,0.5940682888031006
1658,3974,1.9922,0.7317898273468018
1206,3974,4.4606,0.9930292963981628
6218,3974,0.9984,0.5555275082588196
2349,3975,1.5886,0.6628249883651733
1206,3975,1.0752,0.5546369552612305
5073,3977,0.9504,0.6937643885612488
3247,3977,1.5045,0.5673148036003113
1206,3977,2.2772,0.7863226532936096
4472,3977,1.0114,0.5549626350402832
855,3977,2.4085,0.973473846912384
4044,3977,1.7577,0.7121148705482483
2778,3979,2.2098,0.9418321847915649
6624,3979,1.34,0.6517475247383118
3247,3980,1.0229,0.5615220069885254
5073,3981,0.9145,0.5621247291564941
2349,3981,0.9854,0.6034813523292542
3247,3981,0.9811,0.5518386960029602
2816,3981,0.9539,0.5352670550346375
3247,3982,1.2333,0.5559462904930115
5073,3983,1.0025,0.5958432555198669
3441,3984,0.9821,0.6625415086746216
5570,3985,1.0972,0.5564953088760376
5580,3985,1.0219,0.5423799157142639
2349,3986,0.9866,0.6367856860160828
2349,3987,0.8753,0.5579810738563538
3247,3987,0.9954,0.5460334420204163
1206,3987,1.1165,0.5755157470703125
6644,3988,1.9231,0.6077556610107422
2349,3989,1.7611,0.7160734534263611
3247,3989,1.0027,0.5321701765060425
5073,3990,0.9762,0.576141357421875
5506,3990,0.9933,0.5326888561248779
5073,3993,0.9956,0.5535604953765869
2349,3993,1.1088,0.5858194828033447
3247,3993,1.9237,0.8998309373855591
5073,3994,1.0034,0.5142068266868591
2349,3994,0.9958,0.5429816246032715
3247,3994,1.0036,0.5430469512939453
1658,3994,0.9219,0.5914946794509888
1206,3995,0.984,0.5843414068222046
5073,3996,1.2171,0.5904812216758728
1206,3996,2.2794,0.9098318815231323
1206,3997,1.1887,0.5953422784805298
6348,3997,1.1264,0.549308180809021
1132,3998,1.0013,0.5416411757469177
5073,3999,0.8778,0.6124531626701355
3247,3999,0.5585,0.6855347752571106
3247,4000,1.6982,0.624602735042572
1114,4000,1.0823,0.6065546274185181
5073,4001,1.2679,0.565675675868988
2349,4001,1.0068,0.52483069896698
369,4001,1.0001,0.5290712714195251
4753,4002,1.1199,0.5711309313774109
3815,4002,1.5437,0.636421799659729
5073,4003,1.0076,0.5403940677642822
369,4003,1.0024,0.5444969534873962
3247,4006,1.0188,0.536472499370575
5073,4009,0.7923,0.659848153591156
3247,4009,1.0329,0.5515514016151428
3652,4011,1.4415,0.5980309844017029
2349,4011,1.003,0.5571190714836121
3247,4011,0.9744,0.5517403483390808
1206,4011,0.6959,0.5991737842559814
6412,4012,3.2269,0.9727939963340759
5073,4013,1.1413,0.7012284994125366
2349,4013,0.9926,0.5943259596824646
3247,4013,1.0558,0.6135682463645935
351,4013,0.9817,0.5627198219299316
2165,4013,1.0176,0.5551159977912903
2349,4014,1.0031,0.5475355982780457
5073,4015,1.1307,0.5682591199874878
1206,4015,1.0028,0.5421310067176819
978,4016,1.5848,0.6132990717887878
5073,4017,1.0489,0.5817175507545471
2349,4017,1.274,0.5658921599388123
3247,4017,0.9983,0.5248540639877319
6015,4018,1.2886,0.5706577897071838
6047,4018,1.0065,0.5834695100784302
5073,4019,1.9375,0.626802921295166
3247,4019,1.48,0.7229856252670288
2272,4019,1.4723,0.5650013089179993
5073,4021,1.0034,0.5334501266479492
3247,4022,0.9522,0.552103579044342
2349,4023,1.0665,0.5601264834403992
1544,4023,0.9942,0.5506101846694946
1206,4023,0.8593,0.5569478869438171
2272,4023,1.0132,0.5432240962982178
5073,4026,1.0315,0.5421052575111389
2349,4026,0.7784,0.554483950138092
3247,4026,2.2738,0.9259471297264099
2371,4026,1.0082,0.553862452507019
2367,4027,0.7311,0.5593090653419495
2272,4027,1.3688,0.5680646300315857
2133,4028,0.7005,0.63552325963974
5073,4029,1.0824,0.69147127866745
2349,4029,1.1469,0.7028541564941406
6614,4029,1.0063,0.5421366691589355
2349,4031,1.189,0.5729872584342957
2272,4031,1.6443,0.5968549847602844
5073,4033,1.0217,0.6155187487602234
2349,4034,0.9918,0.5626515746116638
519,4034,1.1125,0.6853237748146057
3247,4034,2.1308,0.80741947889328
5073,4035,1.0191,0.6149855256080627
6346,4035,0.9541,0.5784509181976318
2349,4037,1.3559,0.5629302859306335
4789,4037,0.9911,0.5555809736251831
1206,4037,1.8506,0.6314935684204102
3247,4040,1.9457,0.7653257846832275
974,4040,1.6106,0.5711755156517029
5073,4041,1.2336,0.6271663308143616
2349,4041,1.1426,0.5675923228263855
3247,4041,1.9077,0.5864768028259277
5073,4042,1.5615,0.5567681193351746
3419,4042,1.0004,0.525854766368866
1206,4042,3.4763,0.9748092293739319
5073,4043,1.0289,0.5443142056465149
5073,4044,0.9792,0.526340663433075
3865,4044,1.6566,0.5670503377914429
2367,4045,0.7279,0.6470904350280762
1206,4045,1.1882,0.571458637714386
5073,4046,1.5657,0.5804989337921143
2349,4046,1.3798,0.6682149171829224
3247,4046,0.9183,0.5421413779258728
2349,4048,0.8583,0.5676910281181335
1010,4048,0.9946,0.5492810606956482
5073,4049,1.0017,0.5484240055084229
1206,4050,0.9811,0.6129283905029297
2272,4051,1.0911,0.5731861591339111
5073,4053,0.9992,0.5043527483940125
2349,4054,0.9605,0.5497300624847412
3247,4054,0.9991,0.5814168453216553
5073,4055,0.6269,0.6390049457550049
2349,4055,1.7946,0.7309702634811401
3652,4057,1.2143,0.5586864948272705
2349,4057,0.9769,0.6263980865478516
1206,4057,1.2908,0.7155877947807312
3174,4057,0.982,0.5270336866378784
2349,4058,1.0005,0.5755022168159485
5073,4059,1.1912,0.588055431842804
2349,4059,1.0278,0.6674174070358276
1090,4059,1.0342,0.5755104422569275
1381,4061,1.0098,0.5536953806877136
5524,4061,0.9785,0.63639897108078
3652,4061,1.5698,0.6688708662986755
2349,4061,1.0222,0.6239302158355713
3247,4061,1.2028,0.5577013492584229
1995,4061,1.4305,0.5385801792144775
2349,4062,0.9584,0.6014078259468079
3247,4062,1.0248,0.5554794669151306
5073,4063,1.1222,0.5631103515625
6082,4063,1.0387,0.5466191172599792
5073,4064,0.9839,0.5815578699111938
2349,4064,0.983,0.5463501214981079
6041,4064,0.9074,0.5518925786018372
5073,4065,0.9188,0.5633448958396912
1206,4066,3.8466,0.9823770523071289
1206,4067,1.0141,0.5702740550041199
3652,4071,1.0039,0.5380755066871643
1206,4071,1.2175,0.5827459096908569
4054,4071,0.8384,0.5859500169754028
5073,4073,0.849,0.6573598384857178
5073,4075,1.0338,0.5622373223304749
5073,4076,1.0473,0.5586532950401306
1858,4077,1.517,0.6447135210037231
1854,4077,1.2177,0.5631607174873352
2349,4077,1.2795,0.5601542592048645
4054,4077,0.9998,0.5403324365615845
5226,4079,1.032,0.5645327568054199
5073,4080,1.0499,0.5671735405921936
1206,4080,1.0954,0.6545679569244385
5285,4080,1.252,0.6989302635192871
1206,4081,0.9837,0.5888898968696594
3578,4081,1.0011,0.562770426273346
4054,4081,1.4094,0.5546751022338867
5073,4082,1.093,0.5355477929115295
3247,4082,1.0055,0.6474615931510925
6258,4083,0.9972,0.544059693813324
5073,4084,1.1237,0.5748454928398132
6770,4084,1.0004,0.5228753089904785
2349,4086,1.3431,0.5684217214584351
5073,4088,1.1259,0.6395233869552612
2349,4088,1.1984,0.5428865551948547
1206,4090,1.0413,0.5907720923423767
5073,4092,1.334,0.6129908561706543
5073,4094,0.9954,0.5340800881385803
3247,4094,0.9973,0.5800100564956665
5073,4095,0.9989,0.5593569874763489
2349,4096,1.2112,0.5715050101280212
5073,4098,1.33,0.736699104309082
3247,4098,1.001,0.5583066940307617
5073,4101,0.9523,0.5501197576522827
2349,4101,0.7404,0.5624752044677734
1206,4101,1.651,0.5606303811073303
6082,4105,1.3933,0.5813193321228027
4791,4105,1.1597,0.6170511245727539
1658,4106,1.0048,0.5543494820594788
1206,4107,1.0385,0.5444209575653076
1206,4108,1.4451,0.6145289540290833
1178,4108,0.9865,0.5279041528701782
2349,4109,0.8874,0.5589151978492737
3247,4109,1.0438,0.5660306215286255
2796,4109,1.4027,0.6896868348121643
3962,4109,1.4318,0.594310998916626
2349,4110,1.402,0.5767128467559814
1206,4110,1.8029,0.5864647626876831
3247,4112,1.0104,0.5501415729522705
4800,4112,2.7025,0.9886117577552795
2349,4114,1.0551,0.5796759128570557
6082,4114,1.0446,0.5530304908752441
4054,4114,0.9995,0.546432614326477
5821,4114,1.4701,0.6366801261901855
1407,4116,1.0108,0.5515002608299255
2349,4116,1.3583,0.5695676207542419
6346,4118,0.996,0.5156583189964294
3264,4118,2.6739,0.9656925201416016
5073,4120,1.0454,0.6611418724060059
369,4120,1.5019,0.6089118123054504
5073,4122,1.1778,0.6676105260848999
42,4122,1.1055,0.674931526184082
2349,4122,1.521,0.6115408539772034
1206,4122,1.0329,0.5860170722007751
5073,4124,1.2928,0.572594404220581
102,4124,0.9248,0.5564401745796204
1206,4124,1.3306,0.6383346915245056
5073,4126,0.9038,0.5541865825653076
2349,4126,0.9804,0.5457062721252441
102,4126,1.177,0.5955666303634644
7074,4126,1.4782,0.6150652766227722
6875,4128,1.4502,0.5948261022567749
100,4128,1.1771,0.6994063258171082
109,4128,7.1638,0.9902641773223877
6082,4130,1.0065,0.5473208427429199
364,4130,1.0005,0.5418209433555603
4204,4130,1.9448,0.9656037092208862
5073,4132,1.2124,0.5673349499702454
6009,4132,1.0021,0.5536214113235474
1206,4132,1.3192,0.6015915274620056
6218,4132,1.2236,0.553982675075531
5963,4134,0.9962,0.5428815484046936
1367,4134,0.7826,0.5674815773963928
3221,4134,0.7498,0.5638277530670166
3652,4134,2.2603,0.9849773645401001
3887,4134,2.8121,0.9889116287231445
5411,4134,1.1996,0.6601058840751648
5073,4136,1.1179,0.5557283163070679
7059,4136,1.1405,0.5582698583602905
6753,4138,1.3722,0.5595821142196655
5073,4140,0.9891,0.5391354560852051
2349,4140,1.0435,0.5402371287345886
1206,4140,0.9677,0.5398866534233093
364,4140,1.0058,0.5436763763427734
6259,4140,1.013,0.5483993887901306
3405,4142,1.7936,0.6522603034973145
3107,4142,0.8978,0.5684239268302917
665,4142,1.3585,0.5653313994407654
2349,4144,1.1395,0.6468919515609741
5073,4146,0.932,0.5029988288879395
7034,4146,1.0121,0.5455557703971863
2272,4148,0.9753,0.5457591414451599
364,4148,1.1152,0.5973236560821533
5073,4150,1.0038,0.5358201265335083
2349,4150,2.0763,0.7011605501174927
1206,4150,1.244,0.5608057379722595
808,4150,1.0137,0.5435011982917786
5073,4154,0.9585,0.6808992624282837
2349,4154,1.299,0.5604451298713684
2349,4156,1.2842,0.5503530502319336
2337,4156,1.0001,0.5529477000236511
3931,4156,1.0396,0.5612943172454834
6346,4156,0.8175,0.6828317046165466
364,4156,2.8341,0.9856998324394226
5073,4158,0.9964,0.6472412347793579
2349,4160,1.1909,0.5599356889724731
1206,4160,1.3496,0.5592483878135681
3051,4160,0.9974,0.61837238073349
5073,4162,1.2885,0.5429759621620178
1206,4162,0.8961,0.5894243121147156
5199,4162,1.0136,0.5293517708778381
5073,4164,0.9985,0.5354236960411072
5073,4166,1.0072,0.5954586267471313
2349,4166,1.0229,0.5959333777427673
5073,4170,1.0417,0.5453898906707764
3247,4170,1.0684,0.5388348698616028
2349,4172,1.3551,0.6701933145523071
1272,4172,3.9201,0.9769580364227295
3247,4174,1.023,0.6765418648719788
5055,4175,1.0102,0.5719479918479919
1858,4176,0.9789,0.5400572419166565
5947,4176,0.9488,0.5166268944740295
1206,4176,1.0361,0.5629284381866455
1178,4176,1.5756,0.6616751551628113
364,4176,1.7656,0.5772494673728943
5073,4178,1.0142,0.5630933046340942
2349,4178,1.0083,0.6132150888442993
2349,4180,1.0266,0.5962905287742615
1206,4180,1.8726,0.6247926950454712
364,4180,0.9985,0.551475465297699
3511,4180,2.8104,0.9931129813194275
5073,4182,0.9609,0.628525972366333
6871,4183,5.0905,0.9478650093078613
2349,4184,1.0133,0.5582404732704163
1112,4184,1.4088,0.6143084168434143
369,4184,1.3728,0.5544790625572205
4964,4184,1.0033,0.5230348110198975
6575,4184,2.6408,0.9643184542655945
6082,4186,1.2305,0.6048298478126526
2518,4188,0.9987,0.5152508020401001
658,4188,1.4339,0.5782970190048218
2531,4188,2.736,0.9936780333518982
3386,4188,1.5821,0.6051535606384277
50,4190,0.9986,0.6006748676300049
5524,4190,0.9889,0.5321852564811707
2349,4190,1.3425,0.564598798751831
5073,4192,1.0933,0.558250904083252
5073,4194,0.9999,0.5373029112815857
2349,4194,0.8987,0.561621904373169
3247,4194,2.2978,0.9770272970199585
4319,4194,0.9949,0.5419715046882629
4668,4196,0.8634,0.5108844637870789
2170,4196,2.1323,0.8957101106643677
3247,4198,1.0538,0.5782426595687866
6047,4198,1.7347,0.6017210483551025
1206,4198,1.087,0.5803830623626709
5073,4202,1.5398,0.5891141295433044
4939,4202,1.006,0.5230591297149658
369,4202,1.3698,0.6316589713096619
2349,4204,0.9951,0.546240508556366
6645,4204,0.9994,0.5255973935127258
2349,4206,0.9556,0.5340290665626526
3247,4206,1.3673,0.5581885576248169
3575,4206,3.9024,0.9919296503067017
5073,4208,0.9634,0.5348062515258789
3247,4208,0.8863,0.5109187364578247
1206,4208,1.6588,0.5913721919059753
2694,4210,0.9695,0.5969057083129883
4054,4210,1.2856,0.5952528715133667
3247,4212,1.1619,0.5112745761871338
984,4212,0.7182,0.5093783140182495
5668,4212,1.0184,0.5508153438568115
5645,4212,0.9981,0.5318092703819275
5961,4214,0.7362,0.6417734622955322
1206,4214,0.9889,0.5541770458221436
364,4214,1.5832,0.5746213793754578
28,4215,1.4223,0.5775176286697388
2631,4216,1.003,0.5398216247558594
5073,4218,0.9886,0.5770247578620911
2349,4218,1.1562,0.6113717555999756
364,4218,0.9992,0.5236841440200806
5073,4220,0.9464,0.5967558026313782
2349,4220,1.8414,0.5812388062477112
3756,4220,0.8565,0.6046887636184692
369,4220,1.0026,0.5362548828125
6629,4220,5.0296,0.988300085067749
5073,4222,1.0047,0.5503523945808411
2349,4222,1.5677,0.5832167863845825
541,4222,1.0318,0.5790706276893616
3837,4222,1.2882,0.6002423763275146
6195,4222,2.3407,0.8168268203735352
2272,4223,1.024,0.569199800491333
364,4225,1.4147,0.6421206593513489
1369,4226,0.9957,0.5655142068862915
1206,4227,1.0004,0.5250864028930664
364,4229,1.2706,0.5869239568710327
5073,4230,1.4354,0.6210485100746155
364,4230,0.9997,0.5598691701889038
2349,4231,1.044,0.5225963592529297
1206,4231,0.9534,0.6421219706535339
2349,4232,2.3932,0.9855198264122009
3247,4233,1.5395,0.5531942248344421
1206,4234,1.0026,0.538396954536438
2349,4235,1.0689,0.6282724142074585
3720,4235,1.4579,0.7861400246620178
4288,4235,0.9578,0.5647646188735962
7004,4235,1.0004,0.5079517960548401
5695,4235,1.4443,0.6794801354408264
1557,4235,1.2963,0.6048145890235901
4592,4236,0.998,0.5252059698104858
3247,4236,1.0202,0.5543220043182373
7112,4236,0.9995,0.5201883912086487
6218,4236,1.0142,0.5613023638725281
1972,4236,7.0022,0.9968494772911072
2914,4236,1.2606,0.5858714580535889
2349,4238,1.3315,0.6303156614303589
5073,4239,1.2947,0.6873310804367065
2349,4239,1.0967,0.5984426140785217
364,4240,1.3014,0.6073855757713318
3247,4241,1.0065,0.5124202966690063
1206,4241,1.1923,0.6185551285743713
3042,4241,2.3746,0.9344239830970764
156,4241,2.4569,0.9029744267463684
5073,4242,1.0285,0.5765237808227539
2349,4242,1.587,0.5938534736633301
3247,4242,1.5578,0.681808352470398
4175,4242,1.0535,0.5452709794044495
6082,4242,1.1561,0.560115396976471
682,4242,1.0518,0.564773678779602
2205,4242,0.993,0.6643683910369873
2349,4244,0.9022,0.5680236220359802
2272,4244,1.055,0.5472928285598755
5073,4245,1.0612,0.6135903596878052
2367,4246,0.9282,0.6379720568656921
76,4247,1.0004,0.5437492728233337
6082,4247,1.0437,0.6060821413993835
5073,4248,0.9968,0.5382501482963562
3384,4248,0.9987,0.6127857565879822
1584,4249,0.9397,0.5798219442367554
1206,4249,1.1879,0.569983959197998
5073,4250,1.0094,0.5312482714653015
6082,4250,1.0076,0.5517623424530029
1574,4250,0.99,0.5917444825172424
3137,4250,0.9443,0.5545175075531006
3906,4250,5.2703,0.9885100722312927
4800,4250,1.0152,0.5440749526023865
2349,4252,1.0029,0.528814971446991
4054,4252,1.0012,0.531253457069397
364,4252,1.2131,0.5698180198669434
1579,4252,6.1407,0.989800751209259
1206,4253,1.0366,0.5515638589859009
364,4253,1.2168,0.5724886059761047
2349,4254,0.9548,0.5418159365653992
364,4256,0.8366,0.5506265759468079
3247,4258,0.9963,0.5403798222541809
2349,4259,1.0033,0.6017923951148987
3247,4259,0.9884,0.5457289218902588
1206,4259,1.0707,0.6044236421585083
5969,4260,1.0136,0.5932141542434692
5073,4260,0.9929,0.5450595617294312
6867,4260,1.3087,0.6817306280136108
50,4260,0.9876,0.5293973684310913
2349,4260,0.9815,0.5323856472969055
3247,4260,1.1306,0.5675875544548035
4054,4261,0.9821,0.5246809124946594
5073,4263,1.0656,0.5605182647705078
1206,4263,0.9972,0.535293459892273
5073,4264,0.9897,0.6364233493804932
3247,4264,1.0085,0.5362110733985901
2349,4265,1.0204,0.5790137648582458
4199,4265,1.2072,0.5570222735404968
6082,4265,1.0439,0.5497410893440247
2272,4265,1.3642,0.5849671363830566
2092,4265,3.3659,0.9913777112960815
5073,4267,1.1063,0.5536350607872009
2349,4267,2.0982,0.6529965996742249
3247,4267,1.6148,0.5724524259567261
1206,4267,0.9964,0.5422545671463013
770,4267,1.0123,0.5892180800437927
1369,4268,1.0195,0.5777227282524109
2349,4268,1.0776,0.571595311164856
3247,4269,1.3219,0.6534560322761536
1206,4269,2.0869,0.7827543616294861
5073,4271,0.9318,0.5937135219573975
2349,4271,1.7489,0.7579284906387329
1206,4271,1.0154,0.6388969421386719
2349,4273,1.6614,0.6199068427085876
1206,4273,0.9967,0.5673941969871521
5073,4274,1.4872,0.5785919427871704
5073,4275,1.0311,0.5834996700286865
6082,4275,1.0357,0.5741214752197266
364,4275,2.0448,0.9518858194351196
2349,4276,2.3301,0.8706297278404236
3247,4276,1.0031,0.5358473658561707
3247,4277,2.1732,0.9395046830177307
6175,4277,1.4398,0.5896596908569336
1206,4277,1.1446,0.6460959911346436
364,4277,2.5969,0.9679099321365356
2349,4278,0.9924,0.5601778030395508
3247,4278,1.7725,0.5950274467468262
5073,4279,0.9076,0.6364824771881104
3247,4279,1.0842,0.5652016997337341
1206,4279,1.4101,0.5760703682899475
3034,4279,1.4301,0.5672351717948914
3211,4280,0.9631,0.68874192237854
10,4280,1.0248,0.544176459312439
5073,4280,0.961,0.5716115236282349
2349,4280,1.0907,0.6070554852485657
5073,4281,1.007,0.5480132102966309
3247,4281,1.632,0.5801724791526794
5073,4282,0.9971,0.5702440142631531
3247,4282,1.0898,0.5606480836868286
5073,4283,0.7016,0.5356585383415222
1206,4283,0.8082,0.5759817361831665
5816,4283,0.9717,0.5706278085708618
5498,4284,1.0896,0.7175922393798828
3247,4284,0.7159,0.7499790787696838
5039,4285,1.1239,0.5162253975868225
1206,4285,1.045,0.5680683851242065
364,4285,1.5046,0.5906780958175659
2349,4286,1.3742,0.6591415405273438
2349,4287,1.3213,0.6299896240234375
6518,4287,1.089,0.5518445372581482
1206,4287,1.077,0.5568363070487976
3720,4288,1.0281,0.5745522975921631
2349,4289,1.3047,0.5423988103866577
3247,4289,1.0044,0.5367317199707031
6921,4289,0.7709,0.6092188954353333
1206,4289,1.0174,0.5455678105354309
3247,4290,1.0807,0.5735415816307068
2349,4291,1.0181,0.5591329336166382
102,4291,0.905,0.5675337314605713
5672,4291,1.5827,0.5725278258323669
1206,4291,1.3514,0.5919018983840942
5528,4293,1.1348,0.5664480924606323
2349,4293,1.0545,0.6644534468650818
364,4293,3.5074,0.9909494519233704
2349,4294,1.0923,0.6208572387695312
5073,4295,0.9972,0.5874413847923279
4185,4295,1.2124,0.5622701048851013
5073,4297,1.3963,0.6184825301170349
3247,4297,1.0109,0.5774925947189331
6650,4297,1.6362,0.8885523676872253
2349,4299,1.0091,0.5483770966529846
3247,4299,1.2611,0.5630919933319092
684,4299,1.0034,0.5605648756027222
1206,4299,1.0055,0.5476332306861877
2349,4300,1.1092,0.5495758652687073
5073,4301,0.9916,0.5360011458396912
369,4301,1.1318,0.6068212389945984
2744,4302,1.3115,0.5668646097183228
5073,4303,0.9932,0.5446999073028564
1206,4303,1.0005,0.56110018491745
3247,4304,0.989,0.5588589906692505
2349,4306,0.9974,0.5426132082939148
3247,4306,1.0106,0.5658321976661682
5073,4307,1.0566,0.5656008124351501
4920,4307,1.0344,0.5795269012451172
6299,4307,1.3348,0.5769029855728149
491,4308,1.0036,0.5510624051094055
5073,4309,1.0004,0.5354374051094055
543,4309,1.0099,0.604039192199707
6632,4309,0.905,0.5325878262519836
2053,4309,1.0035,0.5446277260780334
1206,4309,2.1004,0.9248043298721313
4054,4309,0.9419,0.5683988928794861
5829,4309,1.2818,0.6141555309295654
3247,4310,0.9232,0.5508550405502319
2291,4311,1.1583,0.5853679776191711
5073,4311,1.0039,0.5563523173332214
3247,4311,1.6534,0.5845770239830017
1206,4311,1.0131,0.5466771125793457
6278,4311,1.3018,0.5649109482765198
1686,4311,1.2039,0.5656954050064087
3555,4311,0.9934,0.537662923336029
2349,4312,0.8182,0.5819125175476074
5073,4313,0.8287,0.5444729328155518
3247,4313,1.021,0.5864182114601135
102,4313,0.8692,0.5759523510932922
7074,4313,1.0566,0.5815867781639099
1206,4313,0.9801,0.5478888154029846
2349,4314,1.0048,0.5493590831756592
2349,4315,1.1866,0.6155596375465393
3247,4315,1.0092,0.5490682721138
5285,4315,0.8076,0.5524587035179138
364,4317,1.2062,0.5774645805358887
5073,4318,1.006,0.5564367175102234
2349,4318,1.1243,0.6290714144706726
3247,4318,0.9947,0.5312379598617554
5073,4319,1.0175,0.5504679679870605
2349,4319,1.0317,0.5746024250984192
2299,4321,0.9877,0.5681052207946777
5073,4321,0.9977,0.614150881767273
6082,4321,0.9881,0.5995910167694092
2281,4322,1.0108,0.6455116868019104
672,4323,0.796,0.5679229497909546
4516,4323,0.9475,0.6753208637237549
2349,4324,1.7739,0.6033472418785095
3247,4324,1.0277,0.5433962345123291
2349,4325,1.0098,0.5560227632522583
5073,4326,1.3916,0.6113958358764648
2349,4326,1.1488,0.5573666095733643
364,4327,1.2188,0.6043281555175781
1651,4327,2.4516,0.9743272662162781
1749,4329,0.9996,0.5531246066093445
1922,4330,1.0204,0.5641116499900818
364,4331,1.3206,0.5759744048118591
902,4332,1.0462,0.6112458109855652
5073,4333,1.0071,0.6130074858665466
6277,4333,2.9811,0.9773388504981995
5073,4335,1.2275,0.679303765296936
2349,4336,1.0523,0.5887719392776489
5073,4337,0.9966,0.6191863417625427
3036,4337,1.9999,0.9026166796684265
1373,4338,0.9705,0.6135647296905518
3227,4338,1.3222,0.5924215912818909
3247,4338,1.4288,0.574035108089447
527,4338,1.3872,0.5761502385139465
5073,4339,1.1067,0.6645118594169617
6614,4339,1.0,0.5288175344467163
364,4339,1.2229,0.562811017036438
2349,4341,1.0092,0.5371350049972534
5073,4343,0.9675,0.6808638572692871
465,4343,1.0011,0.5342699885368347
2349,4343,1.0636,0.568774402141571
2349,4345,1.1974,0.5647714734077454
364,4345,1.1543,0.6929848790168762
4666,4346,2.0261,0.6560853123664856
1469,4346,3.0067,0.9369494915008545
2349,4347,1.0735,0.560750424861908
2373,4348,1.0135,0.5951083302497864
660,4349,0.999,0.5451777577400208
5073,4351,1.2141,0.5907799005508423
2349,4355,1.2038,0.6362314224243164
1112,4355,1.0922,0.5578258633613586
1206,4355,0.9595,0.5866050124168396
364,4357,1.5471,0.6011300086975098
5073,4359,1.0215,0.5423498749732971
1206,4359,1.4095,0.6052882671356201
5073,4361,0.7747,0.6322857141494751
3965,4361,2.6713,0.9861717820167542
5073,4363,1.0978,0.5518990159034729
2349,4363,1.3979,0.5606971383094788
1522,4363,1.0015,0.5429826974868774
1206,4363,0.6,0.6044520735740662
5073,4365,1.3337,0.6289551258087158
2349,4365,0.726,0.5489330887794495
3247,4365,1.3722,0.588049590587616
1206,4365,1.7841,0.7168638110160828
5488,4366,1.178,0.592749297618866
5073,4367,0.9668,0.6110387444496155
3247,4368,0.9873,0.5498548746109009
5037,4369,0.9974,0.5944206714630127
5073,4369,0.9914,0.5459383726119995
2349,4369,1.0333,0.5932799577713013
3247,4369,1.6451,0.5422727465629578
3247,4370,1.9881,0.599000096321106
5073,4371,0.95,0.6678037643432617
2349,4372,1.4555,0.6857650279998779
2349,4373,1.1007,0.5622124671936035
364,4373,0.7792,0.5706117749214172
3231,4374,1.0432,0.5734093189239502
1206,4376,1.233,0.6376946568489075
5360,4376,0.9104,0.5848225951194763
624,4378,0.9979,0.5297000408172607
1206,4379,1.209,0.5602231025695801
3688,4380,1.0257,0.5461626052856445
6642,4380,1.0009,0.5457841157913208
2349,4381,0.5855,0.547932505607605
3247,4381,1.0002,0.5434196591377258
1206,4381,1.5638,0.623974084854126
5073,4382,0.9072,0.5499967932701111
3247,4383,1.0391,0.5814002752304077
6082,4383,1.2022,0.6841046810150146
364,4383,0.9899,0.5726425647735596
6187,4384,0.9974,0.5382735729217529
5264,4385,1.3332,0.6893749237060547
4054,4385,0.8404,0.5541445016860962
4286,4386,1.0086,0.537467896938324
2349,4390,1.0002,0.5589465498924255
3247,4390,1.859,0.782785952091217
1206,4390,0.638,0.5799424648284912
369,4390,3.3998,0.9311310648918152
2349,4391,1.061,0.6195219159126282
2349,4392,1.1419,0.5512797832489014
990,4392,1.0302,0.5452598333358765
1206,4393,1.0233,0.5892976522445679
6374,4393,0.9992,0.5679448843002319
5360,4393,1.5198,0.6443915963172913
364,4393,0.7136,0.5399323105812073
2349,4395,0.9974,0.6546092629432678
2929,4395,1.0632,0.6675455570220947
364,4395,1.6482,0.6267473101615906
4640,4396,0.9599,0.5458952784538269
2349,4398,0.9964,0.5211458802223206
1128,4400,2.5104,0.9201939702033997
364,4400,1.5027,0.5913780927658081
3247,4401,1.0003,0.5440753102302551
6937,4401,1.3517,0.571083664894104
5528,4404,0.999,0.535467267036438
2272,4405,1.0249,0.5643070936203003
2349,4406,0.9866,0.5497420430183411
6021,4406,1.454,0.6875362396240234
110,4406,1.088,0.5763289928436279
5073,4407,1.0613,0.6743426322937012
5131,4407,0.978,0.5594954490661621
1419,4407,0.9445,0.6431806683540344
6218,4407,0.9938,0.5355521440505981
3247,4408,0.9971,0.5398658514022827
489,4410,1.0419,0.5711286664009094
3732,4411,1.0066,0.5436847805976868
5073,4412,1.2343,0.565589189529419
5073,4414,1.0554,0.5642381906509399
5073,4415,1.4677,0.6289567947387695
2349,4415,0.7633,0.6692187786102295
6374,4415,1.0227,0.5751405954360962
2272,4415,0.9991,0.5226548314094543
1383,4416,0.675,0.5018685460090637
4054,4416,0.8294,0.5085293650627136
5360,4416,2.4883,0.6948803663253784
5073,4418,1.0289,0.572518527507782
6430,4418,1.1033,0.5006504058837891
3652,4418,1.0047,0.5046400427818298
2349,4418,1.0523,0.5718573331832886
5073,4419,0.9538,0.5442619919776917
5498,4419,1.4727,0.5906914472579956
2349,4419,1.0121,0.5708776116371155
3247,4419,1.0026,0.5395486950874329
4652,4419,0.9944,0.5803480744361877
1604,4419,1.3563,0.567754864692688
1206,4419,0.9973,0.534644603729248
5073,4420,1.3232,0.6636787056922913
5176,4420,1.0018,0.5308406352996826
5073,4421,0.9836,0.5344305634498596
1206,4421,1.1777,0.5579668283462524
3247,4422,1.1757,0.5294628143310547
5073,4423,0.9885,0.6194185018539429
2349,4423,1.1448,0.7264073491096497
3247,4423,0.8668,0.6456692814826965
1206,4423,1.2913,0.5719032883644104
5073,4424,1.0947,0.5676204562187195
4163,4424,0.7214,0.6409958004951477
2365,4424,1.0147,0.5496132373809814
3247,4424,1.0127,0.5356577634811401
3443,4424,1.0693,0.5637338757514954
2349,4425,1.0315,0.5953190326690674
6082,4425,2.0045,0.6119639277458191
5073,4426,0.9935,0.6337416172027588
1206,4426,1.0252,0.5712002515792847
1381,4427,0.9951,0.5663408637046814
1206,4427,1.0042,0.5429832339286804
5393,4427,1.4756,0.574779212474823
2349,4428,0.8258,0.6421585083007812
5073,4429,1.0072,0.5440953969955444
1206,4429,1.207,0.6037716865539551
855,4429,1.2871,0.642266571521759
2349,4430,1.1322,0.5783517956733704
519,4430,1.3442,0.5955488085746765
3652,4431,1.5814,0.7557935118675232
2349,4431,1.3559,0.5898087024688721
3247,4431,1.1339,0.5598121285438538
1206,4431,0.982,0.5548515319824219
2272,4431,7.0779,0.9796109199523926
435,4431,7.1775,0.9770007133483887
64,4432,0.9603,0.5164690613746643
5073,4433,1.4187,0.5814399719238281
5278,4434,1.4295,0.5514408946037292
1126,4434,1.2747,0.5669918656349182
5073,4435,0.9935,0.5802800059318542
2349,4435,1.2262,0.6435766220092773
3247,4435,0.996,0.5015307664871216
6614,4435,0.9938,0.5534446239471436
1206,4435,1.5922,0.5869873762130737
3732,4436,1.0095,0.5652527213096619
3247,4437,1.2814,0.6652677059173584
1206,4437,1.628,0.6505368947982788
2349,4438,2.6975,0.936514675617218
990,4438,1.4451,0.5742083787918091
2762,4439,0.998,0.5696773529052734
2349,4439,0.9905,0.5553975701332092
3247,4439,1.0011,0.5311087965965271
1926,4439,1.1286,0.6724721193313599
1882,4439,1.4753,0.587963879108429
1206,4439,1.0679,0.5504055023193359
5073,4440,0.9871,0.5670151710510254
3247,4440,1.0238,0.5564146637916565
3231,4441,1.0046,0.5454480051994324
1206,4441,1.4336,0.5732070803642273
5073,4443,1.0428,0.552428126335144
5073,4444,1.0017,0.5361496806144714
3247,4444,1.0103,0.5604481101036072
2794,4444,1.0018,0.5495249032974243
5073,4445,1.0105,0.5249727368354797
2349,4445,0.9859,0.5202230215072632
2349,4446,1.05,0.6131702661514282
5073,4447,1.4637,0.6312087774276733
3247,4447,2.0284,0.6846114993095398
1206,4447,0.8692,0.5639065504074097
5981,4448,1.0965,0.5896813869476318
2349,4448,1.8667,0.6007930636405945
435,4449,2.6878,0.9366512894630432
3247,4450,0.9891,0.5421208739280701
1993,4450,1.3752,0.5752630233764648
3855,4450,1.2036,0.5609536170959473
5073,4451,1.0001,0.5418944358825684
4753,4451,1.0128,0.563288152217865
3423,4451,0.998,0.5766832828521729
1206,4451,1.1188,0.5683759450912476
2349,4453,0.9926,0.7107515931129456
3247,4453,1.449,0.5649539232254028
1206,4453,1.9082,0.5961616039276123
5285,4453,1.1141,0.5467417240142822
2349,4454,0.9327,0.5596587657928467
3247,4455,1.5376,0.5884079933166504
1206,4455,0.9981,0.5657858848571777
5989,4456,1.474,0.6382256150245667
5564,4456,1.0038,0.562824547290802
209,4456,1.5886,0.6082454323768616
5073,4457,0.9895,0.5655853748321533
4819,4457,1.0029,0.5461056232452393
435,4457,1.4586,0.6372694969177246
1836,4458,0.8896,0.5609620809555054
2349,4458,1.0145,0.5725246071815491
5073,4459,0.9949,0.566262423992157
2349,4459,1.1862,0.5683258175849915
2816,4459,1.1545,0.583716869354248
1106,4459,0.9753,0.6182168126106262
1112,4459,1.0289,0.5824893116950989
2961,4459,1.4848,0.6064717769622803
1862,4460,0.959,0.6317108273506165
2349,4460,0.9876,0.5818654298782349
1658,4460,2.2596,0.6291639804840088
3672,4461,1.6816,0.5963847041130066
5073,4461,0.9917,0.627647876739502
2349,4461,0.9888,0.529434084892273
1206,4461,1.0568,0.5525658130645752
3247,4463,1.2326,0.5744772553443909
3174,4463,4.3202,0.991555392742157
2349,4466,1.0716,0.5681210160255432
5684,4466,1.0967,0.5600253343582153
6218,4466,1.3265,0.5662887096405029
2349,4467,0.9173,0.6683387160301208
3652,4468,1.0071,0.5367773771286011
2349,4468,1.035,0.5620817542076111
4632,4468,1.8101,0.584498405456543
3652,4469,1.0216,0.5458810329437256
2349,4469,1.3235,0.5662168264389038
3247,4469,1.0013,0.557327389717102
1206,4469,0.9922,0.5429003834724426
4949,4469,1.0626,0.578410804271698
1375,4470,1.5122,0.577795147895813
1373,4470,1.0003,0.5291256904602051
5073,4471,0.9975,0.5405828356742859
942,4471,0.9692,0.5644835233688354
2349,4471,1.046,0.5576867461204529
2375,4471,2.9724,0.9751574993133545
5073,4472,0.9576,0.5268981456756592
3756,4472,1.7759,0.5742704272270203
1206,4472,5.0742,0.9918017983436584
5951,4473,1.0302,0.5395680069923401
50,4473,1.33,0.6482815146446228
2349,4473,0.9519,0.5839517712593079
5224,4473,0.9857,0.5328364968299866
3865,4473,1.8306,0.5896885395050049
1206,4473,1.4292,0.5683683156967163
1373,4474,0.952,0.5669126510620117
6632,4475,1.1721,0.5988324880599976
7174,4476,0.8465,0.5655819177627563
5073,4477,1.0767,0.5464842319488525
2349,4477,1.2679,0.6213111877441406
1892,4478,3.1952,0.9836394190788269
2349,4479,1.4028,0.6123339533805847
1206,4479,1.0183,0.5659637451171875
3247,4480,1.0743,0.5533372163772583
2349,4481,0.9942,0.7090311050415039
2349,4482,0.9225,0.5386459231376648
2349,4483,1.0104,0.5621821284294128
3247,4483,0.9996,0.5391100645065308
1864,4486,1.0253,0.5688132643699646
3730,4486,1.1277,0.5597710013389587
5073,4487,1.416,0.5661575198173523
2272,4487,1.0048,0.5549980401992798
3247,4488,1.0002,0.5392385125160217
1206,4488,3.558,0.9807165265083313
5073,4489,1.1337,0.5965545177459717
946,4491,0.9635,0.5193052291870117
3247,4491,1.9228,0.7041913866996765
1387,4492,1.1779,0.6306151151657104
5073,4493,1.6227,0.6893027424812317
1206,4493,1.9591,0.7103761434555054
2349,4494,1.8041,0.6131229400634766
5095,4494,1.0247,0.6321708559989929
2476,4494,1.0089,0.5428112745285034
5073,4495,1.0394,0.5934588313102722
5285,4495,1.2483,0.5649282336235046
5081,4497,0.9292,0.5735480189323425
3247,4497,1.0017,0.5676048398017883
1206,4497,1.9787,0.9082017540931702
3247,4498,1.0281,0.5543257594108582
7090,4498,2.7407,0.9721411466598511
3247,4500,1.5921,0.5759789347648621
4572,4501,0.9384,0.6602145433425903
5073,4501,0.9697,0.5564956068992615
3652,4501,2.0328,0.7978324890136719
3247,4501,1.0002,0.5401021838188171
5073,4502,1.0324,0.5681095123291016
3652,4502,2.9516,0.9793368577957153
2349,4503,1.0372,0.5732527375221252
2367,4503,0.9998,0.5309587717056274
5073,4504,1.0247,0.5389071106910706
2349,4505,1.1007,0.6677727699279785
3247,4505,1.0638,0.5490515828132629
5073,4506,1.0011,0.5324328541755676
2331,4506,1.0361,0.5663705468177795
3247,4506,1.8659,0.5808861255645752
5073,4507,1.208,0.5455734133720398
3247,4507,1.9984,0.860443115234375
1465,4507,1.2802,0.6297208070755005
1616,4507,0.9917,0.6412944197654724
5073,4509,0.9818,0.5942912101745605
3652,4509,1.1512,0.5971341133117676
3247,4509,2.0012,0.6396868824958801
1377,4512,1.0002,0.5478525161743164
5073,4513,0.9855,0.5628678202629089
2367,4513,0.7959,0.5424883961677551
1836,4514,1.9035,0.5954192280769348
2349,4517,0.9861,0.5535554885864258
5039,4518,1.0348,0.5750263333320618
3247,4518,1.0191,0.5731964707374573
5073,4519,1.3752,0.6613890528678894
2349,4519,1.3347,0.5597316026687622
1144,4519,1.457,0.6517934799194336
1206,4519,1.8769,0.6227700710296631
3247,4521,1.4073,0.5730094313621521
3247,4522,1.0312,0.5376995801925659
3899,4522,1.2214,0.6390992999076843
6867,4523,1.0063,0.5484652519226074
3247,4523,1.2835,0.6322267055511475
3247,4524,1.7051,0.5925390720367432
2349,4525,1.9513,0.7448095083236694
5073,4527,1.0013,0.5390088558197021
2349,4529,1.0036,0.5459923148155212
6082,4529,1.0746,0.5639731287956238
5073,4530,1.4785,0.6501280069351196
343,4530,5.7988,0.9939612150192261
2349,4531,0.9107,0.5660696625709534
5576,4531,1.479,0.5858107209205627
3247,4531,0.9987,0.5540755391120911
4054,4531,1.0542,0.5761869549751282
5073,4533,1.0661,0.5698539614677429
3247,4533,1.0525,0.555370032787323
6082,4533,1.1593,0.5635907649993896
5073,4534,0.9471,0.5551344752311707
5073,4535,1.574,0.5828279852867126
2349,4535,1.0011,0.5609920024871826
5073,4536,1.0181,0.5635868906974792
2349,4536,1.2987,0.5971571207046509
4985,4537,0.9883,0.6033045053482056
5285,4538,1.1558,0.5681101083755493
2349,4540,1.0722,0.6043761372566223
1206,4541,0.9926,0.5351294875144958
1206,4543,1.1066,0.7084510922431946
2349,4546,0.9982,0.599060595035553
3247,4546,0.9963,0.5532107949256897
2349,4547,1.0003,0.6409799456596375
3397,4547,1.0164,0.5376637578010559
5073,4549,1.0799,0.7031602263450623
2349,4549,1.0325,0.5887770652770996
1206,4549,1.5439,0.5567602515220642
5073,4550,1.0941,0.5869694352149963
3247,4550,0.9999,0.5550032258033752
1206,4550,0.9918,0.5611438751220703
4054,4550,0.9764,0.562394917011261
2349,4551,0.9904,0.5104736089706421
1206,4551,1.0556,0.6133230328559875
2349,4552,1.6282,0.5963085293769836
3247,4552,1.1493,0.5953928828239441
5073,4553,0.9651,0.651835024356842
3247,4553,1.0032,0.5190267562866211
1206,4553,0.861,0.5392786860466003
6218,4553,1.0732,0.5399264097213745
4054,4553,1.0082,0.6019755601882935
3762,4555,0.7779,0.5548417568206787
5073,4559,1.0881,0.5972787141799927
2349,4559,0.9753,0.5236527323722839
6502,4559,0.9709,0.5445259213447571
6082,4559,1.0914,0.5614646673202515
3417,4559,0.9984,0.5306370258331299
1658,4559,0.9847,0.6011909246444702
2349,4561,1.0261,0.6183368563652039
3247,4561,0.9993,0.5545471906661987
5073,4563,0.8249,0.584638237953186
1206,4563,1.0208,0.5848998427391052
5073,4565,1.0275,0.5898305773735046
3247,4565,0.9757,0.5794326663017273
1206,4565,1.0008,0.6043230295181274
4524,4565,1.6178,0.5921984910964966
1206,4567,1.1601,0.6969412565231323
5073,4569,1.4997,0.7001460194587708
2349,4569,1.029,0.5786014795303345
3247,4569,0.8182,0.6631259918212891
6082,4571,3.7404,0.9393568634986877
6162,4571,1.1692,0.5970956683158875
6082,4573,1.72,0.6472343802452087
5422,4573,1.585,0.5666612982749939
364,4573,1.0189,0.531276285648346
1206,4575,2.3805,0.9414823651313782
5073,4579,1.0747,0.5444449782371521
5399,4579,1.4398,0.5663347244262695
2349,4581,1.183,0.5665125846862793
5073,4583,1.1882,0.553333580493927
3247,4583,1.1939,0.5486289262771606
5130,4583,1.0134,0.5457974076271057
5073,4585,1.1446,0.5818758010864258
2349,4585,0.9743,0.5826362371444702
2349,4587,1.0172,0.6028174161911011
6082,4589,1.1076,0.6157499551773071
2349,4591,2.1365,0.7949921488761902
1206,4591,1.6816,0.7312483787536621
5073,4593,1.0112,0.5336081385612488
3247,4593,3.2395,0.9712960720062256
2349,4595,1.0955,0.562290370464325
1463,4597,1.5374,0.7009254097938538
3247,4597,0.7335,0.5828211307525635
5073,4599,0.9931,0.538935661315918
2349,4599,1.5002,0.5611468553543091
5073,4601,2.0086,0.6668877005577087
5073,4603,1.0027,0.5623005628585815
2349,4603,0.9984,0.5564320683479309
6082,4603,1.1144,0.638944685459137
4350,4603,1.496,0.5953249335289001
6218,4603,2.6296,0.8512418866157532
952,4605,2.4016,0.9508553743362427
3082,4605,1.0035,0.6307992339134216
3751,4605,4.637,0.9946238994598389
2349,4609,1.0002,0.5313219428062439
4204,4609,1.7265,0.7557315826416016
5969,4611,1.0907,0.6905088424682617
5073,4611,1.0027,0.5523260235786438
644,4611,1.0012,0.533546507358551
260,4611,1.0003,0.534242570400238
5073,4613,1.4765,0.7704143524169922
5073,4615,1.2463,0.6971846222877502
2349,4615,1.213,0.654787540435791
6580,4615,1.0505,0.5287496447563171
1206,4615,1.6394,0.5872971415519714
2349,4617,1.1375,0.5593805909156799
1904,4617,0.84,0.5340430736541748
6480,4617,2.237,0.7904796600341797
1461,4617,1.6719,0.5702385306358337
1206,4617,1.8302,0.7017173171043396
5073,4619,0.8187,0.5794498920440674
3652,4619,4.8646,0.9842202067375183
1457,4619,2.5483,0.9776755571365356
6082,4619,1.4376,0.6540584564208984
4204,4619,7.1176,0.9956747889518738
5073,4621,1.147,0.6776355504989624
2349,4621,1.0148,0.5589494109153748
6082,4621,1.0404,0.5754187703132629
2684,4621,1.2018,0.6175382137298584
5073,4623,0.9974,0.5349681973457336
560,4623,8.105,0.9916537404060364
5073,4625,1.135,0.5627850890159607
2349,4625,0.9906,0.5928407907485962
3247,4625,1.0104,0.5701030492782593
4216,4627,3.4027,0.97598797082901
2349,4629,1.0581,0.5577422976493835
1206,4629,0.9368,0.5377823114395142
369,4629,0.9998,0.5277560949325562
3174,4629,1.0108,0.5386032462120056
364,4629,1.2042,0.5753664970397949
2092,4629,1.0922,0.5569270849227905
5073,4631,1.0657,0.591035008430481
3247,4633,1.7029,0.6357842683792114
2800,4633,1.001,0.5877073407173157
2349,4635,1.003,0.5404534339904785
1571,4635,2.7699,0.9816181063652039
5073,4637,1.1007,0.5954838395118713
6151,4637,1.7795,0.8988677859306335
6313,4637,3.4445,0.9865569472312927
50,4640,0.6973,0.5482803583145142
4592,4641,1.0003,0.5011918544769287
5073,4641,1.2609,0.5645857453346252
2349,4641,1.0003,0.5964187979698181
435,4641,0.9684,0.5761541724205017
1874,4642,1.1964,0.5734851956367493
6865,4642,1.2844,0.5925278663635254
954,4642,0.9981,0.551110029220581
5073,4643,0.9933,0.5294390320777893
4207,4643,0.8824,0.5540554523468018
6374,4643,1.8159,0.7469313740730286
5073,4645,1.4887,0.692209005355835
3247,4645,0.9992,0.5680708885192871
1523,4645,0.9948,0.550240159034729
6418,4646,1.0001,0.574514627456665
3247,4647,1.6197,0.6051859259605408
1206,4647,0.8023,0.718944251537323
5073,4649,1.4077,0.567407488822937
364,4649,1.0019,0.5452865958213806
5211,4649,0.8836,0.5271382331848145
1862,4650,0.9927,0.5469347238540649
3388,4651,0.9934,0.5356346964836121
5073,4653,1.009,0.551144540309906
2349,4653,1.0019,0.5587171912193298
3247,4653,0.9995,0.5389479994773865
2816,4653,0.9767,0.5539072751998901
1669,4653,2.3737,0.7995381355285645
3981,4653,1.0125,0.6087545156478882
5825,4653,1.6847,0.6095289587974548
2349,4655,0.9902,0.5868472456932068
364,4655,1.6028,0.7080772519111633
3247,4657,0.991,0.5409784913063049
1206,4657,1.026,0.5425277948379517
5073,4659,1.0375,0.6851291060447693
2349,4659,1.0074,0.5629185438156128
5492,4660,1.006,0.5537123680114746
1820,4662,0.9955,0.5369800925254822
2319,4665,0.9719,0.5522148013114929
5073,4665,0.9927,0.5243590474128723
5578,4665,1.0669,0.5411273241043091
2975,4665,1.0408,0.5579073429107666
968,4667,1.0865,0.5818638801574707
1206,4667,0.8724,0.5488871932029724
364,4667,1.001,0.5434854030609131
5073,4671,1.07,0.5468286275863647
4598,4671,0.9705,0.5419724583625793
5073,4673,1.1135,0.5618709325790405
2349,4675,1.1518,0.6974475979804993
6082,4675,1.4406,0.5809406638145447
3191,4676,1.5542,0.6069002151489258
5073,4677,1.2357,0.5487743616104126
2349,4677,1.094,0.628490149974823
5073,4679,1.4392,0.5833477973937988
3247,4679,0.9961,0.5602428317070007
2973,4679,1.0122,0.5287789702415466
5073,4681,0.9482,0.5498315691947937
3652,4681,1.1456,0.6267571449279785
2349,4681,0.9965,0.536858320236206
2914,4681,2.1767,0.8316705226898193
6082,4683,1.022,0.5488634705543518
364,4683,1.2653,0.5453614592552185
2387,4687,2.9593,0.993945300579071
5073,4688,0.9898,0.6044121980667114
2349,4688,1.0033,0.5410975217819214
5073,4691,0.9882,0.5826936960220337
6406,4691,1.4691,0.6136982440948486
2349,4691,1.1462,0.5721448659896851
364,4691,2.6719,0.9785439372062683
182,4691,2.2185,0.9583413600921631
2349,4693,1.6031,0.5994408130645752
2349,4694,1.1633,0.5108697414398193
1206,4694,0.9815,0.6131088733673096
5073,4696,1.1087,0.5765790939331055
5073,4697,1.0007,0.5529353022575378
2349,4697,0.9972,0.5186939239501953
3247,4697,1.0248,0.5201964974403381
3291,4697,1.0354,0.6115947365760803
364,4697,1.3466,0.5383399128913879
3247,4699,1.0005,0.5147655010223389
2349,4700,1.0682,0.6131260395050049
2272,4700,1.194,0.5580781102180481
364,4700,1.9872,0.6194183230400085
2349,4701,0.5449,0.5455641150474548
5073,4704,1.0383,0.5432456135749817
5285,4704,1.1738,0.5770166516304016
5073,4707,1.1742,0.6209152340888977
3247,4707,0.9903,0.6333894729614258
6923,4707,1.0,0.5463406443595886
5000,4707,1.3815,0.7191550135612488
2272,4707,1.5839,0.587352991104126
3174,4707,3.7449,0.9880056977272034
364,4707,2.1359,0.6280896067619324
3042,4707,2.6511,0.9899954795837402
2349,4708,1.0023,0.614429771900177
2349,4710,1.0216,0.6701799631118774
3247,4710,0.8879,0.5477753281593323
2367,4710,0.9816,0.5189181566238403
2796,4710,1.0004,0.5362628698348999
3762,4710,1.0442,0.6320345997810364
6191,4710,1.091,0.5855638980865479
6614,4710,0.9682,0.552866518497467
3883,4710,0.9739,0.5469276905059814
1206,4710,0.5196,0.5775120854377747
280,4710,0.9841,0.5128991603851318
6770,4710,1.0014,0.5154403448104858
5360,4710,0.7727,0.552306056022644
2018,4710,0.5971,0.5559536814689636
5963,4712,2.0598,0.9326145052909851
5073,4712,0.9825,0.5639259815216064
2349,4712,1.1907,0.6736777424812317
6082,4712,1.0076,0.6175321340560913
461,4713,1.0084,0.6899629235267639
6957,4713,0.9872,0.6887392401695251
1908,4713,1.0995,0.6979060769081116
6721,4714,1.2807,0.5266366600990295
5073,4715,0.9939,0.579635739326477
5073,4716,1.0731,0.6295969486236572
3652,4716,1.5161,0.597611129283905
2349,4716,1.0569,0.583734929561615
3247,4716,1.3935,0.7231863737106323
6937,4716,1.0216,0.6033887267112732
249,4716,2.3637,0.9176808595657349
1206,4717,1.2586,0.5949599146842957
2272,4717,5.6436,0.9945592284202576
2505,4718,1.105,0.5875663757324219
5073,4720,0.8737,0.5677530765533447
2349,4720,0.9421,0.5781355500221252
6082,4720,0.9904,0.527812659740448
3809,4720,1.0601,0.5586019158363342
4791,4720,2.926,0.9609832167625427
5822,4720,0.9663,0.5528492331504822
3578,4720,0.9751,0.5334967374801636
3247,4721,0.9987,0.5472817420959473
2349,4724,0.9991,0.5503963828086853
3247,4725,1.0054,0.6517419815063477
2293,4727,1.0956,0.5556859970092773
952,4728,2.2795,0.8322420716285706
2349,4728,0.9982,0.5450826287269592
3247,4728,1.602,0.6651924848556519
3961,4728,1.0003,0.5456194877624512
1700,4728,2.0355,0.6513347625732422
2349,4729,0.9967,0.5696585774421692
3247,4729,0.9997,0.5975093245506287
3247,4730,1.0167,0.5456634163856506
1206,4730,1.451,0.556063711643219
6879,4731,0.9793,0.5286808609962463
5073,4732,0.7339,0.6558439135551453
3652,4732,0.921,0.5314691066741943
2349,4732,1.3448,0.7295306921005249
3247,4732,0.9967,0.599909245967865
5866,4732,0.9606,0.522538423538208
2272,4732,5.5593,0.993445634841919
2092,4732,6.6306,0.9917774200439453
3674,4733,1.0308,0.5700182914733887
2349,4733,0.7827,0.5653187036514282
3247,4733,0.7868,0.5383012890815735
6047,4733,1.0002,0.5651261806488037
199,4734,2.251,0.8853965401649475
1618,4734,1.5411,0.5846937298774719
1206,4734,1.0017,0.5307691097259521
7222,4734,1.7109,0.6064268350601196
4054,4734,1.0427,0.5486348867416382
5073,4736,0.9982,0.5430065393447876
2349,4736,1.1142,0.5586879253387451
3247,4736,1.6101,0.6970094442367554
3273,4736,1.3096,0.606755256652832
1150,4736,1.4926,0.5705015659332275
1206,4736,1.3725,0.5638649463653564
5896,4736,1.1041,0.5476007461547852
6778,4736,2.5255,0.9833300709724426
6301,4736,0.9963,0.5395255088806152
5502,4737,1.0062,0.5424022674560547
2349,4737,0.9941,0.5743205547332764
2951,4738,1.3719,0.6237860918045044
1206,4738,1.6532,0.58254075050354
4054,4738,1.6213,0.6543436050415039
364,4738,1.9549,0.6068919897079468
4175,4740,1.1159,0.6323562860488892
6082,4740,1.3452,0.6261031031608582
6346,4740,0.9996,0.534420371055603
364,4740,2.7108,0.984211266040802
5073,4741,0.9572,0.5499789118766785
2349,4741,1.1058,0.562362790107727
3247,4741,0.9991,0.5349936485290527
2349,4742,1.0245,0.529839813709259
5073,4743,2.186,0.9164634346961975
2349,4743,1.0058,0.5511664152145386
6961,4743,1.0238,0.597656786441803
5073,4744,1.3086,0.5649213194847107
2349,4744,1.0006,0.5400882959365845
3247,4744,1.0522,0.5902177691459656
1206,4744,0.8683,0.5795623660087585
5850,4744,1.3684,0.6805976033210754
2349,4745,0.9954,0.5585479140281677
6082,4746,0.988,0.5359207391738892
1206,4746,1.2208,0.5652316808700562
2349,4747,1.0832,0.6197044253349304
2349,4748,0.9799,0.5597600936889648
3247,4748,0.9866,0.5505943894386292
6504,4748,1.0996,0.5690357089042664
1206,4748,1.8727,0.7254670858383179
2592,4748,1.1556,0.5878748893737793
4473,4748,1.0236,0.6477248668670654
5073,4750,1.1852,0.6027592420578003
2349,4750,0.8698,0.6444795727729797
362,4750,2.7775,0.972059965133667
5073,4752,1.3626,0.5644319653511047
2349,4752,1.5885,0.5858269333839417
3247,4752,1.1554,0.5691311955451965
2347,4752,0.8556,0.5347208976745605
6269,4752,1.0295,0.5564223527908325
2289,4753,0.999,0.5242466330528259
686,4754,0.4597,0.5122721195220947
3837,4756,1.066,0.5654114484786987
6195,4756,1.5374,0.591571569442749
1206,4756,1.1945,0.568274199962616
5073,4757,0.9986,0.582547664642334
2349,4757,0.9919,0.5562571287155151
5073,4758,1.0053,0.537088930606842
2349,4758,0.9987,0.5467657446861267
3247,4758,0.9841,0.5383646488189697
1206,4758,0.9633,0.6593606472015381
6763,4758,1.352,0.563366174697876
2349,4759,1.0065,0.5414141416549683
3247,4759,1.0,0.5700287222862244
5522,4761,1.2865,0.7378538846969604
2349,4761,0.9926,0.569239616394043
50,4763,1.0036,0.5485016107559204
4640,4763,0.9961,0.5782812833786011
2349,4764,2.0067,0.6164772510528564
1797,4764,1.0031,0.5435452461242676
2349,4765,1.4467,0.6370770931243896
5073,4766,0.9928,0.5652292966842651
2349,4766,0.9286,0.5696223974227905
1206,4766,1.9753,0.7399138808250427
3247,4769,0.9819,0.5609694719314575
3211,4770,0.9909,0.5266448855400085
5073,4770,1.0218,0.6241262555122375
2349,4770,0.8996,0.6524875164031982
3285,4770,1.0009,0.5530369281768799
1206,4770,0.7606,0.5397465229034424
4032,4770,1.0002,0.5436456799507141
463,4771,0.9989,0.5271650552749634
2349,4771,1.0502,0.5498973727226257
3247,4771,1.0045,0.585478663444519
5073,4772,1.0319,0.5542778372764587
2349,4772,0.9951,0.5677653551101685
5073,4773,0.9943,0.5649194717407227
3275,4773,0.9899,0.5312937498092651
1890,4774,2.0266,0.7467966675758362
2349,4775,0.9943,0.5627090930938721
4634,4775,1.0851,0.5880535244941711
5073,4776,1.0142,0.5964396595954895
6218,4776,0.9943,0.5398895144462585
5073,4780,1.3269,0.6347771286964417
3572,4780,1.0203,0.5550422072410583
2349,4782,1.0289,0.5799548029899597
3247,4782,1.2912,0.5773093700408936
6576,4782,1.018,0.505779504776001
604,4782,1.1625,0.5566322803497314
1206,4782,2.3644,0.8449486494064331
1830,4783,0.9993,0.5792766213417053
4626,4783,1.0283,0.5479226112365723
2736,4783,0.9899,0.5905571579933167
2349,4783,1.0222,0.5481749176979065
6498,4783,1.0229,0.5509041547775269
7205,4784,1.0162,0.5694118142127991
7211,4784,0.9888,0.5276390314102173
5073,4785,0.9986,0.5845985412597656
902,4785,1.0012,0.5310068130493164
5073,4786,1.0148,0.537331223487854
2349,4786,1.0473,0.550126850605011
2349,4788,0.8486,0.5750163197517395
3247,4788,0.8792,0.5485724806785583
6855,4789,0.995,0.6016287207603455
48,4789,1.4566,0.550205409526825
2023,4789,2.1906,0.893186628818512
5073,4790,0.9865,0.5585340857505798
2349,4790,0.9939,0.55039381980896
6218,4790,0.995,0.5337635278701782
364,4792,1.2931,0.5438600778579712
5079,4793,1.2971,0.5757718086242676
5073,4794,1.5688,0.592509925365448
2349,4794,1.0661,0.6540801525115967
4592,4795,1.007,0.5239664912223816
5073,4795,0.999,0.5559752583503723
2349,4795,0.2,0.5765697360038757
5073,4796,1.0025,0.5418046116828918
6082,4796,0.992,0.5328193306922913
364,4796,1.3462,0.7723479866981506
5069,4797,0.971,0.5457252264022827
5073,4798,0.968,0.5307122468948364
3247,4798,1.3108,0.6855992674827576
5073,4800,0.8936,0.6652376651763916
5584,4801,1.0009,0.5549641847610474
2349,4802,0.8273,0.6166096925735474
1106,4802,0.9684,0.6412234902381897
3519,4802,1.0251,0.5490081310272217
2349,4803,1.01,0.5450759530067444
3247,4805,1.3901,0.5747194290161133
5073,4806,0.9713,0.5639345049858093
2349,4806,0.8361,0.5875462293624878
7088,4806,1.0021,0.5441234111785889
362,4806,1.4865,0.5639236569404602
2092,4806,1.5679,0.5678977370262146
3247,4810,2.8522,0.9878221154212952
5073,4812,1.0076,0.5867161154747009
2349,4812,0.9521,0.5995976328849792
5073,4814,1.0,0.5364715456962585
2349,4814,1.0003,0.5703508853912354
364,4814,1.5407,0.6494007110595703
2349,4816,1.2189,0.6159175634384155
1536,4816,1.0031,0.5324191451072693
5073,4818,1.507,0.6526821851730347
2349,4819,0.9861,0.5498652458190918
2349,4820,1.251,0.5650469660758972
6082,4820,1.2794,0.6493880748748779
364,4820,2.574,0.9748987555503845
2335,4821,1.0165,0.552828848361969
5073,4822,0.9986,0.5514191389083862
2,4822,1.1666,0.5734189748764038
2349,4822,1.1555,0.5395609736442566
3724,4822,1.3627,0.6544428467750549
3237,4823,1.0201,0.6598684191703796
364,4824,0.9762,0.5721487998962402
4596,4825,1.2043,0.5907207727432251
5073,4826,1.0577,0.5726305842399597
364,4826,3.3592,0.9922555685043335
2349,4828,1.0846,0.5539329648017883
660,4830,2.4631,0.9838972091674805
453,4831,1.0068,0.5327008366584778
5073,4832,1.2458,0.5712560415267944
364,4832,2.1092,0.6233714818954468
5073,4833,1.0409,0.5677489042282104
1206,4833,0.9421,0.5219883918762207
1716,4833,2.0314,0.6153009533882141
5073,4835,1.1037,0.5388264656066895
2349,4835,0.9898,0.626441478729248
3074,4835,3.3986,0.9864184260368347
364,4835,1.0053,0.5472675561904907
6721,4835,2.9694,0.9924808740615845
2349,4836,1.0008,0.5020638704299927
1128,4836,1.024,0.5516462922096252
5073,4838,1.5414,0.6225749254226685
2752,4839,1.034,0.5751864910125732
940,4839,0.9984,0.5633379817008972
2349,4839,1.0025,0.5393903851509094
4185,4839,1.0252,0.5520238280296326
3203,4841,0.9988,0.5408364534378052
2285,4841,1.0658,0.6774337291717529
3676,4841,0.9997,0.550033688545227
5073,4842,1.0709,0.5545880794525146
2349,4842,0.994,0.5405046939849854
3247,4842,1.2722,0.5661596655845642
5073,4844,0.9974,0.525149941444397
3652,4844,1.023,0.5460911393165588
3247,4844,0.9932,0.5360971689224243
3247,4845,0.9999,0.5375377535820007
3249,4845,1.0105,0.5626397132873535
3692,4846,0.9646,0.5303407907485962
2031,4846,3.7896,0.984948456287384
5815,4846,0.8232,0.5851715207099915
2349,4847,0.8099,0.5371411442756653
6735,4847,2.3332,0.8128710389137268
5073,4848,1.2852,0.5823625922203064
2349,4848,1.0751,0.6225386261940002
3247,4848,1.0069,0.5732540488243103
3247,4849,1.0517,0.5606442093849182
5360,4850,2.7787,0.9412972927093506
5073,4851,0.6478,0.5559309720993042
3247,4851,1.003,0.5421008467674255
2349,4852,0.9219,0.675090491771698
4207,4852,0.9921,0.606526792049408
6218,4852,0.9961,0.5722217559814453
5285,4852,1.4799,0.621383011341095
5360,4852,0.7519,0.6595101356506348
5360,4853,0.9127,0.5535203814506531
5073,4855,1.2734,0.6166996955871582
3247,4855,1.0261,0.5539237260818481
6374,4855,0.9567,0.5404903888702393
5073,4856,1.1054,0.5418890118598938
5360,4856,1.1167,0.5791795253753662
364,4856,0.8482,0.5681170225143433
2272,4857,1.429,0.5676950216293335
2349,4858,0.9986,0.5273610949516296
5073,4859,1.4293,0.6986204385757446
2349,4859,1.3234,0.6610555052757263
6082,4859,2.1785,0.7908217906951904
1206,4859,0.5258,0.6958965063095093
6218,4859,0.513,0.5750738978385925
435,4859,1.791,0.6212567687034607
2349,4861,1.0243,0.560687780380249
3247,4862,1.0064,0.5473056435585022
6082,4863,1.0932,0.5699564814567566
5285,4863,0.9727,0.5652343034744263
364,4863,0.5876,0.6670052409172058
2349,4865,0.9288,0.5693026185035706
3247,4865,1.9025,0.7025322914123535
5073,4866,0.9992,0.5239270925521851
52,4867,1.6766,0.5916206240653992
1437,4867,1.0057,0.5519781708717346
6175,4867,1.6902,0.5696055293083191
5073,4868,1.0019,0.520003616809845
6430,4868,1.386,0.5823333263397217
2349,4871,1.1141,0.5746349096298218
5073,4872,0.8818,0.5443928837776184
3847,4872,0.9998,0.5097866654396057
5073,4873,1.205,0.6306629180908203
3247,4873,1.315,0.54900062084198
6082,4873,1.337,0.5702347159385681
1206,4875,1.4214,0.5873274207115173
3552,4875,1.9105,0.8194847106933594
4054,4875,0.9322,0.5613803267478943
2272,4875,4.4056,0.9634076356887817
4960,4875,0.9979,0.5395248532295227
3174,4876,0.7602,0.6380560994148254
5360,4876,1.0044,0.5342801213264465
1407,4877,2.2876,0.8540836572647095
5073,4877,0.9369,0.5990680456161499
2349,4877,1.1313,0.576490044593811
3247,4877,1.5233,0.5821843147277832
2826,4877,1.0105,0.5913944244384766
5788,4877,1.4379,0.6380136609077454
3247,4879,1.3771,0.610286295413971
2349,4881,0.8864,0.6626495718955994
7090,4881,3.0987,0.9887195229530334
3247,4882,0.9543,0.5455678105354309
6740,4882,0.9907,0.5632031559944153
5073,4883,1.0023,0.5381532311439514
3247,4883,1.8489,0.7989248037338257
5073,4884,1.1041,0.560014545917511
2349,4884,1.3265,0.5571804642677307
3285,4884,0.9775,0.5711684226989746
1206,4884,1.4265,0.5813808441162109
702,4885,1.0026,0.5886743664741516
6626,4885,2.9442,0.9909479022026062
2349,4886,1.0016,0.5816097855567932
1206,4886,1.2262,0.5540623664855957
5073,4888,1.0271,0.6408839225769043
2349,4888,0.9069,0.6494929790496826
3855,4888,0.911,0.6318833827972412
1206,4888,1.8514,0.7009941935539246
2167,4888,1.5213,0.6125730872154236
6340,4888,0.9987,0.5314083695411682
30,4889,1.2672,0.558813214302063
5073,4889,1.0212,0.5674690008163452
3247,4889,0.9949,0.5346857905387878
4215,4889,1.6386,0.5694425106048584
5073,4890,1.2214,0.5698619484901428
2349,4890,1.001,0.5837792158126831
1178,4890,1.1897,0.6574118733406067
2329,4891,0.9971,0.5510578155517578
2349,4891,1.3017,0.5797658562660217
2349,4892,0.7717,0.6973894238471985
3247,4892,2.1233,0.8935274481773376
6082,4892,1.4621,0.586461067199707
1112,4892,1.2734,0.62892085313797
7156,4892,1.3003,0.5640809535980225
2766,4893,0.9898,0.6045869588851929
6879,4893,0.9877,0.5981826782226562
2337,4893,2.1958,0.9307218194007874
5947,4894,0.9426,0.6681815981864929
1206,4894,1.0016,0.5568890571594238
5055,4895,0.8214,0.62663733959198
2349,4895,0.8248,0.5947312712669373
4175,4895,2.7664,0.974000096321106
2349,4896,1.355,0.577613353729248
3259,4896,1.6705,0.7247567772865295
3439,4896,1.2059,0.6542946100234985
4131,4897,0.7595,0.5442363023757935
3247,4897,1.0088,0.6167651414871216
5073,4898,1.0067,0.563469409942627
2349,4898,0.979,0.5756247043609619
3247,4898,1.3993,0.6267071962356567
3247,4902,0.9949,0.5905704498291016
2039,4902,0.9397,0.5657714605331421
5073,4904,1.1346,0.5908901691436768
1206,4904,1.4059,0.5743672251701355
5864,4904,1.006,0.5498794317245483
4054,4904,0.9467,0.5372534990310669
48,4905,1.013,0.5506618022918701
2349,4905,0.6371,0.5715323090553284
3247,4905,0.9902,0.5391283631324768
2341,4905,1.5413,0.5749812722206116
2349,4908,1.2955,0.6888639330863953
3247,4908,1.6228,0.6387922763824463
4743,4908,0.8901,0.5441097021102905
1206,4908,1.0377,0.681718647480011
5073,4910,0.9945,0.5745213031768799
2349,4910,1.0653,0.643608033657074
1206,4910,1.1671,0.5543244481086731
537,4911,1.031,0.5369585156440735
6658,4911,1.3501,0.5940735936164856
7088,4911,2.5466,0.9678341746330261
4815,4911,1.2498,0.5565491318702698
1206,4912,2.3737,0.8194800019264221
5073,4913,1.0713,0.5530999898910522
3905,4913,1.0216,0.5670940279960632
1206,4913,1.6228,0.5579318404197693
6082,4914,0.9988,0.5292772054672241
5073,4915,1.0306,0.5735536217689514
3889,4915,0.9856,0.5670744776725769
2349,4916,1.0018,0.5361844301223755
1435,4916,0.9956,0.5806341767311096
1160,4916,1.2122,0.5359730124473572
1206,4916,1.0353,0.5639826655387878
369,4916,1.0017,0.5336787700653076
435,4916,1.5335,0.5570437908172607
5073,4918,1.0029,0.6028198003768921
1206,4918,0.9706,0.5991967916488647
5073,4920,0.9923,0.5392265319824219
2349,4920,0.9719,0.5047707557678223
3247,4920,0.9891,0.6227970719337463
1206,4920,1.0306,0.5787369608879089
3247,4921,1.3684,0.567152738571167
4864,4922,1.0183,0.5436064600944519
1206,4922,1.0746,0.5469455122947693
3578,4922,0.9996,0.548060953617096
2349,4923,0.9917,0.5285462737083435
3247,4923,1.0524,0.5798094868659973
2137,4924,1.01,0.5667425990104675
1612,4925,1.4605,0.7098527550697327
2349,4926,1.2505,0.5683339238166809
2931,4926,1.0408,0.5749328136444092
3692,4927,1.5455,0.5658231973648071
1206,4927,1.369,0.6622811555862427
5073,4928,1.019,0.5991474986076355
972,4928,1.4495,0.5853022336959839
3706,4929,0.9727,0.5833598375320435
5969,4929,1.0372,0.6603114008903503
2045,4929,1.1191,0.5764895081520081
5073,4931,1.1636,0.5660682916641235
3247,4931,1.0141,0.527236819267273
3247,4932,0.9901,0.5280609726905823
2349,4933,1.5103,0.5709698796272278
3247,4933,1.0009,0.5497921705245972
2897,4933,1.008,0.5387058854103088
5073,4934,1.0067,0.5511510372161865
3247,4934,1.3913,0.5704078078269958
2335,4935,0.9523,0.5423755645751953
2945,4935,1.2829,0.6338484883308411
2349,4936,2.0347,0.661510705947876
1206,4936,1.7833,0.6555793881416321
5898,4936,1.0563,0.5649108290672302
5979,4937,1.3486,0.5724976658821106
5073,4937,0.9939,0.551267147064209
2349,4937,1.1108,0.5579432249069214
3247,4937,2.1691,0.9225218892097473
1596,4937,0.9811,0.6114817261695862
3403,4937,1.2063,0.6936640739440918
1206,4937,3.1654,0.9588396549224854
2349,4938,1.0023,0.5910173058509827
827,4938,1.0022,0.5351676940917969
3174,4938,1.0597,0.5897601246833801
3247,4940,1.0596,0.5800266861915588
4791,4940,1.9914,0.9320301413536072
4336,4940,2.579,0.961407482624054
5670,4941,0.9955,0.6025331616401672
3041,4941,0.9929,0.532729983329773
2349,4942,1.6649,0.5769424438476562
3174,4942,1.0607,0.5883927941322327
7054,4943,1.003,0.5339387655258179
5073,4944,1.0183,0.5663532018661499
2349,4944,0.9997,0.5680951476097107
1206,4944,0.9636,0.601364016532898
7182,4944,1.0176,0.5779315829277039
3247,4946,2.7778,0.9775577783584595
5073,4947,0.9958,0.5552699565887451
1206,4947,3.7044,0.9598303437232971
5073,4948,1.0702,0.6171097159385681
1407,4951,1.0055,0.5309953093528748
5073,4951,1.0185,0.5407613515853882
3674,4951,1.6102,0.6415256261825562
5073,4952,0.9901,0.6040450930595398
2349,4952,1.1517,0.5721737742424011
6472,4952,0.7875,0.6014655828475952
7054,4952,3.5508,0.7713967561721802
5073,4954,0.9419,0.6041884422302246
2349,4955,1.0248,0.5429450273513794
3903,4955,1.0512,0.5615911483764648
5073,4956,1.1683,0.6593158841133118
2272,4956,1.3682,0.5975985527038574
5039,4957,1.0287,0.5479874014854431
2349,4957,1.0487,0.57049161195755
4328,4957,2.114,0.7387153506278992
5073,4958,0.8574,0.6574585437774658
2349,4958,0.9697,0.5676986575126648
3247,4958,1.4932,0.5930379033088684
5285,4958,1.0362,0.5771700739860535
5073,4960,1.0033,0.5290922522544861
2349,4962,1.3502,0.562930703163147
3247,4963,1.0418,0.5509271621704102
4133,4964,1.0439,0.55781090259552
3247,4964,0.8141,0.5624992251396179
5073,4965,1.504,0.5780198574066162
3247,4966,1.0013,0.621148407459259
5053,4967,0.9857,0.539514422416687
5073,4968,0.9948,0.5427238345146179
3247,4968,1.3216,0.5470424294471741
1206,4968,0.8367,0.5517399311065674
435,4968,1.072,0.5511472225189209
2349,4969,1.0625,0.5641958117485046
1112,4970,1.3059,0.5824591517448425
5073,4971,1.0305,0.567047119140625
2272,4972,3.8052,0.9653793573379517
5073,4974,1.3155,0.6958026885986328
2349,4975,0.9859,0.5878143906593323
5963,4976,0.9737,0.5366502404212952
62,4977,1.0534,0.5561373829841614
5073,4978,0.9647,0.5446504354476929
6885,4980,1.1576,0.5922004580497742
6490,4980,1.0138,0.5865606069564819
5073,4982,0.9914,0.5325126051902771
2349,4982,0.9933,0.5617079138755798
5073,4984,1.0274,0.6234136819839478
2349,4984,1.4373,0.5792410373687744
3247,4985,1.0033,0.5444014668464661
2602,4985,1.0014,0.5368683934211731
5073,4986,1.1671,0.5660374164581299
2349,4986,1.3909,0.5732296109199524
686,4986,0.9997,0.5338036417961121
660,4986,0.9964,0.5488137602806091
2272,4986,1.0899,0.5426676869392395
1395,4987,1.1607,0.580441951751709
934,4987,0.9848,0.5351152420043945
3247,4987,1.0501,0.5509868860244751
5073,4988,1.1208,0.5234319567680359
2349,4988,1.1269,0.7484971880912781
3247,4988,1.2397,0.5436688661575317
5073,4989,1.0021,0.537990391254425
5031,4991,3.2091,0.9915988445281982
2349,4991,0.7395,0.573392391204834
3247,4991,1.0034,0.611565351486206
5073,4992,1.4736,0.6713641285896301
2349,4992,0.7956,0.6399953961372375
369,4992,1.6602,0.5845475792884827
1391,4993,1.5965,0.5760877728462219
5073,4993,1.2823,0.5596116781234741
5722,4993,1.0007,0.5406586527824402
5073,4994,0.9771,0.602633535861969
2349,4994,0.9904,0.5505362749099731
1206,4994,0.6723,0.5721126794815063
4468,4994,1.0773,0.7110220193862915
4054,4994,1.3602,0.6019182801246643
2349,4995,1.1155,0.580965518951416
5073,4998,1.3579,0.6449236869812012
6082,4998,1.3997,0.5900509357452393
5073,4999,0.9277,0.56871098279953
1206,4999,1.185,0.5605502128601074
2349,5003,1.0426,0.544506311416626
3710,5003,0.9972,0.587566077709198
5073,5004,1.0061,0.5779680609703064
5073,5005,1.034,0.6261342763900757
3247,5005,1.0258,0.5872610211372375
2349,5006,1.0331,0.5714155435562134
2361,5006,1.0012,0.5567989945411682
4464,5006,0.7064,0.5132558941841125
4983,5006,0.9945,0.5528614521026611
5073,5007,0.8908,0.6209688782691956
2349,5008,2.0151,0.7882623076438904
2349,5009,1.6159,0.599131166934967
3875,5009,1.0063,0.5459683537483215
4054,5009,2.3306,0.9311831593513489
50,5011,1.5803,0.5892385244369507
2349,5011,1.1776,0.5931326746940613
1206,5012,0.9444,0.542660117149353
4054,5012,1.4133,0.5805540084838867
5073,5013,1.1651,0.5742717385292053
3247,5014,1.8083,0.5939289331436157
5073,5015,1.0002,0.5294598937034607
2367,5015,1.1034,0.5955410003662109
2349,5019,1.3562,0.6359597444534302
3247,5019,1.5897,0.6287866234779358
2498,5019,1.2494,0.6056750416755676
4197,5020,0.9452,0.652178168296814
2881,5020,1.0445,0.5519952178001404
362,5022,0.9998,0.5463280081748962
2349,5024,1.552,0.5304933190345764
4054,5024,1.0019,0.5276182889938354
5372,5024,1.0221,0.6018629670143127
2092,5024,1.0163,0.5606198906898499
5073,5026,1.6366,0.5812011957168579
3572,5026,0.9992,0.5170596241950989
5073,5028,1.0536,0.5954704880714417
2349,5030,0.859,0.5879431366920471
1509,5030,1.0065,0.541833221912384
5073,5032,0.9278,0.5524306297302246
2349,5032,1.0355,0.6176477074623108
1999,5032,0.9982,0.5201085805892944
1206,5032,1.2166,0.7380080223083496
2349,5034,1.1522,0.5705611705780029
2092,5034,1.3414,0.7686394453048706
2427,5036,1.0091,0.5466437339782715
3247,5038,0.9996,0.5399426817893982
6182,5038,1.4171,0.6524303555488586
5073,5040,0.9808,0.6423280835151672
1206,5040,1.0177,0.5953571796417236
2349,5042,0.9968,0.5221683979034424
6082,5042,0.9974,0.5381743907928467
4969,5042,1.0713,0.5662776231765747
5073,5044,1.773,0.5820276737213135
6626,5044,1.0237,0.544254720211029
1206,5044,1.0073,0.5828190445899963
1222,5044,1.8608,0.6178296208381653
5073,5048,1.0158,0.5493122339248657
2349,5048,1.0688,0.5635128021240234
3247,5048,1.3516,0.5451300144195557
1206,5048,0.6248,0.5705923438072205
369,5048,1.0318,0.5566377639770508
5073,5050,1.0137,0.5449216365814209
2349,5050,0.944,0.5384548306465149
3247,5052,0.7718,0.5739750266075134
3247,5054,1.0744,0.5502450466156006
5089,5054,1.0128,0.5452839732170105
6082,5054,0.9975,0.6320755481719971
3543,5054,1.5747,0.6063511967658997
5073,5056,1.0034,0.5296055674552917
2349,5056,0.9975,0.5434523224830627
3247,5056,1.0159,0.5460302829742432
5073,5058,0.9825,0.5683826208114624
1206,5058,0.905,0.6457652449607849
2349,5060,1.1767,0.5361689925193787
3247,5060,1.0003,0.5221871733665466
1206,5060,0.7722,0.5543392300605774
4339,5060,1.0501,0.5561838150024414
2358,5062,2.0495,0.9337209463119507
5073,5064,1.0555,0.5779643654823303
2349,5064,1.5518,0.7253386378288269
3247,5064,2.284,0.7621307969093323
6933,5064,1.06,0.6284623742103577
562,5064,2.5364,0.9837291836738586
2349,5066,0.995,0.6044573187828064
1206,5066,1.016,0.6585865020751953
2756,5068,1.0743,0.5500962734222412
1114,5068,1.0146,0.5477378368377686
5073,5070,1.0284,0.5434618592262268
6438,5070,1.0323,0.618278980255127
2349,5070,2.8639,0.939669668674469
3275,5070,0.9075,0.5953375697135925
615,5072,1.0007,0.5387138724327087
5073,5074,1.022,0.5435508489608765
837,5074,1.3154,0.5706813931465149
1226,5074,1.0058,0.5289548635482788
3247,5078,1.5477,0.5612932443618774
2603,5078,2.4033,0.9745566844940186
7169,5078,0.9961,0.5255755186080933
5073,5080,1.0287,0.5671781301498413
2349,5080,1.2723,0.6007824540138245
5073,5082,0.9426,0.5197427272796631
2349,5082,1.0042,0.5349103212356567
3706,5084,1.597,0.5686758756637573
1363,5084,0.9808,0.5196738243103027
2349,5084,0.9875,0.5452382564544678
1206,5084,1.4794,0.5589749813079834
364,5084,3.679,0.9903110265731812
2130,5084,2.3798,0.9309196472167969
2066,5084,4.2047,0.9851069450378418
3824,5084,3.3292,0.9952782392501831
2349,5086,1.2252,0.586024284362793
3247,5086,1.4536,0.5633261203765869
364,5088,1.0029,0.5554084181785583
5073,5090,1.7543,0.6017497181892395
5073,5092,1.2132,0.6361767053604126
7002,5092,1.0133,0.5409281849861145
1206,5092,0.9824,0.5798104405403137
4339,5092,2.5366,0.9736350774765015
5073,5094,1.1644,0.5483986735343933
6566,5094,1.1517,0.5549720525741577
686,5094,0.9266,0.5853584408760071
1112,5094,1.0037,0.5615838170051575
369,5094,1.0599,0.5669472217559814
2477,5094,2.0412,0.7417741417884827
4592,5096,1.1188,0.5468142032623291
2349,5096,1.0119,0.55158931016922
364,5098,1.2624,0.6209978461265564
5073,5102,1.0148,0.5700718760490417
5073,5104,1.3368,0.6102601885795593
3247,5104,1.4106,0.609021008014679
5211,5104,1.7031,0.5813550353050232
5073,5106,0.8051,0.604584813117981
2349,5106,1.6691,0.6392661929130554
2665,5106,2.4971,0.9644420742988586
364,5106,2.1248,0.6540070176124573
5661,5106,1.958,0.8319002985954285
2349,5108,1.0,0.5673848986625671
3174,5108,2.3696,0.9902874231338501
24,5109,1.146,0.5844391584396362
5073,5110,1.1179,0.5429239273071289
3247,5110,1.2969,0.6420212984085083
7109,5110,2.8181,0.986935019493103
2349,5112,0.8734,0.5944956541061401
493,5113,0.9808,0.6239039897918701
5073,5114,1.4047,0.5786532759666443
5265,5114,2.4473,0.9828308820724487
2287,5116,1.0192,0.5427960753440857
2608,5116,1.0876,0.5414309501647949
4524,5116,0.9902,0.5441642999649048
1686,5116,2.2875,0.9877484440803528
2886,5116,0.9444,0.513521671295166
5073,5121,1.2015,0.5392596125602722
2349,5122,1.2545,0.5981711745262146
6082,5122,1.0274,0.5631219744682312
2349,5124,1.888,0.6777750253677368
3247,5124,1.2104,0.6476882100105286
3652,5125,1.0001,0.5271849036216736
5073,5126,1.3149,0.6530402302742004
2349,5126,1.0432,0.5453277230262756
3247,5126,1.3722,0.6510458588600159
2349,5128,1.0016,0.5478250980377197
5073,5130,1.4367,0.5756124258041382
1523,5130,1.733,0.6212289929389954
3712,5132,1.4008,0.5759333968162537
5360,5132,0.9175,0.5771499872207642
6195,5135,1.0019,0.5186067819595337
1206,5135,1.2904,0.5492671728134155
5333,5135,1.0026,0.5205273628234863
364,5135,1.5046,0.6011320352554321
2349,5136,0.9909,0.5655934810638428
4207,5136,1.4205,0.6909763813018799
2092,5136,1.0193,0.5440791249275208
2349,5137,0.9999,0.6731961369514465
1206,5137,2.3664,0.6545792818069458
5073,5138,0.9896,0.5480622053146362
5073,5139,1.1216,0.5883142948150635
3247,5139,0.9677,0.549038290977478
6082,5139,0.9712,0.5289760231971741
2053,5139,1.3404,0.6037508249282837
6730,5139,2.9468,0.961175262928009
7204,5139,1.489,0.5836154818534851
4054,5139,0.8349,0.566042959690094
2092,5139,2.7351,0.6929459571838379
5073,5141,1.2615,0.5988376140594482
2349,5141,1.1101,0.6067325472831726
1206,5141,1.0965,0.5837070941925049
5073,5142,1.0045,0.5188486576080322
2349,5142,1.0097,0.5747295618057251
1206,5142,0.9593,0.5424334406852722
2272,5142,3.0155,0.9772189855575562
5679,5142,1.0017,0.5373844504356384
6082,5144,0.9982,0.5369689464569092
2272,5144,1.0575,0.5781126022338867
364,5144,1.6161,0.7858827710151672
2987,5145,1.892,0.9410491585731506
1206,5145,1.0338,0.5619159936904907
4193,5146,1.0244,0.5901939868927002
3734,5146,0.7539,0.5665855407714844
1206,5147,0.994,0.5593608617782593
2349,5148,0.9963,0.63131183385849
364,5148,1.671,0.5935320258140564
2272,5149,1.1059,0.5747209191322327
157,5150,1.0198,0.5474773645401001
7042,5150,0.9988,0.5392317771911621
7260,5150,1.8332,0.591357409954071
3376,5150,0.9991,0.5270474553108215
364,5152,1.2872,0.5844634175300598
5073,5156,1.3108,0.7095677256584167
1206,5158,0.9181,0.656815767288208
1206,5159,1.1056,0.6183227300643921
5902,5159,1.2933,0.5502561926841736
5059,5161,1.2677,0.5629271864891052
1828,5161,1.1774,0.5363112092018127
3247,5161,1.0731,0.539185106754303
1206,5163,1.5443,0.61681067943573
364,5163,1.519,0.5883002281188965
5073,5164,1.0376,0.647282600402832
3247,5164,1.2874,0.5625277757644653
1206,5164,1.0109,0.6207003593444824
5073,5166,1.0032,0.6075859665870667
3247,5166,0.9985,0.5104650855064392
2272,5166,1.1373,0.5579153895378113
2092,5166,1.8862,0.9492354393005371
2018,5168,2.6904,0.9546364545822144
2018,5169,1.4523,0.5723066329956055
5073,5170,1.1704,0.6019173860549927
3247,5171,1.3835,0.606400191783905
2349,5172,1.0088,0.5278786420822144
3247,5172,0.9999,0.5525271892547607
48,5173,1.0829,0.5703389644622803
3247,5173,2.2887,0.9598660469055176
5073,5174,1.0452,0.5520007014274597
3247,5174,3.5105,0.9764670729637146
2950,5175,3.3425,0.985781729221344
4800,5175,2.0237,0.858363151550293
5073,5176,1.0125,0.5530785918235779
5073,5177,1.2412,0.6417828798294067
5969,5178,0.9774,0.542414665222168
5073,5179,1.0857,0.5674810409545898
2349,5179,1.0999,0.5746709704399109
364,5179,1.6758,0.5811399221420288
5498,5180,1.0275,0.5489164590835571
12,5181,0.9979,0.5501324534416199
2349,5181,1.0246,0.5500268936157227
3247,5181,0.8356,0.5919219851493835
5900,5181,1.0027,0.531234085559845
2349,5182,0.998,0.5642253756523132
5073,5183,1.0723,0.5659877061843872
3247,5183,3.4711,0.9938532114028931
1131,5183,1.015,0.5650757551193237
3247,5184,1.0133,0.554375410079956
952,5185,1.1708,0.6401383876800537
5073,5185,1.2508,0.6254149079322815
2349,5185,0.927,0.5577180981636047
2349,5186,1.0064,0.5816931128501892
3247,5186,1.0062,0.5477890968322754
3247,5188,0.9977,0.5530260801315308
2349,5189,1.0042,0.523710310459137
6041,5189,1.4232,0.5887480974197388
6614,5189,1.322,0.5508095026016235
1206,5189,2.8267,0.8870333433151245
699,5189,3.5842,0.9397585391998291
50,5190,1.0089,0.5424230098724365
2349,5190,0.9669,0.5477767586708069
5073,5191,1.0786,0.5523874163627625
2133,5193,0.7726,0.5181258916854858
4028,5193,0.9256,0.5914509296417236
3247,5194,2.0397,0.9072137475013733
2816,5195,0.9812,0.547339677810669
7235,5195,1.1752,0.5871270298957825
4614,5196,0.9816,0.5429202914237976
5073,5196,0.9579,0.563697874546051
2349,5196,1.3153,0.6075118184089661
3247,5197,1.4275,0.552871584892273
1114,5197,1.6171,0.5745522975921631
4000,5197,1.3951,0.5695348978042603
6713,5197,1.003,0.5340821743011475
2349,5198,0.667,0.5549887418746948
3247,5198,0.9921,0.5638933181762695
529,5198,1.1398,0.5885639786720276
78,5198,1.0049,0.5586878657341003
6957,5199,1.1403,0.6543076634407043
1908,5199,1.1014,0.6258608102798462
5073,5200,1.0195,0.5626063942909241
2349,5200,0.9928,0.5455458760261536
5073,5201,0.9613,0.5190436244010925
2349,5201,0.9949,0.6252275705337524
1136,5201,0.9995,0.5264758467674255
1206,5201,1.518,0.5633602142333984
5073,5202,0.9968,0.5354519486427307
2349,5202,0.9858,0.564655065536499
5073,5203,1.1305,0.5944607257843018
3247,5203,0.9931,0.5491960048675537
6582,5203,2.2926,0.9576672911643982
1206,5203,1.087,0.5736245512962341
5802,5203,1.0022,0.5378407835960388
1751,5203,1.0157,0.5606517195701599
369,5203,1.1092,0.5513706207275391
5073,5204,0.9841,0.689944326877594
3247,5204,0.9955,0.5395671725273132
3740,5204,1.0064,0.5928556323051453
5073,5205,1.0082,0.601806104183197
1112,5205,1.0098,0.5315322279930115
7104,5205,0.8776,0.5587450861930847
4014,5205,1.4732,0.5977057814598083
2676,5205,1.2168,0.5597383975982666
2349,5206,1.0149,0.5793988704681396
5073,5207,1.0018,0.5358607172966003
2349,5207,0.8052,0.5417803525924683
5073,5208,0.989,0.5890137553215027
5073,5209,1.1008,0.6944023370742798
1395,5209,1.176,0.5807438492774963
2349,5209,1.1238,0.6200523972511292
3247,5209,2.5359,0.9827104210853577
1206,5209,0.988,0.5820056200027466
4618,5210,1.1383,0.6068333387374878
5073,5213,0.9771,0.5713580250740051
3247,5213,0.9635,0.6036069393157959
1206,5213,1.2756,0.5930457711219788
5896,5213,2.5111,0.9127210974693298
6301,5213,1.1348,0.5458046197891235
2349,5217,1.9455,0.5963054299354553
1206,5217,1.6166,0.5681783556938171
3247,5218,1.0829,0.5571886897087097
2349,5219,1.2599,0.556186854839325
3247,5219,0.9939,0.541621208190918
4121,5220,1.0335,0.5564407706260681
4115,5220,1.0395,0.5762947797775269
2349,5220,0.9951,0.6640273332595825
3249,5220,1.0176,0.5563132762908936
3247,5221,1.8631,0.5751584768295288
1206,5221,1.0198,0.5514998435974121
3247,5222,1.1531,0.704522430896759
6614,5223,1.4097,0.5631232857704163
2279,5223,1.0304,0.5628665685653687
4497,5223,1.0115,0.5599740743637085
6188,5223,1.0274,0.6032984256744385
2349,5224,0.9949,0.5415449142456055
2349,5225,1.1769,0.6560879349708557
5073,5227,1.0784,0.5859860181808472
6478,5230,1.0173,0.5908027291297913
5073,5231,0.693,0.6920790672302246
493,5232,0.9991,0.6068242192268372
5113,5232,1.0158,0.5867917537689209
2742,5234,1.0096,0.5503172278404236
970,5234,1.1096,0.6174465417861938
3247,5235,1.0273,0.6370251774787903
364,5235,3.3669,0.9644186496734619
48,5236,1.0039,0.5465550422668457
5073,5236,1.009,0.5486395955085754
2349,5237,0.8952,0.5916502475738525
1206,5237,1.062,0.6830423474311829
5073,5240,2.353,0.9711389541625977
5073,5241,0.9796,0.5910648107528687
2349,5241,0.9728,0.5478567481040955
6082,5241,1.7062,0.5759910941123962
364,5243,1.5332,0.5715296268463135
3247,5244,0.9024,0.5914639234542847
952,5245,3.0354,0.963840901851654
2283,5245,0.9907,0.5667056441307068
6082,5245,1.2427,0.5756247043609619
6800,5245,1.0745,0.5951787829399109
5073,5247,1.3148,0.55837082862854
1206,5247,1.1734,0.5625377297401428
2760,5248,1.0046,0.546858549118042
1822,5248,1.0065,0.5418320894241333
3247,5248,0.9967,0.542877733707428
5073,5249,0.9714,0.541362464427948
2349,5249,1.0125,0.5567853450775146
2792,5249,0.9997,0.5363554954528809
1969,5249,1.7321,0.8012635111808777
4274,5249,1.0024,0.5261977314949036
2349,5250,0.9969,0.5419579744338989
3247,5250,0.995,0.5397171378135681
6045,5250,1.0248,0.6049049496650696
5073,5251,1.0335,0.5723891854286194
2349,5251,1.1209,0.5610376596450806
5073,5253,0.9877,0.6055161952972412
5073,5255,1.1856,0.6463586091995239
3247,5256,1.0027,0.5422119498252869
5073,5257,1.0785,0.5557698607444763
2349,5257,1.2986,0.6390282511711121
3359,5257,1.0429,0.5479899048805237
796,5257,1.2585,0.6007120609283447
5073,5258,1.0045,0.5412812232971191
3652,5258,4.694,0.9831595420837402
2349,5259,1.1746,0.6559243202209473
3247,5259,0.9799,0.627012312412262
159,5259,0.9467,0.5969798564910889
1178,5259,1.0007,0.5256822109222412
7258,5259,0.9779,0.5645453929901123
3247,5260,0.9992,0.5246404409408569
5073,5261,0.9751,0.5469833612442017
3247,5262,1.0111,0.5728318691253662
916,5263,0.9987,0.5077630877494812
2349,5263,0.9883,0.6159743070602417
6082,5263,1.4405,0.5911779999732971
364,5263,2.5053,0.9642988443374634
2349,5267,0.9783,0.5752540826797485
364,5267,0.9893,0.5456127524375916
2349,5269,1.3604,0.6251735687255859
5073,5271,0.9915,0.5564873814582825
3247,5271,1.0379,0.5882784128189087
4197,5271,0.9786,0.5500295162200928
3247,5272,1.0308,0.5605607032775879
2349,5273,1.0404,0.6721049547195435
5073,5274,1.0393,0.5875859260559082
2349,5275,1.2843,0.6771376729011536
2281,5276,0.9956,0.5334072709083557
4600,5277,1.0714,0.55426025390625
5073,5277,1.0899,0.5541052222251892
2229,5277,0.9692,0.5739515423774719
3205,5278,0.9911,0.5505380034446716
3247,5279,1.363,0.5725968480110168
364,5281,1.7551,0.686111330986023
1222,5281,1.6468,0.5746129155158997
4592,5282,1.0684,0.583432674407959
4590,5282,1.0072,0.5622043013572693
6082,5283,2.3755,0.7420040369033813
5073,5284,1.3754,0.6684784889221191
3094,5284,1.0103,0.5677745938301086
364,5284,2.448,0.9430155754089355
5073,5285,1.1625,0.573663592338562
2349,5287,0.943,0.5697099566459656
3247,5287,1.0015,0.6277557015419006
4147,5289,1.8194,0.9187378883361816
5073,5289,0.9974,0.5535672903060913
2349,5289,0.995,0.5669236183166504
3247,5289,1.0189,0.5609875321388245
2057,5290,1.2336,0.5609716773033142
2059,5290,1.4162,0.5647493004798889
48,5291,1.161,0.566441535949707
5073,5291,0.6816,0.5917631387710571
4616,5291,1.5352,0.5661086440086365
932,5291,1.4607,0.6337405443191528
2305,5291,0.9921,0.5684025883674622
5524,5291,1.0996,0.6130314469337463
2349,5291,1.2665,0.642435610294342
1896,5291,1.5571,0.61130690574646
2365,5291,1.067,0.5780960917472839
3247,5291,0.7412,0.6032934188842773
1008,5291,1.1304,0.502326488494873
2458,5291,0.9993,0.5224113464355469
5742,5291,0.894,0.5408280491828918
6218,5291,1.1232,0.5970536470413208
5285,5291,1.8865,0.6297599673271179
6374,5291,0.8968,0.5789969563484192
5073,5292,1.0077,0.5889714360237122
2349,5292,0.9888,0.5458401441574097
3247,5293,1.2139,0.5797470211982727
2349,5294,1.0268,0.6191111207008362
3247,5294,1.1366,0.5343254804611206
5073,5295,0.9489,0.5552670955657959
2349,5296,1.0014,0.5309147238731384
5073,5297,0.8735,0.5235235095024109
5073,5300,0.974,0.6765033602714539
3652,5300,2.5514,0.8856955766677856
2349,5300,1.5956,0.5916900634765625
3247,5300,1.3686,0.5692510604858398
3247,5301,0.9987,0.5228306651115417
6191,5301,1.0014,0.6135396957397461
3407,5302,1.1576,0.5865463018417358
5073,5303,1.0588,0.5829200744628906
2913,5303,4.8828,0.9820306301116943
1694,5303,1.4384,0.7182040810585022
362,5303,3.3072,0.9871320724487305
5073,5305,0.913,0.5588794350624084
916,5305,0.4421,0.5713291168212891
6537,5305,1.0095,0.5832135677337646
6720,5305,0.9995,0.5232691168785095
2272,5305,1.0268,0.6513794660568237
364,5305,0.5757,0.6447911262512207
628,5307,0.9975,0.5159856677055359
2272,5307,1.028,0.5493849515914917
364,5307,0.7815,0.607374906539917
5073,5308,0.7671,0.5392770767211914
6454,5308,0.9998,0.5268893837928772
7222,5309,0.9974,0.5495440363883972
5360,5309,1.3945,0.5690098404884338
2162,5309,2.3037,0.9722680449485779
2349,5311,1.0638,0.5343900322914124
1206,5311,1.2332,0.5637965202331543
2349,5312,0.9961,0.5769082307815552
3247,5313,0.6082,0.5548189878463745
1206,5313,1.0121,0.5996488928794861
4159,5314,1.4241,0.6830783486366272
5073,5314,1.1636,0.5565343499183655
2349,5314,1.0012,0.5068725943565369
3247,5314,1.2433,0.5499452352523804
2272,5314,2.5635,0.8858795762062073
2349,5315,0.9959,0.5286931991577148
5073,5316,1.3405,0.6498122215270996
2349,5316,1.0716,0.6271055340766907
3247,5316,1.0427,0.6110845804214478
2272,5316,1.1426,0.6319686770439148
3237,5317,1.079,0.5655338168144226
5073,5317,0.9763,0.5455592274665833
3652,5317,1.2373,0.577419638633728
2349,5318,1.0791,0.5666042566299438
5073,5319,0.9459,0.5608878135681152
1206,5320,1.5003,0.5408512353897095
2173,5320,0.771,0.5343639254570007
5073,5321,0.9966,0.533595860004425
3652,5321,1.1213,0.6309499740600586
2349,5321,1.3988,0.6786214113235474
90,5321,2.0163,0.7004900574684143
5073,5323,1.1178,0.5429673790931702
36,5323,1.1276,0.5586354732513428
6905,5323,1.3744,0.6795720458030701
5073,5326,0.9123,0.587433934211731
40,5326,1.1605,0.6844262480735779
2349,5326,0.9938,0.6034212112426758
5073,5328,1.0177,0.5757483243942261
2349,5328,0.9848,0.6567249894142151
6155,5328,3.1786,0.9918826222419739
2073,5328,1.0954,0.559596598148346
1206,5328,0.9668,0.5639781951904297
5073,5330,0.9882,0.5999736189842224
2349,5330,0.7316,0.7221065759658813
6082,5330,1.3743,0.5849246382713318
4638,5331,1.3869,0.7151753306388855
952,5332,1.4773,0.545295774936676
3247,5332,0.9468,0.6880869269371033
6082,5332,1.8436,0.5849478244781494
5073,5334,1.0114,0.5671290755271912
952,5335,1.0244,0.5526666641235352
2349,5335,1.1271,0.5932298302650452
1658,5335,0.9882,0.5211614966392517
5045,5336,2.1507,0.9774006009101868
2349,5336,2.3004,0.9704596996307373
6470,5337,1.2747,0.5772199034690857
6917,5337,1.0004,0.5492449998855591
2349,5339,1.0261,0.5522754192352295
5073,5340,0.9802,0.6000543832778931
1206,5340,1.9041,0.6477265954017639
5437,5340,1.1999,0.6191334128379822
2059,5341,1.6417,0.5902739763259888
2971,5341,1.321,0.6114901900291443
5073,5342,0.8479,0.5922326445579529
2349,5342,0.9928,0.5518262982368469
1206,5342,1.1753,0.6274778842926025
5333,5342,1.5341,0.5727558732032776
5073,5343,1.0435,0.5435675978660583
2349,5343,1.0854,0.5555180907249451
2375,5343,1.0816,0.5622433423995972
5073,5344,1.0065,0.5324733257293701
2349,5344,1.1796,0.5584811568260193
1206,5344,1.0032,0.5340906381607056
6859,5345,1.2682,0.5563988089561462
6768,5346,2.0013,0.7284876108169556
2349,5347,1.262,0.5999045372009277
5550,5348,0.9977,0.5643364191055298
2272,5348,6.0403,0.9904919266700745
435,5348,1.0074,0.5366039872169495
1658,5349,1.005,0.533823549747467
3247,5350,2.2698,0.8717339634895325
1206,5350,1.0046,0.5764814615249634
2349,5351,1.3346,0.5608557462692261
3247,5351,1.036,0.5596732497215271
3247,5352,2.1405,0.6719998121261597
3247,5353,1.0385,0.5432597398757935
2508,5353,1.0792,0.5505053997039795
6877,5354,1.025,0.5821901559829712
2349,5354,0.9905,0.541775643825531
1206,5354,1.008,0.6438351273536682
4989,5354,1.2842,0.6503511667251587
3247,5355,1.3313,0.5815268754959106
3247,5357,1.0902,0.5175557732582092
2826,5357,0.9966,0.5264532566070557
2055,5357,0.9854,0.5119246244430542
3247,5358,1.0164,0.562740683555603
2349,5359,0.9911,0.5803766846656799
3247,5359,0.9941,0.5261942148208618
3883,5360,0.8887,0.5610674023628235
1206,5360,1.1102,0.5713958144187927
3049,5360,2.3301,0.9174836277961731
4123,5362,0.7274,0.5557243824005127
3247,5362,1.1918,0.6630656123161316
5747,5362,2.4978,0.6355072259902954
1206,5362,1.2012,0.579311192035675
5580,5364,0.9858,0.5449777841567993
1206,5364,1.0199,0.5515554547309875
357,5364,0.9987,0.5349154472351074
5073,5366,0.8147,0.5514171719551086
3652,5366,0.9267,0.5061193108558655
2349,5366,0.9545,0.5683561563491821
5125,5366,0.998,0.5121200084686279
1206,5366,0.9805,0.639808177947998
5073,5368,1.0852,0.539426326751709
1822,5368,2.292,0.9088635444641113
3247,5368,1.1866,0.5791919827461243
1429,5368,0.9989,0.5328648090362549
1206,5368,1.3244,0.5950217247009277
2272,5368,6.0477,0.9876798391342163
5073,5369,1.1825,0.6629385352134705
5073,5370,0.9982,0.5427883267402649
1206,5370,2.479,0.8250051140785217
64,5371,1.7823,0.5638266801834106
2349,5372,0.9882,0.544152557849884
5285,5372,0.9825,0.5446226596832275
6402,5373,1.3419,0.5469529628753662
2272,5374,1.7469,0.5763256549835205
2349,5375,1.0785,0.7822068333625793
2740,5376,3.1911,0.9754191040992737
5039,5376,1.8382,0.5831519365310669
5073,5376,1.007,0.5302265882492065
1206,5376,1.2766,0.5719671249389648
1407,5377,1.3405,0.6022127270698547
3247,5377,1.2617,0.6803423166275024
6348,5378,0.9918,0.6081522107124329
3247,5379,1.4748,0.596938967704773
1206,5379,1.0389,0.5785261392593384
2349,5380,1.6779,0.7777142524719238
1206,5380,1.0434,0.6117041110992432
5073,5382,1.0096,0.5520645976066589
3879,5382,1.1637,0.5697545409202576
2349,5383,1.0029,0.5212299823760986
3247,5383,1.2229,0.5715832114219666
5073,5384,1.0042,0.5418753623962402
2349,5384,0.9983,0.5535473823547363
1590,5384,2.1272,0.9507277011871338
5039,5385,1.1195,0.5508755445480347
5073,5385,1.0617,0.54400235414505
2349,5385,1.4478,0.7023143768310547
5111,5386,0.6839,0.5324751138687134
5073,5388,0.676,0.5771989226341248
1206,5388,0.838,0.6468858122825623
22,5389,0.997,0.5390447974205017
3247,5389,0.9991,0.5212432742118835
2349,5390,1.0048,0.5414437651634216
369,5390,1.005,0.5629664659500122
787,5391,1.013,0.5457304120063782
4528,5392,2.2784,0.9546651244163513
1381,5393,1.3147,0.5744137763977051
3247,5394,2.172,0.9266160726547241
3247,5395,0.9957,0.5351226329803467
3429,5395,1.5378,0.5787050127983093
4799,5395,1.4588,0.5609294772148132
2349,5397,1.5134,0.6037034392356873
5073,5398,0.9822,0.5361601114273071
5073,5399,1.6936,0.7186213731765747
4454,5399,0.9564,0.5500941872596741
2349,5400,1.005,0.5492547750473022
3247,5400,0.989,0.5398357510566711
6047,5400,1.0042,0.6548721194267273
4350,5400,1.2675,0.5822380185127258
2272,5400,3.1404,0.9506898522377014
3174,5400,3.7362,0.9736310839653015
5690,5401,0.984,0.5561405420303345
3247,5402,0.999,0.5397776365280151
3247,5403,1.0009,0.5315685868263245
5073,5404,1.4804,0.7059054970741272
6454,5406,1.0065,0.5450884103775024
2349,5407,1.0955,0.535081684589386
261,5407,3.4359,0.967755138874054
1206,5407,0.9935,0.5153400897979736
5073,5408,1.0766,0.5502822995185852
6614,5408,1.0004,0.514956533908844
6374,5408,1.0191,0.5524417161941528
3855,5409,1.2257,0.565338134765625
2349,5410,1.3563,0.5641776323318481
5073,5411,0.9998,0.5414610505104065
5826,5412,1.0009,0.5637651085853577
1206,5413,5.4106,0.9887620806694031
5073,5414,1.0142,0.5608696937561035
1856,5414,1.1417,0.6110842823982239
2349,5414,0.9112,0.5668272376060486
5073,5416,1.1861,0.6030972599983215
5073,5417,1.049,0.5612318515777588
2349,5417,0.7031,0.5521132946014404
3247,5417,1.1832,0.5610413551330566
4328,5417,1.4257,0.5984839797019958
5073,5418,1.1447,0.6056791543960571
916,5418,2.2466,0.6454157829284668
6907,5418,0.9691,0.5965644121170044
1112,5418,2.6083,0.6766442060470581
6660,5418,1.1274,0.6031408905982971
3839,5419,0.9834,0.565060019493103
5073,5420,1.0787,0.623328685760498
2349,5420,0.3116,0.6279300451278687
541,5421,1.2209,0.6028813719749451
1658,5421,1.0121,0.5678339600563049
5073,5422,1.3102,0.5859079957008362
2349,5422,1.0453,0.6329159736633301
2349,5423,0.9991,0.5276625156402588
3247,5423,2.617,0.9252108335494995
5073,5424,1.0317,0.5525078177452087
3247,5428,1.3177,0.5362012386322021
88,5429,1.4629,0.7434893250465393
2349,5430,0.9746,0.5962616205215454
6602,5430,0.9642,0.5597740411758423
6149,5430,1.1297,0.5876110792160034
1206,5430,1.0983,0.5508366823196411
2349,5432,0.9875,0.5157693028450012
2349,5433,0.9855,0.5454691648483276
5073,5434,1.0031,0.5451528429985046
461,5434,1.0002,0.5232362747192383
3247,5434,2.6561,0.9784805774688721
1606,5435,1.0184,0.673860490322113
2349,5436,1.1269,0.6326349973678589
4616,5437,1.0266,0.5582773089408875
1566,5437,1.5519,0.5712364315986633
2047,5437,1.7518,0.5824722647666931
3247,5438,1.035,0.5766364336013794
3174,5438,1.5855,0.9051219820976257
2349,5439,1.977,0.6453415155410767
2836,5439,1.0467,0.5526129603385925
5073,5440,0.8681,0.5511195063591003
1206,5440,0.6492,0.5632646679878235
694,5441,3.0914,0.9912742972373962
6210,5441,0.9985,0.5344684720039368
2349,5443,1.0064,0.5483992099761963
3247,5443,1.0017,0.5442131161689758
6097,5443,0.8208,0.5723946690559387
1206,5445,1.0152,0.5373181700706482
5073,5446,1.017,0.5537587404251099
3247,5446,0.9977,0.522685170173645
3879,5446,0.6975,0.6096469759941101
1206,5446,1.0753,0.5583952069282532
2349,5447,0.5859,0.656999945640564
1206,5447,1.7336,0.9182646870613098
5073,5449,0.9576,0.5625454783439636
1206,5449,1.3849,0.5518719553947449
928,5450,2.3268,0.9061369299888611
5073,5451,0.8934,0.5633650422096252
6082,5451,1.0467,0.5743091106414795
2349,5452,1.1341,0.6675156950950623
4042,5452,1.0123,0.5348386168479919
2349,5453,1.0056,0.5654278993606567
1106,5453,2.1466,0.6711183786392212
5073,5454,1.2595,0.6404293179512024
2349,5455,1.3168,0.5605219602584839
3247,5455,1.6749,0.597095787525177
5073,5456,1.533,0.5710849165916443
6082,5457,2.1754,0.9745127558708191
5073,5458,1.1702,0.635095477104187
2349,5458,1.1179,0.5831507444381714
1995,5458,1.0051,0.5841084718704224
1206,5458,0.7136,0.5543128848075867
2349,5459,1.163,0.5636357665061951
2367,5459,0.6477,0.5081334710121155
2498,5459,1.0266,0.5769994258880615
3247,5460,1.0512,0.6129333972930908
5073,5463,1.0756,0.6977797746658325
5902,5463,0.9887,0.5559463500976562
5073,5465,0.9931,0.5340264439582825
2349,5465,1.0066,0.5636034607887268
3883,5465,1.0284,0.5640660524368286
2349,5466,1.1581,0.5710845589637756
2349,5467,0.9826,0.5537961721420288
3247,5467,0.9818,0.5487784147262573
1206,5467,0.9972,0.5117088556289673
5073,5468,0.8878,0.568711519241333
2349,5470,0.9875,0.6320845484733582
4634,5470,1.0341,0.5809081196784973
1206,5470,1.1131,0.5619651079177856
2349,5471,1.5951,0.6829744577407837
6082,5471,1.0253,0.6355502009391785
4604,5472,1.491,0.6223934888839722
2349,5472,0.8116,0.6614567041397095
5073,5473,1.2065,0.5680623650550842
2349,5473,0.9712,0.557083785533905
5073,5474,1.3086,0.6009242534637451
2349,5474,0.9599,0.5688557624816895
1206,5474,0.8742,0.5532078146934509
6082,5475,1.6179,0.6017948389053345
5073,5477,1.2971,0.5714938044548035
1870,5477,0.9896,0.674970805644989
3247,5477,1.2569,0.5603967905044556
5073,5481,0.9677,0.5053614974021912
6082,5481,0.9889,0.5278584957122803
495,5483,1.0016,0.5310768485069275
2349,5483,0.998,0.5616804361343384
3247,5483,0.9493,0.5773030519485474
4360,5483,1.7155,0.7499079704284668
5073,5485,0.9865,0.5502452254295349
1206,5489,1.2122,0.5650647878646851
5819,5489,0.9852,0.5131534337997437
3445,5491,2.0132,0.7037112712860107
2349,5495,0.9108,0.578848123550415
1206,5495,1.7656,0.8317797780036926
5873,5495,1.0095,0.5489323139190674
364,5495,2.4883,0.9445361495018005
5073,5497,1.1529,0.5573708415031433
2886,5497,2.9746,0.9868420958518982
5053,5501,0.901,0.5722949504852295
5073,5503,1.0041,0.5124160051345825
2349,5503,2.725,0.9274121522903442
112,5503,1.0057,0.5320934057235718
1206,5503,0.9707,0.5497897863388062
5073,5505,1.1313,0.5739301443099976
3247,5505,1.0016,0.5719678997993469
1206,5505,1.14,0.5660597681999207
855,5505,1.5431,0.5986150503158569
4121,5507,1.0462,0.5765292644500732
6614,5507,4.8579,0.9922909140586853
5039,5509,1.0144,0.6285519003868103
2349,5509,1.3661,0.5519779324531555
1524,5509,1.0039,0.5482136607170105
5264,5509,1.4719,0.5999597907066345
5073,5511,1.008,0.5649958252906799
3247,5511,1.0005,0.5250769853591919
5224,5511,1.008,0.5309723019599915
3247,5513,1.007,0.5477451682090759
2349,5515,1.8828,0.9202901721000671
1206,5515,1.4039,0.5740121006965637
4054,5517,1.4092,0.7280777096748352
5073,5519,1.241,0.5617549419403076
493,5521,1.2568,0.5582197308540344
5073,5521,0.9974,0.6230736970901489
2349,5521,1.0116,0.6661146283149719
5113,5521,0.7529,0.5651890635490417
5232,5521,1.0311,0.624032199382782
6333,5521,3.5964,0.9831332564353943
461,5523,1.4236,0.7914246320724487
6400,5523,1.9706,0.7460803389549255
3247,5523,1.7535,0.8774409294128418
1908,5523,1.5057,0.7075989842414856
1206,5523,0.6125,0.6503583192825317
2349,5527,1.484,0.58122718334198
6047,5527,1.2751,0.5607871413230896
4181,5527,1.1277,0.5861753225326538
1206,5527,1.2804,0.5528234243392944
5073,5529,1.031,0.555466890335083
2272,5529,1.0097,0.5272241830825806
2291,5531,1.0165,0.549776554107666
2349,5533,1.1885,0.6564416885375977
4949,5533,1.2188,0.6302797198295593
2349,5535,1.0047,0.5972568988800049
6122,5535,0.959,0.5681496262550354
2349,5539,0.9663,0.5516617894172668
364,5539,1.0534,0.5474309921264648
5073,5541,0.9931,0.5408372282981873
2349,5541,1.6627,0.5801059603691101
3247,5541,0.8053,0.5615206360816956
1206,5541,0.9933,0.5678378939628601
5285,5541,1.3662,0.5611159801483154
1559,5543,1.1791,0.6440613269805908
6126,5543,1.2847,0.6123237609863281
5073,5545,1.1189,0.5674697756767273
1206,5545,1.0582,0.51752769947052
1874,5546,0.9954,0.6538337469100952
5073,5547,1.5245,0.5940479636192322
3724,5547,0.9428,0.6347833871841431
199,5547,2.9292,0.9607811570167542
5073,5549,0.993,0.5376763939857483
2349,5549,1.0026,0.5799212455749512
369,5549,1.0007,0.5999406576156616
5977,5550,1.0085,0.5512753129005432
6082,5553,1.1855,0.6030662655830383
5813,5553,1.4022,0.5129968523979187
2092,5553,1.3931,0.5681423544883728
6082,5555,1.5383,0.587456464767456
364,5555,1.0147,0.5157699584960938
2092,5555,1.4717,0.5606363415718079
5073,5557,1.3309,0.606961190700531
2349,5557,0.9977,0.5567460656166077
239,5557,0.9664,0.5508472323417664
364,5557,1.7356,0.6618329286575317
2092,5557,1.3503,0.5612404942512512
2469,5557,1.6495,0.5773724317550659
3247,5559,1.1499,0.6067477464675903
3209,5560,1.2099,0.5615472197532654
5073,5561,1.1305,0.5655606985092163
3247,5561,0.9991,0.5604076981544495
1206,5561,0.7391,0.5692294239997864
2272,5561,2.7618,0.9168286323547363
364,5561,0.9997,0.5536362528800964
5073,5563,1.0064,0.5604000091552734
2349,5563,0.9695,0.5282188653945923
3247,5563,1.062,0.6628754138946533
6082,5563,1.2911,0.5582199692726135
1385,5564,0.9801,0.5639497637748718
6082,5565,0.9735,0.5371606945991516
2349,5569,1.6444,0.6383551955223083
3247,5569,1.4049,0.6759834289550781
6348,5569,1.0575,0.5477102398872375
364,5569,0.9919,0.5390315651893616
3997,5569,1.9651,0.7855095267295837
2349,5571,0.783,0.6523776054382324
5073,5573,1.2384,0.6139883399009705
3247,5573,0.9892,0.5001184344291687
5073,5575,1.018,0.5791915059089661
2349,5575,1.4602,0.6152194738388062
364,5575,1.5512,0.5967897176742554
2272,5577,1.0761,0.5768807530403137
5073,5579,1.0199,0.5362429022789001
3247,5579,1.9249,0.6110810041427612
364,5579,1.0017,0.5448049306869507
1555,5579,9.3405,0.9948175549507141
6865,5585,0.9973,0.5296176075935364
5073,5585,0.9978,0.5666332840919495
6311,5585,2.5135,0.9769020676612854
5073,5587,1.1254,0.541999876499176
2349,5587,1.0057,0.6318711638450623
1206,5587,0.9434,0.5478150248527527
5073,5589,0.8652,0.5421539545059204
2349,5589,1.2267,0.5802537798881531
2367,5589,1.0877,0.7470703721046448
3845,5589,0.7338,0.5888572335243225
3596,5589,1.1962,0.6449609398841858
4991,5589,1.5703,0.6542851328849792
3515,5589,1.3705,0.5553904175758362
5073,5591,1.1117,0.57260662317276
2349,5591,1.428,0.6794552206993103
4339,5591,1.2151,0.5780320763587952
1573,5591,1.4072,0.5467845797538757
1206,5593,1.2933,0.5500200986862183
3424,5593,2.038,0.9749601483345032
364,5594,2.0575,0.8795530796051025
6082,5597,2.149,0.6445531249046326
6614,5597,0.9958,0.518597424030304
5590,5598,1.0004,0.5503430962562561
5073,5600,1.0127,0.5567077994346619
2349,5600,1.0109,0.6093002557754517
435,5600,1.8256,0.5802932977676392
5073,5601,0.9938,0.5582179427146912
3247,5601,0.9938,0.6162804365158081
6094,5601,1.0339,0.5483723282814026
2349,5602,0.7258,0.5550352931022644
1850,5603,0.8967,0.534649670124054
2349,5603,1.0139,0.5377791523933411
3247,5603,0.9965,0.5463217496871948
1888,5603,2.1939,0.9390504360198975
4799,5603,1.1895,0.5586236715316772
5391,5603,0.9513,0.5817531943321228
5360,5603,2.6828,0.631194531917572
5073,5605,1.0393,0.5534717440605164
3652,5605,2.8565,0.9598654508590698
2349,5605,1.698,0.6259462237358093
6616,5605,1.5641,0.5688163638114929
1206,5605,1.1521,0.5766125917434692
6142,5605,2.3489,0.9759504199028015
3247,5607,1.7497,0.5992741584777832
2272,5607,1.279,0.5697132349014282
1310,5607,1.3358,0.6276941895484924
364,5610,1.1597,0.5935816168785095
364,5611,1.0703,0.5403885245323181
2321,5614,1.0632,0.5725545883178711
3247,5614,1.1441,0.5937350392341614
5285,5614,1.0752,0.5723456740379333
5073,5616,0.4804,0.5877022743225098
2646,5616,1.6432,0.6877768635749817
5989,5618,1.0073,0.5408501029014587
2349,5618,0.9202,0.5434027910232544
5073,5620,1.0389,0.5502914786338806
364,5620,2.4294,0.9448007345199585
5073,5622,0.9408,0.5051288604736328
2349,5622,0.9191,0.526158332824707
1206,5622,0.9217,0.557965099811554
2018,5622,0.8739,0.6177304983139038
2349,5623,1.0132,0.5691702365875244
2092,5623,1.0633,0.5546903610229492
5073,5624,0.9874,0.5637884736061096
2349,5624,1.1429,0.5420148968696594
892,5624,1.8691,0.7251111268997192
6877,5627,1.0026,0.5715389251708984
5073,5627,0.9973,0.5031744241714478
2349,5627,1.0083,0.5443034172058105
3279,5627,1.0632,0.5552202463150024
5285,5627,1.0796,0.5368570685386658
435,5628,1.242,0.5913604497909546
364,5628,0.9642,0.5652700066566467
12,5630,1.0492,0.5731090307235718
2349,5630,1.0454,0.5958150029182434
2794,5630,1.0998,0.5648242235183716
5073,5631,1.0004,0.5333693027496338
2349,5631,1.595,0.659337043762207
3247,5631,1.0529,0.6679545640945435
2349,5632,1.0663,0.5770831108093262
364,5633,2.6371,0.9697906970977783
2349,5634,1.0085,0.599233090877533
3247,5634,0.8177,0.5686203241348267
5073,5635,0.9513,0.5631335973739624
2349,5635,1.7119,0.6030446290969849
3247,5635,1.4848,0.6739150881767273
2816,5635,0.9787,0.5551736354827881
3480,5635,2.9131,0.9224249124526978
1206,5635,1.6685,0.6587921977043152
853,5635,1.056,0.5987967252731323
2682,5635,1.4147,0.5750775337219238
5073,5636,1.3144,0.6173165440559387
3247,5637,1.2153,0.5609456300735474
2349,5638,1.0059,0.5393351912498474
3247,5638,1.0826,0.5539225935935974
2272,5639,1.0281,0.5112290382385254
364,5639,0.9505,0.5252952575683594
2349,5640,0.9947,0.5542301535606384
1206,5641,1.038,0.6840084195137024
3247,5643,1.4461,0.6064797043800354
5566,5643,1.9385,0.8796385526657104
855,5643,0.9961,0.5387159585952759
6311,5643,3.0971,0.9828056693077087
3247,5644,0.783,0.5640217065811157
3174,5645,1.029,0.5420225262641907
3245,5646,3.1913,0.958247184753418
5073,5647,1.6692,0.5754955410957336
2349,5647,1.0429,0.5573843121528625
1090,5647,1.326,0.6031067371368408
2349,5648,1.0029,0.5983242988586426
5073,5649,1.0397,0.6528632044792175
2349,5649,2.3068,0.7323295474052429
364,5649,0.9115,0.5842626094818115
2349,5650,1.266,0.5582430362701416
1449,5650,0.9916,0.6052914261817932
4680,5650,1.0076,0.5643183588981628
6933,5650,0.9895,0.5753495693206787
50,5651,3.5277,0.9907345771789551
2349,5651,1.091,0.567375123500824
5023,5653,2.235,0.9626471400260925
5073,5653,0.9939,0.5035976767539978
5662,5653,1.0065,0.57916259765625
1206,5653,1.029,0.5521091818809509
369,5653,0.9921,0.5412513613700867
3247,5655,2.3846,0.9013967514038086
1206,5655,0.954,0.6068975925445557
3247,5656,1.003,0.5793865919113159
2289,5659,1.0119,0.5400660037994385
5111,5659,0.9276,0.6045329570770264
203,5659,0.9897,0.5421360731124878
1206,5659,1.1882,0.5736366510391235
5073,5660,1.0182,0.5921863317489624
2349,5660,0.9555,0.5287778377532959
3247,5660,1.0008,0.535354495048523
5073,5661,0.9807,0.5266708731651306
3247,5661,1.6819,0.5952640771865845
3211,5662,1.0813,0.5354170203208923
2760,5662,0.9957,0.5403510332107544
5073,5663,1.1927,0.6945930123329163
3247,5663,1.1055,0.547344446182251
2272,5663,2.9744,0.975695013999939
2349,5664,1.2072,0.5792374610900879
2349,5665,1.7206,0.6643999814987183
2335,5665,0.9186,0.543407142162323
3247,5665,1.1532,0.5910314321517944
1206,5665,1.6235,0.5875239372253418
2349,5666,0.9965,0.5527134537696838
3247,5666,0.9816,0.5772783756256104
5073,5667,1.0023,0.5474441647529602
2490,5667,0.9611,0.5485245585441589
211,5667,1.5219,0.7055779099464417
1206,5667,1.1174,0.5553686022758484
683,5667,1.4394,0.6190267205238342
5073,5668,1.0027,0.5308753252029419
984,5668,0.9893,0.5446376204490662
2349,5669,1.1125,0.5555858612060547
1206,5669,0.8721,0.5332866311073303
364,5669,4.0049,0.9920796751976013
2092,5669,1.1735,0.5138603448867798
5073,5671,1.5307,0.6661273241043091
5285,5671,1.0231,0.563380241394043
364,5671,3.4845,0.9644901752471924
5073,5673,1.0059,0.5664934515953064
3247,5673,0.9808,0.5079331994056702
2092,5673,1.0194,0.5461935997009277
5073,5674,1.0168,0.5628918409347534
2768,5674,0.9809,0.5506567358970642
2349,5674,1.8152,0.6358331441879272
5097,5674,0.9661,0.5477980375289917
5073,5675,1.1736,0.5606699585914612
3247,5675,1.3724,0.6634830832481384
5073,5676,1.0012,0.5388891100883484
2367,5676,1.1355,0.6655991673469543
2349,5677,1.0106,0.5565462708473206
3247,5677,1.0003,0.5310792922973633
6082,5677,1.4685,0.6355693340301514
364,5677,1.0024,0.5211890339851379
5121,5680,1.0031,0.5521354079246521
5073,5681,1.1289,0.5305155515670776
3223,5681,1.7126,0.5918502807617188
2349,5681,0.9933,0.5387074947357178
5546,5681,1.5786,0.5844338536262512
1206,5681,1.7004,0.5765838623046875
3247,5682,0.9996,0.5351496934890747
2349,5684,1.029,0.5593419075012207
5073,5685,1.1028,0.5628874897956848
3174,5685,0.9955,0.521284818649292
2349,5688,1.0382,0.5610716342926025
5073,5689,1.3204,0.6353459358215332
3247,5690,1.0156,0.5651565194129944
2349,5691,0.8994,0.5373431444168091
4991,5691,1.0002,0.5854336023330688
3247,5693,1.3246,0.676466166973114
4520,5693,1.0017,0.525458812713623
5073,5695,0.9948,0.5323948860168457
5073,5696,0.9803,0.5437344312667847
6865,5698,1.073,0.5490968227386475
984,5698,1.766,0.6387112140655518
5073,5699,1.0349,0.5484932661056519
5524,5699,0.9853,0.6367470026016235
3247,5699,1.764,0.5832003355026245
5747,5699,1.7737,0.72613126039505
1365,5700,1.4117,0.653132438659668
364,5701,1.1856,0.5688050389289856
5073,5705,1.0329,0.6306502223014832
2272,5705,0.9985,0.5490098595619202
364,5705,2.1829,0.9203567504882812
950,5708,1.0855,0.6113952398300171
5073,5709,0.9895,0.5508606433868408
2349,5709,1.2786,0.5425598621368408
5073,5710,2.6795,0.9635488390922546
2349,5710,1.0058,0.5804646611213684
5073,5711,1.0037,0.5398867726325989
6199,5711,1.0546,0.6140339970588684
2349,5713,1.0208,0.5818893909454346
5073,5715,1.0435,0.5615361332893372
50,5715,1.2782,0.5569792985916138
2349,5715,1.8005,0.7348345518112183
2349,5716,1.2584,0.5840373039245605
3718,5717,2.5144,0.8315653800964355
6082,5717,1.2576,0.6636999249458313
6764,5717,2.215,0.9634337425231934
5073,5719,1.5966,0.5875828862190247
6082,5719,1.6191,0.5925872921943665
2276,5719,0.9599,0.5406845211982727
5073,5721,1.0051,0.59255450963974
1391,5722,1.03,0.5487619042396545
2349,5723,1.0258,0.582667887210846
1752,5723,1.5347,0.6012374758720398
6877,5724,0.8423,0.5692448019981384
5073,5725,0.9937,0.5628232955932617
362,5725,4.3536,0.9824004173278809
5528,5726,1.0264,0.5352511405944824
5073,5727,1.0958,0.5452935695648193
3225,5727,0.998,0.5170088410377502
660,5727,0.9975,0.5168125629425049
2272,5727,1.009,0.554924488067627
5073,5729,1.0435,0.5772577524185181
2349,5729,1.1187,0.5245181918144226
2349,5730,1.0399,0.5492647886276245
5073,5733,1.1049,0.5481911301612854
4366,5733,1.006,0.534420907497406
364,5733,2.3204,0.7369908690452576
2768,5734,1.6512,0.5846627950668335
5073,5735,0.8835,0.5586698651313782
483,5735,1.0012,0.5289605855941772
2349,5735,1.1034,0.6403231024742126
3247,5735,0.9995,0.5404086709022522
6614,5735,1.1438,0.5634218454360962
1363,5736,0.9073,0.5968560576438904
2349,5736,0.9885,0.5545146465301514
3247,5736,1.5008,0.5672785639762878
3247,5737,1.5865,0.577484130859375
5073,5739,1.4497,0.6593809127807617
2349,5739,1.4983,0.6574990153312683
364,5739,2.5918,0.9546937942504883
5510,5740,1.1066,0.614547610282898
2349,5740,1.0118,0.5373292565345764
1112,5741,1.0093,0.5211554169654846
2092,5741,1.5816,0.5633788704872131
6877,5742,1.1133,0.5641946792602539
5073,5742,0.9876,0.5630784630775452
2349,5743,0.6367,0.5617623925209045
3247,5743,1.1364,0.5407117605209351
1206,5743,1.2336,0.6226111650466919
1206,5744,0.7209,0.5872282981872559
1144,5747,1.0031,0.571898877620697
1206,5748,0.9694,0.6154709458351135
5073,5753,1.2113,0.6164068579673767
2349,5753,1.7771,0.652218222618103
3247,5753,1.4748,0.5884118676185608
1516,5753,1.0621,0.6609042882919312
435,5753,1.4339,0.6436558961868286
2349,5754,1.3034,0.5756692290306091
2349,5757,0.9591,0.6065679788589478
6082,5758,1.0108,0.5200962424278259
2349,5759,0.8449,0.540404736995697
364,5759,1.8046,0.8055269718170166
1840,5760,1.0171,0.5653606653213501
7088,5760,1.3234,0.5674418807029724
3247,5761,0.9996,0.5317938923835754
1658,5761,0.9996,0.5313810110092163
1206,5761,0.8257,0.5088047981262207
364,5761,1.2803,0.5590751767158508
5815,5761,0.8672,0.5360097289085388
2349,5762,1.4014,0.6065113544464111
5558,5762,0.8846,0.605270266532898
3724,5762,1.4165,0.5794385075569153
5073,5764,0.9808,0.6132411956787109
1824,5764,0.9368,0.5390899181365967
3652,5764,1.0455,0.5540056824684143
2349,5764,0.8572,0.6519669890403748
313,5764,1.3177,0.6026620864868164
435,5764,1.352,0.5628803372383118
5073,5765,0.9945,0.5320233106613159
3762,5765,0.7804,0.5397706031799316
6218,5765,0.9971,0.5292520523071289
1178,5765,1.3947,0.6849102973937988
364,5765,1.9856,0.74165278673172
2349,5766,1.0066,0.5806483626365662
3247,5766,1.4605,0.5723916292190552
106,5766,0.9941,0.5557110905647278
1206,5766,1.7182,0.5899219512939453
6082,5768,0.9706,0.5666041374206543
5073,5769,1.493,0.5989069938659668
5360,5771,2.513,0.967934787273407
1206,5772,1.0159,0.5391917824745178
2349,5773,0.9265,0.5614137053489685
2176,5774,1.2011,0.5211395621299744
4922,5774,3.4672,0.9897010326385498
5073,5775,1.1204,0.5767378211021423
3247,5775,0.992,0.5484509468078613
2438,5775,1.012,0.5545750856399536
2349,5776,1.0044,0.5924533605575562
3247,5777,0.8546,0.5378435254096985
1206,5778,0.8427,0.552916944026947
5815,5778,1.5733,0.7063097357749939
2349,5779,1.1748,0.5631183981895447
5073,5781,1.336,0.5658478140830994
2349,5781,1.1391,0.7000956535339355
6636,5781,1.0326,0.5803810358047485
1206,5781,0.9794,0.587820291519165
5073,5782,0.9961,0.5085763931274414
3205,5782,1.4349,0.7039344310760498
2349,5782,0.9423,0.7090309858322144
3247,5782,0.9991,0.6509588956832886
6082,5782,1.6326,0.6895027160644531
5684,5782,1.1284,0.5861594676971436
2496,5782,1.1429,0.6648447513580322
5278,5782,2.4253,0.9360952377319336
1206,5782,0.3434,0.5884059071540833
2349,5783,1.0113,0.576890766620636
3881,5783,2.3003,0.7950334548950195
1206,5783,0.9231,0.5460346341133118
6218,5783,1.0949,0.5865288376808167
435,5783,1.0091,0.6170347332954407
6131,5784,1.001,0.5434434413909912
2349,5786,1.0028,0.5551964640617371
3247,5786,1.0031,0.546137809753418
628,5786,0.9583,0.5645270347595215
5073,5787,0.9946,0.5572318434715271
3247,5788,1.0874,0.5862847566604614
3652,5789,1.055,0.5439758896827698
2349,5789,1.2505,0.6400673985481262
3247,5789,0.9879,0.5174194574356079
5564,5789,1.0119,0.5302681922912598
1206,5789,1.0224,0.5523120164871216
3606,5789,1.0591,0.5579404830932617
2349,5790,0.9485,0.5750458836555481
5981,5791,1.1404,0.6665883660316467
5073,5791,1.4595,0.5773311853408813
3247,5791,1.2466,0.5379512906074524
3174,5791,1.256,0.667564868927002
5069,5792,1.9036,0.7124584317207336
5073,5792,1.0925,0.7060637474060059
6488,5792,0.9912,0.5518509745597839
5073,5793,1.009,0.5430812835693359
3247,5793,1.0202,0.5481950640678406
1606,5793,1.0272,0.5533093214035034
1206,5793,1.5855,0.661899983882904
4969,5793,1.3929,0.5689234733581543
6442,5794,0.7029,0.5570886731147766
2349,5794,1.1713,0.553846538066864
1469,5794,1.1199,0.5593369007110596
1206,5794,1.0595,0.5419033169746399
5073,5795,0.9786,0.5371106863021851
4179,5795,1.4019,0.5771132707595825
48,5796,1.1995,0.5596510767936707
2349,5796,0.9451,0.6710802316665649
2341,5796,1.344,0.5753111839294434
5264,5796,1.0116,0.5419729948043823
5073,5797,1.0116,0.5522792339324951
3247,5797,1.5043,0.5771775841712952
6082,5797,1.8881,0.6002658009529114
1574,5797,1.3839,0.5533164143562317
1206,5797,1.524,0.5691033005714417
3698,5799,0.8303,0.6326828598976135
1206,5799,1.0555,0.6516916155815125
660,5800,0.992,0.5998127460479736
1206,5800,1.0009,0.5281405448913574
2291,5801,1.0047,0.5489103198051453
5073,5801,1.1713,0.5799288153648376
3666,5801,1.2682,0.6392499208450317
2349,5801,1.1898,0.5561188459396362
5117,5801,1.0089,0.5643342733383179
3819,5801,1.0306,0.554655909538269
1671,5801,1.9977,0.6535950899124146
1229,5801,1.1818,0.5621725916862488
5073,5802,1.0274,0.558586597442627
1206,5802,1.0115,0.5356611609458923
3247,5803,0.9986,0.554084300994873
2349,5805,0.7765,0.5318692326545715
3247,5805,0.9972,0.5322526693344116
3883,5805,1.0171,0.5284561514854431
2349,5806,1.1204,0.5554861426353455
3247,5806,1.3557,0.6257737874984741
1852,5807,1.0478,0.5965104103088379
2349,5807,0.9442,0.5338095426559448
3652,5808,1.0118,0.5272725224494934
3247,5808,1.0158,0.5534894466400146
5073,5809,1.0383,0.5677892565727234
2349,5809,1.0043,0.5555490255355835
1520,5809,1.6351,0.596895158290863
1206,5811,0.7651,0.6451432704925537
3043,5811,0.8111,0.5314461588859558
3247,5812,2.7711,0.815663754940033
2349,5814,1.1368,0.6040685176849365
1206,5814,1.0483,0.5514090657234192
6218,5814,1.0004,0.5446333885192871
5073,5816,0.971,0.5476632714271545
1658,5816,1.0518,0.567280650138855
3247,5817,1.2357,0.6210814118385315
3174,5817,1.8798,0.5883519649505615
1373,5818,1.9083,0.7390285134315491
6442,5818,0.9544,0.5678984522819519
2349,5818,1.0141,0.5488874912261963
5131,5820,2.1978,0.9169521927833557
3275,5820,2.6278,0.9658440947532654
5736,5821,1.0728,0.5873745083808899
1206,5821,1.3024,0.6521881222724915
337,5821,1.0633,0.5654833912849426
4791,5822,0.984,0.5545601844787598
5073,5824,1.2638,0.6101142764091492
2349,5824,0.8499,0.5117864608764648
5073,5825,1.192,0.5551738739013672
2816,5825,1.2788,0.5729062557220459
6614,5825,1.3148,0.5753911733627319
6218,5825,5.631,0.9800651669502258
6658,5826,1.9563,0.5941354632377625
7088,5826,1.5745,0.6053804755210876
4815,5826,0.9947,0.5517850518226624
5073,5827,0.995,0.5445942282676697
2349,5827,1.5983,0.5935918092727661
3247,5827,0.9877,0.5385337471961975
6961,5827,1.4336,0.6296188235282898
1206,5827,1.399,0.5688925385475159
1377,5828,0.9722,0.5531890988349915
2349,5828,1.1081,0.6424212455749512
3652,5829,1.0164,0.553667426109314
2349,5829,1.0255,0.5738681554794312
3879,5829,1.0003,0.5285322070121765
1206,5829,0.8231,0.540533185005188
4054,5829,0.9615,0.5336761474609375
3247,5831,1.4214,0.69910728931427
2468,5831,2.3366,0.9686186909675598
1206,5831,1.7746,0.5853866934776306
7202,5831,1.0246,0.5574500560760498
7220,5831,0.9896,0.6312574744224548
2349,5832,2.0458,0.7244587540626526
3247,5832,0.9376,0.55088210105896
5095,5832,1.7914,0.6059341430664062
457,5833,1.4161,0.574126660823822
5073,5833,1.0011,0.5395230054855347
2349,5833,1.2534,0.5590941309928894
1206,5833,1.0967,0.5759128332138062
3247,5834,0.876,0.6108106374740601
6218,5834,1.0107,0.5470405220985413
5073,5835,1.2685,0.5635442733764648
1146,5835,1.0088,0.59849613904953
1206,5836,0.9851,0.5230810642242432
5073,5837,1.0013,0.5411972403526306
2349,5837,0.8633,0.5334743857383728
3247,5837,0.9024,0.6181384921073914
1206,5837,1.0083,0.5450197458267212
2349,5839,1.4836,0.5787380933761597
1178,5839,2.2851,0.8380802273750305
2349,5840,0.9594,0.6012833118438721
3249,5840,1.1661,0.5510517358779907
2349,5841,1.1545,0.6413578391075134
1206,5841,1.0921,0.5562381148338318
4149,5842,1.2789,0.6338209509849548
3247,5842,1.5889,0.588476836681366
664,5842,1.0317,0.581253707408905
1206,5842,5.1121,0.985453188419342
4580,5843,1.0688,0.5581517815589905
3247,5843,0.9849,0.5262640714645386
3672,5844,1.4894,0.6010338664054871
2349,5844,1.0015,0.5317124724388123
3247,5844,0.9993,0.5275450348854065
1658,5844,1.8484,0.592714786529541
2349,5845,1.4281,0.5860399603843689
3861,5845,0.9861,0.5162937641143799
1206,5845,1.4195,0.5802965760231018
5073,5847,1.0854,0.5381149053573608
1206,5847,1.2333,0.5528594851493835
2349,5848,1.1374,0.5770699381828308
3247,5848,0.9959,0.6070727705955505
5095,5848,1.0016,0.5371725559234619
2033,5848,1.0006,0.5265870690345764
1658,5848,0.9719,0.529159665107727
463,5849,1.2307,0.5651767253875732
6624,5849,1.0814,0.5408278703689575
5073,5850,1.0093,0.5574479103088379
5073,5851,1.0082,0.6577702164649963
487,5851,1.1058,0.561103343963623
2349,5851,1.0934,0.5630583763122559
7068,5851,0.9882,0.5072425603866577
1206,5851,0.967,0.5779924392700195
2272,5851,1.226,0.5806398391723633
2349,5852,0.9811,0.5299831032752991
185,5852,1.23,0.6521838903427124
5073,5853,0.9722,0.5262259840965271
1975,5853,1.2942,0.6357985734939575
3652,5854,1.0191,0.527985155582428
5073,5855,0.9699,0.505469560623169
4991,5855,0.9965,0.5963090658187866
2770,5856,1.4222,0.5698164701461792
4195,5856,1.0011,0.5811043977737427
6917,5856,1.5158,0.604783296585083
2349,5857,0.9993,0.5491060614585876
20,5858,1.0917,0.5532312393188477
5073,5859,0.9932,0.5955722332000732
2349,5859,1.2432,0.5515232086181641
529,5860,0.9662,0.7234202027320862
2349,5861,0.8357,0.5242748856544495
2272,5861,1.0002,0.5398316979408264
3710,5862,1.9493,0.6513580083847046
5708,5862,1.0442,0.618688702583313
6218,5862,1.0863,0.5565009117126465
5073,5863,1.0029,0.5689643025398254
5073,5864,1.9567,0.6107524037361145
1822,5864,1.1521,0.5625090003013611
2349,5864,0.9975,0.5600869655609131
3383,5864,0.8488,0.552751898765564
5073,5865,1.2206,0.685523271560669
3247,5865,1.2809,0.6958624720573425
6322,5865,1.3992,0.549247145652771
5073,5866,1.2152,0.5626487135887146
3247,5866,0.9389,0.5468278527259827
5073,5869,1.0026,0.5706144571304321
5073,5871,0.9584,0.5366726517677307
2349,5871,1.0095,0.6192982196807861
5119,5871,1.2148,0.5842487215995789
1206,5871,1.4486,0.5642404556274414
4648,5872,1.2801,0.5901281833648682
5073,5873,1.0611,0.5610756278038025
5073,5877,1.0763,0.6441872119903564
3211,5878,1.055,0.6576465964317322
2349,5878,0.0913,0.5900447368621826
5073,5879,1.3472,0.621202290058136
4121,5879,1.0047,0.5113006234169006
2349,5879,1.9321,0.6113080978393555
3247,5879,1.0535,0.5765366554260254
686,5881,0.9771,0.5229659676551819
3247,5883,1.1851,0.569141149520874
5073,5885,0.6082,0.5657923817634583
2349,5885,1.5717,0.5825347900390625
2788,5885,1.6861,0.7386122941970825
6195,5885,2.1398,0.9391844868659973
4054,5885,0.9831,0.5652006268501282
5073,5887,0.7913,0.5579760670661926
3247,5887,1.555,0.5630518198013306
5073,5889,1.1036,0.616601824760437
2349,5889,0.8934,0.5477217435836792
1178,5889,1.1286,0.5822457075119019
3247,5891,1.4178,0.5374319553375244
5073,5893,0.9908,0.5827428698539734
1206,5893,1.2443,0.5539221167564392
2349,5894,1.291,0.55022132396698
6466,5894,1.3034,0.5606296062469482
4592,5895,2.114,0.6668564677238464
4590,5895,1.0846,0.5990639328956604
928,5895,0.9836,0.5720881819725037
5073,5895,1.1067,0.5791414380073547
2349,5895,1.4681,0.6842218637466431
3247,5895,1.3623,0.5827580094337463
6861,5897,1.1644,0.6533756852149963
2349,5898,1.0085,0.5989369750022888
3247,5898,0.9951,0.5468060970306396
2387,5898,0.9957,0.5423148274421692
5073,5899,1.2828,0.5682370662689209
12,5900,1.0005,0.5437305569648743
2349,5900,1.1392,0.5777297616004944
3247,5900,1.1122,0.5738056898117065
5119,5900,1.0699,0.6021137833595276
3431,5900,1.1758,0.6511327028274536
5073,5902,1.1253,0.5592806339263916
5200,5902,0.9867,0.5377276539802551
1206,5902,1.0388,0.5504186153411865
5073,5903,1.242,0.5591762661933899
2349,5903,1.3569,0.6150081753730774
2349,5907,0.6007,0.6114713549613953
5073,5908,1.0156,0.5457120537757874
3247,5910,1.0166,0.6071887016296387
2349,5911,1.0063,0.5699126124382019
3247,5911,1.3778,0.6323370337486267
7054,5911,2.7785,0.7187166213989258
5866,5911,0.9894,0.6021503210067749
817,5911,0.8931,0.5994189381599426
5073,5912,0.9934,0.5893920063972473
3692,5913,0.9942,0.5329431295394897
5073,5913,0.6382,0.536306619644165
1425,5913,1.0516,0.5880628824234009
2349,5914,0.9921,0.539024293422699
2498,5914,0.9984,0.5307227969169617
4330,5915,1.0066,0.588112473487854
2349,5916,0.977,0.5459447503089905
1206,5916,0.9988,0.5708016157150269
5073,5918,1.333,0.5989552736282349
2349,5918,1.0088,0.5864609479904175
5073,5919,1.2657,0.5388742685317993
5073,5920,0.9953,0.5477087497711182
2349,5921,1.5467,0.5548185110092163
3652,5922,1.0218,0.5454481244087219
3247,5922,0.9958,0.5371432900428772
1457,5922,1.5654,0.6796185374259949
1206,5922,0.9027,0.5739510655403137
6218,5922,1.0056,0.5499374866485596
4056,5922,2.7468,0.9698730111122131
487,5923,1.0659,0.5579854846000671
2349,5923,1.0861,0.5707154273986816
1206,5923,1.0181,0.6226327419281006
5073,5925,1.0194,0.5566891431808472
628,5925,1.0012,0.538018524646759
2349,5926,1.0993,0.5774189233779907
1206,5926,0.9568,0.6602590680122375
2287,5929,1.0063,0.5846694707870483
3409,5929,1.0234,0.5515190362930298
1206,5929,1.0966,0.6132296919822693
5073,5932,0.9974,0.5907206535339355
6082,5932,0.9938,0.5902069211006165
6145,5932,2.0592,0.9590264558792114
2349,5934,0.9743,0.6375578045845032
5073,5935,0.8777,0.7002193331718445
1206,5935,0.9826,0.6132468581199646
4054,5935,1.0468,0.5566353797912598
5073,5936,1.0787,0.5612714290618896
4054,5937,3.4084,0.983252763748169
1206,5938,0.4615,0.6569361090660095
5073,5939,1.0121,0.5484264492988586
2349,5940,1.6099,0.5891254544258118
3247,5940,0.9912,0.53733229637146
1206,5940,0.9771,0.5560795664787292
4204,5942,6.9908,0.9945896863937378
2349,5944,0.9987,0.5341175198554993
1206,5944,1.1421,0.558142900466919
364,5944,2.848,0.9864813089370728
850,5946,2.6641,0.9723001718521118
364,5946,1.0056,0.5231767892837524
3262,5946,5.1351,0.990140974521637
1206,5948,1.2297,0.5935375094413757
2349,5950,0.9738,0.5684753060340881
3285,5950,1.4286,0.5906912684440613
1206,5950,1.0509,0.5888803601264954
2459,5950,1.8334,0.6440291404724121
5073,5952,0.8564,0.5392588973045349
2349,5952,1.0363,0.6438344717025757
6082,5952,1.5755,0.6501426100730896
3634,5952,2.4637,0.9875834584236145
2349,5954,1.0367,0.5415211915969849
6925,5954,1.2241,0.5888034701347351
2349,5956,1.3215,0.6080891489982605
364,5956,1.5289,0.6581032872200012
5217,5958,1.3188,0.620029628276825
2349,5960,1.3607,0.556392252445221
2349,5962,1.2426,0.6520044207572937
3734,5962,1.0083,0.5637004971504211
6191,5962,0.9604,0.6087906360626221
1206,5962,0.8609,0.5017185807228088
354,5962,1.9552,0.615618884563446
5073,5964,0.9963,0.5330982804298401
2349,5964,1.0152,0.6020408272743225
2349,5966,1.0072,0.5491217374801636
3247,5966,1.0054,0.5235182046890259
2349,5968,0.8799,0.5686585307121277
1206,5968,1.3234,0.6627192497253418
3247,5970,1.0014,0.5293134450912476
3825,5970,0.6323,0.5306857228279114
6566,5970,0.9824,0.596569836139679
686,5970,0.7271,0.5636467337608337
3043,5970,0.9976,0.5512484312057495
5073,5972,1.5062,0.5935081243515015
2349,5972,2.2025,0.8893460631370544
1206,5972,1.0003,0.5732770562171936
5333,5972,0.974,0.5643160939216614
5342,5972,1.474,0.6077873110771179
5073,5974,1.0099,0.5347652435302734
2349,5974,1.0003,0.5180734992027283
3247,5974,1.003,0.5294222235679626
4334,5974,1.0033,0.5343700051307678
1206,5974,1.0636,0.5508849024772644
6294,5974,0.9975,0.5417196750640869
4424,5974,1.0319,0.5359603762626648
5357,5974,1.9383,0.8695768713951111
3247,5976,0.9968,0.5539027452468872
2834,5976,1.0064,0.5498108863830566
5554,5976,0.9567,0.5811439752578735
4054,5976,0.9872,0.5441562533378601
6094,5976,0.9979,0.5317973494529724
5073,5978,1.0189,0.5450538992881775
2349,5978,0.8416,0.577806293964386
1206,5978,1.0954,0.5839505195617676
6951,5982,1.752,0.7113085389137268
6082,5982,1.2293,0.701026976108551
364,5982,0.9961,0.5339202284812927
5073,5984,1.004,0.5850381255149841
2349,5984,0.9977,0.6257869005203247
3247,5984,3.6639,0.9906901121139526
1112,5984,1.0032,0.5439136028289795
369,5984,0.9981,0.5421223640441895
3386,5984,1.557,0.5720470547676086
3247,5986,2.738,0.9861716628074646
6374,5986,1.1626,0.5734597444534302
5061,5988,1.912,0.6604230999946594
5175,5988,6.4706,0.985755205154419
2291,5990,1.0229,0.5429937839508057
5073,5990,0.998,0.5321128964424133
3247,5990,1.0049,0.6333307027816772
5827,5990,3.1047,0.9880940318107605
3808,5990,1.4979,0.5791150331497192
2349,5992,1.047,0.6334526538848877
2349,5994,2.352,0.8472201228141785
3247,5994,1.8351,0.8350358605384827
1206,5994,1.0281,0.5476869940757751
5073,5996,1.3129,0.5919076204299927
3247,5996,2.1521,0.6220420002937317
1206,5996,0.9714,0.5404769778251648
5073,5998,0.9968,0.530568540096283
2327,5998,1.0921,0.5898647308349609
1206,5998,1.0096,0.5586655735969543
5073,6000,1.0039,0.54280024766922
2349,6000,0.9618,0.5442811250686646
2816,6000,1.2979,0.6786467432975769
5073,6002,2.2786,0.8597254753112793
2816,6002,1.0025,0.5328162312507629
5073,6004,0.9945,0.6554303765296936
2762,6004,2.4468,0.9747440218925476
92,6004,1.188,0.5786834955215454
4330,6004,1.8025,0.8428784608840942
364,6004,1.2408,0.6196396350860596
2349,6006,0.9563,0.5191486477851868
1206,6006,0.9818,0.6057220101356506
4058,6006,0.6545,0.5754997134208679
2349,6008,1.1012,0.5634702444076538
2461,6008,1.1206,0.6289221048355103
2469,6008,2.402,0.9070340394973755
5073,6010,0.9995,0.5375600457191467
2333,6010,1.5855,0.7263593673706055
1206,6010,0.8906,0.6122238636016846
3380,6010,4.2023,0.9977371692657471
2349,6012,1.618,0.5865105986595154
6104,6012,0.9714,0.543701171875
5073,6014,1.106,0.5169172286987305
42,6014,1.6079,0.6219233274459839
2349,6014,1.0141,0.5808027386665344
2349,6016,0.967,0.5722070336341858
364,6016,0.9978,0.5346643924713135
6436,6017,2.3251,0.8828690052032471
5073,6018,1.0129,0.5523853302001953
5073,6020,1.0642,0.5442075133323669
4767,6020,1.2992,0.672960638999939
1206,6020,1.0641,0.5729867815971375
364,6020,1.21,0.5883615016937256
7007,6022,1.2757,0.5625811219215393
5073,6024,1.1458,0.559380054473877
6082,6026,1.0645,0.5605395436286926
5073,6028,1.1822,0.5408324599266052
2349,6028,1.0005,0.522223174571991
364,6028,0.9991,0.5503498911857605
1403,6029,1.0631,0.5825539827346802
5073,6030,1.0034,0.6240919828414917
1536,6030,1.0012,0.5167546272277832
1139,6030,1.0022,0.515685498714447
5073,6032,1.234,0.6615802645683289
2367,6032,0.9212,0.6076522469520569
6106,6032,2.9693,0.9865757822990417
5073,6034,1.0326,0.5509041547775269
4175,6034,1.5766,0.604822039604187
1206,6034,1.1523,0.5436530113220215
364,6034,1.0244,0.5518566370010376
4339,6034,1.9844,0.9058738946914673
5073,6038,1.0082,0.6005666255950928
6082,6038,1.2577,0.6612251996994019
2868,6038,7.0121,0.9940900206565857
4610,6039,0.9939,0.6002227067947388
5073,6040,1.1187,0.5491746664047241
2349,6042,1.0218,0.5853440165519714
3295,6042,0.8821,0.5734026432037354
4798,6042,0.9984,0.6029707193374634
3382,6042,0.9694,0.5350616574287415
6416,6043,1.0024,0.5427324175834656
5073,6044,0.9502,0.5577259063720703
3247,6044,2.9466,0.9180547595024109
3762,6046,1.0717,0.5505446195602417
1206,6046,2.4414,0.8047588467597961
6763,6046,3.2993,0.9790592193603516
6593,6046,1.5725,0.6899679899215698
2349,6048,1.043,0.6138540506362915
3247,6048,1.2891,0.6361374855041504
5073,6050,1.227,0.548977792263031
6374,6050,1.8805,0.8019306659698486
5488,6052,1.2496,0.6169533729553223
364,6054,1.394,0.6448221206665039
495,6057,2.3758,0.7547556161880493
5073,6057,1.0091,0.5400176048278809
2349,6057,0.7643,0.621414303779602
6925,6057,1.1007,0.5874059200286865
6551,6059,3.9341,0.9923273921012878
1206,6060,1.0159,0.5409887433052063
5073,6061,1.0101,0.5600389242172241
2349,6061,1.0325,0.5821651220321655
2987,6061,0.9979,0.5389004945755005
364,6061,2.0682,0.632615864276886
3015,6061,3.2357,0.9903969764709473
6134,6061,4.1537,0.9929274916648865
5073,6063,1.0318,0.6781087517738342
1206,6065,1.1548,0.6283871531486511
5073,6066,1.0024,0.5587432980537415
2272,6066,1.0647,0.5780872702598572
364,6066,2.4035,0.9556891322135925
5649,6066,0.9991,0.5365021228790283
2349,6067,0.9519,0.6214921474456787
364,6067,1.9691,0.652306318283081
5566,6069,1.952,0.825141191482544
2281,6070,1.3738,0.6680223941802979
2349,6070,0.9947,0.5563071966171265
3247,6070,1.0504,0.5844486355781555
112,6070,1.9736,0.72678142786026
6082,6070,1.0088,0.5236160159111023
3174,6072,3.445,0.9849016070365906
3844,6073,0.9985,0.6153894066810608
5073,6074,1.0292,0.6564716696739197
3247,6074,1.6424,0.7203437089920044
231,6074,0.7278,0.5373058915138245
5264,6074,1.3502,0.6126976013183594
6210,6074,1.3983,0.6439024806022644
1206,6074,0.78,0.5528451800346375
3670,6075,1.0383,0.6106258630752563
2349,6075,1.2367,0.5266435742378235
2092,6075,1.7604,0.5779167413711548
1206,6076,1.1205,0.5494816899299622
5073,6077,0.9986,0.5438364148139954
2349,6077,1.1077,0.650813102722168
2496,6077,2.0384,0.7463977336883545
1206,6077,0.877,0.547950029373169
5360,6078,0.8702,0.7464240789413452
2018,6078,1.4071,0.7099365592002869
3247,6079,0.9318,0.5862885117530823
5073,6080,1.0183,0.5566168427467346
364,6080,1.024,0.5467310547828674
3247,6081,1.3282,0.6018635630607605
6947,6081,2.2723,0.6889495849609375
2891,6081,0.9999,0.6110007166862488
1206,6081,0.8215,0.553270697593689
3127,6081,1.1327,0.6497706770896912
5360,6081,2.5594,0.6199702024459839
3247,6082,1.0034,0.5470539927482605
2349,6083,1.8241,0.6442746520042419
1206,6083,1.1021,0.6317957043647766
827,6083,1.0226,0.5754210948944092
5073,6084,1.0334,0.605371356010437
2349,6086,1.0922,0.5458401441574097
678,6086,1.7433,0.6619728207588196
4484,6086,1.6946,0.6846001148223877
364,6086,1.4368,0.5855662822723389
3973,6086,1.0268,0.5150666832923889
5360,6088,3.5987,0.8857549428939819
5073,6089,1.8417,0.5985313057899475
6512,6089,1.0029,0.5407222509384155
5073,6090,1.0003,0.5390138626098633
2766,6090,1.3208,0.6088254451751709
3247,6090,1.0866,0.5581789016723633
1206,6090,1.0749,0.56126868724823
5073,6091,0.9936,0.5490638613700867
5073,6092,1.0387,0.6083728671073914
2349,6092,0.9149,0.5203230381011963
6614,6092,1.0635,0.5635911226272583
1206,6092,1.4139,0.5702114701271057
2349,6093,0.9976,0.5334224700927734
3247,6093,0.9923,0.545428454875946
3247,6094,1.1212,0.5604369640350342
2272,6094,0.9987,0.5311021208763123
1310,6094,2.1949,0.9374017119407654
364,6094,2.3982,0.9792064428329468
4580,6095,1.3039,0.5279614925384521
3247,6095,1.0335,0.579067587852478
5073,6096,1.0779,0.6015850901603699
3247,6096,1.1471,0.5803740620613098
6630,6096,0.8476,0.535610556602478
364,6096,1.0015,0.5514718890190125
2349,6097,1.0031,0.5595206022262573
3247,6097,1.0392,0.5616848468780518
5151,6097,0.9937,0.5528197288513184
5073,6098,1.6338,0.5979191064834595
2349,6098,0.9703,0.5546820759773254
2349,6099,1.0145,0.5698211789131165
369,6100,0.9988,0.5170480608940125
2349,6101,0.997,0.5655250549316406
5073,6102,0.9411,0.5288688540458679
3247,6102,1.8274,0.7843465805053711
1206,6102,1.1549,0.5709428191184998
2766,6103,1.0015,0.5293117761611938
5073,6104,0.9914,0.5049604177474976
2349,6104,0.9547,0.5694812536239624
4932,6104,1.4044,0.5779829025268555
2367,6106,1.1312,0.5560551285743713
6623,6106,4.2015,0.9757856726646423
2349,6108,1.1012,0.5550999045372009
1206,6108,1.2183,0.5562034845352173
2633,6108,1.4203,0.6096936464309692
2377,6109,0.9896,0.6161723136901855
2349,6110,1.14,0.5731458067893982
2987,6110,1.2849,0.6576362252235413
1206,6110,1.1425,0.566209614276886
5073,6112,0.7651,0.50142902135849
2349,6112,1.0981,0.5836113691329956
3247,6112,1.5448,0.5582756996154785
1206,6112,0.7645,0.6453891396522522
2233,6112,1.2198,0.6197243928909302
2272,6112,1.8115,0.8784497976303101
4922,6112,3.7282,0.9697074890136719
2349,6113,0.9987,0.5580512285232544
5073,6114,0.9953,0.5016435384750366
2349,6114,1.134,0.5468971729278564
1206,6114,2.7276,0.9323839545249939
364,6114,3.2575,0.950018048286438
3269,6115,0.9867,0.5390462875366211
1840,6116,1.043,0.5658590197563171
3652,6116,2.2591,0.9724822044372559
2349,6116,2.2406,0.9792580008506775
696,6116,2.0883,0.8682643175125122
1206,6116,1.0139,0.6055747270584106
2272,6116,8.0808,0.9947437047958374
2349,6117,2.1135,0.768880307674408
3247,6118,1.0043,0.5171282887458801
940,6120,1.6384,0.710477888584137
2349,6120,0.991,0.6661481857299805
5039,6121,0.9922,0.561952531337738
2349,6121,0.9909,0.597823441028595
3247,6121,0.9737,0.5951950550079346
5073,6122,1.4591,0.5997511744499207
3247,6122,2.3865,0.9672204256057739
1425,6123,0.7982,0.5479843020439148
3247,6124,1.0566,0.5879088640213013
5182,6124,0.9894,0.5351800918579102
2349,6125,0.7449,0.5608522891998291
5073,6126,0.9945,0.5216622948646545
2349,6126,1.0048,0.5518321990966797
247,6126,2.9309,0.9589465260505676
854,6126,0.9995,0.5319929122924805
362,6126,1.0199,0.562567949295044
2349,6127,1.0766,0.6948217749595642
6961,6127,0.9907,0.5682601928710938
5073,6128,1.1246,0.6076567769050598
2349,6128,1.4778,0.5573135018348694
2367,6128,1.1647,0.6743890643119812
628,6128,0.829,0.5463656187057495
3652,6129,1.0151,0.5434176921844482
2349,6129,1.0161,0.5526899695396423
5073,6130,1.0875,0.6040917038917542
2349,6131,1.7069,0.5970214009284973
3247,6131,1.2985,0.5571602582931519
5073,6132,1.0196,0.545621395111084
2349,6132,1.0069,0.5440840125083923
6933,6132,0.8403,0.5523245930671692
1520,6132,1.2225,0.5658701062202454
3889,6132,2.1462,0.9165838956832886
417,6132,1.2316,0.5809851884841919
5073,6134,0.8608,0.6043696403503418
2349,6134,1.4452,0.8050187230110168
1206,6134,0.9959,0.5756546854972839
3684,6135,0.9979,0.5410497188568115
2349,6135,2.2283,0.9022511839866638
5073,6136,1.402,0.6823222637176514
2349,6136,1.0138,0.585708737373352
2331,6137,0.9424,0.6249160170555115
2347,6137,1.0019,0.5650871396064758
110,6137,2.2099,0.9697082042694092
2349,6138,1.2949,0.7013309001922607
3247,6138,1.0269,0.6071116328239441
1206,6138,1.6159,0.5830426216125488
6767,6138,1.4649,0.5958685874938965
322,6138,1.4227,0.7393507957458496
3227,6139,1.0093,0.5892330408096313
2349,6139,1.0084,0.5848754644393921
3293,6139,1.2225,0.6218609809875488
5105,6139,0.9973,0.5284435749053955
3213,6140,0.79,0.5886175036430359
2349,6140,1.321,0.6188295483589172
2329,6141,1.0006,0.544778048992157
3247,6141,2.248,0.9771000146865845
3261,6142,1.0531,0.5408958196640015
3174,6142,3.8408,0.9804050326347351
5073,6144,1.0037,0.5394782423973083
3247,6144,1.2422,0.6880357265472412
1206,6144,1.4644,0.5694231986999512
2349,6145,1.0589,0.5650987029075623
5073,6146,0.9854,0.5079180002212524
2349,6148,0.9768,0.5620086193084717
2349,6150,1.1879,0.6504496932029724
529,6151,0.9927,0.5402863621711731
2349,6152,1.2857,0.673445463180542
5588,6152,1.4787,0.7019555568695068
5073,6154,0.9976,0.6585333347320557
3247,6154,0.9996,0.5135718584060669
3837,6154,1.0483,0.5496523976325989
6195,6154,1.0141,0.6415151953697205
2349,6155,1.0138,0.5880799889564514
2349,6156,1.4605,0.5741986632347107
2309,6157,1.2298,0.5507825613021851
5073,6158,1.0598,0.5511816143989563
2349,6158,1.0008,0.5491414666175842
6082,6158,0.9875,0.5314129590988159
2272,6158,0.9967,0.534963071346283
5073,6160,0.9949,0.611527144908905
5073,6161,1.0012,0.6248876452445984
2349,6161,1.0178,0.546339213848114
6082,6162,1.3092,0.5502707958221436
5073,6164,0.9901,0.5454088449478149
364,6164,1.8221,0.5914729833602905
4960,6166,1.5871,0.5755088329315186
5073,6168,1.1425,0.6155075430870056
3247,6168,1.9889,0.9486262202262878
6045,6170,0.9512,0.5544353723526001
5073,6172,1.5421,0.6743496060371399
3247,6172,1.5731,0.5719249248504639
6374,6172,1.1348,0.5446394085884094
3965,6172,1.0005,0.542214572429657
2744,6173,1.0052,0.5390730500221252
5502,6173,1.1267,0.5721678137779236
2349,6173,1.9755,0.8160987496376038
5073,6174,1.2475,0.6722996830940247
2349,6174,1.8199,0.5821440815925598
3273,6175,0.9867,0.5616573095321655
5528,6176,0.9951,0.5490122437477112
2349,6176,0.9959,0.5428903698921204
5073,6178,1.0132,0.6739267706871033
2349,6178,1.6398,0.5669900178909302
5546,6179,1.5088,0.5873187184333801
5073,6180,0.9982,0.5322456955909729
6614,6180,0.9986,0.516038715839386
4207,6182,1.4296,0.5663918852806091
5073,6184,1.018,0.5659116506576538
364,6184,2.1005,0.888126790523529
5073,6186,1.0244,0.5642715096473694
2349,6186,1.0729,0.5058382749557495
3247,6186,0.9838,0.505548357963562
1206,6186,1.311,0.5859079360961914
2291,6187,0.9978,0.5414488315582275
5073,6188,1.0138,0.5689353942871094
2349,6188,0.9098,0.597509503364563
3247,6188,1.0405,0.5612449645996094
5073,6190,0.635,0.5856778621673584
3247,6190,1.0012,0.5948418378829956
6082,6190,1.4741,0.6384440064430237
855,6190,1.9153,0.7021456956863403
5037,6192,1.0033,0.5512800216674805
5073,6192,0.9825,0.5317369699478149
2349,6192,0.9787,0.5985479950904846
2520,6192,1.0349,0.5728168487548828
2349,6194,0.865,0.6133897304534912
3247,6194,1.5049,0.6585304737091064
1206,6194,1.0869,0.567023515701294
3672,6196,0.9975,0.5385499596595764
5073,6196,1.0065,0.5930230021476746
3247,6197,1.0153,0.5712117552757263
6082,6198,0.9815,0.672059178352356
2349,6200,1.4778,0.6860483884811401
6082,6200,1.1508,0.6115683317184448
2349,6202,1.4495,0.710283637046814
4151,6206,0.8731,0.6069031953811646
1850,6206,1.088,0.67720627784729
2349,6206,0.5564,0.6485992074012756
3247,6206,0.7818,0.57501220703125
2361,6206,1.1313,0.6771020889282227
5172,6206,1.0572,0.6315534710884094
1658,6206,0.6499,0.5623472929000854
1206,6206,1.1662,0.6519582271575928
6218,6206,1.0878,0.5683577656745911
5360,6206,4.407,0.9848490357398987
5815,6206,0.9854,0.5299965739250183
5073,6208,1.11,0.5795599818229675
5285,6208,2.0182,0.6889567971229553
5372,6208,1.0294,0.5550529360771179
2349,6209,1.2104,0.5973964929580688
3540,6209,3.2852,0.9471316933631897
3537,6209,2.1306,0.9384515285491943
231,6210,0.9985,0.5492826700210571
5073,6211,1.1041,0.6016160845756531
6151,6211,0.9971,0.630812406539917
2349,6212,0.9675,0.5435131192207336
3670,6214,2.0697,0.6551545262336731
6082,6214,1.0926,0.5853952765464783
1574,6214,1.1698,0.5630956888198853
1206,6214,0.9005,0.5738648176193237
6218,6214,1.0093,0.6656113862991333
4054,6214,0.8048,0.522735595703125
364,6214,2.9332,0.6373265385627747
5073,6215,0.9999,0.5245651006698608
1206,6215,1.0543,0.5802290439605713
2349,6216,1.011,0.5507030487060547
1206,6217,0.5309,0.6026602983474731
3247,6219,0.9944,0.5368921756744385
1206,6219,1.0094,0.5467217564582825
3247,6221,1.1345,0.6437102556228638
1206,6221,1.0734,0.5869930386543274
364,6221,1.9391,0.6375028491020203
5073,6222,0.9978,0.5424733757972717
842,6224,3.9667,0.9768004417419434
3247,6226,0.9999,0.5595986843109131
4640,6226,1.3653,0.6826322674751282
1206,6226,0.9326,0.5828126668930054
6346,6226,0.9929,0.6008318662643433
4054,6226,1.1131,0.6111748218536377
2349,6227,1.0415,0.6273028254508972
5073,6228,1.1303,0.502601683139801
2349,6228,0.9942,0.5044814348220825
5073,6230,0.9495,0.6403962969779968
2349,6230,0.9843,0.5837281346321106
5073,6231,0.977,0.5028495192527771
2235,6231,1.6428,0.7033966779708862
5073,6232,1.0193,0.5561860799789429
6082,6232,1.0182,0.5537983775138855
3815,6232,1.0138,0.5445935130119324
4002,6232,1.0097,0.5335730910301208
5073,6233,1.0006,0.5605387687683105
2349,6233,1.0086,0.5793581604957581
3247,6233,1.0023,0.5813425779342651
515,6233,0.8936,0.6053457856178284
3033,6233,1.0215,0.5840031504631042
369,6233,1.9106,0.6241824626922607
364,6234,3.385,0.9782940149307251
2349,6235,1.0316,0.5514721870422363
5073,6239,0.9798,0.525074303150177
5073,6240,0.8251,0.5536641478538513
2349,6240,1.3213,0.6033451557159424
3247,6240,1.01,0.5554993152618408
3762,6240,1.0606,0.554555356502533
435,6240,1.0996,0.5979551076889038
364,6240,0.6493,0.5203538537025452
2349,6241,0.9747,0.53239905834198
2349,6243,1.0094,0.5428339838981628
6893,6244,0.8363,0.5365316271781921
2349,6244,1.0336,0.6153915524482727
6502,6244,0.9856,0.6107996106147766
1206,6244,1.0478,0.6940345168113708
5360,6244,1.0128,0.5549325346946716
5053,6246,0.9618,0.5266745686531067
1206,6246,0.8696,0.5817772746086121
5285,6246,1.2428,0.5549217462539673
1206,6248,0.9538,0.5804439187049866
364,6248,0.9936,0.5316228866577148
2349,6251,1.5101,0.6174671053886414
3247,6251,0.9751,0.5232444405555725
5586,6251,1.6198,0.610306978225708
1206,6251,1.0261,0.5567770004272461
3247,6252,0.9956,0.529898464679718
5073,6253,1.1707,0.5621378421783447
3257,6253,1.2236,0.5621960163116455
2272,6253,3.4785,0.9681185483932495
5484,6255,1.5225,0.5729367136955261
2349,6255,1.0251,0.5546204447746277
2387,6255,1.2515,0.5651791095733643
1206,6255,1.0111,0.5494030714035034
3247,6256,1.0692,0.5605325698852539
2816,6256,0.9959,0.6206236481666565
1206,6257,1.2612,0.6444312334060669
3247,6258,1.3739,0.7379382848739624
1206,6258,1.5636,0.575785756111145
2349,6259,1.0308,0.5548310279846191
3247,6259,1.0599,0.612012505531311
1658,6259,1.015,0.5568063855171204
5073,6260,1.1788,0.5409005880355835
2349,6261,0.9862,0.5526167154312134
3247,6261,1.3967,0.57181715965271
694,6261,3.3877,0.9834729433059692
1206,6261,1.2442,0.6098635792732239
6218,6261,0.9844,0.5640194416046143
5441,6261,0.9904,0.5211153030395508
3247,6262,0.954,0.6411774754524231
5278,6263,1.5653,0.7204029560089111
5073,6264,1.0396,0.5643028020858765
2349,6265,1.4256,0.6039472222328186
3247,6265,2.1657,0.8573257327079773
6777,6265,1.5616,0.5726014375686646
2349,6266,0.9053,0.5516781210899353
3247,6266,1.0464,0.5644959211349487
1922,6266,1.6889,0.6823867559432983
5103,6266,1.9601,0.6087095737457275
5073,6267,1.0071,0.5187758207321167
2349,6267,0.9997,0.5467478036880493
3247,6267,1.2526,0.6134941577911377
5363,6267,0.9965,0.5179019570350647
3191,6268,0.946,0.5578822493553162
3407,6268,3.5085,0.9826751947402954
2333,6269,1.1505,0.5626624822616577
3247,6269,1.0679,0.5637539625167847
7082,6269,1.492,0.5877284407615662
5073,6270,0.9849,0.5157872438430786
2349,6270,1.0054,0.5378773212432861
1892,6270,0.9836,0.5580262541770935
5959,6271,0.9932,0.526199996471405
2349,6272,0.9607,0.6006423234939575
5073,6273,1.0203,0.5792681574821472
2377,6274,0.9834,0.5539247989654541
702,6274,0.9292,0.5826951265335083
3247,6275,1.6264,0.594668984413147
2444,6276,1.506,0.6067431569099426
4009,6277,4.4979,0.987878143787384
2291,6278,1.0202,0.5510502457618713
5073,6278,1.2203,0.6213997602462769
3652,6278,1.1182,0.560328483581543
2349,6278,1.0576,0.5739831924438477
5073,6279,0.9972,0.5848511457443237
5021,6279,0.9987,0.5698403716087341
2349,6279,0.9745,0.5496248006820679
6658,6279,1.291,0.5703866481781006
7088,6279,1.1829,0.6063714623451233
4815,6279,1.7298,0.6164512634277344
1206,6279,0.9696,0.5944828987121582
4911,6279,1.2965,0.5808170437812805
6440,6280,1.1125,0.6997547149658203
3247,6280,2.4676,0.9505307674407959
6937,6280,0.9999,0.5446041226387024
666,6280,1.0043,0.5436040759086609
6177,6280,1.0028,0.5372521877288818
5969,6282,1.0287,0.5835936665534973
5073,6283,1.2072,0.5712705254554749
3634,6283,1.1254,0.5667778253555298
6564,6284,2.0892,0.8860470652580261
2349,6286,0.9447,0.5395259857177734
3247,6287,1.6033,0.5946194529533386
3559,6287,0.9966,0.5647923946380615
1206,6288,1.0399,0.5519482493400574
5073,6289,0.877,0.7247186303138733
2349,6289,1.0185,0.5631604194641113
3247,6289,1.1877,0.7036297917366028
7080,6289,1.131,0.6666297316551208
3247,6290,1.0077,0.5674940347671509
5222,6290,1.1619,0.6681386232376099
5073,6291,1.0094,0.5548617243766785
1206,6291,0.9953,0.5582407712936401
2272,6291,3.6287,0.9852939248085022
5073,6292,1.7908,0.7285276055335999
952,6293,1.0591,0.5526881814002991
5073,6293,1.0596,0.5579036474227905
3247,6293,1.3587,0.577929675579071
5073,6294,1.2309,0.5866851210594177
3674,6294,1.051,0.6956945061683655
3247,6294,1.1837,0.5656741261482239
5560,6294,1.4996,0.5744860172271729
710,6294,0.9665,0.5448355078697205
2349,6295,1.5403,0.5782702565193176
2349,6296,0.9962,0.5719634294509888
2965,6296,1.3885,0.6520045399665833
6193,6296,1.0098,0.5481511354446411
5073,6297,0.9904,0.5423344969749451
2349,6297,1.0498,0.5565932989120483
3247,6297,1.4428,0.5870682001113892
2349,6298,0.9722,0.6212134957313538
3247,6298,0.9979,0.5459630489349365
2349,6299,1.1596,0.5878366827964783
3261,6299,0.9714,0.6566706895828247
1206,6299,2.3841,0.8833408355712891
385,6299,1.6574,0.6465416550636292
1373,6300,1.1623,0.5758926868438721
5528,6301,1.8254,0.6882995367050171
3247,6301,1.9512,0.9255571961402893
1206,6301,1.3091,0.5825170278549194
855,6301,1.103,0.5851765871047974
2349,6302,0.9851,0.5140793323516846
4634,6302,1.4569,0.585777759552002
4775,6302,1.6523,0.7651985287666321
2349,6303,0.8233,0.5655761361122131
3247,6303,0.9865,0.6810837984085083
6650,6303,1.5657,0.5857654809951782
1206,6303,1.0868,0.6097460389137268
5073,6304,1.2688,0.6747050881385803
2349,6304,1.214,0.6458436250686646
4666,6304,1.487,0.593878448009491
5073,6305,1.0254,0.5658145546913147
6408,6305,3.406,0.9734702110290527
2349,6305,1.977,0.7379030585289001
3247,6305,2.4898,0.9777429103851318
88,6305,0.8822,0.5641908049583435
1206,6305,1.0447,0.5556938052177429
5429,6305,1.5226,0.6199644207954407
5073,6306,1.0359,0.5477213859558105
1598,6306,1.0011,0.6028082966804504
2990,6306,1.0181,0.5549041032791138
5073,6307,1.0293,0.5486868023872375
3247,6307,2.4206,0.9742274880409241
2349,6310,0.9971,0.549481213092804
6082,6311,1.4346,0.5943605303764343
2349,6312,1.0011,0.5527790784835815
2349,6313,0.9995,0.6162925958633423
1142,6314,0.9896,0.5705167651176453
1206,6314,4.3716,0.9945437908172607
5969,6315,1.7699,0.5982822179794312
5073,6315,1.0065,0.6186704039573669
5690,6315,1.5526,0.5784124135971069
2881,6316,1.0047,0.5431666970252991
5073,6317,2.4332,0.6561734080314636
3247,6317,1.9224,0.5959771871566772
5073,6319,0.8804,0.5574411749839783
2349,6319,1.2253,0.5661157369613647
1206,6319,0.9391,0.5623433589935303
3247,6320,1.2333,0.6195681095123291
2512,6320,1.2726,0.6252347826957703
2349,6321,1.269,0.5706549882888794
1206,6321,0.808,0.5292085409164429
3688,6323,1.7845,0.5633803009986877
2349,6323,1.3383,0.5800144672393799
6218,6325,0.7974,0.5207514762878418
3598,6325,2.2217,0.8913472294807434
5073,6327,1.2023,0.5848557353019714
5989,6327,2.0991,0.9751351475715637
2349,6327,0.7345,0.5906230211257935
2272,6327,4.0967,0.9660013318061829
505,6328,1.2522,0.5696913599967957
4729,6328,1.0246,0.5461306571960449
1685,6328,1.0556,0.6570953726768494
2349,6329,1.0406,0.5825294256210327
1206,6329,1.0422,0.5705634951591492
4761,6330,0.9722,0.5420106053352356
2349,6331,1.0794,0.5308515429496765
2367,6331,1.3305,0.5633055567741394
6374,6331,0.9942,0.5348962545394897
493,6333,0.9227,0.5519278049468994
2349,6333,0.9842,0.5554126501083374
5232,6333,1.0291,0.5486647486686707
3247,6334,0.9735,0.5624814629554749
5073,6335,0.9982,0.5534751415252686
4580,6336,1.1671,0.5996657013893127
7064,6336,2.3279,0.9297557473182678
5073,6337,1.1576,0.5809655785560608
3247,6339,1.1525,0.5462479591369629
1888,6339,0.8823,0.6133647561073303
1206,6339,1.0335,0.6691666841506958
6374,6339,1.0151,0.5400608777999878
5073,6340,1.5531,0.5971515774726868
5073,6341,0.9712,0.5863845348358154
2349,6341,0.9845,0.5974320769309998
1206,6341,0.8907,0.6341806650161743
5073,6343,1.4926,0.5670921802520752
1206,6343,0.9992,0.5465696454048157
4133,6345,1.0028,0.5834440588951111
5955,6345,1.6304,0.7048006057739258
2075,6345,1.0056,0.5354429483413696
6454,6346,1.7228,0.5679659247398376
2349,6347,1.3501,0.6208990216255188
916,6348,1.0046,0.5381479859352112
2349,6348,0.9689,0.5510645508766174
3247,6348,0.9558,0.5836558938026428
1206,6348,3.7902,0.9855433702468872
6346,6349,1.4431,0.7300400733947754
5073,6351,0.9689,0.5746429562568665
4618,6351,0.9897,0.5713971257209778
4350,6351,1.2182,0.6198015809059143
4893,6351,2.7329,0.9932790398597717
5870,6351,2.9855,0.984416663646698
3562,6351,1.0047,0.5453973412513733
5073,6353,1.009,0.5501819849014282
2349,6355,1.02,0.5802723169326782
3247,6355,1.4191,0.6331276297569275
4666,6355,0.8073,0.6545380353927612
4346,6355,1.1469,0.5650473833084106
5073,6357,0.9954,0.5519345998764038
2349,6357,1.245,0.6538195610046387
6082,6357,0.9989,0.5576707720756531
5073,6361,1.0694,0.5630477666854858
4014,6361,1.0002,0.500771701335907
5111,6362,0.9979,0.537325918674469
5073,6363,1.3661,0.5776867866516113
6082,6363,0.902,0.5533091425895691
5073,6365,0.9976,0.5439873933792114
2349,6365,1.0893,0.5264148116111755
6885,6367,1.0096,0.5660889148712158
5073,6369,1.401,0.5446482300758362
2349,6370,0.953,0.5493472218513489
5073,6374,1.4509,0.5809059143066406
1409,6374,0.9796,0.5403496623039246
2349,6375,1.4728,0.5848170518875122
5073,6376,0.9935,0.5076410174369812
5073,6377,0.9146,0.5650338530540466
2349,6377,1.2073,0.573043942451477
5073,6378,0.748,0.5517482161521912
5580,6379,1.3671,0.5427555441856384
5073,6380,0.9162,0.5068151950836182
2349,6380,1.1904,0.6420722603797913
5285,6380,0.9931,0.5965563058853149
5073,6381,0.9839,0.5690891742706299
1206,6381,0.7023,0.6607422828674316
4054,6381,0.9237,0.6028406023979187
3247,6382,1.1301,0.5634382963180542
4054,6383,1.5774,0.5983583927154541
5073,6384,1.0598,0.5546701550483704
3803,6384,0.984,0.6452265977859497
1658,6384,0.7779,0.5497193336486816
1206,6384,0.9821,0.5418645739555359
6254,6384,0.9995,0.5623745322227478
6770,6384,0.967,0.5868272185325623
5073,6386,1.1632,0.6628448367118835
477,6386,1.0268,0.611882209777832
2349,6386,0.8395,0.6725941896438599
1206,6386,0.6435,0.5796506404876709
2349,6387,1.022,0.5526567101478577
5073,6389,1.2665,0.5864924192428589
2349,6389,0.7932,0.5126911997795105
1206,6389,1.7518,0.5935592651367188
3586,6390,1.0107,0.5436953902244568
2349,6392,1.0258,0.5716294050216675
1206,6392,0.8009,0.6088002324104309
2349,6393,0.9965,0.5438445806503296
5073,6394,0.9958,0.5587284564971924
5073,6396,1.0036,0.5690556764602661
2349,6396,0.9532,0.5895647406578064
3247,6396,1.0036,0.6029739379882812
6346,6397,0.5189,0.5592291951179504
1206,6398,1.0621,0.5519797205924988
1206,6399,1.8315,0.6041257381439209
2349,6401,0.957,0.5405022501945496
6346,6401,1.0001,0.5259740948677063
4054,6401,1.0035,0.6616207957267761
5073,6403,0.9847,0.6091179251670837
3247,6403,0.9984,0.5564773678779602
1555,6403,5.3703,0.9887989163398743
4216,6403,4.3723,0.9786367416381836
5073,6405,1.0095,0.5457363128662109
3247,6405,0.998,0.5475589036941528
6047,6405,1.3337,0.6576337814331055
5400,6405,1.0014,0.5411337614059448
1900,6407,1.0953,0.6837198734283447
5073,6409,0.9991,0.5948616862297058
2349,6409,1.4294,0.7023443579673767
6082,6411,1.0727,0.615746259689331
3855,6411,1.2415,0.6756336092948914
1206,6411,1.1121,0.553483247756958
2167,6411,0.7729,0.5513905882835388
1779,6411,0.996,0.5526711344718933
5409,6411,0.9777,0.5459822416305542
3652,6413,3.1432,0.9722932577133179
1206,6413,1.0135,0.5810025930404663
2473,6413,1.4192,0.5639247894287109
5073,6415,1.0802,0.6959649324417114
2349,6415,1.0162,0.665236234664917
3247,6415,0.8717,0.6503122448921204
1658,6415,0.5969,0.5074766874313354
1206,6415,0.7913,0.5669110417366028
1206,6417,2.787,0.9920080900192261
2937,6419,1.404,0.5765561461448669
1206,6419,1.0122,0.5789065361022949
2205,6419,0.9352,0.6010875701904297
5045,6421,1.5192,0.6092698574066162
5336,6421,1.3777,0.6649604439735413
5073,6423,1.6609,0.5788070559501648
2349,6425,0.9909,0.5329806208610535
3247,6427,1.683,0.6641142964363098
231,6427,1.2326,0.5970889925956726
5264,6427,2.821,0.9140378832817078
6210,6427,1.1943,0.6798782348632812
1433,6429,1.1991,0.6439865231513977
5073,6431,1.1105,0.5610656142234802
2236,6431,1.0305,0.5642372965812683
4435,6431,1.427,0.5880337357521057
5073,6435,1.304,0.6872797608375549
155,6435,1.6132,0.5883650183677673
5073,6437,0.989,0.5518093705177307
2762,6437,1.0075,0.5193164348602295
3247,6437,0.9973,0.5436241030693054
1206,6437,1.0021,0.5511431097984314
210,6437,1.2472,0.5596789121627808
2349,6439,1.1504,0.6013680696487427
364,6439,0.9993,0.5293727517127991
5073,6441,1.0485,0.5548637509346008
5073,6443,1.0037,0.5394166111946106
2349,6443,1.004,0.602288007736206
2349,6445,1.2921,0.6051905155181885
3861,6445,1.1895,0.6196670532226562
2596,6445,1.6616,0.6984565258026123
3247,6447,0.9968,0.555971086025238
4800,6447,3.2774,0.9689863920211792
3247,6451,1.0241,0.534809947013855
6082,6451,2.9949,0.7768619060516357
855,6451,1.5604,0.6797577738761902
2349,6453,1.5237,0.7467630505561829
2349,6455,2.8869,0.8523255586624146
5073,6457,0.9879,0.5500322580337524
2349,6457,1.8218,0.7319411635398865
6267,6457,2.9366,0.9736488461494446
5073,6459,1.0591,0.5882295370101929
2349,6459,1.4997,0.6473208665847778
6082,6459,1.0605,0.5518859624862671
2535,6459,2.9992,0.8797447085380554
5073,6461,1.0026,0.5461277365684509
3247,6461,0.986,0.5440850853919983
1658,6461,1.0956,0.6409463882446289
1206,6461,1.161,0.6089032292366028
5073,6463,1.7603,0.6101741194725037
2349,6463,1.0425,0.5905890464782715
5073,6465,1.0276,0.5388391613960266
2349,6465,0.9698,0.5464502573013306
3247,6465,0.9628,0.5374820828437805
6428,6466,1.0187,0.5584577918052673
6424,6466,1.9384,0.8977959156036377
3235,6466,1.001,0.5459733605384827
2349,6467,1.2501,0.5634565949440002
3247,6467,1.381,0.5628259778022766
1206,6467,1.0304,0.5899215340614319
1361,6468,1.0183,0.5734850168228149
3652,6468,0.9974,0.6201967597007751
2349,6469,0.9876,0.5347855687141418
2349,6473,1.0035,0.5360960364341736
86,6473,0.8965,0.5546746850013733
3247,6473,1.0117,0.55478435754776
1997,6473,1.0026,0.5355901718139648
5073,6474,1.0226,0.5614661574363708
364,6475,2.2,0.9567872285842896
5073,6477,1.3283,0.5725008845329285
2349,6477,0.9958,0.5550397634506226
660,6477,0.9905,0.5291961431503296
1395,6478,1.4648,0.6148032546043396
5073,6479,1.0463,0.6539982557296753
2349,6479,1.1126,0.6551206111907959
6082,6479,1.0165,0.549468994140625
2768,6480,1.0535,0.5948147177696228
5073,6481,1.0217,0.6407008767127991
5073,6482,0.9955,0.5445461869239807
5073,6483,0.9648,0.5590075254440308
2349,6483,1.0669,0.544215738773346
3247,6483,1.2262,0.5900708436965942
6941,6485,0.8384,0.5960944890975952
654,6485,0.8348,0.5007941126823425
1206,6485,1.3105,0.5609537959098816
6723,6485,2.2087,0.972711443901062
364,6485,3.1296,0.9907011985778809
2601,6485,1.0039,0.5229567885398865
2974,6485,9.3005,0.9960119724273682
5073,6487,0.8123,0.5487461090087891
2349,6487,1.2333,0.6036081910133362
1206,6487,0.9726,0.6522817611694336
7270,6487,1.6853,0.6223549842834473
180,6487,1.0389,0.5553767681121826
5073,6489,1.0946,0.5670403838157654
5073,6491,0.9501,0.5415416955947876
2349,6491,1.0135,0.5533620715141296
3247,6491,0.9969,0.5150090456008911
1206,6491,0.9556,0.5456343293190002
3247,6493,1.1792,0.5595881938934326
364,6493,0.9997,0.5382048487663269
5073,6495,1.1196,0.5377423763275146
2349,6495,1.0408,0.5658332109451294
7257,6495,1.3102,0.5690582990646362
3372,6495,1.2262,0.5663438439369202
5213,6495,1.0266,0.5473670363426208
1391,6496,1.0092,0.5385541915893555
1824,6496,1.4173,0.5576032996177673
5073,6497,1.2377,0.5946557521820068
2349,6497,0.9854,0.5735176801681519
6374,6497,0.9725,0.5373879075050354
2272,6497,1.0138,0.554572343826294
364,6497,1.0145,0.5386423468589783
932,6498,0.9879,0.6536915302276611
2349,6499,0.9933,0.5596408843994141
5151,6499,2.7842,0.7985712885856628
6097,6499,0.87,0.5339207053184509
5443,6499,1.62,0.6276542544364929
3247,6503,0.4622,0.5633564591407776
1206,6503,2.3956,0.8472545742988586
364,6505,1.1519,0.5758625268936157
2349,6507,1.0025,0.6211360096931458
2349,6509,1.0139,0.5857882499694824
1222,6509,1.0001,0.5208289623260498
5073,6511,1.0301,0.5522601008415222
5993,6512,1.2859,0.5874583721160889
1820,6512,1.0189,0.5583274364471436
1206,6515,1.0072,0.5801576972007751
364,6515,1.0181,0.5979841947555542
5073,6516,0.9764,0.6265639066696167
2784,6517,1.0211,0.5536686182022095
1206,6517,1.4173,0.6336437463760376
5073,6519,1.3471,0.5282023549079895
2349,6519,1.2208,0.5728033185005188
1206,6519,1.1079,0.535041868686676
3986,6519,0.9989,0.5656925439834595
1555,6519,1.0199,0.5446234345436096
1377,6521,1.0016,0.5191704630851746
4299,6521,0.9371,0.668408989906311
1206,6522,0.9693,0.5424470901489258
1206,6523,0.6722,0.6546579599380493
5073,6524,0.9916,0.6488349437713623
5073,6525,1.0256,0.5910330414772034
2349,6525,1.0013,0.5620217323303223
5073,6526,1.2523,0.6985943913459778
2349,6526,0.9059,0.5965773463249207
1206,6526,1.3802,0.6249194741249084
2758,6527,1.0073,0.5538756847381592
2349,6528,1.1011,0.6024717092514038
364,6528,0.9902,0.5462377667427063
4054,6530,1.1116,0.6379101276397705
2349,6532,1.0337,0.555877685546875
4666,6532,2.2601,0.9085012078285217
6913,6532,1.0532,0.5534865260124207
1206,6532,0.647,0.5956534743309021
6308,6532,0.9973,0.5495046377182007
6082,6533,1.3325,0.5807472467422485
364,6533,1.8387,0.6131349802017212
3710,6534,1.2956,0.652996838092804
261,6534,1.7858,0.6109527349472046
5073,6536,2.2371,0.6069267988204956
2349,6536,0.7294,0.5915941596031189
5200,6536,0.7254,0.7195258140563965
1206,6536,1.0912,0.5711324214935303
5902,6536,1.1312,0.667150616645813
364,6536,1.1653,0.6362220644950867
5701,6536,1.0107,0.6045314073562622
4800,6536,1.3648,0.5634915828704834
2272,6538,2.101,0.9013222455978394
5073,6539,1.0001,0.5530643463134766
1206,6539,1.0751,0.6495797038078308
5358,6539,1.0016,0.5146401524543762
1206,6541,1.6425,0.6435403823852539
364,6541,2.9106,0.9464487433433533
6723,6543,0.9687,0.5309064984321594
6424,6544,1.5836,0.6282100677490234
5073,6544,1.4894,0.6468239426612854
2349,6544,0.8995,0.6224328875541687
3247,6544,1.0639,0.6270432472229004
2371,6544,1.3764,0.6527969837188721
5073,6546,1.0007,0.5775243639945984
5073,6548,1.0342,0.5629119873046875
2349,6548,1.003,0.5818929672241211
5850,6548,1.2395,0.7063873410224915
364,6548,1.021,0.6277748346328735
2932,6548,2.1295,0.9436672329902649
5073,6549,0.9994,0.6184206008911133
6576,6549,1.7362,0.5777314901351929
2272,6549,0.9584,0.5265911221504211
1722,6549,1.702,0.7956812381744385
5073,6550,1.2862,0.550908625125885
2349,6550,1.1758,0.5974298119544983
5073,6552,2.0888,0.616497278213501
2349,6553,1.3684,0.59409099817276
3247,6553,1.3194,0.6121003031730652
5566,6553,1.9081,0.5972668528556824
2092,6553,1.0622,0.5478233098983765
5073,6554,1.3224,0.5848937034606934
5073,6555,1.295,0.6634196043014526
2349,6555,1.3444,0.6347859501838684
7270,6555,2.2086,0.9524895548820496
369,6555,1.6328,0.6353349089622498
782,6555,1.2995,0.5677953362464905
3517,6557,3.3015,0.9911110997200012
2349,6558,1.3107,0.6001493334770203
2349,6559,1.3478,0.5521567463874817
3247,6559,1.0923,0.6803228259086609
6608,6559,1.1158,0.5634713172912598
1206,6559,1.4088,0.6169324517250061
3247,6561,0.9923,0.6076789498329163
1206,6561,0.8207,0.6524385809898376
5073,6563,0.9883,0.55448979139328
2349,6563,1.0472,0.5674488544464111
4729,6563,0.998,0.5305525660514832
1206,6563,1.7966,0.7244433760643005
2349,6565,1.1608,0.5725913047790527
3247,6565,1.2316,0.6230891346931458
2349,6566,0.9947,0.5357746481895447
3247,6567,1.2812,0.57268887758255
527,6567,1.014,0.5482082962989807
2054,6567,2.6822,0.9465153813362122
6865,6568,1.1971,0.5699736475944519
4640,6569,2.2207,0.9341829419136047
2349,6571,1.3998,0.7044360041618347
435,6571,1.2528,0.5577548146247864
2349,6572,1.9472,0.6101376414299011
2349,6573,1.3269,0.6077289581298828
2349,6574,0.9909,0.5555949807167053
5073,6575,0.9764,0.5747430920600891
3247,6575,0.9904,0.5461031794548035
4809,6575,1.9099,0.6071768403053284
1206,6575,1.0655,0.5502206087112427
2293,6576,1.0651,0.5522608160972595
5989,6577,1.9058,0.8254268765449524
2349,6577,0.9915,0.6468027234077454
3247,6577,1.0329,0.5516029596328735
1206,6577,1.5159,0.5723395347595215
6327,6577,1.278,0.5614805221557617
1248,6577,1.4975,0.5955248475074768
2349,6578,1.0442,0.674696683883667
2349,6579,1.0018,0.5477545261383057
1206,6579,1.0815,0.6713537573814392
4610,6580,0.9991,0.5294554829597473
5073,6581,1.0049,0.5487843155860901
2349,6581,1.0091,0.5645161867141724
3245,6581,1.0726,0.732117235660553
1114,6581,1.1,0.600926399230957
1248,6581,1.0403,0.5719884634017944
5073,6582,2.4931,0.9760445356369019
3247,6584,0.9947,0.5445731282234192
5073,6585,1.0399,0.625998318195343
3247,6585,1.0869,0.6775656342506409
5073,6587,1.0035,0.5631959438323975
3247,6587,1.004,0.5521339774131775
2367,6587,0.9464,0.6315186023712158
3845,6587,1.2638,0.566065788269043
3596,6587,1.1105,0.636578381061554
1206,6589,0.9819,0.5528378486633301
5073,6590,1.3817,0.5913476943969727
2349,6590,0.9939,0.6711897850036621
3247,6590,1.002,0.5544300675392151
4592,6591,0.7517,0.5015857815742493
5073,6591,0.9907,0.5769383311271667
1850,6591,1.2589,0.5487923622131348
2349,6591,1.2257,0.6720417737960815
3247,6591,0.9961,0.6025704741477966
2361,6591,0.9599,0.6334982514381409
6502,6591,1.0258,0.5929456353187561
4054,6591,0.9924,0.5395787954330444
6770,6591,1.0444,0.5515033602714539
3572,6591,0.9954,0.5832877159118652
364,6591,2.0123,0.8962516188621521
3430,6591,1.0693,0.5658463835716248
24,6592,1.1096,0.6526317000389099
5073,6592,1.0133,0.5709957480430603
14,6592,1.022,0.5517557263374329
2349,6592,0.9681,0.5148279666900635
529,6592,1.1249,0.5883743166923523
5073,6593,1.1806,0.5667240023612976
2349,6593,0.9064,0.5752989053726196
1206,6593,0.8576,0.507269561290741
1310,6593,0.9774,0.5377549529075623
6763,6593,0.9707,0.563755214214325
5073,6594,1.0009,0.6476922631263733
3247,6594,0.9762,0.524258553981781
1842,6595,0.9517,0.5945256948471069
1658,6595,1.0005,0.5303134322166443
1206,6595,1.0217,0.5617736577987671
4592,6596,1.1452,0.5490591526031494
2349,6596,1.0273,0.5715966820716858
5073,6597,1.0001,0.5373963117599487
3247,6597,1.0006,0.5372488498687744
6218,6597,0.993,0.589339017868042
5073,6598,1.2501,0.5378307104110718
2349,6598,0.9607,0.5495484471321106
3247,6598,0.9984,0.5340453386306763
3247,6599,0.9899,0.5451213121414185
1206,6601,0.8794,0.5476391911506653
5073,6602,1.0001,0.5542214512825012
2349,6602,1.0054,0.5316606163978577
2349,6603,1.0635,0.5638817548751831
1206,6603,0.9876,0.5788024067878723
2349,6604,1.3132,0.5545809268951416
2092,6605,1.4409,0.678804874420166
5073,6607,1.0155,0.5553999543190002
3247,6607,0.9967,0.5950250029563904
324,6607,2.6446,0.9627726078033447
5073,6609,1.0226,0.559095025062561
3247,6609,1.111,0.6604060530662537
3965,6611,1.089,0.5500524640083313
3247,6613,0.9986,0.5229522585868835
369,6613,1.3514,0.6208602786064148
3762,6614,0.8685,0.573451817035675
5073,6615,1.0011,0.5165517926216125
2327,6615,1.0271,0.5540620684623718
3247,6615,1.2343,0.614581286907196
1748,6615,3.0782,0.9657341241836548
1234,6615,1.0215,0.5495040416717529
2349,6616,0.9618,0.5418608784675598
3247,6616,0.9985,0.5346270799636841
2349,6619,1.3978,0.6512134075164795
3247,6619,1.0024,0.5085450410842896
676,6619,1.3655,0.5613905191421509
5073,6621,0.9807,0.5352762341499329
3293,6622,0.9982,0.54250168800354
2349,6623,1.4725,0.568244993686676
362,6623,1.044,0.5636651515960693
2092,6623,1.0197,0.5517073273658752
5073,6624,1.0001,0.5452046394348145
5073,6625,0.9947,0.5334964990615845
5073,6627,0.9971,0.5739671587944031
2349,6627,1.2556,0.6585237979888916
1206,6627,1.0363,0.5576742887496948
364,6627,1.547,0.6350286602973938
362,6627,1.0352,0.6418176293373108
4207,6629,0.9999,0.5390198230743408
5073,6631,0.9973,0.5844325423240662
5989,6632,0.9593,0.6213220357894897
2272,6633,1.089,0.539935827255249
5073,6635,1.0909,0.5864424109458923
2349,6635,0.9771,0.6087279915809631
3247,6635,1.5413,0.6827211976051331
364,6637,2.6919,0.9692134261131287
364,6639,0.9876,0.5630110502243042
942,6640,1.1299,0.5363457202911377
3247,6640,1.0065,0.5519133806228638
2387,6640,0.9612,0.5409522652626038
2349,6641,1.1151,0.5677909255027771
364,6641,0.3288,0.617650032043457
5073,6643,1.0245,0.669289767742157
5073,6645,1.0017,0.5676048398017883
3247,6645,1.5366,0.6078788638114929
3839,6646,0.9897,0.5866960883140564
3219,6647,1.1914,0.59820556640625
5073,6647,1.182,0.5842633843421936
1206,6647,0.9814,0.5648979544639587
7260,6647,1.7344,0.5306477546691895
1852,6648,1.0204,0.6305918097496033
2349,6648,0.9494,0.5412729978561401
2359,6648,0.9941,0.5233591794967651
364,6649,0.9947,0.5415555238723755
3247,6650,1.0013,0.5568708777427673
5073,6651,1.1984,0.6997235417366028
7215,6651,0.9904,0.5277519226074219
2349,6652,1.0415,0.6339934468269348
3247,6653,1.0016,0.6525402069091797
2349,6654,0.8204,0.5155704021453857
2349,6655,1.0032,0.5693846344947815
364,6655,3.034,0.9905679821968079
2349,6656,1.7513,0.5944483876228333
2349,6657,1.1203,0.6566863059997559
4656,6658,0.6856,0.653009295463562
2349,6659,1.0136,0.5931419134140015
364,6659,1.0815,0.5518466234207153
916,6660,0.9696,0.5720047354698181
6907,6660,1.0775,0.6878577470779419
5073,6661,0.9115,0.6380025148391724
1467,6661,1.4346,0.6178138852119446
1144,6661,0.9649,0.5585256814956665
3441,6661,1.8974,0.944585919380188
1206,6661,0.9121,0.6189489960670471
2349,6663,1.3441,0.5366672277450562
1206,6663,0.7499,0.5029439330101013
6374,6663,0.9618,0.5711440443992615
364,6663,1.0294,0.5731161832809448
3247,6664,1.0072,0.5273319482803345
6537,6664,0.6482,0.7358559966087341
5073,6665,0.7172,0.5052551031112671
2349,6665,0.7239,0.5148535966873169
7080,6665,0.7659,0.5001152157783508
1281,6665,1.0,0.523078441619873
5360,6665,2.406,0.7043439745903015
5815,6665,0.8477,0.6619722843170166
5793,6665,1.0658,0.5605044364929199
1846,6667,0.9526,0.5595186352729797
2349,6667,1.2008,0.5859941244125366
6502,6667,1.0571,0.617795467376709
6082,6667,1.6385,0.5933539271354675
435,6668,1.8581,0.7078632712364197
364,6668,0.7769,0.510299026966095
1206,6670,0.8542,0.549195408821106
5360,6670,4.3129,0.821511447429657
2349,6671,0.7621,0.7117096185684204
3247,6671,1.141,0.5497041344642639
2367,6671,0.6931,0.6157065033912659
1178,6671,0.9997,0.501829206943512
364,6671,0.8125,0.5761615633964539
4123,6672,1.0202,0.5598792433738708
5360,6673,1.6469,0.5873092412948608
30,6674,0.9896,0.5339036583900452
3247,6674,0.9213,0.555943489074707
2272,6674,1.2169,0.5918378233909607
5360,6674,1.2026,0.5898788571357727
364,6674,0.5618,0.5712850689888
5073,6675,1.072,0.6193246245384216
2522,6678,1.0193,0.557197093963623
1206,6678,1.3201,0.5581416487693787
5073,6679,1.0101,0.6429415941238403
2349,6679,1.3229,0.6600019931793213
3247,6679,1.554,0.6450428366661072
2498,6679,1.5536,0.7301497459411621
5815,6680,1.095,0.560509204864502
5360,6681,1.2497,0.5598506927490234
364,6681,0.8692,0.5450950264930725
5073,6682,1.0149,0.5383765697479248
3652,6682,1.088,0.5496906638145447
2349,6682,0.8726,0.5468007922172546
5073,6683,0.9671,0.6097072958946228
2349,6683,1.0359,0.5829094052314758
708,6683,1.703,0.5958830118179321
1705,6683,0.985,0.5839810371398926
1206,6684,1.1698,0.5553255677223206
1206,6685,0.9161,0.6583989262580872
4054,6685,2.1754,0.9232516288757324
364,6685,1.2423,0.6904458403587341
5039,6688,0.9943,0.5579994320869446
5073,6688,1.1135,0.5944088697433472
2349,6688,0.8763,0.5566115379333496
3247,6688,1.0072,0.644098699092865
5285,6688,1.62,0.5989280343055725
5360,6690,1.0298,0.6453157663345337
1206,6691,0.8321,0.6528403162956238
2272,6691,0.8437,0.5328130722045898
5039,6694,1.3083,0.5684053301811218
5073,6694,0.9771,0.5266309380531311
5073,6695,1.1083,0.6822846531867981
3247,6695,0.9988,0.6522349715232849
6082,6695,1.4708,0.5988852381706238
3803,6695,0.9761,0.6079386472702026
3417,6695,1.6692,0.7343283891677856
1206,6695,0.6624,0.6229422688484192
4556,6695,0.9997,0.5094737410545349
5073,6697,1.0266,0.6079420447349548
3247,6697,0.5918,0.5959076285362244
5285,6697,0.9937,0.5486012697219849
2272,6697,2.5884,0.9061229228973389
2069,6698,0.9843,0.5930498838424683
2367,6699,1.0348,0.6123271584510803
7112,6699,0.9999,0.5123692750930786
6770,6699,0.899,0.5410532355308533
5360,6699,3.0145,0.8764737248420715
2349,6700,0.9904,0.5604304671287537
5073,6701,0.888,0.6513316035270691
364,6701,0.7421,0.702277421951294
2291,6702,1.1692,0.6039892435073853
2349,6702,0.9959,0.5605365037918091
2349,6706,0.6409,0.5797383189201355
2349,6707,1.148,0.5197899341583252
3247,6707,1.0393,0.5476670861244202
435,6707,1.0776,0.5619170665740967
2349,6710,0.9812,0.5965420603752136
4066,6711,0.9881,0.60410475730896
2349,6712,0.8613,0.602533221244812
5073,6713,0.9965,0.5391944050788879
1836,6713,1.4941,0.5827998518943787
1381,6713,1.0062,0.5494718551635742
2349,6713,1.4678,0.6860293745994568
3247,6713,2.3587,0.9804784655570984
1995,6713,1.008,0.5555456876754761
642,6713,1.0071,0.548430860042572
2165,6713,0.9887,0.5524445176124573
2349,6714,1.0092,0.5605303645133972
3247,6714,0.9761,0.5398705005645752
5073,6715,0.9995,0.5844972133636475
3233,6715,1.0071,0.5540992021560669
2349,6715,1.2508,0.5753040909767151
6015,6715,0.8769,0.6205304265022278
5073,6716,1.7329,0.5781428217887878
3247,6716,0.9387,0.54325270652771
7112,6716,0.9939,0.5512811541557312
1369,6720,1.0201,0.543174147605896
2283,6720,1.1541,0.5572555661201477
3652,6720,1.625,0.5692206621170044
3247,6720,1.0037,0.5963218212127686
6412,6722,1.0073,0.567888617515564
1206,6723,0.8109,0.6017088890075684
2349,6725,1.0498,0.5969799757003784
5558,6725,0.7914,0.5810046792030334
2272,6725,4.4015,0.9864426851272583
435,6725,1.5862,0.5713884830474854
5073,6726,1.3353,0.575138509273529
5127,6726,1.5429,0.5968670845031738
3247,6728,1.1237,0.5554187297821045
684,6728,1.1742,0.5537413358688354
3829,6729,2.4389,0.9526864290237427
5073,6730,1.1131,0.5993361473083496
2736,6730,1.2556,0.6099000573158264
3247,6731,0.5593,0.5398769974708557
1691,6731,0.9451,0.5815856456756592
5528,6732,0.989,0.5322921872138977
2349,6732,0.9762,0.5636230111122131
3247,6732,1.1342,0.6476481556892395
2043,6732,1.063,0.7041277885437012
2349,6733,0.9422,0.6004151105880737
1856,6734,1.0573,0.5658906698226929
2349,6734,0.9551,0.576530933380127
2349,6735,1.5274,0.596882164478302
3247,6735,1.3372,0.5994862914085388
1206,6735,2.2713,0.7324110269546509
3656,6736,1.0411,0.5479748845100403
6430,6736,1.1691,0.5670381188392639
24,6738,0.5657,0.5575079917907715
3247,6738,1.0427,0.5551022887229919
815,6739,1.0034,0.5437570214271545
2349,6740,1.6998,0.5729482173919678
3247,6740,1.0501,0.5389981865882874
5073,6741,0.9797,0.5570579171180725
2349,6741,0.9456,0.5785929560661316
3762,6741,1.1075,0.5786612629890442
1088,6741,3.1852,0.9609730839729309
5678,6741,1.0436,0.5534973740577698
1206,6741,0.9389,0.6163745522499084
2349,6742,0.995,0.5077491998672485
3247,6742,1.0154,0.5330086946487427
3251,6743,2.2411,0.9498112797737122
48,6744,1.0081,0.5419078469276428
5073,6744,1.0126,0.5545775890350342
8,6744,1.2709,0.5589403510093689
3247,6745,1.9466,0.8063611388206482
5355,6745,0.9988,0.568813681602478
7186,6745,1.0264,0.5548287630081177
2223,6745,1.0412,0.6448354721069336
5073,6747,1.0063,0.5447190403938293
2349,6747,1.1534,0.5299437046051025
842,6747,5.0648,0.9849091172218323
5494,6748,1.0311,0.554174542427063
5073,6748,0.7208,0.6584952473640442
2349,6748,1.6362,0.5731931328773499
3247,6748,0.9958,0.6569729447364807
5073,6749,1.1749,0.6006213426589966
3247,6749,1.0958,0.5715001821517944
6648,6749,2.2842,0.7550158500671387
2349,6750,1.085,0.5756525993347168
2744,6751,1.8064,0.6956729292869568
5073,6751,1.2504,0.6419916152954102
2349,6751,1.322,0.6759344339370728
1206,6751,1.4953,0.5720770359039307
2349,6752,0.9897,0.5221133232116699
1206,6753,1.3095,0.5567905306816101
7112,6754,1.0063,0.5469578504562378
2965,6754,1.0335,0.5404658913612366
2349,6755,0.9716,0.5431029796600342
102,6755,1.589,0.5848820805549622
7074,6755,2.0813,0.9690847396850586
280,6755,1.001,0.5569087862968445
2281,6756,0.9984,0.5166171789169312
3247,6756,0.9971,0.5377193093299866
5073,6757,1.3833,0.5523973107337952
2035,6757,2.5232,0.9885335564613342
5073,6758,1.0226,0.619540810585022
2736,6758,0.9994,0.5546318888664246
20,6758,1.0208,0.5586308836936951
2349,6758,1.2632,0.5784302949905396
3247,6758,1.2619,0.5559902191162109
5073,6759,1.0183,0.551723301410675
2349,6759,0.9733,0.5871914029121399
1206,6759,1.8467,0.5871400833129883
6091,6760,0.9973,0.5451816916465759
2484,6760,1.602,0.5805065035820007
5073,6761,1.0017,0.5727646946907043
2349,6761,1.0021,0.5489658117294312
1437,6761,2.0479,0.934777557849884
5093,6761,1.2228,0.6106662154197693
1206,6761,1.5558,0.6006680727005005
5073,6762,1.0022,0.5319561958312988
5955,6762,1.0559,0.563153862953186
2349,6762,0.9544,0.5212782025337219
3247,6763,1.3112,0.5525258183479309
1206,6763,0.9769,0.6393156051635742
487,6764,1.0155,0.6025526523590088
3718,6764,1.0068,0.5983346700668335
1311,6765,1.0626,0.5586186647415161
1407,6767,2.1996,0.9703844785690308
2349,6767,1.069,0.6596540808677673
3247,6767,1.0029,0.5708068609237671
5073,6769,0.9833,0.5744330286979675
3247,6770,1.002,0.5447110533714294
5073,6771,1.0118,0.6073829531669617
2349,6771,1.0678,0.6017000079154968
2349,6773,0.9324,0.5777544975280762
2349,6774,1.3441,0.5526896715164185
5073,6775,0.9168,0.5337220430374146
2349,6777,1.3059,0.606048583984375
3247,6778,1.4758,0.5837507247924805
5534,6780,0.9745,0.6038267016410828
3211,6780,1.5601,0.5765233039855957
6865,6780,1.006,0.5367201566696167
6867,6780,1.7493,0.6725744009017944
3247,6780,1.0005,0.5437010526657104
3247,6781,1.0321,0.5660961866378784
2371,6781,1.312,0.6878596544265747
3211,6782,1.1743,0.5622641444206238
2349,6783,0.8389,0.5783604383468628
5073,6785,0.9821,0.6130213737487793
1206,6785,0.9926,0.656889796257019
4616,6786,1.0303,0.5577832460403442
1206,6787,0.8282,0.5388940572738647
2272,6787,0.9853,0.5278360247612
3247,6788,1.0809,0.5628369450569153
4644,6788,1.0523,0.5470024347305298
1206,6788,1.9039,0.6543207764625549
5073,6789,1.253,0.6304643154144287
2349,6789,1.4907,0.586226224899292
2349,6790,1.0929,0.5682371854782104
1206,6790,1.8492,0.6684534549713135
5073,6791,0.9859,0.5511341094970703
3247,6793,1.0001,0.5050002336502075
6201,6794,0.992,0.527367353439331
3247,6795,1.2044,0.5666690468788147
2349,6797,1.0001,0.5494936108589172
3247,6799,0.9949,0.5304315090179443
1206,6799,1.1106,0.5659608840942383
6584,6800,0.9872,0.5470286011695862
5073,6801,1.0739,0.5690211057662964
2349,6801,0.9826,0.5130258202552795
1206,6803,0.9383,0.5488273501396179
6448,6804,0.9975,0.5358296036720276
6869,6804,1.0642,0.5706360340118408
3247,6804,0.6507,0.5582059621810913
5518,6805,0.9569,0.5708146095275879
2349,6805,1.1538,0.5662121176719666
3247,6805,0.9991,0.5402302742004395
1112,6805,1.0018,0.5457397103309631
1206,6805,1.0052,0.5588489174842834
369,6805,0.9993,0.5512553453445435
3652,6807,1.1467,0.5599302053451538
6047,6807,1.8191,0.6028023362159729
5073,6809,0.9966,0.5401241779327393
4646,6810,1.2093,0.6319504976272583
690,6811,1.3657,0.5372411608695984
5073,6812,1.0618,0.5489858388900757
1658,6812,0.9962,0.5611622333526611
5073,6813,1.1081,0.5591366291046143
3652,6815,2.0812,0.5992842316627502
2349,6815,1.9404,0.6047804951667786
3247,6815,1.7968,0.6747135519981384
3634,6815,1.014,0.5413057208061218
3247,6816,1.8216,0.6040763854980469
3837,6817,1.1546,0.6648194789886475
6195,6817,1.3492,0.5746468901634216
5073,6818,1.32,0.5648187398910522
1206,6819,1.5751,0.583185613155365
892,6819,0.9971,0.5210484862327576
6165,6820,0.9994,0.5495796203613281
942,6821,1.1938,0.5808485746383667
2349,6822,1.0308,0.5940882563591003
239,6822,1.0813,0.5653682351112366
3441,6822,1.0543,0.5810444355010986
5073,6823,0.9894,0.6022942066192627
2349,6823,1.2802,0.6044773459434509
3247,6823,0.9559,0.6399833559989929
5073,6824,1.1593,0.6041103005409241
1206,6825,1.0855,0.5827067494392395
3652,6827,1.0266,0.5559115409851074
2349,6827,0.9648,0.5229378938674927
3247,6827,1.2687,0.6298352479934692
5073,6828,1.0233,0.6198177337646484
2349,6829,2.2676,0.6824609637260437
102,6829,1.001,0.585269570350647
7074,6829,1.0428,0.5572050213813782
4634,6831,0.9932,0.7356622219085693
1206,6831,1.4665,0.570362389087677
2349,6832,0.978,0.5453376173973083
5073,6833,0.9093,0.5919656753540039
5073,6834,1.1626,0.592411994934082
2349,6834,1.0102,0.5399084091186523
3247,6834,1.1058,0.5628373026847839
6446,6835,1.3397,0.5595964789390564
2349,6835,1.0758,0.5613927841186523
4634,6835,0.9669,0.5291845202445984
6082,6835,1.0055,0.517681896686554
1281,6836,0.9389,0.5620871782302856
3247,6837,1.0198,0.5429425835609436
5073,6839,1.0048,0.5292559862136841
2349,6842,1.2597,0.564532995223999
1206,6843,0.9263,0.5402006506919861
3762,6844,1.0004,0.5354865193367004
5073,6845,1.1855,0.629982054233551
2349,6845,1.0162,0.53946852684021
1658,6846,0.9991,0.5599486231803894
5073,6847,1.0103,0.6030567288398743
2349,6847,1.2518,0.6196449995040894
6346,6847,0.995,0.5642345547676086
5562,6848,1.8995,0.5878636837005615
928,6849,0.9999,0.5640074014663696
5073,6849,1.0348,0.5561804175376892
3233,6849,1.1024,0.5653862953186035
2349,6849,1.2687,0.6191189289093018
1206,6849,0.9485,0.5441409349441528
2349,6852,1.0625,0.5592657923698425
7094,6852,1.2561,0.6040750741958618
1206,6852,0.9904,0.5427336096763611
2816,6854,1.215,0.5670238733291626
364,6854,1.0041,0.525766909122467
1557,6854,1.0017,0.5363807082176208
1722,6856,1.7374,0.5698118805885315
6914,6856,5.4223,0.9900140762329102
364,6858,0.9989,0.5137026906013489
5073,6860,1.0235,0.537905216217041
3247,6862,0.9633,0.5545549392700195
1206,6862,2.2812,0.6866230964660645
3258,6862,0.9903,0.5323888063430786
5073,6864,1.0126,0.6186097264289856
3174,6864,2.3313,0.9678642153739929
6082,6866,1.0668,0.5592228770256042
4946,6868,0.9927,0.616363525390625
2092,6868,2.2576,0.743141233921051
4639,6868,2.5282,0.8707244396209717
6032,6868,1.0179,0.543324887752533
6912,6868,4.993,0.9913139939308167
6448,6870,1.5613,0.5742058157920837
6082,6870,1.7218,0.589961588382721
364,6870,1.4121,0.5651900768280029
6763,6870,2.5624,0.9614245295524597
4900,6870,1.0135,0.6320174336433411
2349,6872,1.0585,0.5216676592826843
5073,6874,1.005,0.5308494567871094
2349,6874,1.0947,0.5509655475616455
3247,6874,1.0162,0.5585298538208008
7022,6874,1.578,0.6195526719093323
6646,6874,0.9934,0.5401143431663513
1206,6874,1.6765,0.5813143849372864
5073,6876,1.4037,0.6512967944145203
2349,6876,1.3369,0.6699476838111877
1206,6876,1.0583,0.5779086947441101
3049,6876,1.1793,0.5398705005645752
3247,6878,1.1965,0.6545013785362244
104,6878,1.0043,0.5598419308662415
615,6878,1.2139,0.5628021359443665
5073,6880,0.9344,0.5922941565513611
2349,6880,0.9959,0.679323136806488
3247,6880,1.031,0.5652890205383301
1206,6880,0.9809,0.5778809785842896
562,6880,9.0153,0.9919782876968384
5073,6882,1.0263,0.5692068338394165
3247,6882,1.3629,0.8952037692070007
5073,6884,0.9916,0.5442745685577393
2349,6884,1.0055,0.5421302914619446
3247,6884,1.0138,0.5694144368171692
5566,6884,1.2338,0.7036482095718384
3127,6884,0.892,0.5412721037864685
2635,6884,1.5322,0.6078894138336182
2349,6888,1.0624,0.6178390979766846
1294,6888,1.0402,0.5747284889221191
364,6888,2.4606,0.9735682606697083
693,6888,2.0287,0.7066186666488647
2789,6888,3.0683,0.9823269844055176
364,6890,1.9171,0.9785996675491333
6865,6892,1.8761,0.6112295389175415
5073,6892,1.4583,0.6127843856811523
6867,6892,3.2774,0.8453861474990845
2349,6892,1.1706,0.5783545970916748
3247,6892,1.0968,0.5869496464729309
4991,6892,1.9633,0.6238955855369568
2291,6894,1.4225,0.5654099583625793
5073,6894,1.0003,0.6211563348770142
2349,6894,1.0341,0.5525732040405273
2349,6896,1.6283,0.5798211097717285
1919,6896,1.2361,0.5862765312194824
2349,6898,1.145,0.5607061386108398
5576,6898,1.0954,0.5385642647743225
3247,6898,1.4707,0.5674768686294556
7093,6898,1.0111,0.5620840787887573
2349,6900,1.0497,0.5610148310661316
3247,6900,1.7702,0.675178050994873
5073,6902,1.4142,0.6195148825645447
2349,6902,1.501,0.5865095257759094
1206,6902,1.022,0.5535158514976501
2349,6904,1.5378,0.5783252716064453
3247,6904,1.3119,0.6636293530464172
3652,6906,1.2975,0.6444576978683472
3539,6906,1.0113,0.525514543056488
7085,6906,1.0033,0.5741745233535767
916,6907,0.8305,0.5470485091209412
5073,6908,0.9811,0.5542919635772705
2349,6908,2.0302,0.7464283108711243
2349,6910,1.2429,0.5809474587440491
3247,6912,1.6673,0.6394370198249817
1109,6914,2.7928,0.924081027507782
5073,6916,1.419,0.5607460141181946
5211,6916,1.3518,0.585810661315918
6881,6917,0.9923,0.5938129425048828
5073,6918,0.97,0.5455539226531982
2349,6918,0.9985,0.5783785581588745
5073,6920,0.9819,0.5123722553253174
2349,6920,1.2436,0.6789440512657166
4197,6920,1.1111,0.5769392848014832
1206,6920,0.9992,0.5314549207687378
4991,6920,1.0226,0.5560228824615479
5237,6920,3.0137,0.9832959771156311
5073,6922,1.1153,0.5510960221290588
2349,6922,0.8894,0.5790661573410034
6614,6922,0.9994,0.524468719959259
1206,6922,1.0218,0.5509018898010254
364,6922,2.3864,0.9405920505523682
5073,6924,1.7531,0.5895195007324219
2092,6924,1.1746,0.5387798547744751
5073,6926,1.3155,0.582958996295929
2349,6926,1.8455,0.5937597751617432
364,6928,0.6439,0.5228970050811768
7197,6930,1.5307,0.6744105815887451
5073,6932,1.0263,0.5861450433731079
3572,6932,1.2494,0.5882938504219055
3865,6934,2.7321,0.9305747151374817
4473,6934,0.9929,0.5479088425636292
364,6934,1.8159,0.5640949606895447
1151,6934,2.9979,0.9927843809127808
5045,6935,1.1702,0.5535354018211365
2349,6936,0.9746,0.5581727623939514
2948,6936,3.5051,0.9938753247261047
4800,6936,1.6893,0.5800232887268066
6122,6936,1.0829,0.5634493231773376
2349,6938,0.9538,0.5924971699714661
684,6938,1.2578,0.5931459665298462
6374,6938,1.9193,0.6538287401199341
6047,6940,1.6929,0.5833718180656433
5285,6940,1.8911,0.6274911761283875
2349,6942,1.0792,0.5351681113243103
3247,6942,1.0586,0.5928489565849304
1206,6942,1.4217,0.5983455777168274
5065,6943,1.662,0.5784364342689514
5073,6944,1.1611,0.594822347164154
3247,6944,1.2634,0.5526283979415894
6082,6948,1.02,0.5548993349075317
5073,6950,1.5216,0.7048740983009338
2367,6950,0.8277,0.5499687194824219
4644,6952,0.9124,0.647903323173523
1206,6952,0.7346,0.5987553000450134
2349,6954,0.9804,0.5771810412406921
1206,6954,1.0102,0.6474793553352356
5073,6956,0.9671,0.5639947652816772
461,6957,0.7436,0.5441364645957947
2349,6958,1.0558,0.5609700679779053
3247,6958,0.9938,0.5510665774345398
102,6958,1.1907,0.576575517654419
7254,6958,1.3505,0.5624210834503174
5073,6960,1.1281,0.5857323408126831
2349,6960,0.9954,0.5534363985061646
3247,6960,1.0014,0.531421959400177
5073,6962,0.9944,0.5712414979934692
7029,6962,2.1379,0.8452711701393127
5105,6963,1.0614,0.6273869872093201
1206,6963,1.0253,0.5918359756469727
4153,6966,0.8928,0.554180920124054
3688,6967,1.0043,0.5507652759552002
2349,6967,1.0095,0.613328218460083
94,6967,1.2235,0.557441771030426
2349,6968,1.0036,0.6018077731132507
5327,6968,0.9635,0.5830299258232117
1206,6968,1.0237,0.5687028169631958
2018,6970,0.9077,0.6231632232666016
6082,6972,1.0307,0.5517427325248718
4827,6972,1.3275,0.6984195113182068
1712,6972,3.0714,0.9753594398498535
6957,6973,1.5472,0.572105884552002
1908,6973,1.0928,0.5431401133537292
5360,6975,1.9971,0.590113639831543
2349,6977,0.9261,0.5562928915023804
1206,6977,0.8613,0.6356049180030823
364,6977,1.0457,0.6269642114639282
6122,6977,1.0044,0.5740869641304016
5073,6978,0.9786,0.5314399003982544
2349,6978,1.0169,0.5625543594360352
5488,6979,1.1111,0.6426929235458374
3247,6979,0.9907,0.5593966245651245
4781,6979,2.4019,0.9875316023826599
5073,6980,1.4553,0.604888379573822
3247,6980,1.1269,0.6884635090827942
3744,6982,0.8484,0.5855526328086853
435,6984,1.0828,0.5565868616104126
364,6985,1.1721,0.5888676047325134
2349,6989,1.0118,0.5463687777519226
2349,6990,1.0003,0.5437993407249451
2349,6995,1.6816,0.580517053604126
364,6997,1.3927,0.568954348564148
2349,6998,1.0627,0.5451281666755676
2349,6999,1.0447,0.544287383556366
5073,7000,0.9997,0.5470682382583618
2289,7000,1.0241,0.5407902002334595
2349,7000,0.7596,0.5646212697029114
3247,7000,0.9855,0.557623565196991
5073,7001,1.0707,0.5548966526985168
2349,7001,0.9844,0.6167240142822266
1206,7001,0.5454,0.5293030738830566
5073,7002,1.3592,0.6408610939979553
5073,7003,0.9621,0.536510705947876
2762,7003,1.0398,0.5570587515830994
1926,7003,1.4706,0.6687310934066772
3247,7004,1.9741,0.5937409400939941
2349,7005,1.0626,0.627853274345398
3247,7005,1.2304,0.6071195602416992
1658,7005,1.0177,0.6110778450965881
4054,7005,2.2676,0.9390594959259033
5073,7006,1.0883,0.581144392490387
2349,7006,0.9797,0.5476377606391907
3247,7006,1.0001,0.5510607957839966
6082,7007,0.9687,0.6293603181838989
6430,7008,1.1201,0.5474008917808533
3247,7008,1.3324,0.5658276677131653
2349,7009,1.0748,0.5514265298843384
3247,7009,1.2167,0.6752609610557556
5494,7010,0.9982,0.5364847779273987
4149,7010,1.0053,0.6470542550086975
2349,7010,1.0149,0.5532181859016418
3247,7013,1.6311,0.7209162712097168
6082,7013,1.8026,0.7080355286598206
1206,7013,1.4913,0.6122097373008728
2349,7014,1.0043,0.5567097067832947
5073,7015,1.0503,0.5470781922340393
1206,7015,1.0912,0.5528708696365356
2213,7015,1.2597,0.5815883278846741
2272,7015,3.1781,0.7756988406181335
5829,7015,0.998,0.5786480903625488
2349,7016,1.0006,0.5483700633049011
2349,7017,0.9476,0.6327456831932068
5073,7018,2.9792,0.9558233618736267
922,7018,0.9192,0.6534451842308044
3247,7018,2.3929,0.9251528382301331
2349,7019,0.9964,0.5515033602714539
3247,7019,1.0119,0.5560266375541687
1987,7019,0.9912,0.545386791229248
2053,7019,2.1676,0.9235284924507141
785,7019,1.8812,0.5863910913467407
4419,7019,1.0161,0.5336142182350159
5506,7021,0.9568,0.561679482460022
6218,7021,1.0954,0.5495780110359192
3990,7021,0.7949,0.5359094738960266
863,7021,1.3109,0.6622079014778137
4592,7022,1.0253,0.6389753222465515
2291,7023,1.4678,0.5734584927558899
5073,7023,0.9608,0.5857117772102356
2349,7023,0.8967,0.5581192970275879
1206,7023,0.949,0.5549882054328918
2349,7024,1.2415,0.7391042709350586
5073,7025,0.8614,0.5753166675567627
2349,7025,1.7942,0.6229062080383301
6490,7025,1.5568,0.6001864075660706
1206,7025,1.7949,0.6238672137260437
4426,7025,0.9991,0.525312602519989
6412,7027,1.0183,0.5863037705421448
364,7027,2.3669,0.9370700716972351
7059,7027,1.1224,0.5568383932113647
5073,7029,1.8167,0.7138075828552246
2349,7029,1.4162,0.6829808354377747
4608,7030,3.1725,0.9276217818260193
2349,7030,1.9195,0.7067651152610779
5073,7031,0.9906,0.5515174269676208
2349,7031,1.4342,0.6090312004089355
3247,7031,1.2577,0.5988692045211792
1206,7031,1.0205,0.5659905076026917
2766,7032,0.9943,0.5566189885139465
2349,7032,0.9901,0.5644640326499939
3247,7032,0.9942,0.5543416142463684
5073,7033,0.9914,0.5320883989334106
6420,7033,1.151,0.5880573987960815
5073,7034,0.9974,0.5360422730445862
2349,7034,0.7552,0.5538418292999268
3652,7035,0.9859,0.5527856349945068
2349,7035,0.9853,0.5396402478218079
2889,7035,1.0395,0.5515978336334229
1206,7035,0.9855,0.5380833745002747
2349,7037,1.1846,0.5645508766174316
3247,7037,1.8416,0.842954158782959
5095,7037,0.9742,0.628569483757019
1206,7037,1.1277,0.55954909324646
5073,7039,1.0456,0.5965582132339478
2349,7039,1.188,0.5507246255874634
3247,7039,2.3169,0.8152562975883484
5073,7041,1.0286,0.7661980986595154
2349,7041,0.9864,0.8151083588600159
3712,7041,0.9883,0.6247407793998718
3893,7041,0.9973,0.526368260383606
1206,7041,1.2544,0.7497066855430603
364,7041,1.0416,0.5552936792373657
1361,7042,1.3558,0.5876296758651733
3247,7042,1.0881,0.5925025343894958
5073,7043,1.0157,0.6025570034980774
1206,7043,1.1537,0.5677116513252258
7174,7043,1.1871,0.5700379610061646
4476,7043,1.2102,0.5835263729095459
3111,7043,1.0191,0.5688207149505615
5411,7043,1.0137,0.5411909222602844
7209,7043,1.0134,0.5866265296936035
2349,7044,1.6843,0.575851321220398
5073,7045,1.0048,0.5480694770812988
2349,7046,0.9819,0.5659645795822144
5073,7047,1.1647,0.5372167229652405
364,7047,2.0652,0.6349759101867676
5586,7048,4.2351,0.9785288572311401
493,7049,1.0699,0.5596441626548767
3247,7049,1.2288,0.5258196592330933
6414,7050,1.0745,0.615851104259491
5073,7050,1.0203,0.5396085977554321
2349,7050,2.1056,0.6887502074241638
5073,7051,0.8355,0.5517438650131226
1206,7051,0.8248,0.5665686726570129
5437,7051,0.8878,0.5760424733161926
5340,7051,2.0811,0.9166760444641113
5073,7052,1.0109,0.5489603877067566
3287,7052,1.5324,0.5892372131347656
48,7053,1.5332,0.6310384273529053
2349,7053,1.0549,0.5777077078819275
3247,7053,1.2592,0.5273450613021851
2494,7053,1.4755,0.6593087315559387
1206,7053,1.163,0.5674887895584106
5073,7054,1.0193,0.5475391149520874
2333,7054,0.9748,0.6656167507171631
3227,7054,1.0191,0.5546147227287292
6472,7054,0.9978,0.5669065713882446
2834,7054,1.0278,0.5582424402236938
2349,7055,0.9965,0.5295536518096924
3247,7055,0.9937,0.5577182769775391
6149,7055,0.997,0.5740928649902344
1658,7055,1.0138,0.547508716583252
1206,7055,0.9408,0.5260890126228333
5528,7056,0.9977,0.5452137589454651
4614,7058,1.0133,0.5447480082511902
2349,7058,1.5736,0.5638545155525208
5073,7059,0.9991,0.606891930103302
2808,7059,1.0161,0.5506528615951538
364,7059,1.2887,0.5721781253814697
1389,7061,0.9074,0.5585224032402039
5073,7061,0.9941,0.5829232931137085
3247,7061,0.9878,0.5888682007789612
6082,7063,1.2437,0.5438253283500671
5073,7065,0.9694,0.5403304696083069
2349,7065,1.1109,0.5606746077537537
3247,7065,2.7956,0.8860717415809631
5073,7069,0.9243,0.5185598134994507
3247,7069,2.0114,0.9696289300918579
4147,7070,1.0102,0.5510014295578003
5073,7073,1.0532,0.6292864084243774
2349,7073,1.0025,0.5601333379745483
369,7073,0.9996,0.5676756501197815
102,7074,1.3065,0.6131529808044434
4735,7074,1.0,0.5815949440002441
4063,7075,1.2449,0.6648887991905212
5073,7076,1.5179,0.6387929916381836
3247,7076,1.0034,0.5493214726448059
5073,7077,1.0182,0.5512852072715759
2272,7077,1.1948,0.5591842532157898
5510,7078,0.83,0.5625333786010742
4628,7078,1.0165,0.5709854960441589
988,7078,1.007,0.5305761694908142
5073,7079,1.0127,0.57105553150177
2349,7080,1.0024,0.5522509813308716
5073,7081,1.0376,0.5456867218017578
2349,7081,1.0073,0.6138691306114197
3247,7081,1.5689,0.5601186752319336
1206,7081,0.9659,0.5265276432037354
2349,7082,1.0211,0.5579176545143127
4207,7083,2.4082,0.9767503142356873
2092,7083,3.4022,0.9844032526016235
6082,7085,0.9261,0.5308528542518616
2349,7086,1.0329,0.5531322360038757
4296,7086,1.0607,0.5565145611763
1222,7087,1.1206,0.549419105052948
2272,7089,1.0439,0.5582149028778076
3231,7092,1.0209,0.5595259070396423
5073,7093,1.0087,0.5881937742233276
2349,7093,0.9888,0.544562816619873
972,7093,0.998,0.5398195385932922
3247,7093,1.618,0.6211497187614441
5073,7095,1.0779,0.5817809104919434
364,7095,1.0055,0.553581178188324
14,7096,0.9737,0.5014617443084717
4588,7096,1.1411,0.5499782562255859
2484,7097,1.6036,0.6940608024597168
6760,7097,1.2291,0.5445127487182617
364,7097,3.3465,0.9813694953918457
5073,7099,1.0415,0.5607897043228149
2349,7099,1.6918,0.5744408369064331
6082,7099,1.0074,0.6660481095314026
369,7099,1.0102,0.5718725323677063
2272,7099,1.0695,0.58210289478302
5073,7101,1.2013,0.5600524544715881
2349,7101,1.0056,0.5724189877510071
2092,7101,2.3967,0.9185059070587158
6450,7102,1.1122,0.5522541403770447
3247,7102,1.0617,0.5999252796173096
5073,7103,0.9945,0.5530275106430054
6082,7103,1.0093,0.586187481880188
5073,7104,1.0091,0.546668529510498
2349,7104,1.0104,0.5624126195907593
5073,7105,1.1034,0.5691242218017578
2349,7105,1.4147,0.5764397382736206
5073,7106,0.9967,0.5438295602798462
2349,7106,1.0172,0.6120306253433228
362,7107,2.4848,0.9651919603347778
0,7108,0.9936,0.5975443124771118
2349,7109,1.1561,0.6034333109855652
6347,7109,4.5827,0.9941271543502808
928,7110,1.0913,0.5580421686172485
5073,7111,1.0947,0.5568980574607849
5053,7111,0.7643,0.5965295433998108
2349,7111,1.7757,0.6154271960258484
5073,7112,1.6893,0.582611083984375
2349,7113,1.001,0.5702747702598572
453,7114,1.0028,0.5780719518661499
2349,7114,0.7146,0.6810073256492615
3825,7114,1.3109,0.6835669279098511
686,7114,1.3745,0.6284201145172119
4831,7114,1.0001,0.5012882351875305
5360,7114,1.3745,0.5884303450584412
1206,7115,1.7071,0.6636078357696533
2349,7117,0.9089,0.6058818697929382
1206,7117,0.976,0.5013707876205444
5073,7119,1.0087,0.5982586145401001
2349,7119,1.0249,0.6921764612197876
3249,7119,0.9958,0.6880031228065491
6082,7119,1.2363,0.5801924467086792
6608,7119,1.0045,0.5460339784622192
4556,7119,1.0,0.5264573097229004
1850,7120,1.0,0.5356608033180237
1721,7120,1.0006,0.5449362993240356
364,7120,0.7413,0.5995519161224365
6879,7121,1.0905,0.5816629528999329
2349,7122,0.9964,0.5577636957168579
1206,7122,0.8583,0.5623734593391418
5285,7122,1.366,0.6049259901046753
2349,7124,1.2349,0.6309215426445007
5073,7125,0.9946,0.5148601531982422
5073,7127,0.9975,0.5090263485908508
2349,7127,0.9705,0.5196210741996765
3247,7127,1.3051,0.5919265747070312
1206,7127,1.0145,0.554877519607544
5073,7128,1.0121,0.5623992681503296
5073,7129,0.8967,0.6651021838188171
3652,7129,0.889,0.5506303906440735
2349,7129,1.1883,0.6928030848503113
7088,7129,1.0,0.5345830917358398
1206,7129,0.9349,0.6927503347396851
2272,7129,1.0584,0.607922375202179
2349,7130,0.997,0.5678198933601379
5073,7132,0.9539,0.5497679114341736
3201,7132,1.0456,0.6075478792190552
3247,7132,0.9683,0.5202847719192505
6408,7133,1.6991,0.7943569421768188
2349,7133,1.2778,0.7018930912017822
1206,7133,0.8831,0.5816081762313843
5073,7134,0.9609,0.7089751958847046
4193,7134,1.8784,0.9512201547622681
2349,7135,1.2323,0.5734607577323914
3247,7135,0.9927,0.5053380727767944
2349,7136,1.3394,0.6859927773475647
364,7136,1.091,0.5729867815971375
5073,7138,1.1053,0.5793030858039856
1206,7140,1.4514,0.6520272493362427
5073,7141,1.0039,0.5836946368217468
3247,7141,1.3893,0.5917394757270813
2287,7142,1.1927,0.5645633339881897
5073,7142,1.0356,0.5446734428405762
3247,7142,1.061,0.6590612530708313
3409,7142,1.6625,0.5719051957130432
5073,7143,1.0135,0.5532836318016052
5073,7144,1.2112,0.5813897848129272
2349,7144,0.9592,0.5603366494178772
5073,7146,1.4119,0.5944773554801941
5073,7147,1.0087,0.554989218711853
2536,7147,0.78,0.6174627542495728
1850,7148,1.5949,0.5962440967559814
2349,7148,0.3452,0.6920201182365417
3247,7148,0.9865,0.695068359375
2361,7148,0.9039,0.6292914748191833
6770,7148,1.0768,0.5456812381744385
6374,7148,1.0846,0.5640024542808533
435,7148,1.5834,0.5722010135650635
364,7148,0.5541,0.5635254383087158
6082,7150,2.8796,0.9296426177024841
6082,7151,0.8525,0.7044779062271118
686,7151,0.9971,0.5454553961753845
2349,7152,1.0589,0.5664050579071045
6903,7154,1.9631,0.6608057618141174
5073,7155,1.0026,0.5554614663124084
5073,7156,1.0054,0.5509449243545532
3247,7156,1.0028,0.5448266267776489
5588,7156,0.9968,0.6080090403556824
6082,7157,1.3448,0.6884219646453857
4791,7157,1.1074,0.5912169814109802
5073,7158,0.9999,0.6667898297309875
5073,7159,1.3905,0.5719106197357178
5073,7160,1.3575,0.5896724462509155
5073,7161,0.8832,0.5972338914871216
3652,7161,1.2785,0.5745533108711243
5580,7161,0.9998,0.5364372134208679
2349,7162,0.8073,0.5149878859519958
6945,7162,0.9775,0.5420151948928833
5073,7163,0.9778,0.5502374172210693
2349,7163,1.1576,0.5695379376411438
3174,7163,6.7101,0.9883105754852295
5073,7165,0.9829,0.5268765687942505
892,7165,2.9945,0.9815987944602966
5073,7166,0.9536,0.5474990010261536
489,7166,1.0343,0.5556808710098267
5073,7167,0.995,0.5494716763496399
6111,7167,1.008,0.5420961380004883
1206,7167,1.3768,0.5853697061538696
6338,7167,1.5503,0.5941281318664551
1112,7169,0.9844,0.525745689868927
5073,7170,0.9743,0.5618614554405212
3247,7171,1.461,0.5365946888923645
5073,7173,0.9966,0.5233643054962158
2349,7173,1.3394,0.5685376524925232
2053,7173,0.9873,0.521960973739624
1206,7173,1.054,0.5671335458755493
323,7173,1.0115,0.5337162017822266
2349,7174,0.9861,0.5600528120994568
3247,7175,1.4562,0.58062344789505
638,7175,1.504,0.6376475691795349
4524,7175,2.254,0.9591699838638306
4510,7175,1.4857,0.6786279678344727
1658,7176,1.7492,0.6686190962791443
5073,7177,1.2394,0.5602236390113831
2349,7178,1.1653,0.5834625959396362
5073,7179,1.0101,0.586844801902771
2349,7179,0.7496,0.5841407179832458
4320,7179,1.0022,0.6366110444068909
2349,7180,1.3359,0.5592470765113831
2349,7181,1.0055,0.6256690621376038
3247,7181,1.0046,0.5345848202705383
5073,7183,1.0335,0.5938405394554138
2349,7184,0.9634,0.5281376242637634
5073,7185,0.9913,0.5125279426574707
3676,7185,1.0041,0.5380246043205261
3652,7185,1.9493,0.7196256518363953
3247,7185,0.9993,0.576662003993988
3247,7186,1.3476,0.5713539719581604
6218,7186,0.8705,0.5599563717842102
1206,7187,1.0349,0.5678927302360535
2349,7188,0.9902,0.5485557913780212
102,7188,1.1634,0.5783018469810486
5073,7189,1.3571,0.556609570980072
2349,7189,0.9726,0.5323048830032349
6045,7189,1.0105,0.559501588344574
1206,7189,1.1924,0.5645918250083923
1206,7190,3.4122,0.9727362394332886
6082,7191,1.236,0.6255971193313599
5073,7193,0.9847,0.6983476877212524
2349,7193,0.9454,0.5543016791343689
5073,7194,0.9721,0.5352802872657776
2349,7194,0.979,0.564949095249176
2349,7195,1.7216,0.5891165733337402
3247,7195,1.7363,0.597431480884552
6082,7195,1.432,0.6269941926002502
5280,7195,2.8626,0.9913279414176941
3251,7197,1.3123,0.6258536577224731
3247,7198,1.0045,0.5223395228385925
5073,7199,1.0598,0.5674307346343994
5224,7199,1.0542,0.5591305494308472
1206,7199,1.5819,0.5736563205718994
2349,7200,0.983,0.5657559037208557
3247,7200,0.9742,0.5477370619773865
5073,7201,1.0051,0.5425186157226562
3247,7202,1.6615,0.612342894077301
1206,7203,0.9866,0.535198450088501
2349,7204,1.0242,0.578377902507782
6027,7204,1.0097,0.5457413792610168
10,7205,1.0279,0.5848089456558228
2349,7205,0.9737,0.530144214630127
4819,7205,2.3939,0.9216561317443848
3219,7206,1.0567,0.6330947279930115
2349,7206,1.0004,0.5268672704696655
5498,7207,4.1583,0.9572668671607971
2349,7207,0.9882,0.521080732345581
1206,7207,2.6425,0.8587176203727722
2349,7208,1.0471,0.5668715834617615
4476,7209,0.7958,0.5496532320976257
3111,7209,0.9877,0.6275107860565186
3247,7210,0.9989,0.5524413585662842
5073,7211,0.9974,0.5360287427902222
2349,7211,1.006,0.5231823921203613
1206,7211,1.0386,0.5514813661575317
1259,7211,0.9485,0.5507349967956543
3247,7213,0.9317,0.5757165551185608
3879,7213,1.1982,0.5623052716255188
660,7213,1.0005,0.5372127890586853
5073,7217,0.9941,0.5608278512954712
4588,7218,1.037,0.570796012878418
2349,7218,1.1624,0.6177986860275269
5073,7219,1.3591,0.5628230571746826
1206,7219,0.5643,0.6160010695457458
2349,7220,1.0618,0.5490143895149231
2949,7220,1.2089,0.5693445801734924
5073,7221,0.9963,0.5292388796806335
4640,7221,2.0881,0.8456764221191406
3125,7221,1.5546,0.5914052724838257
4054,7221,0.6583,0.5538920164108276
5073,7223,1.5545,0.5765733122825623
2349,7223,1.7249,0.5889236927032471
3247,7223,0.9974,0.5496849417686462
1206,7223,1.058,0.5516891479492188
7240,7223,1.4523,0.5753808617591858
3174,7223,1.0837,0.5423378944396973
2349,7224,1.0012,0.5351598262786865
7038,7224,1.0376,0.600021243095398
203,7224,1.055,0.5498571395874023
5073,7225,1.0384,0.5628240704536438
3247,7225,1.3954,0.7037577033042908
1206,7225,0.9392,0.5521564483642578
5073,7226,1.0112,0.5551343560218811
1369,7226,1.0231,0.6114307045936584
2349,7226,1.0263,0.5500150918960571
5073,7228,0.9939,0.5171900987625122
3174,7229,1.98,0.9199143648147583
5073,7231,1.1695,0.6206874251365662
1987,7231,1.377,0.5854630470275879
2969,7232,1.1696,0.612220048904419
1206,7233,1.6419,0.6175755262374878
1206,7234,3.0636,0.9461596608161926
2349,7235,0.9447,0.5648316144943237
3247,7235,1.0076,0.5528997182846069
2816,7235,1.1519,0.6017779111862183
1206,7235,1.1523,0.5731301307678223
6218,7235,1.1892,0.6357843279838562
3692,7236,1.2108,0.6061402559280396
2349,7236,1.0021,0.5434467196464539
5274,7236,2.7113,0.9605942964553833
3247,7237,0.9855,0.5282017588615417
1206,7237,1.1061,0.5840243101119995
2272,7237,2.0298,0.9352670907974243
5073,7239,1.0446,0.5301153659820557
1206,7239,0.9388,0.5454285144805908
5073,7240,1.043,0.5583466291427612
2349,7240,0.6889,0.626039981842041
5073,7241,1.4144,0.5822282433509827
2349,7243,1.2367,0.6330990791320801
1206,7243,1.2618,0.5770255327224731
2053,7244,1.0069,0.5793930292129517
5073,7245,0.9919,0.5529134273529053
4854,7246,4.0431,0.9594060182571411
5073,7247,1.0441,0.5620539784431458
102,7247,1.0122,0.5666768550872803
2349,7249,0.9449,0.5958741903305054
3694,7250,1.0042,0.5689103007316589
7054,7250,0.9757,0.5435306429862976
3889,7250,3.484,0.9691206812858582
1206,7250,6.5275,0.9872813820838928
5073,7251,0.9998,0.573219895362854
50,7251,1.4237,0.5625527501106262
3247,7251,1.7093,0.6411042213439941
2349,7252,1.6269,0.5461668968200684
5073,7253,1.003,0.5746515393257141
6218,7253,1.0038,0.5320284962654114
1259,7253,0.9986,0.5305602550506592
2349,7255,1.4217,0.6731426119804382
1206,7255,1.3788,0.5987023711204529
2349,7256,1.2792,0.6662478446960449
2508,7256,1.5493,0.684797465801239
1206,7256,1.0627,0.541225016117096
2349,7257,1.1539,0.5112271904945374
3855,7258,1.0144,0.5531983971595764
5073,7259,1.0564,0.5883839130401611
4286,7259,1.0668,0.608504593372345
2532,7259,1.2767,0.5303955078125
4386,7259,0.9991,0.5248864889144897
435,7259,2.2206,0.5943803787231445
3247,7260,1.3048,0.5725120306015015
1088,7260,1.0992,0.5477954745292664
1206,7260,4.2262,0.9761324524879456
6434,7261,0.9786,0.6902697682380676
2349,7261,1.2204,0.579826295375824
1206,7261,1.0633,0.5587581992149353
2349,7263,1.2197,0.6219381093978882
6047,7263,1.2341,0.619282066822052
1830,7264,1.0799,0.5540108680725098
3247,7264,1.0006,0.5579513907432556
5073,7265,0.9885,0.5381749868392944
5763,7266,1.0092,0.6479044556617737
4185,7267,0.9854,0.587244987487793
3247,7268,1.5225,0.5738834142684937
1206,7268,6.2585,0.9897720217704773
3247,7269,1.2946,0.6148144006729126
4312,7270,1.1121,0.5658879280090332
479,7271,1.6066,0.6284211277961731
5073,7271,1.0517,0.5694097280502319
2349,7271,1.2374,0.5676553845405579
6082,7271,1.206,0.5720281004905701
5073,7272,1.2974,0.5808523297309875
2349,7272,0.9785,0.6160120368003845
5073,7273,0.9797,0.5771176815032959
2349,7273,1.006,0.5445345640182495
3247,7273,0.9929,0.5677507519721985
3275,7273,1.0735,0.5740302205085754
1206,7273,1.0681,0.5555682182312012
6218,7273,1.214,0.5178247690200806
1683,7273,0.9974,0.5436016917228699
5073,7275,0.9896,0.5494855046272278
6374,7275,1.0453,0.5412971377372742
5073,7277,0.9997,0.5593985319137573
5073,7279,1.0126,0.6028099656105042
2349,7279,1.1177,0.6804975867271423
3762,7280,1.2602,0.5578300356864929
1206,7280,1.0225,0.5498762726783752
5073,7281,0.9669,0.6498005390167236
2349,7281,1.0739,0.5871211290359497
3247,7281,0.959,0.618503212928772
6873,7282,1.0081,0.5560753345489502
4054,7282,1.1243,0.5591862797737122
5073,7283,1.0016,0.5342332720756531
2349,7283,1.1212,0.5579336881637573
3247,7283,1.1599,0.5730871558189392
1928,7283,1.8691,0.7343525290489197
5073,7284,1.0234,0.5628283619880676
3247,7285,1.0117,0.5609971880912781
5073,7286,0.8576,0.5770747065544128
2349,7286,0.9093,0.5941699743270874
5285,7286,1.5254,0.5994423627853394
5073,7287,1.5179,0.5824022889137268
3247,7287,1.1517,0.5713034272193909
5073,7288,1.5128,0.556875467300415
2349,7288,0.9992,0.5545239448547363
5049,7289,1.1671,0.5913314819335938
4366,7289,0.9939,0.5277047753334045
1206,7289,1.3966,0.5789624452590942
5045,7292,1.1417,0.5786810517311096
5395,7292,1.0034,0.5546082258224487
2349,7293,1.2474,0.60370934009552
5073,7295,0.942,0.5598937273025513
2684,7295,1.1682,0.5865971446037292
1206,7296,1.2555,0.5566427111625671
2349,7297,0.9511,0.5757876038551331
5073,7298,1.6421,0.5956133008003235
3247,7298,2.0235,0.7947956323623657
3139,7298,1.4986,0.5935691595077515
2309,7299,1.0261,0.5988149642944336
5073,7299,0.8587,0.5513278245925903
2349,7299,1.025,0.6182498335838318
3247,7299,0.9315,0.5314199924468994
6082,7299,1.5942,0.7034533619880676
1054,7299,1.9016,0.6843974590301514
2349,7301,0.9555,0.7021563053131104
3247,7301,1.4073,0.6308900713920593
2367,7301,0.9997,0.5270329117774963
2943,7301,1.6958,0.6195275187492371
1206,7301,1.6148,0.5865045785903931
859,7301,0.4751,0.5634556412696838
5073,7302,1.0051,0.5534669160842896
2349,7303,0.7879,0.5815707445144653
2349,7304,1.0038,0.5691983103752136
2349,7306,0.8592,0.561185896396637
628,7306,0.99,0.5491139888763428
6346,7306,0.9133,0.716087281703949
6082,7307,1.3252,0.6497272253036499
5073,7308,1.5429,0.5703182816505432
1206,7309,0.9996,0.5347134470939636
